:020000041000EA
:10000000002008205D0100101B0100101D010010E0
:100010001101001011010010110100101101001058
:100020001901001019010010190100101F01001022
:10003000110100101901001021010010230100100E
:100040001101001011010010110100101101001028
:100050001101001011010010110100101101001018
:100060001101001011010010110100101101001008
:1000700011010010110100101DA00020110100103D
:1000800011010010110100101101001011010010E8
:1000900011010010110100101101001011010010D8
:1000A00011010010110100101101001011010010C8
:1000B00011010010110100101101001011010010B8
:1000C00011010010110100101101001011010010A8
:1000D0001101001011010010110100101101001098
:1000E0001101001011010010110100101101001088
:1000F0001101001011010010110100101101001078
:100100001101001011010010110100101101001067
:10011000EFF30580103800BE00BE00BE00BE00BE7A
:1001200000BE00BEF2EB8871F8010010140200104E
:10013000A001001090A31AE7D3DEFFFF42012110B7
:10014000FF0100008CEA0000793512AB4FF000008F
:100150002149086006C881F3088810474FF05040D5
:10016000006810B14FF00000F2E70DA40ECC00299A
:1001700002D000F012F8F9E71849194A002000E00F
:1001800001C19142FCD1174988471749884717494F
:10019000884700BEFDE701C901C29A42FBD3704700
:1001A0001402001010010020B8BA0020BCBB0010DF
:1001B000B8BA0020C0EA0020C4EB001000000820FC
:1001C00000000820C4EB00100010082000100820D8
:1001D000000000007047000008ED00E0C0EA0020C9
:1001E000081C0620B580002049200020AD8000209A
:0801F0003CAA00100100000010
:1001F800D4E10020E0E10020ECE10020F8E100205B
:0C02080004E2002010E200201CE20020B4
:10021400F8B500BF064B0749C91A891048BF013118
:10022400491003D0044B0BB101481847704700BF75
:10023400C0EA0020C0EA00200000000008B5054B19
:100244001BB105490548AFF30080BDE80840FFF73E
:10025400E1BF00BF00000000F04A0120B8BA00204E
:100264000B78002B00F09180F7EE007A07EE102A4D
:10027400B4EEE77AF1EE10FA00F1878000B52DEDC7
:10028400048B8B788C46022B83B055D84849F3EE07
:10029400047A01EBC30393ED017AD3ED006AC7EE50
:1002A400277AB0EE669A17EE901ACDE900C041485D
:1002B40008EE102A06F09AF8DFED3F7A69EE277A05
:1002C400C7EE887A08EE900A17EE900A06F08CF9C9
:1002D400F7EE007A06EE100A78EEA76A77EEC65AB1
:1002E40087EEA67A009A27EE257A5278019BA2B16E
:1002F40065EE885ADFED316A86EE255A76EEC56AD8
:10030400F5EEC06AF1EE10FA07DDB0EE675AE8EEDA
:10031400267AA8EE665AC5EE277A002283ED007A83
:1003240083ED016AC3ED047A9A60DA605A619A61D6
:1003340003B0BDEC048B00BDD1ED016ADFED207A82
:10034400F4EEE76AF1EE10FA91ED027A26D4DFEDCD
:100354001D7AF4EEE76AF1EE10FAB5EEC07A77FE94
:10036400A67AF1EE10FAB0EE679A1ED4F2EE0E7A87
:10037400B4EEE77AF1EE10FAF3EE046A77FE877AC8
:10038400C7EEA67A17EE901A8FE700230360436046
:100394008360C3600361436183617047B5EEC07AD3
:1003A400F1EE10FAB0EE679AE0D500217DE700BFC8
:1003B400F8D8002000002041DB0FC9C0CDAF66395A
:1003C4000000FA430000FA4470B52DED028B0B4691
:1003D400817882B001B30446406807EE900AF5EED6
:1003E400C07AF1EE10FA17D901390E46C9B20229C2
:1003F4000BD8E168DFED9E6A07EE101AB0EEC77AFB
:10040400B4EEE67AF1EE10FA06D407EE102AB5EE51
:10041400407AF1EE10FA1AD1DFED967A0122F7EE66
:10042400006AF0EE675AB0EE677AB0EE676A83F856
:100434002820C3ED006AC3ED017AC3ED025A83EDAF
:10044400037A83ED046A02B0BDEC028B70BD9FEDAC
:100454008A7A67EE877A07EE102AC7EE877A002138
:1004640017EE905A83F828102846019306F0D4FA20
:1004740008EE100A284606F0D2FAA368E16807EEEF
:10048400903A06EE901A9FED7D7A77EEA77A86EE83
:10049400877A88EE275A08EE900A17EE101A7848E1
:1004A4008DED005A05F0A2FF9DED005A04EE900A6E
:1004B400019B042E00F2D080DFE806F0AD7A3D20E7
:1004C4000300F7EE004AF6EE006A78EEA47A35EE01
:1004D400244A67EEA66AC4EE845AB8EE007A34EE73
:1004E400C56A28EE877A66EEA56A67EEE57A27EE96
:1004F400257A26EE256AF0EE665A9AE7F7EE004A68
:10050400F6EE006A74EEE87A35EE244A67EEA66ADF
:10051400C4EE845AB8EE007A34EEC56A28EE877ABF
:1005240066EEA56A67EEA57A27EE257A26EE256A99
:10053400F0EE665A7DE7F7EE003A74EEA36A34EE05
:10054400E37AF0EE665AB0EE666AE8EE875AA8EEF1
:10055400C76AF0EE477AB1EEE44AE8EEA67A34EEE2
:10056400044AA8EEE67AF0EE462AF0EE656AB8EEA2
:10057400003AE4EE056AE4EE455A24EE833AE4EEEA
:10058400052AA4EE456A67EE837A37EE077A66EEAB
:10059400A46A65EEA45A83EEA25A66EE856A67EEF3
:1005A400857A65EE255A25EE077A26EE056A40E738
:1005B400F7EE003A74EEA36A34EEE37AF0EE665A8C
:1005C400B0EE666AE8EEC75AA8EE876AF0EE477A9C
:1005D400B1EEE44AE8EEE67A34EE044AA8EEA67AEE
:1005E400B0EE463AF0EE656A34EEA42AE4EE056A0B
:1005F400E4EE455AF8EE002AA4EE053AA4EE456A64
:1006040067EE827A27EE227A66EEA46A65EEA45A31
:1006140083EE835AC1E7B7EE007A85EE246AF0EEE2
:10062400476A36EE074AF0EE475AF8EE007AE5EEEE
:10063400246AE5EE645A68EEA77A87EE045A37EE28
:10064400466A67EE857A66EE856A65EE855A26EE19
:10065400056AB0EE677AECE69FED066AF7EE006A8B
:10066400B0EE467AF0EE465AF0EE467AE1E600BF86
:100674000AD7233C00000000DB0FC94000002042E1
:10068400000020412DE9F04F4FF4C65293B00021F1
:10069400A6480BF023F82C220021A5480BF01EF8E5
:1006A40000230120F7EE007A4FF0000A9E46A14A8B
:1006B400DFF894C2DFF894B2DFF87082DFF8789242
:1006C400019302926746019C9B4D04EB440105EBA8
:1006D400811189F802E0C1F804C0C1F808B0C1F87A
:1006E4000CA089F812E04F615F46CDF80CB0039A74
:1006F400029BCDF810A0C1F818B0C1F81CA089F86D
:1007040022E08A62049A03F8010B0134C8ED007AEE
:10071400C8ED0C7AC8ED187AC8ED247AC8ED307AA1
:1007240088F8280088F8580088F8880088F8B80005
:1007340088F8E80088F8180101940293C1F824C0ED
:10074400CA6289F832E0CDF80CC0039BC1F834C00A
:10075400C1F83CA0C1F838B089F842E0C1F848B00B
:10076400C1F844C0C1F84CA089F852E04B65049B21
:10077400CDF814B08F65C1F85CA089F862E0CB664F
:10078400059BCDF818A0C1F864C0C1F868B089F819
:1007940072E08B67069BC8ED3C7AC8ED487AC8EDD9
:1007A400547ACB67CDF81CC0CDF820B0CDF824A086
:1007B400C1F874C0C8ED607A079B89F882E0C1F87B
:1007C4008430089B019CC1F88830099B039DC8EDC7
:1007D4006C7AC8ED787AC1F88C3088F8480189F8C9
:1007E40092E088F8780188F8A80188F8D80188F898
:1007F400080209F1C0090B2CC1F898B0C1F894C0E3
:1008040008F51078C1F89CA008F8080C09F81EEC4B
:1008140048ED0C7AC1F8A4C0C1F8A8B0C1F8ACA0E6
:1008240009F80EECC1F8B450C1F8B8B0C1F8BCA0D6
:100834007FF448AF9FED417ADFED417A0AAD05239D
:100844008DED0B7ACDED0C7AAB46AA46A946A846A7
:100854002E46AC462F463B4CCDF828E0CDF834E08C
:100864008DF82A300EAB01930FCD20606160A26039
:10087400E360BBE80F00C4F8C000C4F8C410C4F8B7
:10088400C820C4F8CC30BAE80F00C4F88001C4F81A
:100894008411C4F88821C4F88C31B9E80F00C4F875
:1008A4004002C4F84412C4F84822C4F84C32B8E8F0
:1008B4000F00C4F80003C4F80413C4F80823C4F8F0
:1008C4000C330FCEC4F8C003C4F8C413C4F8C8234F
:1008D400C4F8CC33BCE80F00C4F88004C4F8841412
:1008E400C4F88824C4F88C340FCFC4F84C354FF0C6
:1008F40004038DED0F7ACDED107ACDF838E0CDF804
:1009040044E08DF83A30C4F84005C4F84415C4F8FE
:1009140048250FCEC4F80006C4F80416C4F8082607
:10092400C4F80C3613B0BDE8F08F00BF505F01204F
:100934009C480120405F0120107801200000A04263
:10094400F4FD343F9079012000007A44F4FD343FF3
:10095400944B07EE900AD3ED026A9FED936A67EE1B
:10096400A66A86EE867ABDEEC77A17EE101A4FF0A5
:10097400000C8E48B1F5005F80F800C040F3E080C1
:100984004FF400518A4A11604FF0010CD3ED036A11
:100994009FED856A67EEA66A86EE867ABDEEC77A13
:1009A40017EE101AB1F5005F40F3C3804FF4005105
:1009B40051604FF0010CD3ED046A9FED7B6A67EE42
:1009C400A66A86EE867ABDEEC77A17EE101AB1F5DE
:1009D400005F40F3A7804FF4005191604FF0010C89
:1009E400D3ED056A9FED706A67EEA66A86EE867A95
:1009F400BDEEC77A17EE101AB1F5005F40F38B8095
:100A04004FF40051D1604FF0010CD3ED066A9FED15
:100A1400666A67EEA66A86EE867ABDEEC77A17EE38
:100A2400101AB1F5005F70DD4FF4005111614FF001
:100A3400010CD3ED076A9FED5C6A67EEA66A86EE49
:100A4400867ABDEEC77A17EE101AB1F5005F56DD4F
:100A54004FF4005151614FF0010CD3ED086A9FED42
:100A6400526A67EEA66A86EE867ABDEEC77A17EEFC
:100A7400101AB1F5005F36DD4FF4005191614FF06B
:100A8400010CD3ED096A9FED486A67EEA66A86EE0B
:100A9400867ABDEEC77A17EE101AB1F5005F28DC2E
:100AA40000295ADB82ED077A26D1DFED425ADFEDC9
:100AB4003E6A93ED0A7A85EEA76AA6EE267A67EE79
:100AC400277A87EEA67AFDEEC77A17EE903AB3F549
:100AD400005F60DC002B4FDBC2ED087A51D1BCF122
:100AE400000F4ED17047002934DB82ED067AC8D05E
:100AF400C5E74FF40051D1614FF0010CD5E700294F
:100B040037DB82ED057AA8D0A5E700292BDB82ED3F
:100B1400047A8ED08BE7002928DB82ED037A3FF438
:100B240074AF70E700291BDB82ED027A3FF458AF03
:100B340054E700292CDB82ED017A3FF43CAF38E71F
:100B4400002921DB1A4A82ED007A7FF41DAF4FF0B1
:100B5400000C1BE70021916193E70021D161A4E718
:100B6400002191603CE70021116162E70021D1601E
:100B74004BE70021516170E700231362BCF1000FC1
:100B8400B0D0012303707047094AC2F800C0DEE701
:100B9400002151600FE74FF40053136201230370E7
:100BA400F1E700BF9C48012000007A44295F01203E
:100BB40078480120000000442DE9F04FC24B2DED90
:100BC400088B93ED027A09EE900ADFEDC06A29EEF4
:100BD400877AC7EE267AFDEEE77A17EE901A00249C
:100BE400BB48B1F5005F85B0047040F334824FF424
:100BF4000051B84A1160012493ED037ADFEDB36A22
:100C040029EE877AC7EE267AFDEEE77A17EE901A78
:100C1400B1F5005F40F30F824FF40051516001249D
:100C240093ED047ADFEDA96A29EE877AC7EE267A76
:100C3400FDEEE77A17EE901AB1F5005F40F30382F8
:100C44004FF400519160012493ED057ADFED9F6A22
:100C540029EE877AC7EE267AFDEEE77A17EE901A28
:100C6400B1F5005F40F3DF814FF40051D1600124FE
:100C740093ED067ADFED956A29EE877AC7EE267A38
:100C8400FDEEE77A17EE901AB1F5005F40F3BB81F1
:100C94004FF400511161012493ED077ADFED8B6A63
:100CA40029EE877AC7EE267AFDEEE77A17EE901AD8
:100CB400B1F5005F40F39F814FF40051516101246D
:100CC40093ED087ADFED816A29EE877AC7EE267AFA
:100CD400FDEEE77A17EE901AB1F5005F40F39B81C1
:100CE4004FF400519161012493ED097ADFED776AA5
:100CF40029EE877AC7EE267AFDEEE77A17EE901A88
:100D0400B1F5005F00F372810029C0F2ED82C2EDFB
:100D1400077A40F06E819FED706ADFED6C6AD3ED67
:100D24000A7A86EE297AE7EE267A67EEA97A87EEC2
:100D3400A67AFDEEC77A17EE903AB3F5005F00F39A
:100D4400D380002BC0F2D682C2ED087A40F0CF8067
:100D5400002C40F0CC80F5EE409AF1EE10FA40F011
:100D6400CE8001204FF07E5400225C4D5C4E5D4BE2
:100D740005F10B0715F8011B002900F099800129E2
:100D84001C605A609A60DA601A6183F8280000F0E7
:100D94008F8002291C635A639A63DA631A6483F8A6
:100DA400580000F0858003291C665A669A66DA6644
:100DB4001A6783F888007BD00429C3F89040C3F8ED
:100DC4009420C3F89820C3F89C20C3F8A02083F88B
:100DD400B8006DD00529C3F8C040C3F8C420C3F8D7
:100DE400C820C3F8CC20C3F8D02083F8E8005FD033
:100DF4000629C3F8F040C3F8F420C3F8F820C3F878
:100E0400FC20C3F8002183F8180151D00729C3F846
:100E14002041C3F82421C3F82821C3F82C21C3F8A6
:100E2400302183F8480143D00829C3F85041C3F85E
:100E34005421C3F85821C3F85C21C3F8602183F816
:100E4400780135D00929C3F88041C3F88421C3F857
:100E54008821C3F88C21C3F8902183F8A80127D0F6
:100E64000A29C3F8B041C3F8B421C3F8B821C3F8C0
:100E7400BC21C3F8C02183F8D80119D00B29C3F8C9
:100E8400E041C3F8E421C3F8E821C3F8EC21C3F836
:100E9400F02183F808020BD0C3F81042C3F81422DF
:100EA400C3F81822C3F81C22C3F8202283F838029E
:100EB400AF4206F8010B03F510737FF45BAF05B086
:100EC400BDEC088BBDE8F08F9C48012000007A44FB
:100ED400295F01207848012000000044C8E2002076
:100EE400405F0120505F01204FF400531362F5EE80
:100EF400409A0123F1EE10FA03703FF432AFDFF8A9
:100F040088E3DFF888B31EF8019B4FF000085846C9
:100F1400DFEDD7AA9FEDD7BADFEDDE8ADFF870C325
:100F2400B9F1000F00F0E6800127CA4600259FEDC5
:100F3400D2AA8146D14CCDE901EC08EBC80304EBFD
:100F44008314039008FA07F299F80260002E00F067
:100F5400AE8102EB080105EB81010BEB01114B683B
:100F640007EE903AF5EEC07AF1EE10FA40F29F8166
:100F7400013EF0B2022840F28F8167EE8B7A0021A5
:100F840087EEA98A84F8281018EE100A009205F05A
:100F940043FD0BEE900A18EE100A05F040FD009A8E
:100FA40009EE100A02EB080105EB81010BEB0111BC
:100FB4008B68C96807EE903A07EE101A87EE0A7A32
:100FC40077EEA77A17EE101AAD488BEEA78A05F0D4
:100FD4000DFA009A07EE100A042E00F29081DFE861
:100FE40016F02601E700A8008B0044004FF40051DE
:100FF400D16101248FE60029C0F26781C2ED057A30
:101004003FF45EAE5BE60029C0F27181C2ED047A62
:101014003FF442AE3FE60029C0F25A81C2ED067A9F
:101024003FF462AE5FE60029C0F25881C2ED037A54
:101034003FF41EAE1BE60029C0F24D81C2ED017AD9
:101044003FF4EEADEBE50029C0F24B81C2ED027A2C
:101054003FF4FAADF7E500298A4AC0F24E81C2EDA9
:10106400007A7FF4C8AD0024C6E5B7EE007AF6EE48
:10107400006A39EE076A78EE074A66EE266AC7EE1A
:10108400245AB8EE005A77EE487A29EE055A66EEED
:10109400A56A26EE656A25EE257A67EEA57AF0EE56
:1010A400665A94F828100135AA45C4ED006A84ED07
:1010B400016AC4ED025A84ED037AC4ED047A07EAA6
:1010C400010709F1100904F130047FF43DAFDDE9B3
:1010D40001EC039808F10108B8F10B0F0CF8017B3F
:1010E40000F1C0003FF4EBAE1EF8019BB9F1000F14
:1010F4007FF41AAF0127EDE7B7EE005AF6EE006A67
:1011040035EE496A78EE054AF8EE007AC5EE245ABF
:1011140066EE266A29EE277A66EEA56A75EE487AA7
:1011240026EE256A27EE257A67EEA57AF0EE665A52
:10113400B7E7F7EE003A37EE235A77EE636AF0EE3C
:10114400457AB0EE454AE9EE267AA9EE664AF1EE12
:10115400C74AB0EE666AE9EE456A74EEA44AF0EE58
:10116400665AF0EE442AF0EE676AB8EE003AA9EE49
:10117400056A27EE033AE8EE647AE8EE246AE8EEBC
:10118400242A35EEA55A66EE876A67EE875A26EE5C
:10119400036AC3EEA27AA8EE644A66EEA76A26EE54
:1011A400276A67EEA55A27EE857A64EE277A78E7F0
:1011B400F7EE003A37EE234A77EE636AF0EE447AAC
:1011C400F0EE444AE9EE667AE9EE264AF1EEC75AB1
:1011D400B0EE666AE9EE046A75EEA55AA9EE446AB1
:1011E400B0EE665AB0EE644AF0EE676A77EE072A0C
:1011F400E8EE256AE8EE657AA8EE254AB8EE003AEC
:10120400E8EE654A66EE876A67EE875A26EE226A3A
:10121400C3EE847A25EE035A67EEA66A27EE866A41
:1012240067EEA55A27EE857A64EEA77A39E7B7EE1A
:10123400005AC8EE077AB8EE006AF0EE456A77EE17
:10124400854AF0EE455AE7EE086AE7EE485A29EE79
:10125400066A35EE677AC5EE247A27EE866A67EE6B
:10126400A66A65EEA75A67EE277AB0EE467A18E7C3
:101274000AD7233CDB0FC94000002042505F012005
:101284000000204178480120C8E2002010780120A5
:10129400405F012000000000CB6807EE103AB0EE7A
:1012A400C77AB4EEEA7AF1EE10FA7FF566AE012160
:1012B400F7EE006AB0EE686AF0EE685AB0EE687A4B
:1012C400F0EE687A84F82810EBE600215161F7E427
:1012D4000021916108E500215160A1E40021D16061
:1012E400C6E400219160AFE40021D16113E500213F
:1012F4001161D1E4002313622AE51460B3E65FEDC3
:101304001B7AF7EE006AB0EE677AF0EE675AB0EE39
:10131400676AC6E62DE9F84F684D40F6AC12002125
:1013240028460AF0DBF9072365484FF4046265494F
:10133400286005F10C00AB800AF03EFA624BDFF83E
:10134400C4811968614B05F64C021B7805F65407F5
:10135400116085F85038B8E80F000FC7B8E80F00DF
:10136400DFF8A4E10FC798E8070076464FF0000CB9
:10137400DFF898A1564B05F5086B87E8070093E85A
:1013840007008BE807009AF8003005F6AC0485F8EE
:101394008C389AF80130DFF8789185F88D389AF80E
:1013A400023085F88E384B4B1B7885F890384A4BC1
:1013B4001B6844F8183C494B1B6844F8143C99F8E2
:1013C400003085F89C3899F8023085F89D3899F8F2
:1013D400013085F89E38D9F8043044F80C3CD9F82B
:1013E400083044F8083C36F80C2B0CEB4C0324F87A
:1013F400042C0EEB83035B680CF1010CBCF1090FA8
:1014040044F8083BEFD100233548364930F80C4BFB
:1014140003EB430221F8044C0EEB8202126F0133FA
:10142400092B41F8082BF1D100222F482F4B30F81B
:10143400144B02EB82011C800EEB8101D1F8DC40DD
:1014440001325C60D1F8E410092A03F10C0343F87B
:10145400041CECD14FF0FF32254B264E18681B7943
:10146400C5F8A40924483371A6F69914073608214F
:1014740014F8013F5A4042F300030340013983EA60
:101484005202F8D1A642F2D1D243AA60EFF31084FB
:1014940072B64FF4805119480BF010FF4FF42062DC
:1014A400064916480BF060FF84F31088144A044B75
:1014B4001068C01A18BF0120BDE8F88F1455012028
:1014C4003150534410780120BC4A01202C5F012084
:1014D400C8480120335F012024E3002020E30020DA
:1014E400DC220120085E0120482301204C5E0120FB
:1014F40000E30020B85E01202083B8ED00F03F0037
:1015040000F03F109C48012070220120D4480120A3
:1015140014E30020CD4BCE4A1968914240F0528129
:101524009B88072B00F24E814FF0FF322DE9F043E8
:10153400C848C949C94D83B0082403785A4042F3C6
:1015440000030B40013C83EA5202F8D10130A84267
:10155400F2D1D243BD4B9B68934240F035814FF4A6
:101564000462BC49BE480AF027F9BE4ABE4B92ED5C
:10157400007AB5EE407AF1EE10FA83ED007A40F08D
:1015840027814FF08053B94AB04E136096F8503813
:10159400B74A003B18BF0123B64CB74D13700FCDAB
:1015A4000FC40FCD0FC495E8070084E80700B38883
:1015B400012B019340F2A4810023DFEDB05A9FED8B
:1015C400B06AB04CB048B14903F5087206EB820228
:1015D40092ED007AB5EE407AF1EE10FA04EB830254
:1015E40082ED007A00F00D82B4EEE57AF1EE10FAA5
:1015F40000F10A82F3EE046AB4EEE67AF1EE10FA30
:101604009FEDA35A36FE877A27EE057AF7EE007A25
:1016140027EE075A77EE277AF6EE003A67EE056A68
:101624009FED9C4AE5EE237ADFED9B4A27EE267A6E
:10163400E6EE847AE7EE247AF5EEC07AF1EE10FA5B
:101644004CBF01220022002A47FE867AB0EE677A58
:10165400BEEEE87A17EE102A40F82320F21892F82A
:101664008C28003A18BF0122CA540133032BABD192
:10167400019F022F00F0448196F890380121003B2D
:1016840018BF0123854FDFF838C2854D8CF8003030
:101694003B68844C2B60019F23688348834A032F53
:1016A4000360117000F02C8196F89C28804B003A5E
:1016B40018BF01221A7096F89E2896F89D68003A81
:1016C40018BF01227B4D9E70A4685A707A482A681C
:1016D400042F5C609A60017000F01281DFF8E4E18D
:1016E4004FF000097446F0469FED645ADFED645AEA
:1016F400DFED722A9FED663ADFED663A4FF06C0C2F
:101704009FED654A404600230CFB09FC4F4E09EB54
:10171400C90538E0B4EEC57AF1EE10FA00F1D480D0
:10172400F3EE046AB4EEE67AF1EE10FA36FE877A46
:1017340027EE037AF7EE007A27EE076A77EE277A28
:10174400F6EE004A67EE066AE6EE247A27EE267A7B
:10175400E6EEA37AE7EE047AF5EEC07AF1EE10FA3B
:101764004CBF01210021002947FEA57A17EE901AEB
:101774001A440CEB820201332244092B00F10C00C1
:10178400916000F0C180EA1806EBC20292F8A81832
:1017940002F6AC07017092F8A92803EB43014270EA
:1017A40097ED007AB5EE407A17EE107AF1EE10FA62
:1017B4000CEB810121444FEA43024F60AAD1F7EEBA
:1017C400007AD3E702207047032003B0BDE8F0831A
:1017D400DFED2A7AB4EEE77AF1EE10FA00F118811F
:1017E400F3EE046AB4EEE67AF1EE10FA9FED286A9D
:1017F40036FE877A27EE067AF7EE007A27EE076A36
:1018040077EE277AF6EE004A67EE066A9FED215AD4
:10181400E6EE247ADFED205A27EE267AE6EE857A84
:10182400E7EE257AF5EEC07AF1EE10FA4CBF01240A
:1018340000249FED137A002C47FE877AB0EE677A76
:10184400BEEEC27A17EE103A9DE600BF00F03F10DC
:10185400315053440CF03F102083B8EDACF93F10E5
:10186400107801204CF83F10BC4A012044E30020CA
:101874002C5F01209C48012054F83F10000070C2E6
:1018840000000000C848012034E30020D4480120AF
:10189400E3C8EB3DADAA2A3EB4AA2A3D94F83F1012
:1018A40024E3002098F83F1020E30020345F012057
:1018B40014E30020A4F83F10305F0120788B6742C6
:1018C400335F012070220120F0EE627A00214AE7A2
:1018D400019B052B14D000234F495048504CC2188B
:1018E40092F8A4291D2A05D80C2AA2F1170501D0C3
:1018F400022D00D8E25C0133052B01F8012BEED157
:10190400002003B0BDE8F08309F10103022B4FF07E
:10191400010908F16C087FF4F1AE0023B7EE002A48
:101924009FED405ADFED405ADFED402A9FED403AEB
:10193400DFED403A9FED404A404D384E36E0F4EE3C
:10194400C57AF1EE10FA58D4B3EE047AF4EEC77AFD
:10195400F1EE10FA37FE277A27EE037AF6EE004A04
:1019640027EE076A77EE027A67EE066AE6EE247AD5
:1019740027EE267AE6EEA37AE7EE047AF5EEC07A4D
:10198400F1EE10FA4CBF01220022002A47FEA57A8C
:1019940017EE902A1944013304EB8101092B45F811
:1019A400047B0EF1140EC1F8E02091D003EB430246
:1019B40006EB820292F8381903EB83008EF8D810F4
:1019C40092F8391904EB80008EF8D91002F63C1114
:1019D400D1ED007AF5EE407A17EE907AF1EE10FA36
:1019E40002F51462C0F8DC7017684FEA8301C0F88E
:1019F400E470A4D1F7EE007ACAE7F0EE627A00222E
:101A0400C3E74FF4004227E60022DFED087A1AE626
:101A1400DFED067A0DE700BF00E3002000F03F1081
:101A240010D90020000070C200000000788B6742CB
:101A3400E3C8EB3DADAA2A3EB4AA2A3DA44801203E
:101A4400F8B5FEF71FFE4FF0805700230020304A00
:101A5400304E314930604FF4004E0F6013701A4617
:101A6400DFF8ECC02D4D2E4C0CEB8301086045F8DB
:101A740023E0E2540133032BF6D10125DFF8D4E04F
:101A84002849294E0A70DFF8D0C0C6F800E0274E76
:101A9400274BC6F800C02748274E284C35702849E4
:101AA4001A705D709A705860264899604FF4C67237
:101AB40000210570204609F011FE4FF07E510A46C0
:101AC400C4F8F410A160C4F88010022321464FF03A
:101AD400000C257084F8785084F8D850C4F8E020BD
:101AE40084F8EC504FF07E5003EB8302013304EB97
:101AF4008202092B81F800C101F11401C2F8E0004F
:101B0400F0D10A22104B11491A711960F8BD00BFB7
:101B14002C5F0120BC4A012044E3002034E3002070
:101B2400D4480120335F012024E3002020E3002077
:101B340014E3002000002F44345F012070220120B0
:101B440000009040305F012000E3002016070809E0
:101B5400C84801200000A6420000C8422DE9F84F01
:101B6400B7EE007A2DED108B0AEE102AB4EEC7AA58
:101B7400F1EE10FA07EE900A0CEE101A01D59FED63
:101B8400E7AADFEDE7DAF4EEED7AF1EE10FA07D426
:101B9400DFEDE4DAF4EEED7AF1EE10FA7DFEA7DA89
:101BA4004FF43764DFF8C0A3DFF8C0939AF80080DD
:101BB4006FF03B06C8F101085FFA88F80025DFEDF5
:101BC400DABADFEDDA9A9FEDDA9A9FEDDABADFED51
:101BD400DAAA04FB089417E001224FF07E536560F3
:101BE400A560E56025612275236001224FF07E53D4
:101BF40016449642E56125626562A56284F82C204C
:101C0400A36100F07F81303407EE106AB8EEC77A22
:101C1400F3EE047A37EE2D7AF4EEC77AF1EE10FA89
:101C240077FE877AF4EEED7AF1EE10FA3DFEA78A9C
:101C3400F4EEC8DAF1EE10FACED96DEEAB7A17EE07
:101C4400907ABE48394604F0D1FB07EE900AB0EE14
:101C54004B7A77EEE97AA7EE897A17EE100A04F048
:101C6400B7FB28EE2B7ADFEDB68A17EE10BA07EE33
:101C7400900AF0EE68CA5946B048E7EEAACA04F0E2
:101C8400B5FB07EE900AB0EE4B7A77EEE97AA7EE51
:101C9400897A17EE100A04F09BFBDFEDA27A07EEB7
:101CA400100A3946A548CCEE27EAE7EE2A8A04F062
:101CB4009DFBDFEDA4FA07EE900AB0EE6F7A77EEA3
:101CC400E97A9FEDA1DAA7EE897A7CEE8DCA78EEE7
:101CD4008D8A17EE100A04F07BFB78EEEC8ADFEDB8
:101CE4009BCA07EE900A9FED9AFAB0EE6CEA594649
:101CF4009248A7EE8FEA04F079FB07EE900A77EE9C
:101D0400E97AE7EE89FA1FEE900A04F061FB38EEF7
:101D14006D8A06EE900A78EEC88AE6EE8FCA68EEFF
:101D2400AE8A3EEE0DEA7CEE8DCADFED8A7AB0EE25
:101D3400E87A7CEECECAB4EEE77A7CEEC8CAF1EE5D
:101D440010FA6EEEACEAF0EEEECA00F11381DFEDAC
:101D5400827AC7EE8A7A002317EE907A2375384682
:101D640004F05AFE0EEE100A384604F058FE9FEDB9
:101D74006C7A88EE877ADFED797A0DEE100A17EE29
:101D8400101A6E48CEEE278A04F030FBB7EE004AF4
:101D940006EE900A76EE844A76EEC47AB0EE647A61
:101DA400F0EE645AADEE677AEDEE275AB1EEE66ACC
:101DB400B0EE675A36EE066AADEE645AEDEE247A5A
:101DC400F0EE653AF0EE474A76EEA62AE8EE864A49
:101DD400A8EEC67AE8EE863AB8EE003AE8EEC65ABD
:101DE40027EE267A24EEA66A25EE225AC4EE234A6A
:101DF40067EE837A26EE246A65EE246A27EE247A57
:101E040067EEA47A65EEA45A9FED525AF4EEC5CA61
:101E1400F1EE10FA84ED006AC4ED016A84ED027AF1
:101E2400C4ED037AC4ED045A3FF5DFAEDFED4C7A1E
:101E3400C7EE8A7A002317EE907A84F82C3038465D
:101E440004F0EAFD0CEE900A384604F0E8FD9FED3C
:101E5400347A8EEE877ADFED417A08EE900A17EE37
:101E6400101A36488CEEA78A04F0C0FAB7EE004A7E
:101E740005EE900A75EE844A75EEC47AB0EE647A83
:101E8400B0EE646AA8EEA77AA8EEE76AF1EEE56A16
:101E9400B0EE675A76EEA66AA8EEA45AE8EEE47AA3
:101EA400B0EE463AF0EE474AF8EE003AE8EE264A3B
:101EB40065EEA33AA8EE667AA8EE263AA8EE666A1C
:101EC40027EE257A64EEA56A25EE235AC4EE034A6A
:101ED40077EEA77A66EEA45A27EE247A65EE246A92
:101EE40067EEA47A26EE246A0136012EC4ED065A62
:101EF400C4ED076A84ED087AC4ED097A84ED0A6AB0
:101F04007FF481AE4FF4376303FB0893154A8AF8D4
:101F140000801360BDEC108BBDE8F88F00803B4758
:101F2400000020420000C842CDCCCC3C3333933F68
:101F34001479923B3EEAA441682FB9410000204144
:101F4400CDCCA0C234AE5A3C0000BC4266668EC101
:101F5400EFE304420AD7233C63149D44F4FDB43FE9
:101F64001D431347E84A0120285F01205000062042
:101F7400000000005FED026A0123B7EE006AB0EED4
:101F8400667AF0EE667AF0EE665A23753CE700BF97
:101F940030B5192087B002F04FFA19234FF001022F
:101FA40042EC44300B2003F021FA0A2003F09CF8A1
:101FB400534805AB04AA03A903F092F9002840F0A2
:101FC4009680504805AB04AA03A903F089F90028B8
:101FD40040F08D80172002F02FFA17234FF00102F2
:101FE40042EC443042EC4030474B1121186806F073
:101FF400FBFA4FF48852454B454D1A6002F0AAF89B
:1020040029684FF47A7200238803890C08F076FE5D
:10201400404B414A18601B681360FFF77BFA0028A5
:102024002DD03E4B3E4A106819683E4AFFF796FD94
:102034003D4B1B7833B13D4B1B681BB1A88800B2E4
:1020440002F05CF83A4B187900F052FA394B93F8E5
:102054007821002A40D103F1780193F80021143348
:10206400002A4AD18B42F8D1334B00201A7000F079
:10207400FDF9324807B0BDE8304006F079BAEFF315
:10208400108472B62748FEF797FD2648FEF760FCD9
:1020940084F3108801232A4C2A4A2068A0B192F8BC
:1020A40000C0C1798C450FD00021CDE9002306F092
:1020B40049FD009A2068117806F0EAFC01212068A5
:1020C40006F040FDDDE900230133042B04F1040490
:1020D40002F10102E1D1A4E70120174B187000F0CE
:1020E400C5F9164807B0BDE8304006F041BA039878
:1020F400DDE9041203F0BEF86CE70222B4E700BF86
:1021040000882A1180D1F00864E300200080064092
:102114004CE30020EC4A0120B04A012020E30020D7
:1021240024E3002000803B47335F0120E84A01207C
:1021340000E30020702201202E5F012001260020F0
:102144003417062001E300202DE9F04F2DED028B1A
:10215400192089B002F070F919234FF0010242EC02
:10216400443042EC4030FFF713FF01214FF4FA50A2
:1021740003F070F99FED9C8BDFF8DC92DFF8DC82D2
:102184009B4F9C4D03F05CF999F8003003F0FF0479
:102194000BBB98F80030002B40F084803B78002B78
:1021A40040F0CF80944B1B78002B40F0ED802B68DF
:1021B4000133B3F57A7F2B60E4D300232B604FF017
:1021C400007320EE103003F03BF999F8003003F06F
:1021D400FF04002BDDD0894B0DF1100E18685968EF
:1021E4009A68DB68F446AEE80F009DF810E09DF8AD
:1021F40011300EEB4E0203EB8203814A4FF0000ACA
:102204001646AEF1040E4FEA031B89F800A0BEF196
:10221400050F02EB031ABCE80F0046F80B00CAF8DE
:102224000410CAF80820CAF80C3004D8754B1B787F
:10223400022B00F0C180EFF3108A72B69DF81130C2
:10224400714E03EB43019DF81030090103EBC30306
:1022540001EB83116D4B31441A6804A807EE902AF0
:10226400F8EE677A17EE902AFEF7AEF89DF81000A4
:10227400674B195C69B100EBC003002206EB8313C2
:1022840001E08A4205D093F8284001323033002C13
:10229400F7D1604B1C548AF3108898F80030002B57
:1022A4003FF47CAF4BF6803300225B490C6888F81E
:1022B40000209C4200F08D80584B9C4200F08380AB
:1022C4004AF644431C46DFF898A1DFF898B101931D
:1022D400534B05201C6002F0C7FF50450ED00B2065
:1022E40003F084F86420002102F0CEFE504604ABD3
:1022F40003AA02A902F0F4FF00286ED10023DDED49
:10230400017A484AF8EEE77A1370474B474983ED60
:10231400008B474B17EE900A1A46C3F800B01B68AF
:102324000B601368434A1360FEF746FC0123324AEC
:1023340020463B70137000F09FF83B78002B3FF46D
:1023440031AF00233B703C4B304C18683B4B196851
:10235400226807EE902AF8EE677A17EE902AFFF7C4
:10236400FDFB374B1B78002B3FF41CAF354B1B6830
:10237400002B3FF417AFA08800B201F0BFFE1E4B44
:102384001B78002B3FF413AF00231B4A2E49137014
:102394001E4B2E481A6807EE902AF8EE677A17EE5D
:1023A400902AFDF75DFF284B294A1B7883F001032F
:1023B4001370FCE653781BB9264A1378002BF9D125
:1023C400BFF35F8F37E74FF4C01B0194DFF898A089
:1023D4007EE74FF4402B0194F8E70298DDE90312FD
:1023E40002F048FF8AE700BF000000000000000080
:1023F400345F0120E44A0120305F01205C1706208D
:10240400107801202E5F0120505F01204CE3002052
:10241400C8E20020405F012048E30020007701006B
:1024240008E300203A5F012008240120B04A01207B
:10243400EC4A0120B44A012024E3002020E30020D8
:10244400335F0120E84A012014E3002040170620EE
:1024540010E3002008490120315F0120385F01208A
:10246400C079C50F66060B0000882A11014B18704D
:1024740040BF7047355F012010B5044682B0052087
:1024840002F0F2FE230207EE103A06EE900AB8EECE
:10249400477AF8EE666A9FED136AC6EE877A77EE9E
:1024A400867ABCEEE77A17EE103A9AB2BAB107EE22
:1024B400102AB8EE477ADFED0C6A77EEC77A67EE3A
:1024C400A67AFCEEE77ACDED017A9DF804301B0282
:1024D400064943EA0243C1F8C83002B010BD1346AE
:1024E400F6E700BF0000003B0000804300003050CE
:1024F4002DE9F047DFF8EC80324D334C8AB04FF4CD
:10250400005288F80000AA21284609F0E7F820467E
:102514002E4906F0B5FCDFF8D0904FEA003C4CEAB7
:10252400C01C0027C9F800004FF440234FF480304A
:102534004FF4F83198F800E0CDE90437CDE9020111
:102544000EF01F060DF1180A02AB46F480160FCBED
:102554008AE80F00099601261D4B70460721CDF825
:102564001CC0089301F04AFF98F80020334639460E
:102574002046009606F00CFD3946D9F80020534653
:10258400204606F04BFD4BF68030FFF775FF2368BD
:1025940030463343236006F0B5FB4FF0FF340D495A
:1025A4000D4B0E4A01EA403118600A4383010C497D
:1025B40003F1A0431D6059609C60DA600AB0BDE875
:1025C400F08700BF000001200000305018D900201F
:1025D40000000E40FFFF01FCDCE20020190D10009A
:1025E40010003050D8E20020184B012001222DE9C0
:1025F400F0414FF0A044054628498AB00B6823F007
:1026040001030B60264B19688A4004EB8113C4F85C
:102614006424DC6814F08064FBD1224E1F213078DE
:1026240001F0ECFE337844EC44300721284601F0F5
:10263400E5FE01232A4621460093184806F0A8FC2B
:102644004FF480324FF4F8334FF44021CDE90223A4
:10265400154A0491D2F800C005940DF1180802AB94
:102664000FCB88E80F00114B4FEA0C3705F01F0E13
:1026740047EACC174EF4801E624621460893074869
:102684004346CDF824E0079706F0C8FC4BF68030AB
:10269400FFF7F2FE35700AB0BDE8F081000030505B
:1026A400DCE20020D8E20020184B012000000E409C
:1026B4000F4ADFF848C013789CF800C00133DBB23E
:1026C4009C4510D082B092F800C0009009488DF863
:1026D400041000EBCC0CDDE900018CE8030013705E
:1026E40040BF02B07047044A136801331360704757
:1026F400365F01201C4B01201C530120375F012051
:102704009FED928A2DE980488FB0914B1B78012B65
:10271400DAB20BD0022A00F03E8200238D4AD37233
:1027240020BF8B4B1B78012BDAB2F3D14FF0000A98
:10273400874A554612785346012AD046D346D14695
:10274400CDE906AACDF80CA0CDF804A0CDF810A0D0
:10275400CDF808A0CDF820A0CDF824A000F05C812D
:10276400002D00F057837C490A78002A40F0D0817C
:102774000A781AB1C5F5806200250992774A14686F
:10278400002B00F05B81A00100F1A040744A0368B3
:102794009B1AA8EB9302C2F30A01B1F5806F4FEACA
:1027A400930340F287814FF0000B6E4A03F5807368
:1027B400C3F30A081368D946013313606A4B1A78C5
:1027C4006A4B1B789A4200F09F80684A13786849E4
:1027D40001EBC30393E803001378CDE90C01013343
:1027E40013700346634A926A002D00F077815E4BB2
:1027F4005E491B78013D0B70089B03FB05F6B6127E
:1028040006F50046002D00F08981A00100F1A040EA
:1028140002E0B1F5887F0FD3514903685B1AA8EB36
:102824009301C1F30A01B1F5806F4FEA9303F0D924
:1028340003F58073C3F30A0808234FF0004E44469F
:1028440005934D4BCDE90A52A6F57F4C1968ACF1BE
:10285400FF0C43F6A25081EA413181EA5141CAEBAF
:102864004A1A81EA41114AF3571AC1F308070AEBDD
:10287400AB3AFF3FA7EB0A0700FB07F3029A3F4876
:1028840047F62B3800FB023343F6A2500025049A86
:1028940000FB0233019A3A4808FB0233039A03947B
:1028A40000FB02302A460BE064464FF6FF73A14456
:1028B4000132A9EB0303202A45EA08059B440DD005
:1028C4001BEBA0332EFA02F8EED534460023A144C4
:1028D4000132A9EB0303202A9B44F1D1039C204B32
:1028E40043F82450631CC3F30A04029B0493019B22
:1028F4000393059B013B059344D0831302970193F3
:10290400A7E720BF154B1C68A10101F1A0410EE00F
:10291400134A0B689B1AA8EB9303C3F30A03A3F5AA
:102924008072B2F5407F08D8B3F5C07FE9D80E4B6A
:102934001A780E4B1B789A42EAD00B4B0B491A7843
:102944000B789A4200F080820A463FE700FEFF4679
:102954002E5F0120C04A0120355F0120DCE2002007
:1029640000000120104B0120365F0120375F012059
:102974001C4B012000000B40D4E20020BC84FFFF6C
:1029840024C3FFFF9C4BA046DDE90A5219609B4B10
:102994009B491B689B0103F1A0431B685B1AA4EBD2
:1029A400930313F4FC6F03D196490B6801330B6056
:1029B400954B07999B6A01319B1A069A2F29134458
:1029C4000791A9EB2949ABEB2B4B069315D91A2296
:1029D40002FB03F2B2F5C84F28BF4FF4C8420021EE
:1029E4008A4C069123680791A3EBD30303EBD2032C
:1029F4002360874A80331B0AD372019B854A039361
:102A04001278029B012A04934FEAA033CDE90137DF
:102A14004FF001037FF4A4AE7F4A1278002A00F03D
:102A240099807D4A1278002A3FF4A8AE002D7FF4E5
:102A3400A1AE724A1468002B7FF4A5AE4FF4005285
:102A4400AA216F4808F04AFE002082464FF0FF3169
:102A5400724B734A03EA44331A436C4B684E186052
:102A6400704B71481B78CDE906AA03706F48704F0C
:102A74000368CDF80CA043F00103CDF804A0CDF811
:102A840010A0CDF808A0CDF820A0CDF824A00360B4
:102A9400A00100F1A0431E605F609960DA601B68CA
:102AA40055469B1B9B0803F58073D346D146C3F35D
:102AB4000A0869E65B4B19785B4B1B7899427FF4F3
:102AC40084AE12F4E0637FF41FAF5A490A680132FE
:102AD4000A604D4A926A002D7FF489AE9913564BD1
:102AE4009942B8BF194647F23C339942A8BF1946E8
:102AF4000B4608910999B1F5806F05D201FB03F3E8
:102B04009B1208934B1C0993089B03F5004693E61C
:102B1400414A1278002A7FF42DAE2FE601234FF0AC
:102B2400A0424248A340016821F00101016002EB88
:102B34008410C2F86434C36813F08063FBD1344A50
:102B4400D372344B1B78012B00F03E810023304AB2
:102B5400D372DAE5002DDBD193B12E4B1B78012B18
:102B640000F04B812C4A1378002B40F03981127805
:102B740002F0FF03002A00F03A814FF48065F9E582
:102B840020BF244A1278012AE0D1234A1278002A6D
:102B9400F6D0002545E700231E4A284912780B7019
:102BA4002749022A0B6006D0D0E71A4B1B78022B68
:102BB4007FF4ABAD20BF234B1B78002BF5D0BFF3C4
:102BC4005F8F02241F4A204FD2F804C0D2F8089025
:102BD400D2ED038A0C4A0CF5C063926AB7EE009AF0
:102BE4001E46BB463D46CDE902C3DFF86080019234
:102BF40009FA04FA4DE000BFD4E20020DCE2002030
:102C0400000001200C4B012000000B40144B01205C
:102C1400C04A01202E5F0120355F0120FFFF01FC27
:102C2400190D1000365F0120375F0120000030507D
:102C34001000305020530120C48CFFFF2D5F012071
:102C440074480120084901207022012050680120A5
:102C54009F4B1B5D5BB304EB84030BEB8303D3F843
:102C6400E03007EE903A68EEA77AF5EE407AF1EE9E
:102C740010FA16D0F4EE497AF1EE10FA40F0E6803C
:102C84000134082C05F1140506F5407608F5107892
:102C940019D095F80031002BF2D095F80131002BB2
:102CA400D6D052460021304608F018FDE8E7A31CB0
:102CB400DBB24A463146404609F030F895F8013116
:102CC400002BC8D0EDE7834ADDE902C3117800295F
:102CD40040F0CC80B7EE009AFFEE008A4E461D46C7
:102CE4007D4C54F8040F60B397F800311BB997F882
:102CF400141100295ED026B301462B4605F5407019
:102D040001EB0A02B3EC017AF0EC017A87FE497A0E
:102D1400C7FEC97A87FE287AC7FEA87A27EE087A02
:102D240067EE887ABDEEC77AFDEEE77A17EE10CA31
:102D3400A1F800C017EE90CA04318A4221F802CCEF
:102D4400E0D1664B2837BB4205F5C065C9D1644B59
:102D5400644A1B78906A002B72D0634B634D1968E8
:102D6400019BA3EB010AC21ABAF5FA6F8CBF114694
:102D7400411A2B6851B14FF4C84404FB02F2B2FB70
:102D8400F1F2A3EBD30303EBD2032B60584A803355
:102D94001B0AD372544B574A186000231370BFF3B5
:102DA4005F8F0123537040BF534B1B78022B3FF4BA
:102DB40002AFCBE6524608F091FC484B2837BB42A1
:102DC40005F5C0658DD1C2E74C4B1A7802F0FF03BC
:102DD400002A3FF4D5AE494B1B78494B1C682DE6BD
:102DE400464B1A7802F0FF03002A7FF4C6AE444B28
:102DF4004FF480651C68A001C6E4404B1B78002B8F
:102E0400EED13E4B1B78002BF1D03D4B09951C684D
:102E1400A001B9E4002B3FF499AE01224FF0A04089
:102E240038490B6823F001030B60354B19688A405D
:102E340000EB8113C0F86424DA685201FCD485E6FF
:102E44000123274A1370A5E70023CBE4B9F1000F4F
:102E54003FF416AF334606EB0A0293ED007A27EEF1
:102E6400877AA3EC017A9342F7D109E74FF4C06E55
:102E7400204A0AEB0C061069234D244A764452F882
:102E840004BFBBF1000F19DDB9F1000F16D00146E4
:102E94000EEB0C08D8ED007A05EB8104C4ED007A42
:102EA400A1EB0B04C4F30C0405EB84042468013186
:102EB40048F8044BB045C1F30C01EBD10EF5407E4C
:102EC400BEF5C05F05F5004506F54076D7D101E7AC
:102ED400425F0120295F012018490120E8220120D6
:102EE4002D5F012000000B40704801207448012030
:102EF400C04A0120084901202E5F0120355F0120CE
:102F0400DCE2002000003050508002207C48012088
:102F1400034B01298CBF002001201960704700BFBA
:102F2400C05E0120013802289ABF024B53F82000EA
:102F34000148704758E300204CDD002010B582B0F2
:102F440007F01CFC82880446531E3F2B5DD9A94B15
:102F54001B78423B362B53D8DFE813F0790252003A
:102F64005A0252004E0252002A02520052005200EB
:102F740052005200520052005200520052005200BD
:102F8400FD015200EB015200C20152003700520011
:102F94009701520088015200B30152006A015200A5
:102FA4002B0152001C0152005200520052005200E8
:102FB4005200520052005200ED005200B300520081
:102FC40096005200850052005C00A388032B17D999
:102FD400894BDFED8A7A93ED007AB4EEE77AF1EE6D
:102FE40010FA07D4DFED867AB4EEE77AF1EE10FA40
:102FF40077FE877A01228349834BC1ED007A1A70E8
:1030040002B0BDE8104007F06FBB01687A4808F0D1
:10301400D3FB9CE77D4B1B78082BF1D8A288032AAD
:10302400EED9754ADFED7A7A92ED007A7948F4EEBA
:10303400C77A0068F1EE10FA06EE900AF8EE666AB6
:10304400754A764903EB830477FE877A01EB8401A2
:1030540002EB830316EE900AC1ED397AC3ED027ACE
:10306400FDF776FCCCE7694B1B78082BC8D8A288FF
:10307400002AC5D06049694A097803EB830302EB4F
:10308400830383F8D910BBE7604B1B78082BB7D8B0
:10309400A288032AB4D9584AB3EE047AD2ED007A4E
:1030A40087EE877A5D4C03EB830304EB830417EE0E
:1030B400101A5B48C4ED377A03F098F9C4F8E000BD
:1030C4009EE7524B1B78082B9AD8A288002A97D0E7
:1030D400494A1178002940F0E681504A003918BF66
:1030E400012103EB830302EB830383F8D81092F8E6
:1030F4007801002840F0E48192F8004192F81431FC
:1031040092F82811234392F83C410B4392F8501152
:10311400234392F864210B43134314BF0123034652
:103124005B00404A117899423FF46AAF1370FFF78D
:103134009DF940BF64E7A388072B7FF661AF2E4A51
:103144001378012B3FF65CAF517808293FF658AF4E
:10315400D2ED017AB3EE047A584201EB4104DFF870
:10316400BCC0518800F06C0202EB84022CF80210FF
:103174006C2287EE877A02FB03F303EB84030CEBE8
:10318400030417EE101A2648C4ED017A03F02EF951
:10319400A06035E7A388002B3FF432AF164B012122
:1031A4001B782148003B18BF0123204A437011704B
:1031B40026E7A388032B7FF623AF0F4B93ED007A0A
:1031C400B5EEC07AF1EE10FA00F16781F2EE0E7AF4
:1031D400B4EEE77AF1EE10FA77FE877A124BC3ED7C
:1031E400027A9B78032B7FF40BAF01220F4B1A70EA
:1031F40006E700BF3B5F0120E45E0120000020429F
:103204000000C84224E30020345F0120265F01202F
:10321400000000004CE300209C48012070220120A3
:10322400000020412E5F012014E30020305F0120C4
:10323400A388032B7FF6E4AEAD4BDFEDAE7A93EDBE
:10324400007AB4EEE77AF1EE10FA07D4DFEDAA7A49
:10325400B4EEE77AF1EE10FA77FE877AA74BC3ED66
:10326400017A9B78032B7FF4CBAEBEE7A388002BB7
:103274003FF4C6AE9E4B01211B78A048003B18BF0B
:1032840001239F4A03701170BAE6A388032B7FF6CB
:10329400B7AE974B93ED007AB5EEC07AF1EE10FA23
:1032A40000F1FE80DFED977AB4EEE77AF1EE10FAE2
:1032B40077FE877A01229449944BC1ED007A1A7003
:1032C4009EE6A388002B3FF49BAE894B1B78032B0F
:1032D4003FF696AE01218948894A837011708FE6C2
:1032E400A388002B3FF48CAE814B894A1B78003BAA
:1032F40018BF012313701378002B00F0CA80854B8C
:103304001968002900F0C58043F6FF40824B834AC8
:103314009B8803F570531BB28342A8BF034623EA7C
:10332400E373C3F3072303EB430301EB03111160BE
:1033340066E67B4B1B78022B3FF662AEA288002A1E
:103344003FF45EAE6A4A774912789BB2003A18BFDE
:103354000122CA5454E6724B1B78022B3FF650AE3E
:10336400A288032A7FF64CAE614AB3EE047AD2ED0A
:10337400007A6D4A6D4802EB8302C2ED007AC7EE13
:10338400877A17EE901A9CB2019303F02FF807EE98
:10339400900AB0EE677ABEEEE87A654A019B654909
:1033A40002EB830317EE102A41F82420186027E665
:1033B4005B4B1B780A2B3FF623AEA288032A7FF6C9
:1033C4001FAE4B4ADFED5C7A92ED007A5249F4EE7F
:1033D400C77A0868F1EE10FA06EE900AF8EE666A0B
:1033E400564A77FE877A02EB830316EE900AC3ED02
:1033F400007AFDF7ADFA03E6A388002B3FF400AE94
:103404003B4B4F4A1B78003B18BF01231370F7E571
:10341400A388032B7FF6F4AD354BB3EE047AD3EDDA
:10342400007A87EE877A474B17EE101A3F48C3EDB0
:10343400007A02F0DBFF07EE900AB0EE677ABEEE88
:10344400C27A414A414B82ED007A1860D8E5A388DC
:103454000F2B7FF6D5ADDFF804C1254C0FCCCCF88B
:103464000000CCF80410CCF80820CCF80C309CF800
:1034740000300A2B3FF6C4AD9CF8013034499CF867
:1034840000208A5C9A427FF6BBAD0122314B1A7050
:10349400B6E50022214B1A60B2E5DFED277A9DE6FE
:1034A400DFED257A06E7082B0DD09A1E052A2A4A55
:1034B4003FF614AE92F8780100283FF40FAE9FE572
:1034C400012003462DE6244A92F8144192F80001A3
:1034D400204392F82841204392F83C41204392F83B
:1034E4005041204392F8644120433FF4F7AD87E50F
:1034F400E45E01200000FA430000FA4414E30020D3
:10350400305F01200000484320E30020345F0120A5
:10351400335F0120E84A01204CE3002030490120B8
:10352400265F0120D4480120C84801200000204122
:1035340028E3002034E30020000000009C48012020
:103544002C5F0120BC4A012044E3002040E300201A
:10355400C8E20020315F0120702201205C170620A0
:1035640008B507F00BF94FF0000C294B81885A7904
:1035740083F800C0914204D35A78012A05D0022A64
:103584002CD0BDE8084007F0AFB89B78012B37D0AA
:10359400022BF6D143F6FF4C03681E48B3F9001022
:1035A4001D4A01F570531BB26345A8BF634623EA65
:1035B400E373C3F3072330F9130091801749D080D4
:1035C4000A78002ADDD0164A1268002AD9D0154993
:1035D40003EB430302EB03120A60D2E79B78012B4F
:1035E400CFD102680C491268086822F07F429042E9
:1035F400C7D00D480A6003700A680C4B1A60C0E714
:103604000368054A1B78003B18BF01231372B8E70F
:1036140064260120E4DF00204CE30020335F012016
:10362400E84A012030490120385F012048E30020A6
:1036340008B50B7803F06002202A01D0002008BDF1
:103644004A78012A2BD002F17F00C0B20328F5D8B2
:10365400823A03F01F03022A3FD8DFE802F00A028D
:103664001400012BEAD149880020090A022912D04A
:1036740008BD012BE2D14988090A0229DED1264876
:1036840006F0A8FC09E0012BD8D14988090A0229CF
:10369400D4D14FF4807006F09DFC012008BDC88889
:1036A40000F1FF3CBCF13E0FC8D8DFF878C0B1F898
:1036B40004E08CF800204A8803F01F034FEA1E211F
:1036C40052BA8CF8050015488CF801308CF80410B7
:1036D400ACF8022006F0CAFCDFE7012B0BD0022B6A
:1036E400ACD14B881B0A012BA8D10D4B03211868C0
:1036F40006F070FCD1E74988090A012907D002299C
:103704009CD1074B988800B206F064FCC5E7044BD3
:10371400187A06F05FFCC0E700C4FFFFB4DF0020A6
:103724004CE300206426012010B50B7882B013F01E
:10373400600003D11B0609D402B010BD402802D199
:103744004B78012B16D0002002B010BD4B78062B0D
:10375400F2D140F2EE334A889A42EDD1CB88184830
:10376400122B28BF12231C4606F0C8FF224603462C
:1037740014490FE08B88042B16D0052BE3D1CB889A
:103784000F488E2B28BF8E231C4606F0B7FF224617
:1037940003460D491868019308F00EF8019B9C80BC
:1037A40006F046FC0120C7E7CB880548282B28BF34
:1037B40028231C4606F0A2FF224603460349E9E7F4
:1037C400D41B062024E100206CE00020FCE0002053
:1037D400F0B591F900304A78002B83B00FDBCB8829
:1037E400DFF8F4C2013BAB4849889BB23F2B8CF80D
:1037F4000020018040F28480002003B0F0BD433AF1
:103804003C2AF9D801A353F822F000BF2B3800203A
:10381400F93600205D380020F93600206538002094
:10382400F936002085380020F9360020F9360020CA
:10383400F9360020F9360020F9360020F936002048
:10384400AF380020E3380020193900202F39002038
:10385400F9360020EF380020F9360020FB3800202C
:10386400F93600200D390020F936002015390020E2
:10387400F936002069390020F93600206D3900201E
:10388400F936002075390020F93600207D390020F2
:10389400F936002085390020F93600208D390020C2
:1038A400F9360020F9360020F9360020F9360020D8
:1038B400F9360020F9360020F9360020F9360020C8
:1038C400F9360020DD390020F93600204B3A00207B
:1038D400F93600207D3A0020F9360020933A002082
:1038E400F9360020AD3A0020C33A0020CB3A00203C
:1038F400E93A0020693B0020793B00200D38002084
:10390400654806F0B3FB012003B0F0BD634B644A85
:103914001A60644806F0F2FE0422604B19680368DA
:103924001960828006F084FBEDE74B88B3F5306FB5
:103934004FEA1321BFF460AF5B48C3F30312405C4A
:1039440090427FF659AF03F00F03032B00F28182FC
:10395400DFE813F0C301BC01B201CB01534A4F4B62
:103964001268D5E7524A4D4B12784E481A7006F049
:10397400C5FE0122494B197803681970828006F04C
:1039840057FBC0E78B780A2B3FF636AF494951F80D
:103994002330424A4348136006F0B0FE04233F4AF2
:1039A400116802681160838006F042FBABE74B8824
:1039B400092B00F06E82102B00F24B82DFE813F02B
:1039C400EA01E301D901D601D301D001CD01FA0105
:1039D400F7014902F401F1013C0238023F02CA0135
:1039E4009C01FDF797FC012106F0F4FA8BE78B7834
:1039F400022B3FF601AF3049C9E78B78022B3FF623
:103A0400FBAE2E4A9BB2D25C244BAEE72C4A234B2E
:103A14001278AAE72B4AA2E7FDF77CFD03460028AB
:103A240000F01D820121184606F0D4FA6BE7FEF778
:103A340007F8254B186807EE900AF8EE677A17EE38
:103A4400900AFDF7B9F8204B186807EE900AF8EED3
:103A5400677A17EE900AFCF77BFF01211B4B0020CD
:103A6400197006F0B7FA4EE7194A78E7194A0B4B72
:103A740012787AE7174A094B927876E7154A074B8A
:103A8400526845E7134A054B926841E7114A034BD4
:103A940052786AE7265F0120A4DF002058530120F2
:103AA40001011009D41B0620C8E20020BC4A0120F1
:103AB4002C5F01209C480120C8480120D4480120E3
:103AC400335F012024E300204CE30020345F012015
:103AD40020E3002014E300203B5F01204B88B3F572
:103AE400007F4FEA1321BFF487AEDBB2082B3FF609
:103AF40083AE4FF06C0C4FF0000E0CFB01FCAF4A90
:103B040003EB430461F3070E63F30F2E0CEB840302
:103B1400D118D35C91F801C0A94A63F3174E4B68DE
:103B24006CF31F6EA748C2F800E0536006F0E6FD90
:103B34004FF0080E84460268A14B03CB106051601D
:103B4400ACF804E006F074FADDE68B78082B3FF657
:103B540053AE9A4A03EB830302EB830393F8D83002
:103B6400974A9848137006F0C9FD0123944A1178C6
:103B740002681170838006F05BFAC4E68B78082B28
:103B84003FF63AAE904A03EB830352F823208C4B62
:103B9400BEE68B78082B3FF62FAE884A03EB8303EF
:103BA40002EB830393F8D930854ADAE78B78082B44
:103BB4003FF622AE854A03EB830352F82320804B61
:103BC400A6E6834A7E4B1278CFE68B78082B49D839
:103BD40000F09B81023B052B44D8784B93F8782165
:103BE400003A18BF01220FE74B88DAB2042A00F228
:103BF40032811B0A0C2B00F03081A3F11701D8B2DB
:103C04000229064640F229811D2B00F2268195B235
:103C1400002A00F091816F4C21782746814200F000
:103C24009481012D00F0C1816178814200F08D8181
:103C3400022D00F09C81A178814200F08681032D41
:103C440006D0F978B14200F08081042D00F07F8124
:103C54003979B14200F07981795DB14202D0002A0C
:103C640040F08F810022CFE68B78042B3FF6C4AD61
:103C74005849534ACB5C74E7574B514C1B6818683E
:103C840059689A68DB680FC44E4806F037FDD0F8CF
:103C940000E0A4F1100C0446BCE80F00CEF80C3090
:103CA4004FF01003CEF80000CEF80410CEF8082030
:103CB400A38006F0BDF926E60C2303FB0123474845
:103CC4001B01C058042106F085F91CE60C2303FBF4
:103CD400012343481B01C058F4E70C2000FB0122D8
:103CE400404B03EB02139878ECE70C2303FB01230E
:103CF4003D481B01C058E5E704203C4ADFF82CC1CD
:103D040013683B4983F4804303F47043CCF80030D8
:103D140008601368DB05FCD553689FED365A9BB2E7
:103D240007EE903ADFED346AB8EEE77ADFED335A06
:103D3400E7EE056AF3EE0B7A86EEA57A9FED306A1C
:103D440077EEC77A67EE867AFDEEE77A17EE903A59
:103D540018B2B7E72B4B1868B4E72B4B1868B1E7D8
:103D64002A4B1868AEE72A4B1868ABE7294B18684A
:103D7400A8E7294A1389917AD07A9BB2000640EACF
:103D8400014018439EE7244B9888DB8880B240EAC0
:103D9400034097E7204B18885B8880B240EA0340D1
:103DA40090E71E4B18688DE71D4B18688AE71D4B7A
:103DB400186887E71C4B186884E700BF702201204D
:103DC40058530120D41B06204C23012054230120E6
:103DD4002E5F012000E3002064E300201878012016
:103DE40014780120107801201C78012000000A407A
:103DF40000200A406740533A6ABC34BF2D93E13A2D
:103E04000000C8424CE30020104B01200C4B012061
:103E1400205301201C530120C04A0120C05E012010
:103E2400C85E0120105501200C55012000100A40E5
:103E3400052001F019FA45E7634B186842E701F0E1
:103E4400F7FA1F2896BF614B40F24C4033F810003C
:103E540038E7002036E70322D6E50122D4E55C4AA0
:103E64000090106807EE900AF8EE677A17EE900A51
:103E7400FCF7A2FE564A106807EE900AF8EE677A3D
:103E840017EE900AFCF764FD0121524A009B117061
:103E9400C8E5514A514B10881188B2F802C0090A8A
:103EA400597051881870090A9088D970918883F8DC
:103EB40002C0090AB2F806C05971D1881871090AFA
:103EC4001089D971118983F806C092F80AE092F832
:103ED4000BC018720A0A42485A7283F80AE083F83F
:103EE4000BC006F00BFC3D4BD0F800C0864607CB58
:103EF4004FF00C03CCF80000CCF80410CCF80820E8
:103F0400AEF8043006F094F8FDE4364A92F8003135
:103F140092F814C192F8281192F83C0143EA0C0378
:103F24000B4392F85011034392F864210B4313435B
:103F340014BF0122002267E52B4841780746B142AD
:103F440003D08178B1427FF47CAE02225CE53B79F8
:103F5400B3423FF487AE254B1B789BBB244B1B78A5
:103F6400012B2FD03046FEF741FB7E557AE6E178EF
:103F74008142EAD021798142E7D0A17881423FF49D
:103F840071AE042AE7D01B4A002152F82500CDE97E
:103F9400000304F0D7FDDDE9000104F079FD0121FF
:103FA400009804F0CFFD7E555CE6A1788142CCD028
:103FB400E1788142C9D03979B142C6D07978B14229
:103FC400DFD14FE604221FE5C45E01204CDF002050
:103FD4004CE30020345F0120C04A012058530120E3
:103FE400D41B06207022012000E30020355F01204D
:103FF4002E5F01203017062008B50A7802F060030E
:10400400402B32D0202B01D0002008BD4B78012B4F
:104014002FD003F17F00C0B20328F5D8823B02F011
:104024001F02022B43D8DFE803F00A021400012A1E
:10403400EAD149880020090A022912D008BD012AC0
:10404400E2D14988090A0229DED1284805F0C2FFD5
:1040540009E0012AD8D14988090A0229D4D14FF4A8
:10406400807005F0B7FF012008BDBDE80840FFF7E8
:10407400AFBBC88800F1FF3CBCF13E0FC4D8DFF8E9
:1040840078C0B1F804E08CF800304B8802F01F02CD
:104094004FEA1E215BBA8CF8050015488CF8012004
:1040A4008CF80410ACF8023005F0E0FFDBE7012ADD
:1040B4000BD0022AA8D14B881B0A012BA4D10D4B8B
:1040C4000321186805F086FFCDE74988090A01290C
:1040D40007D0022998D1074B988800B205F07AFFDF
:1040E400C1E7044B187A05F075FFBCE700C4FFFF75
:1040F400B4DF00204CE300206426012000B543F621
:10410400FF4E00F570531BB27345A8BF73460C4AAB
:10411400DFF83CC023EAE373C3F3072390803CF940
:1041240013000849D0800A7842B1074A12682AB1BC
:10413400064903EB430302EB03120A6000BD00BF10
:104144004CE30020335F0120E84A0120304901207C
:10415400E4DF00202DE9F0434FF4C67287B000215C
:10416400764807F0BBFA01254FF07E53734CC0220A
:1041740008217348A360C4F88030C4F8E030C4F860
:10418400F430C4F80831C4F81C31C4F83031C4F830
:104194004431C4F85831C4F86C31C4F88031257006
:1041A40084F8785084F8D85084F8EC5004F0F6FF82
:1041B400DFF83C82C022C8F800000821604804F0FF
:1041C400EDFF604FC022386008215D4804F0E6FF2F
:1041D4005D4EC02230600821594804F0DFFF0024FE
:1041E400DFF810925949C9F80000594805F0E4F87D
:1041F400C02304222146D8F80000DFF8FC81009493
:1042040005F090F9284605F0E3F9524A5049404632
:1042140004F0BCFA3968504F042322464046009407
:1042240004F0D6FB38464D4A494904F0AFFA3168E8
:104234004B4E042322463846009404F0C9FB304612
:10424400484A434904F0A2FA2246D9F8001004234C
:104254003046009404F0BCFB434B21460B209F6086
:10426400DE60C3E9004800F045FB404B404E93E854
:10427400070003AB83E807003E4F1846032104F010
:10428400ABFC234622463C4900953A4805F08AFD9A
:1042940000950223394A3A49FE603A4805F082FD06
:1042A400394B384A394E1361394A3A4B10465361F7
:1042B400394A3A4B1146136005F0F2FC384B394940
:1042C40039480B6005F0ECFC23462246374900953B
:1042D400374805F067FD374D0096354E364A374965
:1042E40003233748F56005F095FD364B4360FCF732
:1042F400C9F93548FCF760FC47F6FF71334B344A83
:104304009C80D980127832B1324A12681AB132498B
:1043140002F534620A6001203049314A08701B6892
:10432400304C314D1360656004F08AF902222F4B42
:104334001A6005F0D7FD07B0BDE8F08370220120B4
:10434400E0E200204C53012050530120A0DF002064
:1043540008E30020F8E2002028540120F0E20020C5
:1043640090540120E8E200203017062060E000208D
:10437400F93E00200C26012055E1002098DF0020A2
:104384008FE1002024260120112E0020252E00205C
:104394003C4A01203135002050260120D4DF002082
:1043A400C4DF00203C260120704A0120C9E100201E
:1043B400CC5E0120D13600208CDF00204CE10020AF
:1043C40038E100202936002000803B474CE30020E0
:1043D400335F0120E84A012030490120385F012081
:1043E40048E3002008490120702A012000200A40E7
:1043F4004853012054530120C05301204FF4807CC2
:104404000C4B00B553F8202003EB8003C00082F06E
:10441400400200F1804003F5805E02F0C00200F526
:10442400203003F54053CEF800204160C3F800C0AB
:1044340000BD00BF048003404FF0000300B543EC0F
:10444400440043EC40004FF0050E4FF4807C0C4BCD
:10445400C20053F8201003EB800081F0400102F108
:10446400804303F5203301F0C00200F5805100F5CC
:1044740040500A60C3F804E0C0F800C000BD00BFAB
:10448400048003400FB400B5084883B003F0A0FFD4
:10449400049B3BB105A91846019103F057FE04485B
:1044A40003F096FF012003F069FE00BF48D9002005
:1044B4006CDC002008B50148FFF7E4FF58D9002060
:1044C400EFF3108072B6064BD3E8CF1F0122002908
:1044D400FAD1C3E8412F0029F6D1BFF35F8F7047AB
:1044E400771706200023034AC2E88F3F80F3108821
:1044F400704700BF7717062070B51646EFF3108497
:1045040072B6DFF848E0DEE8CF2F0123002AFAD1A3
:10451400CEE8423F002AF6D1BFF35F8F012301F0BA
:10452400070CCA0803FA0CF310F802C01CEA0305CE
:1045340008D14CEA030C00F802C0CEE88F5F84F384
:10454400108870BD3046FFF79DFF00BF7717062027
:10455400F8B50F461946EFF3108672B61C4DD5E830
:10456400CF4F0123002CFAD1C5E8443F002CF6D1EB
:10457400BFF35F8F8A421BD8012402E001329142CB
:1045840022D3D30810F803E002F0070C04FA0CFC61
:104594001EEA0C0FF2D14EEA0C0E00F803E01046AE
:1045A4000023C5E88F3F86F31088984207DBF8BDE7
:1045B4000023C5E88F3F86F310884FF0FF30002FAB
:1045C400F5D00698FFF75EFF4FF0FF30E8E700BF35
:1045D40077170620044A1078431CDBB2182B28BF37
:1045E40010231370704700BF79E300204FF0E022DE
:1045F400936843F000539360704700BF0021044B5D
:1046040003F12002C3E88F1F01339342FAD17047AC
:104614006C170620024B00221844C0E88F2F704705
:104624006C1706204FF08030044B05491A460433BA
:104634008B421060FAD162B6704700BF00E400E01C
:1046440034E400E0012300F01F029340400941B12B
:10465400800000F1604000F56140C0F880310360E3
:104664007047024A203042F82030704700E100E0F1
:104674000123064A410952F8212000F01F0083401B
:10468400134214BF01200020704700BF00E100E086
:1046940010B582B0EFF3108472B6164BD3E8CFCFC7
:1046A4000122BCF1000FF9D1C3E84C2FBCF1000F7B
:1046B400F4D1BFF35F8F104A10309268DFF83CC02A
:1046C40052F82020624508D0914206D0CDE900017D
:1046D40000F048FF0199074B0098074A926842F896
:1046E4002010BFF35F8F0022C3E88F2F84F310885C
:1046F40002B010BD7517062000ED00E01101001096
:104704002DE9F04F06468A46154683B0EFF310882C
:1047140072B6714FD7E8CF2F0123002AFAD1C7E828
:10472400423F002AF6D1BFF35F8F6C4991F9002014
:10473400002A7BDB6A4802EB420400EB840393F813
:1047440006C0103681F800C06649A40089684FEAA3
:10475400420B51F826E0AEEB00012F292ED9624915
:104764008E4540F0848043F0010E604B02340444D3
:10477400043B1B1BC3F34A036FEAC3434FF42141B9
:104784006FEAD3435A4420F8221000EB820253808C
:104794004BF601539380FF23D571C2F808A093719F
:1047A400504B9B6843F826E0BFF35F8F0023C7E8B4
:1047B4008F3F88F3108803B0BDE8F08F2EF0010C12
:1047C4009CF80710A9425AD9B14601941E4603E049
:1047D400CB79AB4230D98C469CF9064004EB4401BA
:1047E400002C00EB8101F3DA00944BF601543346BC
:1047F4004E460CF10409043BA3EB0903C3F34A033B
:104804006FEAC3436FEAD343ACF80430384B0BEB85
:1048140002018CF8062040F82130009B00EB810255
:1048240094809371D571C2F808A0B9E700F09AFE9C
:104834002A4991F900207DE76FF007010094019C5B
:1048440033460C1B6146241A019431F8044F4E463A
:1048540044F30A04023401EB4404894601990C44EC
:10486400C4F34A046FEAC4446FEAD444C3E7CDE90D
:10487400002300F077FEDDE90023194873E71B4AA3
:10488400A11CDD710144043A251D521A0544ACF102
:104894000401491BC1F34A016FEAC141C2F34A0250
:1048A4006FEAC2426FEAD1414FF4214E6FEAD2421D
:1048B40099800F4920F804E05A804AF6AA256246F6
:1048C400121A524155432D0DC3F808A09D7143F0AF
:1048D400010ECCF8001063E775170620325F012043
:1048E4007CE3002000ED00E011010010ACE30020A7
:1048F400014880474FF0FF0C20F0030303F16043AD
:1049040003F5644300F003001A68C0000CFA00FCCD
:1049140022EA0C0281400A431A607047F0B504464B
:1049240083B0EFF30583DBB29C46EFF3108572B6D8
:10493400DFF894E0DEE8CF2F0123002AFAD1CEE895
:10494400423F002AF6D1BFF35F8F1B4E4AF6AA23DB
:10495400B2681A4852F82C2044F00107019222460A
:10496400121A524153431B0D019A59B2BA4214D040
:104974000246002392F906C00C328C4512D0013352
:10498400042BF7D10E4B002218781970A071CEE8D1
:104994008F2F85F3108803B0F0BDB368094A43F83C
:1049A4002C20EFE7FF2203EB430300EB83039A7110
:1049B4004BF601529A80E5E700ED00E07CE300202D
:1049C400325F01201101001075170620014B0B44C2
:1049D400036070476C17062070B5114C114DAC4242
:1049E4001CD2FF260BE0FFF7F5FD01462046FFF73A
:1049F400EDFFA680BFF35F8F0834AC420ED223686C
:104A0400002BF0D1FFF7E6FD01462046FFF7DEFF5D
:104A14002671BFF35F8F0834AC42F0D370BD00BF82
:104A240068EA002078EA00200D4B1A68EFF3108141
:104A340072B6D2E8CFCF0120BCF1000FF9D1C2E8A1
:104A44004C0FBCF1000FF4D1BFF35F8F00221B6841
:104A5400C3E88F2F81F3108840BF002000217047E6
:104A6400B8530120000000002DE9F04F2DED028B1A
:104A740085B0EFF30583DBB2103B9A0818BF01221F
:104A84004FF0010103F0030E18BFA94CA94B08BF56
:104A9400A94C0EEB820253F8225001FA0EF204F5EF
:104AA40041539FEDA18BF34602925A602FE0AB88ED
:104AB400190440F19480AB79002B40F0DE80B5F905
:104AC4000860002EC0F21C816B6906EB460603EBFE
:104AD400C603D3E90267B7F1FF3F08BFB6F1FF3F52
:104AE4000ED004EB8B01A36A0A69D21AF31A93421B
:104AF40005D30123226A03FA0BF3134200D10E619A
:104B0400204600F0AFFAB042B941C0F2F980B5F9DD
:104B14000860029B002EE363C9DBD5F8149006EB12
:104B2400460A09EBCA07BB682046D7F80C800193F4
:104B340000F098FA019B984271EB0801B7DBB8F1D9
:104B4400000FC0F2C080D7E904317C4A934200F0E0
:104B5400F7807A88B5F9080092B242EA0040984793
:104B640002460B4652EA030100F0AD80002B80F2AE
:104B7400CD800199B1EB020E68EB030839F93A30A4
:104B8400C7E902E8002B92DB686903EB430200EB00
:104B9400C202D2E90271BE4578EB010C4FEA43022E
:104BA40085DBAC462CF8083F06E003EB430100EB41
:104BB400C1015A00D1E90271BE4578EB01011A44E2
:104BC40005DB30F9323000EBC20C002BEDDA29F8AA
:104BD4003A30ACF80060AB8819043FF56CAF2B6930
:104BE400EFF3108272B6D3E8CF0F01210028FAD177
:104BF400C3E8401F0028F6D1BFF35F8F4FF6FF765E
:104C0400A8880023296900B2AE80C1E88F3F82F3EF
:104C140010889842FFF64FAF0746A1466E6905F12A
:104C24000808B5F9083007EB470E002BC44606EB1D
:104C3400CE0215DBD2E90240AA46019704E036F918
:104C440035309446002B09DB03EB430506EBC50224
:104C5400D2E90271BC4270EB0101F0DA5546019FC2
:104C6400ACF8007036F93E7026F83E30002FD8DAE2
:104C7400AB794C46002B3FF422AF0023AB71B5F95E
:104C84000860721C33463BD0686905F1080E03E0E6
:104C94008E465A1C3FF415AF03EB430200EBC201EE
:104CA4004F889C463F0430F93230F1D5664581ED9A
:104CB400028BEED0AEF800302989664620F8321017
:104CC400A5F808C0E5E739F83A302B812B69EFF3F2
:104CD400108272B6D3E8CF0F01210028FAD1C3E8BD
:104CE400401F0028F6D1BFF35F8F6B88296929F82C
:104CF4003A3000236E80C1E88F3F82F31088D6E6F5
:104D040040BF05B0BDEC028BBDE8F08F2046039395
:104D1400019200F0A7F9019A039B10EB020E43EBFA
:104D240001082BE7AFF30080FFFFFFFFFFFFFFFF4A
:104D340000800B402853012000000B4069490020EB
:104D440008460B69039198470028BCD00399D1E920
:104D5400002307E710B5204C82B0236933B10A2140
:104D64001E4802B0BDE81040FFF730BE03211C48C6
:104D7400019300F065F91A48E060FFF72BFC4FF04F
:104D8400030C184984F800C001444FF050404FF61A
:104D9400FF724FF00F0C21611349019BA160006861
:104DA4006169A280A4F802C0607021F813200C335A
:104DB400C02B02F10102F8D10C4B094ADC60082433
:104DC400032014620A49FFF763FC01210320FFF763
:104DD40039FC084A1464C2E7C4E30020B853012034
:104DE40000000B406C170620FFFF10002853012021
:104DF4006949002000200B40F0B516461F460269A1
:104E04000346EFF3108072B6D2E8CF4F0121002C95
:104E1400FAD1C2E8441F002CF6D1BFF35F8FB3F977
:104E240002101D69002945DBD3F814E001EB4102AF
:104E34003EF832400EEBC20C5C800024C5E88F4F74
:104E440080F3108805983546CCF8100006983E4645
:104E5400CCF81400BCF80200CCE902560130C0F3CF
:104E64000E00012838BF0120ACF8020040EA0140DE
:104E7400D3F810C0EFF3108572B6DCE8CF7F0126BB
:104E8400002FFAD1CCE8476F002FF6D1BFF35F8F24
:104E9400B3F804C02EF832C099801A69C2E88F4F63
:104EA40085F3108801211C78DA68A14002F50153CA
:104EB4005960F0BD0023C5E88F3F80F310884FF0A0
:104EC400FF30F0BD03464089B0EB214F3ADD58690D
:104ED4000A1402EB420210B5D3F810C000EBC20072
:104EE400EFF3108E72B6DCE8CF4F0122002CFAD11A
:104EF400CCE8442F002CF6D1BFF35F8F428889B2EF
:104F040092B28A4207D000221B69C3E88F2F8EF326
:104F14001088002010BD6FEA42426FEA524242807C
:104F24000121002218699971C0E88F2F8EF310882F
:104F340093F800C0DA68084602F5015301FA0CF14F
:104F4400596010BD00207047EFF30582D2B282B1E0
:104F5400384B5A6A8A4202D200221046704714BF64
:104F6400012200229B6A834228BF42F001021046BC
:104F7400704770B584B003922F4A0646D3681578FB
:104F840018460C46029300F06DF8029B05F1040CE0
:104F940053F82CC0039AACEB000C301A64EB0101FB
:104FA400604571F100010FDB20BF224B596AA14219
:104FB40007D314BF012200229B6AB34228BF42F0E8
:104FC4000102104604B070BD029200F053F886420C
:104FD40064EB01010029029A1BDB18492346CDE941
:104FE400001215483246FFF707FF011E11DD114B71
:104FF4005A6AA2421CD39B6AB34217D30E48FFF7E6
:1050040061FF0C4B5A6AA242D3D20022104604B06C
:1050140070BD084B5A6AA242F7D3121B18BF012273
:105024009B6AB34228BF42F00102CAE7A242E5D11B
:1050340020BFE3E700000B40C4E30020294900201F
:1050440010B4054B054C064AA04214BF1846581C20
:1050540010BCFFF751BA00BFD848012000800B40B4
:1050640068D900200346416A0A46986A596A8A4206
:10507400FAD17047034B596A0A46986A596A9142B1
:10508400FAD1704700000B4000B58E46154A536AAA
:105094009C46916A536A6345FAD1401853EB0E0358
:1050A4004FF0000228BF0122BAB10E4B5B6A5A1CB2
:1050B40008BF184608D04FF0FF33184609494A6A1A
:1050C4009A42FCD39A4207D1064A02E0516A9942B5
:1050D40002D1916A8142F9D300BD024A526A9342D5
:1050E400ECD8EFE700000B40224B98420AD84FF46B
:1050F4007A73214A03FB00F0916A936A5B1A98421F
:10510400FBD870474FF47A7300B5DFF86CC0A0FB8E
:105114000301DCF824201346DCF828E0DCF8242022
:105124009A42F8D110EB0E034A414FF0000C28BF0D
:105134004FF0010CBCF1000F12D10F49496A8A42A9
:1051440003D90D48416A9142FCD3914207D10A49DF
:1051540002E0486A904202D1886A9842F9D300BDBD
:10516400054B5A6A531C08BF1346F0D04FF0FF3268
:105174001346E6E79BC4200000000B4000EB400C04
:105184004FEA8C0C0CF1804C70B50CF5803C049CFF
:105194001E46DCF80430A34238BF2346A0F10404C1
:1051A400E4B238BFCCF80430012C2DD94FF400659B
:1051B400274B0CF5405ECEF8005053F820E0BEF1CA
:1051C400000F16D1DCF800E0012C8EEA421202F046
:1051D400E0020CF5805ECEF800202AD94FF400627C
:1051E40043F820600CF500531A60049BCCF804309B
:1051F40070BD5D69B5FBFEFE0EF1010E0EEB4E0EA9
:10520400BEF1030EFCD2DDE70129CFD103240CF556
:1052140040531C60DCF80830DB07FBD5DCF80030B9
:105224000CF5805E83EA421303F0E003CEF800300D
:10523400074B0122DCF800404C4004F00304CEF894
:10524400004002FA01F1DCF808200A42FBD0C5E76D
:10525400E04801204FF4803C00B583B0CDF800C095
:10526400FFF78CFF03B000BD014B53F820007047DB
:10527400E0480120F0B54FF48034174601220E4671
:10528400054683B011460520124B0094FFF776FFC4
:10529400334607FB06F62A4601210F48009700F023
:1052A4005DF8B5FBF6F50022022104200B4B0094B7
:1052B400FFF764FF2B460022012105200094FFF72D
:1052C4005DFF022200210620024B0094FFF756FFE7
:1052D40003B0F0BD006CDC0200000540001BB70009
:1052E4002DE9F047884691469A46184D184E194FB5
:1052F400194CB54207D9A5F53705A5F5D855BD42D2
:10530400F7D1002019E007222919964602FB02FC76
:1053140004E0BEF1010EACEB020C10D0B1FBFCF3C7
:105324008342F6D10CFB1013002BF2D10120C8F8F4
:105334000010C9F80020CAF800E0BDE8F087013A7F
:10534400E3D1A5F53705A5F5D855D2E780A82DB842
:1053540080F8A932807D06DE8017B42C10B5029C3B
:105364008E464FEA043C4CEA034C1C4BB3FBF1F36E
:105374000168B2FBF3F4002920DB194A194B90426F
:1053840014BF4FF480424FF4004217491A6003F5EA
:1053940080531A608B6832EA0303FBD1212200F5A3
:1053A40040530433C0F800E084601A600268002AA5
:1053B400FCDA0822C0F80CC01A6010BD036803F0C0
:1053C4003F037345D9D18368C3F30B03A342D4D1FC
:1053D400C36803F4EE236345CFD110BD001BB700AF
:1053E4000080054000200240000002400A4B0B49A7
:1053F4000B4A5960D3681904FCD40A4BD26843EAB7
:1054040000130949534009481940054AC160D3684B
:105414001B04FCD4704700BF002010400020FE5A3B
:10542400000010400000FE5AF001FE5A0010104027
:10543400024BD868C0F30410704700BF000010404E
:10544400024A034B12685A60704700BFE04A0120C9
:1054540000800D4000B54FF0804E184B184ADFF81D
:105464006CC0DA61174A03F54053C3F800E0C2F890
:1054740008C04FF0E062F1B1A3F580531A6020B97F
:105484004FF00042104B1A6000BD4FF47A7303FBD7
:1054940000F0B0F1807F2ABF6FF07F4303461846C7
:1054A4004FF08042DFF828C00449CCF80030064BA6
:1054B40048601A6000BD1A60E1E700BF00800D403B
:1054C4002131B76A00A0014000A00D40F3FFFF01A5
:1054D400E04A0120012300EB4000800000F18040FD
:1054E40000F5841041600360704700BF0023DB8A2D
:1054F400002242E800F2520201D41021184704218C
:10550400184700BF034AD2F82838002BFBD0BFF35A
:105514005F8F704700000E400021044B044ABFF324
:105524005F8F43F8041B9342F9D170470C080E4077
:105534002C080E404FF42A6C4FF48D70054A064B2C
:105544000649C2F800C0D06019605368002BFCDA29
:10555400704700BF0080044000A0044000B0FA007F
:10556400704700BF08B50148FEF78CFF8CD90020B6
:1055740038B5054C054DAC4204D254F8043B984769
:10558400AC42FAD338BD00BF78EA0020B8EA002064
:1055940038B5054C054DAC4204D254F8043B984749
:1055A400AC42FAD338BD00BFA4EA0020B8EA002018
:1055B4000648DFF828C0064B064A0749C0F800C071
:1055C4001A608B6832EA0303FBD170470020024063
:1055D40000300240F6FFF303000002407F3BEFEF90
:1055E400044BDB6CB3F5004F03D14FF48022024B24
:1055F400DA64704700001150002011504FF0E0228F
:10560400044BD2F8881D0B43C2F8883D10EE3004D9
:10561400704700BF030330006FF06041044B054A3C
:1056240019609368DB4333F06043FAD1704700BFDD
:10563400003002400000024010B545F25320FFF74D
:1056440055FFBDE8104003460420184710B545F245
:105654005320FFF74BFFBDE81040034601201847D5
:10566400FEF7CCBF70B50D490D4D0E4E6D1AAC1042
:10567400442C224628BF44223046920006F09CF86F
:10568400B5F5867F07D8331F074A2B440134442CD1
:1056940043F8042FFAD1054B9E6070BD0000001042
:1056A40010010010000000201101001000ED00E0C6
:1056B400002370B52B4C82B0C4F88430FFF73AFF56
:1056C4000122294BDA63636C012BFCD10321264AA6
:1056D400244B11639C6B012CFCD102260525214629
:1056E4000523224A22480096FFF738FE21462B461E
:1056F400204A21480095FFF731FE0022042031465C
:105704001E4BFFF7A7FD2146284600221C4BFFF73E
:10571400A1FD0022082011461A4BFFF79BFD002231
:1057240009201146174BFFF795FD0022062011466C
:10573400134BFFF78FFD0022114B07201146FFF793
:1057440089FD0420FFF790FD00240F4BA3FB0035D7
:10575400AD0CE0B229460134FFF7BCFE062CF8D1AB
:1057640002B070BD0000014000300140002F6859B4
:1057740000000540008C864700800540001BB700F0
:1057840080D1F008006CDC0283DE1B4386B003B4D6
:1057940051FC0804CDE9020151FC0904CDE90401DE
:1057A40051EC0A04CDE9060103BCF047BDE8005002
:1057B4004EEC00C4BDE800504EEC01C4BDE80050FE
:1057C4004EEC02C400BD000000B5FFF7DFFF02E0AD
:1057D40010FE30F4F8D441EC100443EC112400EE34
:1057E400010410EE010480EE200451EC1004704713
:1057F40000B5FFF7CBFF02E010FE30F4F8D441EC23
:10580400100443EC112400EE010410EE210480EE98
:10581400200451EC3004704700B5FFF7B7FF02E0F5
:1058240010FE30F4F8D410B541EC100443EC11240C
:1058340051EC040453EC0524A0FB024C5FF0000E71
:10584400E0FB03CEE1FB02CE4CEC20440024E1FB60
:1058540003E444EC30E480EE200451EC5004BDE851
:105864001040704700B5FFF791FF02E010FE30F4DE
:10587400F8D441EC100443EC112451EC2104A0FBB6
:1058840001126FEA820252FB100052FB12F252FB29
:105894001000A0EBD07C53EC04245CFB13F153EC1C
:1058A4001524A1FB022001FB030053EC4424A2EBCA
:1058B400000050FB1CF24FEA111312EB017043EB92
:1058C400E27140EA515020EA915020F0070053EC75
:1058D4007524A0FB023C53EC752400FB03CC01FBB4
:1058E40002CC53EC0424ACEB824C40EA5C70A0F193
:1058F400010041EC400480EE200451EC7004704738
:1059040000B5FFF743FF02E010FE30F4F8D441EC99
:10591400100480EE220410EEB204704700B5FFF7C5
:1059240035FF02E010FE30F4F8D440EC700400EED1
:10593400010410EE210480EE200451EC3004704781
:1059440000B5FFF723FF02E010FE30F4F8D440EC7A
:10595400600400EE010410EE210480EE200451ECFA
:105964003004704700B5FFF711FF02E010FE30F479
:10597400F8D441EC800400EE010410EE010480EE42
:10598400400410EE1304704700B5FFF7FFFE02E079
:1059940010FE30F4F8D441EC800400EE010410EE63
:1059A400010480EE400410EE3304704700B5FFF7A5
:1059B400EDFE02E010FE30F4F8D441EC100443ECA8
:1059C400112400EE010410EE3004C0F3007070479F
:1059D40000B5FFF7DBFE02E010FE30F4F8D443EC30
:1059E400102441EC110400EE010410EE30F48CBFDD
:1059F40001200020704700BF00B5FFF7C7FE02E09A
:105A040010FE30F4F8D443EC102441EC110400EE01
:105A1400010410EE30F42CBF01200020704700BFB9
:105A240000B5FFF7B3FE02E010FE30F4F8D441EC09
:105A3400100443EC112400EE010410EE30F42CBFEA
:105A440001200020704700BF00B5FFF79FFE02E071
:105A540010FE30F4F8D441EC100443EC112400EEB1
:105A6400010410EE30F48CBF01200020704700BF09
:105A7400404261EB410140F2F334B1FA81F20C2A65
:105A84000CD2153211FA02F3C2F12002D04021FAED
:105A940002F12244584141EB0251704769B1C2F10D
:105AA4002B0230FA02F3C2F12002914090401943D4
:105AB400A4EB020201EB0251704701004FF0000019
:105AC400A4F12004D9D17047012767F31F5117FAB5
:105AD40003F817D0A0FB080701FB0871A1FB0678A7
:105AE4005FEAD8469219A6FB047806FB05880903E9
:105AF40051EA1051D7EB003061EB0801A94238BFDD
:105B040070470BE00C33012717FA03F80FD0A0FB02
:105B1400080701FB0871A94238BF704708BFA042BB
:105B240038BF7047001B61EB05010132704703F178
:105B3400200311FA03F6D3F12003D840D9403043AF
:105B44007047000000000000000000000453B1088A
:105B54006018850FC8E5F22A6E07271E0D12B221C0
:105B64000412572F12557CBCDA30723F17A717A5C1
:105B74005531994E9D0DBF0AEEE0AB5FE3EF6D9C8E
:105B84007636AD6F697BCCE33D62BD7EF0810682E3
:105B9400F3FA428F37D5B78A5313C89E7FABB3202D
:105BA400491570AF0000000000000000025E881577
:105BB4005580FF00907806B1A602FE01DC4E21F06C
:105BC400EB88FB027A7C801F1615F8033C5DA9D193
:105BD40010A9F304AA466CF5C146EE05FF65E4EB93
:105BE40009F0E70613C00C9EC3A6E007E1BFEC91E1
:105BF400C46CD808D5AF5EFFDC43CF09466A72E4B3
:105C0400D72DC50A237E6E197B2CBA0BBFF57164A0
:105C14008741AE0C61DFB88CB86EA10D09A9856D02
:105C2400C5B5930E3153B1086018850F3071E498EF
:105C3400359875105915550580FF0F0009C3EB8F72
:105C440080FB2F00B1910E9A82F34F001FE7FD22D3
:105C540087E76F00C3A09A298FD78F004F4366ACA4
:105C64009BC3AF00412A83A9ADABCF004FB7B41E8D
:105C7400C68FEF00B6815F09E66F0F0167858966FD
:105C84000E4C2F011A52DA3240244F01483A9B6AD3
:105C94007CF86E01FF81B709C4C88E019C8DBC0BD2
:105CA4001895AE017010DA6B795DCE013A3BE224AF
:105CB400E921EE0138739533427FECA03114FAF5F3
:105CC400BD8689916B02FAE6E0F29183E6821207BF
:105CD40013A85177212621686AB2736A9D0DBF0A01
:105CE400EEE0AB5F19B4E0B71CB66A549596E53D97
:105CF400EF07A548D1CBE555DC0E4E3CCE68ADE8A8
:105D040039B5A432CB3CFA96D9569A28C9B21CA10B
:105D1400F9FCAE21864B6BE58AD2F0160453B10828
:105D24006018850F02C00C9EC3A6E00700000000A7
:105D340000000000AC79CFD1F71772B1293BAAB8A3
:105D44004FEAC12040F00040490043F1200340F2F3
:105D54000001C3F6F071C3F10B0320FA03F038BF5E
:105D64007047404261F1000170475FEAD17CC1F3A2
:105D74000A53A3F2FF330C2B62DA13F1200FDFDD99
:105D84002DE9F0413C4C70CC4FF00002FFF79CFE33
:105D94001CF0010F04D06FEA0202201A65EB010126
:105DA40002F2FE3C40F2FE739C455CD20A0F334B78
:105DB40003EBC2030CCB02F03F0545F04005801A0B
:105DC40099410A0E2E4B03EBC20318CB02F58072E5
:105DD4005543C01AA1414A0D2A4B03EBC20318CB09
:105DE400124402F5805205FB0255C01AA1418A02F1
:105DF40052EA905242F1000282FB02345B0D53EAF4
:105E0400C423C01841EB545184FB02344FF0553382
:105E140083FB043454FB11F304EB930410EB4402AE
:105E240041EBE473E900A1FB0240C1FB0301400A1A
:105E340050EBC1504FEA512151EB0C51BDE8F081B8
:105E4400B3F5806F07D150EA01320CBF21EAE1714A
:105E540041F400217047002000211CF0010F08BF0D
:105E6400C7F6F07170474FF000004FF00001A8BF73
:105E7400C7F6F071BDE8F081345C0020445A00207C
:105E8400A45A0020345B002040F20001CFF6F071E8
:105E94000020704750EA013218BF41F400217047D6
:105EA4007FEAA65540F019814FF4805420E18CEA32
:105EB40011331B0640F0EE80BCF1000F67D1C9041A
:105EC40051EA5031C004B1FA81F4202C4BD201259F
:105ED400A540A0FB052301FB0533A0FB03C5A1FBE3
:105EE40002C6E1FB6356B2EB152263F10003B2EB89
:105EF400066273EB1623A0FB06C7A1FB05C8E1FBF2
:105F040066784FF05535A7FB05C65FF0000CE8FB3B
:105F1400056C16EB0C064CF1000C12EB963243F1B7
:105F2400000312EB8C4243EB9C3358FB11F55FF0FA
:105F3400333755FB11F656FB17F8A5EB581756FBEC
:105F440011F5C2F6802656FB15F507EB1537B2EBB3
:105F5400472063EBD751C4F58064A4F11504FFF71F
:105F64008CFDBDE8F081B0FA80F410FA04F1A0FBD6
:105F740001234FF00000B0EB132061F10001C4F5E0
:105F84008064A4F13504FFF778FDBDE8F08189044D
:105F940051EA90318004404261EB4101B1FA81F44D
:105FA400202C4ED2013C0125A540A0FB052301FB7A
:105FB4000533A0FB03C5A1FB02C6E1FB635612EB4C
:105FC400152243F1000312EB066253EB1623A0FBE8
:105FD40006C7A1FB05C8E1FB66784FF05535A7FB62
:105FE40005C65FF0000CE8FB056C16EB0C064CF1E3
:105FF400000C12EB963243F1000312EB8C4243EB9C
:106004009C3358FB11F55FF0333755FB11F656FB03
:1060140017F805EB581756FB11F5C2F6802656FB08
:1060240015F507EB153712EB472043EBD751C4F5B1
:106034008064A4F11504FFF720FD41F00041BDE8A0
:10604400F081B0FA80F410FA04F1A0FB01234FEAC6
:106054001320C4F58064A4F13504FFF70EFD91F01C
:106064000041BDE8F0815FEA410CBFF40DAF5FEA87
:106074005C5C3FF409AFACF2FF3CBCF5806F3FF4CD
:1060840009AF012262F31F512DE9F041BCEBEC7F13
:106094003FF40DAF0C0C4E4D05EBC40595E80C0018
:1060A40002F03F0505F14005A5FB000605FB016173
:1060B4006FEAE14404F01F04464D05EBC40560CDCE
:1060C400521943EB060304F58074A4FB000604FB99
:1060D40001667FEA26643FF4E3AE3F4D05EBC40559
:1060E40022CD521843EB050341F2010505EB4404AC
:1060F4006404A4FB0050C4EBC401E4FB060180EA81
:10610400E17481EAE175A5FB0567A4FB05487F08F6
:106114004FEA360616EB080647F100078C0254EAEC
:10612400905444F10004801B61EB070154FB14F507
:1061340055FB14F655FB15F74FF0553456FB14F682
:10614400B6EB173610EB860041EBA671101A63EB21
:106154000101224A24CA1CF1010C0BDDA2FB0C2311
:106164000024E5FB0C34121A8B4164F100045FF047
:1061740080410CE0DCF1000CA2FB0C230024E5FBC5
:106184000C3482184B4144F100045FF040414CB997
:106194001C0013000022B1F100711CB91C00002383
:1061A400B1F10071B4FA84F5A5F11D06A1EB065115
:1061B400AC4013FA05F0C5F12005EB401C43EA405E
:1061C4001043C00A50EB445041EBD421BDE8F081A8
:1061D400345B0020A45A0020345B0020345C00208F
:1061E400012956D001EBD1725210012A07EE100A90
:1061F4000B4645D0F0B50029B8BF033189100129F9
:106204000C4685B062D01946002BB8BFD91DC91001
:1062140001290D4642D01946002BB8BF03F10F01E6
:10622400091101290E4654D01946002BB8BF03F1B9
:106234001F01491101290F4651D01946002BB8BF3F
:1062440003F13F018911CDE902230190FFF7C8FF53
:10625400DDE9022307EE900A17F0010F67EEA77A33
:106264009DED017A38D1F60767EEA77A01D567EE7E
:10627400877AED0767EEA77A12D567EE877A0FE083
:1062840067EE077ADB0748BF67EE877A17EE900A56
:10629400704707EE900A17EE900A7047F0EE477ABF
:1062A400E00767EEA77A01D567EE877A67EEA77AEB
:1062B400D10748BF67EE877ADA0767EEA77A01D578
:1062C40067EE877A17EE900A05B0F0BDF0EE477AD4
:1062D400ECE7F0EE477ACCE767EE877AC3E7F0EEB7
:1062E400477AC0E710B5021E0C4682B014DAC1F337
:1062F400C7537F3B172B0CD80120C3F1170C00FAAE
:106304000CF00138084204D183B321FA0CF1CB0715
:106314002CD402F10042104607EE904AFDEEE77AD3
:1063240012F0FF4317EE901A05D0B3F1FF4F02D0DD
:10633400C2F316039BB3002940D001F12003402B84
:106344001DD904F083FCFFF78EFE02460B4620465F
:10635400CDE9002304F07AFCDDE90023FFF760FABD
:10636400FFF703FDFFF7D0FA02B010BD214602F19A
:106374000040FFF7B7FF00F1004002B010BD002954
:1063840008DA07EE100AF7EE007AC7EE877A17EEFE
:10639400900A494202B0BDE81040FFF721BFD20D78
:1063A4007F3A01F3080101FB02F303F17F02002AA3
:1063B4000CDDFE2A06DD4FF0FF40DEE74FF07E5095
:1063C40002B010BDDB0503F17E50D6E70020D4E710
:1063D40008B500F0B9F9DFED047A07EE100A67EEAC
:1063E400277A17EE900A08BDD95BDE3E07EE900AC5
:1063F400B7EE007AF4EE477AF1EE10FA2DD011F0F0
:10640400FF420B4626D0FFEE006AF4EE667AF1EE08
:1064140010FA10B582B021D1B2F1FF4F63D0CA0D8A
:10642400FF2A3FD0594812F0FF020CD07F3A5DD4C6
:10643400162A08DC4FF0010CC2F117020CFA02F222
:10644400013A1A4252D117EE900A02B0BDE8104048
:10645400FFF748BF17EE100A7047704710F0FF4F60
:1064640015D100294FEAD15226DB7F3A172A20D8CA
:106474000121C2F1170081400139194219D11AB121
:1064840023FA00F0C10714D517EE900A08E04FEA8A
:10649400D05CBCF1FF0F42D1002B0ADB4FF0FF4070
:1064A40002B010BD40F27F1C5FFA8CFCBCF17E0F81
:1064B400F4D8002002B010BDD2B27F3A172AEDD82A
:1064C4000121C2F1170C01FA0CF101391942E5D18D
:1064D40022B123FA0CFC1CF0010FDFD000F00040C5
:1064E40040F0FF40DCE717EE100AD9E70028D5DBBF
:1064F40017EE900A0C4604F0A9FBFFF7B4FD024620
:106504000B462046CDE9002304F0A0FBDDE900237F
:10651400FFF786F9FFF729FCFFF7F6F9C0E740F229
:10652400FF1EF4454FEAD3520AD0FF2ABCD072456D
:106534007FF479AF5FFA8CFCBCF17E0FAED9B8E77B
:10654400002B10DB7F3A172AA8D80121C2F11700CB
:10655400814001391942A1D11AB123FA00F0C207CE
:106564009CD50B489CE7D2B27F3A172AA1D80121C7
:10657400C2F117008140013919429AD11AB123FAA4
:1065840000F0C30795D54FF0004089E7000080BFB5
:10659400000080FF00000000000000000000000078
:1065A400DB60BE284A059193F4D5097F70374D7D91
:1065B40066A5D83610E4104FAFF224024B1102EB5B
:1065C400830201F01F034FF001049C40A4FB00343C
:1065D400D568A5FB0456956805FB0466E5FB0356E0
:1065E400556805FB03667047C11545D4852932DA21
:1065F400012262F3DF507E392AD400FA01F041F619
:106604009553C5F6554380FB03012BA292EC034A34
:10661400820D61F39A2200EE102ABBEEC00A60EEEE
:10662400000AC1F3444220EE042A26A320EE201AD5
:1066340053F8222000EEA42A891501EE052A02EB64
:10664400C15200EE102A00EE020A10EE100A704742
:106654004942C840D3E747F21822C4F2B12290421B
:10666400C6D3B0F1FF4F02D950F48000704740F216
:106674000000C7F68070704711F17B0F0CDA01221D
:1066840062F3DF50823105D54942C84040F1000031
:106694004042B4E78840FBE74AF64F42CCF2AE22D0
:1066A4009042ECD910F5000F02D950F480007047E5
:1066B4004FF00000704700BF1872313FF0FD753E87
:1066C4004758633D0000803F87CD823FC3AA853F82
:1066D4000F98883FC2958B3F3AA48E3FD3C3913F16
:1066E400F0F4943FF037983F3A8D9B3F32F59E3F4C
:1066F4004370A23FD7FEA53F5BA1A93F3F58AD3FE2
:10670400F623B13FF304B53FAFFBB83FA408BD3F48
:106714004D2CC13F2A67C53FBEB9C93F8C24CE3F2B
:106724001EA8D23FFD44D73FB8FBDB3FDFCCE03FA0
:1067340007B9E53FC7C0EA3FBAE4EF3F7D25F53F1F
:10674400B383FA3F00000000B0F1FF4F3ED2C11501
:106754003ED04FF0010262F3DF5038BF400026A361
:1067640093EC034AAFF21C0303EB104323F007033B
:10677400D3E9002300FB02F040EC103AFAEEC00A21
:1067840020EEA01A61F17E0160EE811AC90521EEA6
:10679400012A40F6FC3221EE041AC5F6B90261EE74
:1067A400A41A51FB12F122EE052A03EE901A71EE9F
:1067B400C21AFAEEC53A31EE611A70EEC10A30EE31
:1067C400200A30EE230A10EE100A704705DC0BD0C5
:1067D40010F1FF4F09D310F5000F40F4800003D8E7
:1067E40040F20000CFF6C070704740F20000CFF6D0
:1067F40080707047AFF300800000003FABAAAA3E50
:106804000000803E000000005501000001CB92BE54
:1068140048010000C3C87DBE3B010000685F54BE50
:106824002F010000C7992CBE250100002C3C0ABE94
:106834001A0100002F1AC6BD11010000C2AC83BDAD
:1068440008010000D814FCBC000100000000000096
:10685400F8000000EC0A023DF10000008E51773D83
:10686400EA0000009806B83DE40000003B39ED3D25
:10687400DD000000088B163ED800000003FA2D3E10
:10688400D2000000D7D24A3ECD000000DE7F633E36
:10689400C8000000E3C87C3EC3000000E65A8B3EFB
:1068A400BF00000084F7953EBA0000006E8CA33E42
:1068B400B6000000EFADAE3EB2000000C40EBA3E1A
:1068C400AE000000CDB1C53EAB0000005F99CE3EE6
:1068D400410201D150F0004050F480007047F0B5FF
:1068E400012363F3DF50C1F109014FF07E07FFF785
:1068F40063FEB30F53F100039C44B6EB8376B200FE
:1069040028BF5242B2F1805F0BD20231FFF754FE2E
:1069140096EA260242F10002B2F1805F01D2023F00
:10692400F3D50A4CA2FB0424B4FA84F29440240A5A
:10693400A7EB020244EBC250C10DD1F17F01F60F67
:1069440000EBC673BDE8F04073E00000A2DA0FC9A3
:1069540011F1800FBCD030EACC7248BF0CF1020CAC
:1069640020F0004000EE100A0DA2F2EC032A22EE01
:10697400802A11F1080FB9FE422AB0DDA2EE630AA3
:10698400A2EE430A10EE103AFDEEC21AC3F3C75248
:10699400782AA4D3D2F17F0111EE902A944448E0DE
:1069A40083F9223F7A7795B60010C93F07B5C0F343
:1069B400C751FF2925D000F032F8BDE80640CEF8D3
:1069C40000000ED2C9438CEAD17C63EEA02AE1EE2A
:1069D400032A73EE622A12EE900A80EACC701060E9
:1069E40000BD8CEAD17C21EE232AA3EE602A8CEA36
:1069F400D37133EEC22A12EE100A80EAC17010601D
:106A040000BD4102BDE80E4001D150F0004050F4F9
:106A140080001060186070475FF0000C01E05FF0C8
:106A2400010CC0F3C751A1B3D1F17F0190D920EA81
:106A3400CC7323F0004000EE100AC0F384402030F1
:106A440030FA01F1834A51F10001B2EC024A02EB3F
:106A5400810202EBC102D2EC032A70EE620A20EE3C
:106A6400A01A5FEA5C0C61EE201A15D221EE041A1A
:106A740061EEA41A70EEE10A21EE232AA3EE602A45
:106A84008CEAD37133EEC22A12EE100A80EAC17086
:106A9400704700F00040C7E761EEA41A70EEE10A07
:106AA40021EE041A63EEA02AE1EE032A73EE622AB1
:106AB40012EE900A80EACC70704700BFAFF30080FA
:106AC400C1FEFF3E25AA2A3E000000000000803FD0
:106AD4000000000061C9FC3CCDE07F3F1CBFFC3CD2
:106AE4007605813DFE7D7F3F9EEF803D090CBF3DD5
:106AF4000FE37E3F22C5BE3DB624FF3D14047E3F16
:106B0400E27BFE3D13071F3E48EB7C3FA0631E3E25
:106B14006D30403E1D817B3F15103F3EA2AD603E6F
:106B2400CFDC793F3EE15E3E7B0D803EFA08783F44
:106B340096717D3E6E988F3E65FF753F68B88D3EB9
:106B4400F4E19F3E939E733FFD4B9D3EC654B03E81
:106B5400AEF7703FB3DDAC3EC589BF3E604B6E3FC0
:106B64000A1ABB3E26C4CF3ECA356B3F631CCA3EDD
:106B7400F254E03E66D1673F0739D93EDDF0EF3E7F
:106B84004B66643F1641E73E312B003F8894603FDB
:106B94000FC3F53E07E4073FA2C55C3F2B99013FB5
:106BA400C51F103F8F7D583F65A1083F8AF6173FE8
:106BB400B534543FCA310F3FE2FF1F3F599B4F3F4B
:106BC400D7C8153F4606283F6BCF4A3FC4371C3F02
:106BD4004130303FE0B9453FE49A223FA71D383F9A
:106BE400CA98403F20A6283F2FC73F3FAC763B3F83
:106BF4004A562E3FDB13483FCCB6353F6B52343FE9
:106C040079C74F3F2F35303FD0B4393F52DD573F1E
:106C140070412A3F912D3F3F26CE5F3F9F3E243F48
:106C2400C35D443FF125683F50C21D3F1C9D493F51
:106C3400E13B703F4150173FBF7E4E3F7810783F95
:106C440071ED103FAF06533FD4F47F3FA75A0A3F7C
:106C54009B64573FC069002038B50446094806F0D4
:106C6400DFF9204604F04AFA0546064806F082FA9F
:106C74002DB1054B2C449C4201D8284638BD03480D
:106C8400FDF700FC68EA00200000082098D90020E5
:106C940070B504460E460B4806F0C2F9314620464C
:106CA40004F0E6F90546074806F064FA35B106FB38
:106CB4000454054B9C4201D8284670BD0348FDF797
:106CC400E1FB00BF68EA00200000082098D90020FA
:106CD40010B50446054806F0A3F9204604F016FA58
:106CE400BDE81040014806F045BA00BF68EA00203C
:106CF400704700BF2DE9F04F83B00F461146DDE920
:106D04000EB292079846DDE90C93064629D00D464B
:106D14009BB109EB030405EB040A01950D460D93A1
:106D2400AAEB040214F8010D43463946B047A145C5
:106D3400F6D129460D9B019D1D440F9B9B070CD545
:106D44006C1AA34509D92A46434639462020013402
:106D5400B0475C4505F10105F5D3284603B0BDE80D
:106D6400F08F5B4515D28A461C468946ABEB03057A
:106D74000D4452464346394620200AF1010AB047E1
:106D8400AA45F6D149462346DDF83090002CC0D1FF
:106D9400E3E70D46002BBCD1DFE700BF2DE9F04F40
:106DA4000F460F9906469DF82C008D079046DDE9A5
:106DB4000CA299468346099CDDF828C00E9B49D451
:106DC400002B42D1944545D201F0010504F1FF3E68
:106DD4003020E64405E00CF1010C62450EF8010F89
:106DE40002D9BCF1200FF6D1002D00F08780634555
:106DF40030D9601E4FF0300E604405E00CF1010CF8
:106E04009C4500F801EF25D0BCF1200FF6D1CD064A
:106E14000ED5480551D4624564D0634562D0BAF1B9
:106E2400100F4DD0BAF1020F55D0BCF1200F2DD167
:106E34002022CDE90B310A924B4642463946304670
:106E44000994BDE8F04FFFF755BF11F001052ED1AD
:106E54009445BBD3CD061ED54805E0D4BCF1000F44
:106E6400D9D1BAF1100F5FD0BAF1020F74D0302229
:106E74004FF0010C2270BBF1000F12D1480742D52C
:106E84002B2204F80C200CF10102D2E762460CF12B
:106E9400010C3020A054BCF1200FC9D0BBF1000F6D
:106EA400ECD02D2204F80C200CF10102C1E798B3B8
:106EB400944503F1FF3389D399E7BAF1100FB7D1A1
:106EC4008D063DD5BCF1200FB2D0582204F80C2019
:106ED4000CF1010CA9E7BCF1200FA9D062460CF11A
:106EE400010C08E0BCF10102BBD0BAF1100F35D09F
:106EF400BAF1020FCDD16220A05496E7CD06CAD5CF
:106F0400480588D58BE70A0749BF2022624604F862
:106F14000C200CF101028CE711F00C0F00D0013BA6
:106F24009445FFF453AF62E78A0613D478222270A3
:106F340030224FF0020C6270BBF1000F9ED0B0E71C
:106F4400BCF1200F3FF474AF782204F80C200CF14C
:106F5400010C6AE75822EAE76222E8E78D06ACF101
:106F6400020004D54FF0580E04F800E091E74FF00A
:106F7400780E04F800E08CE72DE9F04F91B0DDF8CD
:106F840068E099460F4690469DF86C601C9BDDF8BE
:106F94007CC0BEF1000F04D11CF4806F32D12CF000
:106FA400100C1CF0200F14BF412461240022A4F112
:106FB4000A05834608AC02E0202A86460ED0BEFBB2
:106FC400F3F003FB10E1092994BF303149199E45C0
:106FD400217002F1010204F10104EDD2584608AD1A
:106FE4001E99CDE9012605911D994246CDE903314B
:106FF400CDF818C04B4639460095FFF7CFFE11B0C7
:10700400BDE8F08F72462CF0100C08ADE8E700BF25
:107014002DE9F04F97B0209E219C099156EA040176
:107024009DF888B0DDF8A0E0DDE9248904D11EF4E0
:10703400806F2EF0100E42D11EF0200F14BF4FF0BF
:10704400410A4FF0610A0DF1380C67460025CDE97D
:107054000AC0CDE90C23AAF10A0ACDF8A0E003E0A6
:10706400202D06460C4613D0214642464B46304658
:1070740003F044FED2B2092A94BF3032524446454A
:1070840074EB09043A7005F1010507F10107E7D231
:10709400DDF8A0E0DDE90AC0DDE90C232799CDE99C
:1070A400015B05912699CDF818E0CDE90381CDF86F
:1070B40000C00999FFF772FE17B0BDE8F08F0025F4
:1070C4000DF1380CEAE700BF2DE9F04F95B01E46EC
:1070D400DDE91EABDDE92187209B0D460A900B926A
:1070E400099352465B4650465946FEF763FC002816
:1070F40040F09480504659464FF0FF32624BFEF701
:10710400A7FC002840F08A80504659464FF0FF32D1
:107114006FF48013FEF760FC00287FD15046594677
:1071240000220023FEF758FC002840F09481CDE9AA
:1071340006ABDDE9061217F480600B460C4607F433
:1071440000610C921291139077D1134340F09E800A
:10715400002940F099810623099317F002020C924A
:1071640040F094814346042B38BF04230421914604
:10717400043B0E9112935046594600220023FEF719
:107184002BFC002840F0FC819DED067B129B0B9AA2
:107194000393099B8DED007B029327F40063049312
:1071A400294633460A9800F03BFA024617F0200FAE
:1071B4000CBF65204520334629460A9C571CA0472E
:1071C400052305930E9B0020013B04930A23CDE97C
:1071D400023089EAE973A3EBE9734FEAD971CDE987
:1071E40000313A46334629462046FFF7C5FE0C9B3C
:1071F40007467BB10B9BA0EB030AD0450AD93A465C
:107204003346294620200AF1010AA047D04507F158
:107214000107F4D8384615B0BDE8F08F3346DDE9F0
:1072240009402946CDE91EABCDE921870B9A20946C
:1072340015B0BDE8F04F00F0F3B90C9A54EA02031C
:1072440026D1129B002B88D04FF00009099B4B4597
:1072540000F3D28100245046594600220023FEF751
:10726400BBFB002840F0FD809DED067B27F4006306
:1072740043F4806322938DED1E7B33462946CDE98A
:1072840020480B9A0A98D3E7FFFFEF7F0623099360
:107294000C9BC3F30A50A0F2FF30FEF743FBB4A3E8
:1072A400D3E90023FEF7BCFAB3A3D3E90023FEF726
:1072B4008FFA0C9BCDE90E01C3F3130343F07F5106
:1072C40020460022A44B41F44011FEF795FA96A300
:1072D400D3E90023FEF7A4FA02460B46DDE90E01CA
:1072E400FEF776FAFEF742FB8146FEF71BFB90A3FE
:1072F400D3E90023CDE90C01FEF792FA0022974B63
:10730400FEF766FAFEF732FB8BA3D3E900230446AB
:10731400DDE90C01FEF784FACDE90C012046FEF705
:1073240001FB87A3D3E90023FEF77AFA02460B4652
:10733400DDE90C01FEF760FA02460B46CDE90C23A9
:10734400FEF76EFACDE90E01DDE90C0102460B46AB
:10735400FEF73EFA0022CDE91001DDE90E01804B73
:10736400FEF784FA00227F4BFEF732FA02460B4600
:10737400DDE90E01FEF77AFA00227B4BFEF728FACC
:1073840002460B46DDE90E01FEF770FACDE90E0167
:10739400DDE90C2300204FF08041FEF72DFA024670
:1073A4000B46DDE90E01FEF713FA02460B46DDE952
:1073B4001001FEF75BFA00226C4BFEF709FA04F2A7
:1073C400FF3C00224FEA0C53FEF72AFA02460B4612
:1073D400CDE90C23DDE90623FEF73AFB48B1DDE9EC
:1073E4000C0100225F4BFEF741FACDE90C0109F1D3
:1073F400FF39DDE90C34CDE9103409F16303C62B00
:1074040007F00203129A0C9310D8002A75D1B8F130
:10741400040F40F28380002B00F0E48004230E93D9
:1074240002230C93B9F1000F0CD1A4E6002A35D144
:10743400B8F1050F04D9002B00F0E28002230C936D
:1074440005230E93DDE90601DDE91023FEF70EFAAC
:10745400CDE906018FE60BF10043CDF818A00793A0
:1074640067E627F4006343F48063CDE92048229360
:107474003346DDE906673446294607F10045CDE980
:107484001E450B9A0A98D3E60524E4E60422002359
:107494000E920222994612930C926CE605230E93E7
:1074A400DDE9101251EA02033FF4D0AEDDE9060132
:1074B40025A3D3E90023FEF7B7FA48B1DDE90601B5
:1074C40023A3D3E90023FEF787FA00287FF4BEAE96
:1074D400099BABB1139A002A67D0013B09930E9B19
:1074E400984504D90C9A002A6DD002230C930023EA
:1074F4001293B9F1000FA5D13DE604230E93CFE713
:107504000E9B984567D90C9A002A5CD0099B12936C
:1075140002230C93B9F1000F94D12CE604230E93AB
:10752400B9F1000F8ED126E661436F63A787D23F7E
:1075340071A379094F930A401655B5BBB16B02404C
:10754400EF39FAFE422EE63F2D431CEBE2361A3F9A
:107554000000000080842E410000F83F0000E03F5E
:1075640000002C4000002440000018400000F03FC0
:10757400FB799F501344D33FB3C8608B288AC63F1E
:10758400129BDDE906A40393099B04F1004B0293CB
:1075940027F400630B9A049329463346CDE900ABE4
:1075A4000A9800F03DF8024600E60E9B98452DD956
:1075B4000C9A42B1139B129302230C93B9F1000F5E
:1075C4007FF440AFD7E5A8EB03031293B9F1000FA2
:1075D4007FF438AFCFE5099B1293B9F1000F7FF424
:1075E40031AFC8E504230E93A8F104031293B9F153
:1075F400000F7FF427AFBEE5A3EB09035C1E2AE668
:1076040005230E93A8F1050312931BE7139B129312
:10761400B9F1000F7FF416AFADE500BF0000000024
:107624002DE9F04F97B0DDE92089CDE90501DDE9C9
:10763400225B07920C9342464B4640464946DDF88E
:1076440090A0FEF7B7F9002840F0A78140464946CC
:107654004FF0FF326FF48013FEF7BEF9002840F0BC
:10766400C080404649464FF0FF32B14BFEF7F0F977
:10767400002840F09680AAA3D3E900234046494657
:10768400FEF7E6F900287ED1A7A3D3E900234046FC
:107694004946FEF7A1F9002875D140464946002223
:1076A4000023FEF799F9002840F090800D901AF419
:1076B400806F08BF062530212B460EAAA5F12006AF
:1076C40005E0013BB34202F8011B00F02681092BBF
:1076D400F7D81E46ED1A49464046FEF747F9954B42
:1076E400044603EBC60393ED007B8DED087BFEF7A8
:1076F40019F902460B4640464946FEF77DF8DDE996
:107704000823FEF78DF8CDE90A01FEF741F9074693
:10771400FEF71AF902460B46DDE90A01FEF76CF89A
:107724000022854BCDE90A01FEF792F9002869D0C1
:1077340001373846FEF708F902460B46DDE9080131
:10774400FEF75EF908B100270134002E68D00DF170
:107754003703DFF8F8C158190DE0ACFB0721C9085D
:1077640001EB8102A7EB42023032092F00F8012F0E
:1077740040F2BE800F46202D06F1FF3605F10105CB
:10778400EBD1202567E00C9B0598CDE92089DDE944
:107794000612CDE923BA229517B0BDE8F04FFFF7E2
:1077A40093BC1AF0040F18BF0423DDE906120ABFC4
:1077B4000323624C624C219305980C9BCDE922BAB9
:1077C400209417B0BDE8F04FFFF794BA4B464246F9
:1077D40000200021FEF710F80123804689460D930E
:1077E40065E70424DDE906120C9B0598554DCDF898
:1077F4008CA0CDF888B0CDE9205417B0BDE8F04F87
:10780400FFF778BA0022DDE90A014B4BFEF7E4F8F2
:1078140000289AD1002F40F0BC800137002E96D169
:107824002046FEF77FF802460B4640464946FDF7E0
:10783400E3FF0022404B06460F46FEF7CDF840B961
:107844003046394600223C4BFEF702F9002800F08E
:107854009C800DF137033C4859190EE080FB0476F7
:10786400C2EBA60202EB8206A4EB460404F1300646
:107874000135144601F8016F52B3202D4FEAE4722A
:10788400ECD10AF00302012A14D1BBF1000F11D08C
:107894000D9A002A5CD00BF1FF3BBBF1200F09D9F4
:1078A40030222B4404E001355D4503F8012F13D247
:1078B400202DF8D10EACCDE902BADDE906120C9BFD
:1078C400059801950094FFF715FA17B0BDE8F08FFD
:1078D4000AF00302012A6FD0202DEBD00D9B002B60
:1078E4003FD02D220DEB050383F838200135E1E765
:1078F400202D3FF446AF30212E445A1905E00135BE
:10790400202D02F8011F3FF43CAFB542F7D12E22DF
:107914006E44013586F838209DE72025DBE600BF5C
:107924000000000065CDCD410000000065CDCDC153
:10793400FFFFEF7F28E200200000E03FE4D90020B1
:10794400ECD90020F4D9002067666666CDCCCCCC97
:107954001AF00C0F2CD00BF1FF3B5D45A0D3202D6A
:10796400A8D01AF0040F06D02B220DEB050383F8E0
:10797400382001359EE71AF0080F9BD020220DEB2A
:10798400050383F83820013594E7013424F0010419
:107994005FE7FB077FF5D9AE3FE70324DDE9061275
:1079A4000C9B05980B4DCDF88CA0CDF888B022E740
:1079B4005D45FFF475AF7DE7BBF1000F8CD00D9AE8
:1079C400002AC5D00BF1FF3B5D45FFF469AF202DC4
:1079D40087D16FE7F0D9002000B9704700F0E8BC08
:1079E40010B1D1E900311847704700BF0000000012
:1079F4002DE9F04F9146BD4CBD4AB1F1000B8FB05B
:107A040018BF804614601878BA4ADDF860A008BF31
:107A14009046002800F071821C46002508E02A46A2
:107A24004B465946C04701352078002800F00A81AA
:107A3400252804F10104F2D10023224612F8010B97
:107A4400A0F1200110290AD8DFE801F03F09093B21
:107A54000909090909090937093309092F00A0F19E
:107A64003001092940F2CC802A2800F02381002625
:107A74002E2800F0D7800021A0F16807122F2CD8FF
:107A8400DFE817F076012B0071012B0068012B0051
:107A94002B002B002B002B002B002B0027002B008E
:107AA4002B002B002B002B002700144643F001036E
:107AB400C3E7144643F00203BFE7144643F004034C
:107AC400BBE7144643F01003B7E7144643F008033A
:107AD400B3E7607843F4807301326728144600F2F8
:107AE400BF8024289BD9A0F12502422A97D801A758
:107AF40057F822F0E77C00201F7900201F7900202E
:107B04001F7900201F7900201F7900201F79002091
:107B14001F7900201F7900201F7900201F79002081
:107B24001F7900201F7900201F7900201F79002071
:107B34001F7900201F7900201F7900201F79002061
:107B44001F7900201F7900201F7900201F79002051
:107B54001F7900201F7900201F7900201F79002041
:107B64001F7900201F7900201F7900201F79002031
:107B74001F790020817C0020B97C0020817C0020BA
:107B84001F7900201F7900201F7900201F79002011
:107B94001F7900201F7900201F7900201F79002001
:107BA4001F7900201F7900201F7900201F790020F1
:107BB4001F7900201F7900201F7900201F790020E1
:107BC400757D00201F7900201F7900201F79002077
:107BD4001F7900201F7900201F7900201F790020C1
:107BE4001F7900201F790020757D0020F57C00207E
:107BF400757D0020817C0020B97C0020817C0020E0
:107C0400002606EB860600EB460610781446A0F123
:107C140030010929A6F1300602F10102F1D92E281A
:107C24007FF429AF60781746A0F13001092943F4A5
:107C3400806340F2FD802A2800F01481144600215C
:107C4400013219E72C46A94501D809F1FF354B4605
:107C54002A4659460020C04720460FB0BDE8F08FA1
:107C6400A0F16902D2B20F2A3FF6D9AE4FF0010C4F
:107C740049F241070CFA02FC1CEA070C40F0E780C9
:107C84000A2A22D0072A7FF4CAAE43F021030593BF
:107C94000823049310230391CDF804C002935AF8E7
:107CA400043B2A46009359464B464046FFF764F985
:107CB4000546B9E65AF8046B6078002E1446BCBF3A
:107CC40043F0020376420132D2E6524652F804EB04
:107CD40000299EF8000014BF8A464FF0FF3A0B9229
:107CE400002800F003827246F2440AE0F178002092
:107CF400DC4A0120F16B002012F8017F002F00F014
:107D0400F3809245F8D1AAEB0E020A9213F480672D
:107D140004D00A9A8A4228BF0A460A9213F0020340
:107D240000F00F814FF0020C0C96F2462A460E46E4
:107D3400CDF834C01FB1002E00F0C980013E4B467F
:107D44005946C0471AF8010F0135002800F0BF80DA
:107D54002A46EFE760786C287FF4BCAEA07843F441
:107D64004073E21CB9E6607843F400730132B4E670
:107D74006078682800F0BC8043F080030132ACE6F0
:107D8400672800F09F80472800F0A980452800F06C
:107D9400A880CDE903630AF1070A02912AF0070AD1
:107DA4002A46FAE802674B4659464046CDE9006741
:107DB400FFF78AF9054637E6462808BF43F0200353
:107DC400CDE903630AF1070A02912AF0070A2A4659
:107DD400FAE802674B4659464046CDE90067FFF78B
:107DE4001FFC054620E62A464B4659462520C04737
:107DF400013519E60AF104029B0705F101070A920D
:107E040040F182802A464B4659469AF80000C04702
:107E1400012E88BFAD1940F228813A464B46594697
:107E240020200137C047BD42F7D1DDF828A0FBE58B
:107E3400002101EB810100EB410117F8010F3039FA
:107E4400A0F13002092AF4D93C467A1C14E66F28C2
:107E54003BD040F22381782800F0F5800A2223F0F9
:107E640010030EE05AF8041BA0780234621C21EAC5
:107E7400E17101E6582843D0622808BF022240F08D
:107E84009680580540F1BA8023F00D0313F4007076
:107E940040F0ED8013F4807F0AF1040740F015816F
:107EA400580600F1D58018064CBFBAF80000DAF87D
:107EB4000000CDE904630023CDE9022100902A46A5
:107EC400019393E043F4006363E70822D9E7DDE913
:107ED4000C6CBCF1000F5BD1DDF82CA0A4E543F4DD
:107EE400006343F0200354E7A2EB0E020A920DE76D
:107EF400A07843F0C003E21CEFE504460546A2E681
:107F0400102243F02003BCE7012E40F2A8802F4644
:107F14006B1ECDF82CA003EB060A3A464B46594695
:107F240020200137C047BA45F7D15246DDF82CA0CE
:107F34004B469AF800005946C0473544DDF828A05E
:107F440072E50A9A964240F2E6800A9B06EB050A1D
:107F5400CDE90CE60A970E466746AAEB030A2A46C1
:107F64004B46594620200135C047AA45F7D1DDF8D4
:107F740030E031469EF80000BC460D9E0A9F002862
:107F8400AAD0731C0A93CFE613F0020700F0BD8059
:107F94002F460A9B9E429FD93544ED1A3A464B46DA
:107FA400594620200137C047AF42F7D194E75F0517
:107FB4004BD523F01102900523D4D3050AF104070D
:107FC40073D450063BD4130640F18980BAF90030CB
:107FD40083EAE370A0EBE37080B2DB0F01930A2322
:107FE400CDE904622A460391009002934B46594618
:107FF4004046FEF7C1FFBA46054615E523F00C03DB
:1080040044E79FED477B0AF1070A2AF0070ADAF8EA
:1080140004305AF8080BDF0F002BCDE907628DED11
:10802400047B02460691029715DBCDE900235946ED
:108034002A464B464046FEF7EBFF0546F4E49AF821
:1080440000301846C9E710221BE723F01002B2E7FC
:108054009AF800002DE7424263EB4303E5E72A4622
:108064004B4659469AF80000C0473D46DDE6049267
:108074002A460025CDE907630AF1070A069105950A
:1080840002952AF0070AFAE802674B465946404629
:10809400CDE90067FEF7BCFF0546C5E4692823F077
:1080A40010022DD15F0586D583E7DAF800300391FD
:1080B4000A21029183EAE371A1EBE371DB0FCDE9BD
:1080C4000462CDE900132A4690E7CDE90221CDE907
:1080D40004630190DAF800302A46009386E7DAF860
:1080E400003083EAE370A0EBE37076E713F4806278
:1080F4000A923FF449AF9F0705D52F460A9048E7F7
:1081040013460A22BDE64FF48067002E3FF4E4AE26
:1081140000230A9319E79C46531C0A9304E600BF04
:108124000A000000000000008C4610B584B00093E3
:108134000290134602A94FF0FF320348CDF80CC059
:10814400FFF756FC04B010BDE178002010B5094AD1
:1081540084B014684CB1034600914FF0FF3203A978
:108164000548A047012004B010BD00F031F92046B5
:1081740004B010BDDC4A0120D978002000BEFDE720
:10818400074A0346106838B1064903448B428CBF42
:108194004FF0FF3013607047034908461160F3E75E
:1081A400CC4A012000000820081C062008B5FFF76F
:1081B400E5FF00BF38B5064C064DFDF7D9F9AC42D2
:1081C40004D254F8043B9847AC42FAD338BD00BFFC
:1081D400B8EA0020C0EA00200368084611461847A0
:1081E4002DE9F043804698F81530084683B0002BFB
:1081F40045D0002A34DD00241746894622464D1E08
:1082040006E06B780A2B2ED0A74205F1010516D0A3
:1082140026460134002EF4D199F800300A2BF3D10C
:1082240098F81430002BEFD102211848D8F8003008
:1082340001949847A742019A05F10105E8D19742B4
:1082440005DDD8F80030B91A09EB0200984719F88F
:108254000630A3F10D03B3FA83F35B0988F81430F5
:1082640003B0BDE8F0832B780D2BCDD0B242DBDA1E
:10827400D8F80030B11A09EB02009847D4E7114648
:10828400D8F8003003B0BDE8F043184778E2002086
:1082940070B50B680C46802B054682B005D05A1C7D
:1082A400234422601D7102B070BD0E4B186878B96A
:1082B40000230122234422601D7102B070BD226894
:1082C400211D0190FFF78CFF019800690028EFD071
:1082D4000368002BF9D0044B1B68002BEFD08342BA
:1082E400F3D1ECE7384A0120B84A01202DE9F04FD8
:1082F40083B091461C460D468046FCF7BBFE4FF00A
:10830400FF376FF00046244A821841F10003974278
:1083140076EB03013CBF3A463346204804F0F6FEB0
:108324006B1C83462BD044B31D4F1E4B1C68ECB111
:108334004FF00A0A1C4E01E02469BCB12368002BEB
:10834400FAD033680BB1A342F6D12A4641462046FF
:10835400B847B9F1000FEFD0204601220DF1070113
:108364008DF807A0B8472469002CE7D1BBF1000FB2
:108374000AD1284603B0BDE8F08F0C4FD5E740463C
:1083840003F090FA0546CEE7044804F0F3FE2846CD
:1083940003B0BDE8F08F00BF40420F0070EA002038
:1083A400E1800020384A0120B84A0120D980002009
:1083B400012310B5044682B0002219460DF10700CE
:1083C4008DF80740FFF792FF204602B010BD00BFB2
:1083D40038B5044603F066FA012305461A462046DA
:1083E4002946FFF783FF054B1C682CB1636803B172
:1083F40098472469002CF9D1284638BD384A012011
:108404002DE9F041A2B00E460546FCF733FE4FF0CD
:10841400FF3C6FF00044244A821841F10003944564
:1084240074EB03013CBF23466246204804F06EFE11
:108434000024334607462A461D4801A90194FFF744
:1084440073FE1C4E019B80463468BBB1002C28D0BF
:10845400194D01E0246974B12368002BFAD02B680C
:108464000BB19C42F6D12046019A02A9FFF7B8FE4F
:108474002469002CF0D12346346801932CB163683D
:1084840003B198472469002CF9D11FB9404622B0A2
:10849400BDE8F081054804F06DFE404622B0BDE819
:1084A400F0810194F1E700BF40420F0070EA002020
:1084B40091810020384A0120B84A01200FB400B548
:1084C40083B004A951F8040B0191FFF799FF03B09D
:1084D4005DF804EB04B0704703BD00BF00B583B082
:1084E4000190FDF755F8019803B05DF804EB0047DF
:1084F40070B5054688B019200C460192FCF7B8F80F
:10850400002106461920FCF79DF800231946019A1C
:10851400CDE90233059201224FF0504308460694F8
:1085240007950492A1B11A6D9507FCD5596540BF12
:108534001A6DD40703D420BF1A6DD207FBD59A6DE8
:108544008A420AD000200DEB80029168EAE79A6D16
:108554001A6DD207FBD440BFE5E701300628F2D1FB
:108564003146192008B0BDE87040FCF76BB800BF75
:108574000C4B0D4A93420ED39C4603F2F4710B4A02
:108584009268CCF8F4070A48CCF8F837CCF8FC0722
:108594000848FFF7ADBF4FF0FF3340F2F3719C463C
:1085A400EDE700BF000808200000082000ED00E00F
:1085B400DD830020D983002000B545F247308BB01D
:1085C400FCF794FF01220346092101A89847054AB4
:1085D40005AB03A813F8011D834202F8011FF9D16A
:1085E4000BB000BD97530120012910B504461ED0DD
:1085F4004FF0000C1148013904F1FF3E6FEA0C0200
:108604004FEA5C03C35C02F001029200134103F0E1
:108614000F03092B0CF1010CD4BF303337338C45D5
:108624000EF8013F06D0BCF1100FE7D1103400233F
:10863400237010BD00236444237010BD985301209F
:10864400012307480749084A03600B609368D90768
:10865400FCD50123054A13601368DB05FCD570477C
:1086640000200240003002400000024000000A40A6
:1086740030B5054683B010480C46FFF71FFF0520B0
:10868400FCF7F2FD0146B1FBF4F204FB1213002BDC
:1086940018BF013209480192FFF710FF2B792968AE
:1086A400019A03EB4303120201EBC301C1F8C82092
:1086B400EC6003B030BD00BFFCD9002014DA002008
:1086C40003464FF0AA4130B55D68DFF858E013481F
:1086D40005F1200345F810EB01224FF0240C45E985
:1086E40003100F4C45F8041C07E00132C02A43E98B
:1086F400044143E9020110D010331F2AF5D84CFA83
:1087040002F56D0705F0005545F0AA4543E9044517
:1087140043E9020501321033EFE730BD69555500D6
:10872400C955550039555500F0B51F464FF48033EF
:1087340087B0D41C0293D30143EA043323F0C0432B
:108744000393BB0203F4F84343F0005305930E4B29
:108754000546049302AB0C4602F01F0600F05EFCD3
:1087640001233A4621460093284600F011FC214695
:108774002846002200F0A0FB04EB440405EBC405EA
:10878400C5F8D86007B0F0BD00000E40DFF838C26D
:108794002DE9F04704469CF800008A46164610BBB3
:1087A40001274FF0020EDFF8248208F580690023C8
:1087B40045F255511D4607FA03F2024205D05A000C
:1087C4000EFA02F285F0010511430133082BF2D1B0
:1087D40041EA054148F8041FC84500F10100E6D10B
:1087E40001238CF80030F178022900F2D6800905C3
:1087F40001F1A04303F50013236000231A46B57862
:10880400307865F307037578090D65F30F2335791F
:10881400063165F3174360F31F63C4E90132E26074
:108824002274C9B2FBF7EAFD2179206800F004FB49
:108834005B4DF77855F82720002AC0F29A80254628
:10884400337855F81C0B2179FFF76EFFC02304F130
:10885400240265620C20C4E90D332263FEF7FCF99F
:108864000546002800F092804FF440610120FEF795
:108874000FFA06466860002800F085804FF44063D4
:1088840028462B60E5622A25FFF71AFF454B06F1BF
:1088940010011868444B06F5416E03EA002CC0F33E
:1088A40007234CEA030C000651F80C7C51F8046CC5
:1088B4003A0E330E02F02A0203F02A036A436B4392
:1088C400921107F0FE4706F0FE469B1147EAC27775
:1088D40046EAC376020E47EA0C0746EA0C0601F89C
:1088E4000D2C41F80C7C01F8052C41F8046C103176
:1088F4007145D9D1BFF35F8F607900F0F9F9002099
:108904002668617906F12F43277903F560031B0D6F
:1089140007EBC3024B0323F4FC0343EA424304374B
:108924008A0102F1A04243F01B0306EB87061060A4
:108934005660906013611D4DA0792B5C7BB10122C0
:108944001B4D1C4B1C4E03EB0013286887188A40F0
:108954001A602F6046F820405046BDE8F08717495A
:108964000A308022FBF7CCFE0123A07961792B54D5
:10897400E5E71349206800F083FAF37845F8270007
:1089840055F823205BE72846FEF7A2F90025284680
:10899400E562FFF795FE6B68FFDE0A48FBF772FDA0
:1089A400DCE300208C17062000FFFF00D44A0120DE
:1089B400F854012004240050FC54012081D30020E9
:1089C4007CE2002048DA0020395F01208817062065
:1089D40070B50E46054682B024480193FFF7F8FCB3
:1089E40010207368224C1B68C022C5E9073405F1C6
:1089F4001C03288501996B6205F1240000F0D4FB67
:108A0400046968642CB12068FFF75AFE6469002C7D
:108A1400F9D1736828461968FFF72AFEBFF35F8F00
:108A2400069B3BB1069831466A6C00F0C3FB0120FB
:108A340002B070BD7368DA881968022A0ED00D4836
:108A4400FFF73CFD0C4B0D490D4AC5E914130D4BC2
:108A5400C5E9122305F148030693E3E70A48FFF743
:108A64002DFD0A48FFF7B4FCECE700BF60DA0020F4
:108A740014050200DCDA002079D700200DD4002090
:108A840035D70020F5D300207CDA0020A0DA0020BE
:108A940030B5044601234FF0A04C807962790D462D
:108AA400254900019340411883B00CEB82120B60FE
:108AB400CCF86434D36813F08063FBD1A16829B186
:108AC400606C019304F052FF019BA3601F21E079C5
:108AD400FBF794FC4FF00002E37942EC4430216848
:108AE400284601F12F4101F56001090D0631C9B293
:108AF400FBF784FC2068114A00F12F4303F560035F
:108B04001B0D52F8232021792B46FFF70DFEE16857
:108B140071B90122A379607909491B01591882406E
:108B240003F1A043C3F80C240A60E57103B030BD1F
:108B34002046FFF79DFDECE704340050DCE3002001
:108B440004240050027C8A4233D030B50346DFF857
:108B540084C080790C461CF8002083B0A1B1511C5C
:108B64000CF8001072B31846019304F06BFC012258
:108B7400019B196893F804C0086802FA0CF20243D6
:108B84000A601C7403B030BD4FF0010E013AD2B23A
:108B94001D680CF8002093F804C00EFA0CFED5F8FA
:108BA40000C02CEA0E0CC5F800C01AB11C7403B046
:108BB40030BD70470A300193FBF744FD019B1C74E0
:108BC40003B030BD01210A300193FBF73BFD019B4B
:108BD400C9E700BFD04A01202DE9F0478846044682
:108BE40084B0002971D0051FAA460026DFF8FC9046
:108BF40005E03846013604F025FCB04513D05AF898
:108C0400047FB87919F800305A1C09F80020002BA9
:108C1400EFD101210A30FBF715FD0136384604F087
:108C240011FCB045EBD10022002300214FF0010CD0
:108C3400CDE900232848294E294F029105EB8801EC
:108C440055F8042F1368834226D0B3423AD0BB426E
:108C540008BF4FF0020E21D08D42F1D1EFF3108600
:108C640072B669461F4B204D51F8042B12BB03F515
:108C74008013AB42F8D186F31088B8F1000F08D006
:108C84000122201F00EB880850F8043F40451A7465
:108C9400FAD104B0BDE8F0874FF0000E04AB03EB4B
:108CA4008E0E13795EF8102C0CFA03F313434EF86E
:108CB400103CD1E7100200F4706002F00F0202438E
:108CC4001A60D4E74FF0010EE8E700220023029176
:108CD400CDE90023C2E700BF00002050000030505F
:108CE400000040500020205000205050D04A012065
:108CF4000146024A0248FBF7FFBB00BF00DB00202D
:108D0400245F012000B5DFF81CC083B001460F23A7
:108D14000022CDF800C00248FBF71AFC03B000BDE6
:108D2400245F012024DB00209446D0F86821CB790D
:108D3400DAB1DA071BD491F90530002B01DB634566
:108D440015D10123097900F12F400A4A00F560008A
:108D5400000D8B4052F82020013B03FA0CF3134220
:108D64000CBF00206FF0080070475B07E3D56FF07D
:108D74000A0070470026012030B583B00446CDE9CF
:108D84000021FFF7D1FF28BB0199009A0D798DB11D
:108D94009446096801EB450E31F8023B0CF11200D0
:108DA400B3F5005F38BF9B1871450CF1010C44F812
:108DB4002030F1D1012304F12F44074904F5600464
:108DC400AB40240D013B9340104651F8242013433B
:108DD40041F8243003B030BD00260120012300F106
:108DE4002F40DFF850C000F56000000D8B40002AD2
:108DF4005CF820C003F1FF33C1F1200009DB82429B
:108E040015DC934013EA0C0F0CBF10464FF0FF30F3
:108E14007047202902DD07E0013805D303FA00F288
:108E240012EA0C0FF8D170476FF0080070474FF04A
:108E3400FF3070470026012000F12F4000F560004C
:108E4400030D022B0DD0012B05D0094A094801EB73
:108E54008301FBF751BB084A064801EB8301FBF78A
:108E64004BBB064A034801EB8301FBF745BB00BF3C
:108E740044DB0020DC48012084DB002060DB002090
:108E840070B582B00C460546FBF71AFB94F9052031
:108E9400064621792846FFF7A1FF021E04DB21467E
:108EA4002846FFF769FF024630460192FBF71AFB9A
:108EB400019802B070BD00BF2DE9F041064601EBF8
:108EC400410506EBC504D4F8DC1096464FF4003295
:108ED40000204FF0200C884604F54353D4F8CC709E
:108EE400DA606346052B28BF052342010EF01F01FB
:108EF40041F4604142EA8362BCEB030CC4F8DC2019
:108F04004FEA5E1E1844C4F8D810EAD106EBC50631
:108F1400C4F8DC80C6F8CC70BDE8F0812DE9F047D8
:108F24000F4607EB4704154600EBC40200EBC404EC
:108F34008046D4F8DC004FF4003181461846D4F85A
:108F4400CC3002F543529A46D160B0B14EF280065D
:108F540090FAA0FCBCFA8CFC25FA0CF2411E4FEAF4
:108F64004C1C02F0010E4CF080634EEA06020840ED
:108F7400C4F8DC30C4F8D820EAD107EB470708EB83
:108F8400C708C8F8DC90C8F8CCA0BDE8F08700BFDB
:108F9400F0B59E46D0F868319DF81450D21A1F2AB5
:108FA40039D80C464EF280034EF29F014FF400373D
:108FB40004EB440C002D08BF194600EBCC0303F569
:108FC400435300EBCC0CBEF1050FDCF8DC60DCF89D
:108FD400CC50DF600ED95301AEF1050E43F0A0531F
:108FE4000532BEF1050FCCF8DC3002F01F02CCF8DC
:108FF400D810F0D8520104EB440442EA8E6300EB2B
:10900400C402C2F8DC300020C2F8D810C2F8DC6018
:10901400C2F8CC50F0BD6FF00400F0BDF0B50124EF
:1090240004FA01F5046824EA05040460A3B3D3E94F
:1090340001561F68DC6801EB410300EBC303C3F86E
:10904400C8704FEA410CC3F8D060C3F8CC50C3F8E1
:10905400DC400CEB01034FF0013500EBC30C4FF087
:10906400004600EBC30E01230EF5865E0C1D01F1D4
:1090740008078D40CEF8106003FA04F4CEF81060AF
:1090840002F01F028560BB4000F5005004600360DD
:109094000020CCF8D820F0BD4FF480374FF44026A0
:1090A4004FF4F83501EB410400EBC404C4F8C87074
:1090B4004FEA410CC4F8D060C4F8CC50C4F8DC309A
:1090C400C7E700BF2DE9F04F81460F46012020215C
:1090D40083B09046FDF7DCFD0546C7B9D9F80030EA
:1090E400009743600620FBF795FA0346009A072091
:1090F400C5E90332FBF78EFA002301462846264AC7
:10910400C5E90513EB61AA6003B0BDE8F08F18212F
:109114003846FDF7BDFDD9F80020002F00906A60A5
:10912400E0DD3B46B9F8046007F1FF3A01954F468C
:109134004FF0000B4546994608FB06F600F118046B
:109144000C2044F8147CFDF787FD804600B33146BB
:109154000120FDF79DFDC8F80400B0B1C8F8006017
:109164000023D34514BF224600220BF1010B44F81F
:10917400188C44F80C5C44F8103CD94504F11804EC
:1091840044F81C2CDCD1019DACE74046FDF7A0FD62
:109194004FF00008E4E700BFE8E3002008B5FFF75C
:1091A40091FF0023037008BD08B5FFF78BFF01236F
:1091B400037008BD88609060C0E90412704700BF66
:1091C4002DE9F84305464069884604F0F1FA002881
:1091D40048D0C46881462646002C38D0002637463D
:1091E4001EE0EA6991008368A41B9B1A9C4228BF75
:1091F4001C460268D9F800305868536800EB8600B2
:109204001944A20002F0D8FAD5E906138A68234467
:109214009342EB61264412D0D9F80C40A64216D2F0
:10922400A8690028DDD14146286904F029FBA8611A
:1092340090B10021D9F80C400A46EF61D3E72869C0
:1092440004F0FCFAD9F80C40AF61A642E8D3C9F89F
:1092540008604846BDE8F883002EF8D1494668699D
:1092640004F0ECFA4FF00009F3E700BF2DE9F041F8
:109274008C68884605466CB30026374603E0D8F868
:109284000840A64226D2A86950B3E9694FEA810C86
:10929400C268A41B521A944228BF1446D8F800305E
:1092A40002685968506801EB8601A200604402F02C
:1092B40083FAD5E90613CA6823449342EB61264432
:1092C400DDD168698B6004F029FBD8F80840AF61F0
:1092D400A642D8D341462869BDE8F04104F0AEBAAD
:1092E4000121686904F064FA4FF0000CD8F80840D2
:1092F4006146C5E90607CBE710B5044682B02146AE
:109304000E48FFF7DBF80520FBF7AEFF01468A00A5
:10931400B2FBF4F20A480192FFF7D0F80949019A26
:109324000B7A120203EB4303DB0003F1A04303F5C2
:109334004013C3F8C8204C6002B010BDFCD9002013
:10934400A8DB00208C1B0620034600690B4A4068FA
:1093540052680068904202D11846FFF731BF00B549
:1093640083B0CDE90031FFF7C7FFDDE900311846CE
:1093740003B05DF804EBFFF723BF00BF8C1B06208E
:10938400034600690B4A406852680068904202D163
:109394001846FFF76BBF00B583B0CDE90031FFF786
:1093A400ABFFDDE90031184603B05DF804EBFFF7CD
:1093B4005DBF00BF8C1B06202DE9F04F0E4687B021
:1093C400072101903078FBF719F807217078FBF733
:1093D40015F8707807210130FBF710F8494DF4783F
:1093E400DFF83C912846214689F80840FFF724FD20
:1093F40028464549FFF744FD4FF4803302934FF468
:10940400C02396F801A0377804934FEA8A2307F023
:109414001F0103F4F8430B4343F0804300F10708B2
:1094240043F4801305934FEA083343EAC01323F04F
:10943400C043024621462846039302ABFFF7EEFDE4
:109444004FF0010B03220BFA07F302FA0AF213435B
:109454001A4628462146FFF761FD28460022214688
:10946400FFF72AFD04EB440208F01F0305EBC205D5
:109474000C20C5F8D830FDF7EFFB00283FD0054697
:109484004FF410615846FDF703FC6860002833D0A0
:109494004FF410632B604FF410721C4B9A601C4AFB
:1094A4001D605A60BFF35F8FB57800262846FFF72A
:1094B4001FFC184F6B0304F1080C23F4FC0307EBA7
:1094C400840743EA4C43AC0104F1A04443F019037C
:1094D40089F80950802226600B2067600E49A66037
:1094E4002361FBF70DF9012301980C4AAB40C2F844
:1094F400143407B0BDE8F08F2846FDF7E9FB0025DA
:10950400C9E700BF000030508CE20020A0530120C6
:1095140040E400201000305091D80020002000507A
:109524008C1B0620F0B5044683B01F48CDE90032F9
:109534000F46FEF74DFFDDE900214FF0040E63688E
:10954400DFF888C01B68194D1948C5E9003CA0F82C
:1095540004E0FFF729FE174D636828601868FFF7D9
:10956400CBFEBFF35F8F089B3BB1089821462A6866
:10957400FFF720FE012003B0F0BD63681968DB88A3
:10958400022B06D00C48FEF799FF57B10B4B0893FA
:10959400EBE70B48FEF792FF0A48FEF719FF002F8E
:1095A400F4D1094B0893E0E7D8DB0020981B062090
:1095B40040E400206C260120DCDA002000E40020D6
:1095C4007CDA0020A0DA002020E400200100020060
:1095D40010B51E4C82B02378834201D102B010BD75
:1095E400014601900B20FBF72DF8019A8AB9184B1C
:1095F4000121184893F808C0036801FA0CF102FA33
:109604000CFE23EA010343EA0E030360227002B056
:1096140010BD114B00211868019204F0B1F9DFF874
:109624003CC00B4B002818BF8446597ADCF800E094
:1096340018608901DCF80800DEF804C001F1A041DB
:10964400C1F800C0019AC861D2E700BF2A5F0120B7
:109654008C1B0620000030506C260120A0530120F2
:1096640070B50168234CB0F828C0228C90F83260A1
:1096740069B3002591F802E00EF00F0E4FEACE0315
:1096840003F1A04303F58013C3F88050C3F884505A
:10969400028396B99444A4F820C0BEF1000F0BD005
:1096A4004FF02044C97890F8330042EA81612143A5
:1096B400C8B1002219605A6070BD02EB4C0CA4F8CA
:1096C40020C0BEF1000FF7D04FF06044EAE70A4B28
:1096D400C3F88010C3F8841002833EB102EB4C0C33
:1096E400A4F820C070BD1860596070BD6244228423
:1096F40070BD00BF0020012000001050024A034941
:10970400937F13770B6070470020012000001150F5
:10971400F0B50446154683B00E46342200219DF868
:109724002070019301F0DAFF4022019B84F833504A
:1097340085F0010505EB4605228584F82A606383DC
:1097440084F8327084F82C5003B0F0BD90F82A30BD
:109754008C463BB990F833300C4AC3F1020393664C
:1097640090F82A3090F83320DB0052B1084A9A1856
:109774001368016943F40063136080F830C019B1C1
:109784000847044A9A18F3E7704700BF00201150B5
:10979400800010508400105030B590F833E090F8F9
:1097A4002A20054690F832C083B0D300BEF1000FE2
:1097B4003CD0334951F832200B4412F0042F2AD004
:1097C400BCF1000F3CD195F82B3083F0010385F8F0
:1097D4002B30012495F82C202A4B2B4994402B48FC
:1097E4005C660C66436E1C4207D1294B01E0013BC9
:1097F4002ED00C66426E2242F9D0224B1C665C6667
:1098040095F82A20D200BEF1000F1ED0A3F597339D
:10981400A3F5C0731344012100228C441A6085F817
:109824002DC0EA8585F8311003B030BD144A0433E5
:109834009958134411F0042FEDD0BCF1000FC2D09D
:1098440095F82D30012BC4D1BDE7124BD318E2E7B4
:109854001148FEF733FE95F8333095F82A1063B9B2
:109864000E4A0A48036E406E00900D48FEF726FE2D
:1098740095F833E095F832C0BFE70A4AF1E700BF34
:109884008000105000301150002011500000115081
:109894009F8601008400105024DC0020F8DB0020A7
:1098A400FCDB0020F4DB0020428B90F83330018B8A
:1098B40042846BB190F82E3043BB01F1A04101F515
:1098C4008011C16100230122038480F824207047A1
:1098D40090F82F309BB901F1A04202F5801290F864
:1098E4002AC05B000D4903EBCC0304335B5AC2610D
:1098F4000122C3F30903038480F824207047028DF6
:109904000A4402F1A04202F58012E8E7038D0B44F9
:1099140003F1A04303F58013C361D3E78000105023
:10992400002390F8312010B580F83030002A3DD162
:1099340041F4806190F82B3090F833E01C1E18BF7E
:10994400012483F0010380F82B3090F82E204FEA95
:10995400CE3343EA44330B430AB143F4805390F8C3
:109964002AC04FEACC0CBEF1000F1CD0124961444E
:109974000024D0F808C090F832E021F8123090F8B2
:109984002D3080F82440013B80F82D30DCF808307D
:10999400013BCCF80830BEF1000F03D082F0010285
:1099A40080F82E2010BD05496144E1E741F4A0513F
:1099B40080F83130BEE700BF8000105084001050A2
:1099C4008368002B35D070B5044601260AE01A6876
:1099D400204612681E74904794F82D30AB4216D07E
:1099E400A368A3B19A6892B194F82D507DB194F80C
:1099F400302062B994F83320002AE8D11B7C3BB9AB
:109A04002046618BFFF78CFFA368002BEAD170BD61
:109A14000848FEF753FD94F8333094F82A1033B114
:109A2400054A94F82D300548FEF748FDE8E7044A56
:109A3400F7E7704724DC0020F4DB002030DC002052
:109A4400F8DB002010B590F830200346846882B01B
:109A5400D2B1012000216268E07499607AB11E4895
:109A64000193FEF72BFD019B93F8332093F82A1002
:109A7400002A2ED0194A63681948FEF71FFD0023F7
:109A8400C4E9023302B010BDE268002AFAD1217C95
:109A94000029F7D14FF0010C626884F813C081608B
:109AA40022B1214602B0BDE810401047C168002928
:109AB400E8D0C0E902120A6881F812C0526812B1F3
:109AC40001909047019B184602B0BDE81040FFF793
:109AD40077BF044ACFE700BF24DC0020F4DB00207A
:109AE40070DC0020F8DB002000B583B078B12B4B8C
:109AF40053F8203093F82D009968013083F82D0035
:109B040049B3087C30B101234B7403B000BD01B3E9
:109B1400234BEFE793F8330083F82F2008B18A68CA
:109B24005AB14FF0010C0A681846126881F810C047
:109B3400019300919047DDE90013CA7C002AE4D127
:109B44001846CA68013ACA6003B05DF804EBFFF72F
:109B540079BF144BCEE714480093FEF7AFFC009B8B
:109B640093F8332093F82A107AB9104A10480093D6
:109B7400FEF7A4FC009B93F8302042B9022118465A
:109B840003B05DF804EBFFF7E1BD0A4AEEE7012AF2
:109B9400BBD1022283F83020B7E700BFC0250120E3
:109BA400D41B0620A01B062024DC0020F8DB0020A8
:109BB400ACDC0020F4DB0020002330B5856883B0E2
:109BC4002B740446FFF73EFFEB7CCBB994F833309B
:109BD400F3B90022697C84F8242099B119466A7487
:109BE40094F82D5094F82F2094F82A00013D82F027
:109BF400010284F82D5003B0BDE83040FFF774BF74
:109C040003B030BD204603B0BDE83040FFF7D8BEF6
:109C1400218C20460193FFF783FE0022697C019B7F
:109C240084F824200029EDD0D8E700BF002330B504
:109C3400856883B02B740446FFF704FFEB7CCBB933
:109C440094F83330F3B90022697C84F8242099B164
:109C540019466A7494F82D5094F82F2094F82A0029
:109C6400013D82F0010284F82D5003B0BDE830407C
:109C7400FFF73ABF03B030BD204603B0BDE8304023
:109C8400FFF79EBE218C20460193FFF749FE002278
:109C9400697C019B84F824200029EDD0D8E700BF1B
:109CA400416070470023C0E900128360C360036110
:109CB4000B7BC0E902337047836870B504460E46D7
:109CC4001BB11B689B6803B1984700252046A5601B
:109CD400FFF762FD0EB184F82B50002394F8302076
:109CE40084F824302AB1226984F830300AB120463D
:109CF40090470C4B5B7F1BB1606808B1A26802B14E
:109D040070BD0168FFF7CEFF01210368A0605B68A6
:109D1400E26081740BB1204698472046BDE870404C
:109D2400FFF74EBE002001202DE9F04107460C4EFE
:109D34000C4C707704F13C0554F8040F10B1012168
:109D4400FFF7BAFFAC42F7D1B36833B1391E18BF7D
:109D54000121BDE8F04102481847BDE8F08100BF89
:109D640000200120C025012010B50C4C2046FFF72F
:109D740013FD0B48FFF710FD94F830301BB9012197
:109D84002046FFF7E3FC064890F8303023B9BDE8DD
:109D940010400121FFF7DABC10BD00BFD41B062020
:109DA400A01B06202DE9F043002583B08146C0F8AE
:109DB40011509DF8288042600372C0F80950C0F821
:109DC4000D504561016003B31F460C46161F2378EE
:109DD4001C446378052BFAD1A17856F8040FA388A4
:109DE400CA09CDF8008001F00F01FFF791FC326839
:109DF40001351460E37803F00303012B14BF4023FF
:109E04004FF40073AF421385E1D1484603B0BDE877
:109E1400F08300BFF0B500251F4683B0294C089B92
:109E24002060E36021616261402329462648277649
:109E3400164600950122FFF76BFC2A462946234863
:109E440040230095FFF764FC40222946204801F096
:109E540045FCCFB1013FDFF878C0351F06EB87061C
:109E640055F8043F187A68B15A6802EB800052F83A
:109E7400041B0B6813B19B7803F00F0390424CF85A
:109E84002310F4D1B542EBD14FF4807500210E4874
:109E94002584FFF7E5FB00210C482584FFF7E0FB50
:109EA4004FF4C0730A4D238405F13C0655F8040FA2
:109EB40010B10021FFF7D4FBAE42F7D1014803B043
:109EC400F0BD00BF00200120D41B0620A01B0620EB
:109ED400C0250120D0E902230A440B44C0E902232F
:109EE400704700BF4FF080522C482D492D4B2DE96F
:109EF400F04102600A609968C94311F08054FAD1B4
:109F04004FF480764FF480522146274D274801F0C4
:109F1400E5FB214626482E84FFF7A2FB214625486F
:109F24002E84FFF79DFB4FF4C073234C2B8404F164
:109F34003C0654F8040F10B10021FFF791FBB44222
:109F4400F7D109220C234FF001081C4C1C4962670D
:109F54000E20A367C4F84080FAF79AFB0020FFF7AD
:109F6400E3FE00264FF0FF324FF0005E4FF4804CCA
:109F7400144B154F26609A651A65C4F84CE0C4F872
:109F840090701A65114B0E20C3F880C141462E779C
:109F9400FAF758FB0E4BE364BDE8F0810020024061
:109FA4000030024000000240002001200000105058
:109FB400D41B0620A01B0620C02501200000115040
:109FC4001DA0002000301150F013030000E100E058
:109FD4000000012010B5124C024694F8243082B0DF
:109FE40033B9CDE900012046FFF75EFCDDE900212D
:109FF400E3690C481A600C4A21840C49FFF752FEAD
:10A00400002101220368A0605B68E16082740BB1E7
:10A0140003489847024802B0BDE81040FFF7D0BC9F
:10A02400D41B062080250120F59F0020A8E20020F3
:10A034000A4810B50A4A0B49FFF734FE00210122F1
:10A044000368094C5B68A060E16082740BB1204630
:10A054009847BDE810400448FFF7B2BC80250120B2
:10A06400F59F0020A8E20020D41B0620014610B56D
:10A0740009480A4AFFF716FE002101220368084C2A
:10A084005B68A060E16082740BB120469847BDE82C
:10A0940010400348FFF794BCAC25012009A0002020
:10A0A400A01B062030B590F8333004460D4683B02B
:10A0B40023B190F82430ABB1002323840C49284603
:10A0C400FFF7F0FD002101222B68A5605B68E160C9
:10A0D400AA740BB120469847204603B0BDE830402F
:10A0E400FFF76EBC0192FFF7DFFB019AE4E700BFC4
:10A0F400A8E20020002202490248FFF7D3BF00BFB4
:10A10400AC250120A01B0620002202490248FFF7CB
:10A11400C9BF00BF80250120D41B06202DE9F041D2
:10A12400984B84B0D3F8986016F480387AD1F1064D
:10A134004FD4F20438D4B3032ED416F478740FD168
:10A14400B04502D104B0BDE8F0818F48FEF7B6F9FE
:10A154008E4888EA060104B0BDE8F041FEF7AEB9C6
:10A16400884D8948FEF7AAF921462A6D8848FEF7EA
:10A17400A5F92B6D48EA0408002BC0F29580002055
:10A18400FFF7D2FD00214FF0FF32824B8248296055
:10A1940001779A651A65D3E77A4B48F400389B6CCB
:10A1A400039301F037FEC8E70020FFF7BDFD00214F
:10A1B4004FF0FF324FF40020764B724D764C2960FD
:10A1C40021779A651A65186548F4805800F0D8FB21
:10A1D400B1E76C4B48F010089F6D002FA9D0002503
:10A1E400012404E00135202D4FEA440417D03C42F9
:10A1F400F8D0644B05F00101DB6D81F001012342CD
:10A20400644B14BF012200229C656808FFF76CFCB4
:10A21400A7438ED00135202D4FEA4404E7D15D4B8E
:10A224009F6586E700215D48FFF746FD00215C48F5
:10A23400FFF742FD01225B4C5949257881F82B2018
:10A2440005F01F035549934281F82B2065D0022B5A
:10A2540035D0002B51D1504F7B682BB12146384665
:10A264009847002852D1257815F0600F4BD14D4BFB
:10A274002A065C7800F1DA80052C00F02C81092C88
:10A2840009D19B7898B2002B00F065813B695B791A
:10A29400834200F060813C48FEF710F9414B42488C
:10A2A4005978FEF70BF92EE03748FEF707F93F48D7
:10A2B400FEF78EF84FF00042364B1A6540E7A2884D
:10A2C400002A00F0B180802A00F08480324B5B7F4A
:10A2D40053B1374B03F13C0053F8044F216889789C
:10A2E4008A4278D09842F7D12748FEF7E7F82D4BF9
:10A2F40030489A885988FEF7E1F82348FEF7DEF8DB
:10A304002D48FEF765F82748FFF72EFD4FF400327D
:10A31400204B4FF480381A6509E71F4B5A7F002AF7
:10A324004ED02279197E8A424AD25B6953F8227050
:10A33400002F45D0FB682BB12146384698470028AA
:10A34400E4D1257815F0600F0DD1DFF85880B8F806
:10A3540004301C0A07D12D0698F8010000F1D780BB
:10A364000B2800F030810848FEF7A8F80D4C396836
:10A374002378627889781148FEF7A0F82046FFF721
:10A38400F3FCC3E70000115024DC0020ECDE0020C5
:10A39400BCDE00200030115000200120D41B062018
:10A3A400A01B062000001050FCDC0020DCDE002096
:10A3B400C02501205CDE00208CDE002050DD002062
:10A3C4009748FEF77BF8974B97489A885978FEF799
:10A3D40075F892E7954C636933B1204691499847E3
:10A3E400002893D18F4B1D7815F0600F4BD18D4B06
:10A3F4002806597859D4012900F09C80032903D1F7
:10A404005B88002B00F03D818548FEF757F894F8EF
:10A41400333094F82A10002B75D0854A814B854837
:10A424005B78FEF74BF86EE7834CD4E77F4B93F8E9
:10A43400243013B97D48FFF737FA062C00F09780D3
:10A444007A4B082CDB6900F08E80002C50D102225C
:10A454001C80744B754CDB8878489342A8BF134624
:10A464007749784A2384FFF71DFC00230122C4E9BD
:10A474000203036882745B680BB1204698476B48FB
:10A48400FFF79EFA42E76648FEF718F894F833306F
:10A4940094F82A10002B34D0654A62484378007837
:10A4A40000906948FEF70AF82DE729B95A881AB9C5
:10A4B400D988022900F0ED805948FDF7FFFF94F890
:10A4C400333094F82A1003B3594A564B5F485B78EB
:10A4D400FDF7F4FF17E793F902205B88002A7FF762
:10A4E400DAAE5B4A55495148BB77FFF7DBFD0DE710
:10A4F4004B48FDF7E3FF4B4B56485978FDF7DEFF19
:10A5040001E7554AC9E7544A88E7534ADDE700287A
:10A514006BD00A287FF427AFB8F80230002B7FF401
:10A5240022AFB8F8061001297FF41DAF387DFFF77C
:10A5340051FDEBE65B88002B7FF466AF94F8302086
:10A54400022A40F2B98084F82B3000223B49374874
:10A55400FFF7A8FDDAE6FFF7E7FB002237493348A7
:10A56400FFF7A0FDD2E6797F0122197071E72D4B28
:10A574005B881A0A022A77D0032A3AD0012AB7D173
:10A5840039681224002977D12E4A264B0192DB88A0
:10A594002A4D9C42A8BF1C46304A4FF48073304970
:10A5A4002846009400F0CEF9002301221F49AA7422
:10A5B400C1E902532B6869625B68002B3FF45FAF0B
:10A5C400084698475BE73B692BB13846B8F8021058
:10A5D4009847002874D11248FDF770FF114B2148A9
:10A5E4005A889988FDF76AFFBDE60221FFF7F2FC5D
:10A5F4008CE613F0FF005CD0FB68984701780029D3
:10A6040067D0164A431C0224104620F8021F13F890
:10A61400011B02340029F8D1032314705370B3E7EB
:10A6240024DC00200000105090DD0020D41B062004
:10A63400F4DB0020ECDD0020A01B06208025012097
:10A64400A8E20020F59F00201CDE0020C0DD0020D1
:10A65400FD950020D4DC0020F8DB002038490120DF
:10A6640048E4002028DD0020DBB2002B7FF440AF5B
:10A6740039694C88002C87D02246174801F09CF891
:10A6840082E794F830306BB902212046FFF75EF878
:10A694005BE794F83000012894BF00200120FFF705
:10A6A40099FC33E6012B7FF450AF022384F8303059
:10A6B4004BE704240949DFE72046FFF7FDFA44E7A6
:10A6C400B8F802302246064906483B75FFF7EAFC13
:10A6D4001CE60224004A9FE738490120A4E2002036
:10A6E40080250120D41B0620002202490248FFF7DE
:10A6F400D9BC00BF80250120D41B062090F824205B
:10A7040003461C309AB9598B93F83320B3F818C018
:10A7140059846AB193F82E20FAB90CF1A04202F5DB
:10A724008012DA61002201211A8483F82410704710
:10A7340093F82F20CAB90CF1A04101F5801193F8C8
:10A744002AC0520002EBCC02DFF82CC0043232F8EB
:10A754000C20D961C2F30902E5E71A8D624402F1C3
:10A76400A04202F58012DA61DCE7198D614401F13F
:10A77400A04101F58011E2E78000105090F82420F8
:10A7840003461C309AB9598B93F83320B3F818C098
:10A7940059846AB193F82E20FAB90CF1A04202F55B
:10A7A4008012DA61002201211A8483F82410704790
:10A7B40093F82F20CAB90CF1A04101F5801193F848
:10A7C4002AC0520002EBCC02DFF82CC0043232F86B
:10A7D4000C20D961C2F30902E5E71A8D624402F143
:10A7E400A04202F58012DA61DCE7198D614401F1BF
:10A7F400A04101F58011E2E78000105030B5456AB0
:10A80400044695F83330284683B04BB3FFF776FF00
:10A81400D4F814C0A26903460CF1400090428ABFE8
:10A82400A2EB0C0240201046E16998BF02469880D2
:10A834000139206A01EA0C0101441868019300F00F
:10A84400BBFF019B99886369A26A0B442046126886
:10A8540063619047284603B0BDE83040FFF7E6B98E
:10A86400FFF78CFF0346EDE770B5846890F833C0BA
:10A87400E56961696B1E84B00B40BCF1000F18D010
:10A884008BB90246A3694819984288BF5D1A92F8A9
:10A894002A30022B3FD835B1A36A214628465B688B
:10A8A4009847002835D1204604B0BDE87040FFF732
:10A8B400A5BF0293FFF762FF62690646D4E9060565
:10A8C40040328242029B15D3691E01400AD01A48C5
:10A8D400CDE90213FDF7F2FD02991848FDF7EEFDEC
:10A8E400DDE902536BB1206AB2883168184400F084
:10A8F40063FFD0E703F14002AA4238BF0025002BD2
:10A90400F1D11946E269206A029300F0E7FE029B46
:10A91400E9E704B070BD08480292FDF7CFFDA169D4
:10A92400029A019192F82A10E269002300920448E5
:10A934002A46FDF7C3FDAEE724DC002038DF002003
:10A9440000DF00204FF0000C10B582B0049CC0E979
:10A954000732C0E905C48162059A06490190FFF7F0
:10A96400A1F904F13F010198890902B0BDE8104042
:10A97400FFF7B0BAB8E20020704700BF002070476C
:10A98400704700BF81F0004102E000BF83F0004344
:10A9940030B54FEA41044FEA430594EA050F08BF76
:10A9A40090EA020F1FBF54EA000C55EA020C7FEA3A
:10A9B400645C7FEA655C00F0E2804FEA5454D4EBB7
:10A9C4005555B8BF6D420CDD2C4480EA020281EA81
:10A9D400030382EA000083EA010180EA020281EAB9
:10A9E4000303362D88BF30BD11F0004F4FEA01310B
:10A9F4004FF4801C4CEA113102D0404261EB41011A
:10AA040013F0004F4FEA03334CEA133302D052429F
:10AA140063EB430394EA050F00F0A780A4F101045B
:10AA2400D5F1200E0DDB02FA0EFC22FA05F2801895
:10AA340041F1000103FA0EF2801843FA05F359417B
:10AA44000EE0A5F120050EF1200E012A03FA0EFCFA
:10AA540028BF4CF0020C43FA05F3C01851EBE37124
:10AA640001F0004507D54FF0000EDCF1000C7EEB41
:10AA740000006EEB0101B1F5801F1BD3B1F5001F7F
:10AA84000CD349085FEA30004FEA3C0C04F101049E
:10AA94004FEA445212F5800F80F09A80BCF1004FC7
:10AAA40008BF5FEA500C50F1000041EB045141EA49
:10AAB400050130BD5FEA4C0C404141EB0101013C12
:10AAC40028BFB1F5801FE9D291F0000F04BF014601
:10AAD4000020B1FA81F308BF2033A3F10B03B3F1D3
:10AAE40020020CDA0C3208DD02F1140CC2F10C0263
:10AAF40001FA0CF021FA02F10CE002F11402D8BFC1
:10AB0400C2F1200C01FA02F120FA0CFCDCBF41EA8C
:10AB14000C019040E41AA2BF01EB0451294330BD5B
:10AB24006FEA04041F3C1CDA0C340EDC04F1140438
:10AB3400C4F1200220FA04F001FA02F340EA03000F
:10AB440021FA04F345EA030130BDC4F10C04C4F155
:10AB5400200220FA02F001FA04F340EA0300294635
:10AB640030BD21FA04F0294630BD94F0000F83F47F
:10AB7400801306BF81F480110134013D4EE77FEA62
:10AB8400645C18BF7FEA655C29D094EA050F08BFAE
:10AB940090EA020F05D054EA000C04BF194610468F
:10ABA40030BD91EA030F1EBF0021002030BD5FEAD3
:10ABB400545C05D14000494128BF41F0004130BDFB
:10ABC40014F580043CBF01F5801130BD01F000454F
:10ABD40045F0FE4141F470014FF0000030BD7FEAC2
:10ABE400645C1ABF194610467FEA655C1CBF0B46BD
:10ABF400024650EA013406BF52EA033591EA030FD4
:10AC040041F4002130BD00BF90F0000F04BF0021CB
:10AC1400704730B54FF4806404F132044FF00005FE
:10AC24004FF0000150E700BF90F0000F04BF002177
:10AC3400704730B54FF4806404F1320410F00045DD
:10AC440048BF40424FF000013EE700BF42004FEAD8
:10AC5400E2014FEA31014FEA02701FBF12F07F4355
:10AC640093F07F4F81F06051704732F07F4208BF0C
:10AC7400704793F07F4F04BF41F40021704730B513
:10AC84004FF4607401F0004521F000411CE700BF5F
:10AC940050EA010208BF704730B54FF000050AE0E2
:10ACA40050EA010208BF704730B511F0004502D5E3
:10ACB400404261EB41014FF4806404F132045FEAE5
:10ACC400915C3FF4D8AE4FF003025FEADC0C18BF8E
:10ACD40003325FEADC0C18BF033202EBDC02C2F180
:10ACE400200300FA03FC20FA02F001FA03FE40EA12
:10ACF4000E0021FA02F11444BDE600BF53B94AB96B
:10AD0400002908BF00281CBF4FF0FF314FF0FF306F
:10AD140000F0ACB9ADF1080C6DE904CE00F006F812
:10AD2400DDF804E0DDE9022304B070472DE9F047C3
:10AD3400064682B0174608460A9AB4460D46002BCA
:10AD44004DD18F42BE4665D9B7FA87F149B1C1F1F9
:10AD540020038D4007FA01FE06FA01FC26FA03F3EC
:10AD64001D434FEA1E461FFA8EF04FEA1C43B5FB03
:10AD7400F6F406FB145543EA054304FB00F59D4233
:10AD840006D91EEB030302D29D4200F24C81013C22
:10AD94005B1B1FFA8CFCB3FBF6F506FB153305FBB6
:10ADA40000F04CEA034C60450AD91EEB0C0C2CBF96
:10ADB40001230023604502D9002B00F03781013DB7
:10ADC400ACEB000C45EA0440002422B12CFA01F358
:10ADD4000021C2E90031214602B0BDE8F0878B4270
:10ADE40008D90AB1C2E9006100242046214602B014
:10ADF400BDE8F087B3FA83F4002C4DD18B42C0F048
:10AE04000581B74240F202812046002AE3D0C2E91C
:10AE140000C5E0E7002F00F0A2801946B7FA87F3D7
:10AE2400002B40F0B480C31B1FFA8EF83F0C0124A2
:10AE34004FEA1C40B3FBF7F507FB153340EA034325
:10AE440008FB05F098420AD91EEB03032CBF012628
:10AE54000026984202D9002E00F0E280013D1B1A20
:10AE64001FFA8CFCB3FBF7F007FB10334CEA034CDE
:10AE740008FB00F363450AD91EEB0C0C2CBF01261A
:10AE84000026634502D9002E00F0C7800138ACEBE0
:10AE9400030C40EA054098E7C4F12008A34006FAF1
:10AEA40004FAA14027FA08FC20FA08F007FA04F98A
:10AEB4004CEA030C26FA08F34FEA1C460B431FFA2C
:10AEC4008CFE190CB0FBF6F706FB170041EA0041B3
:10AED40007FB0EF088420AD91CEB01012CBF0125A7
:10AEE4000025884202D9002D00F0B280013F091AE2
:10AEF4009BB2B1FBF6F006FB101100FB0EFE43EA19
:10AF040001439E450AD91CEB03032CBF01210021F8
:10AF14009E4502D9002900F09E80013840EA07408E
:10AF2400A3EB0E03A0FB09E18B4276460F4602D346
:10AF340007D1F24505D2BEEB090661EB0C010138DD
:10AF44000F4652B1BAEB060163EB070303FA08F5A7
:10AF5400E140E3400D43C2E9005300243BE773089A
:10AF6400B8464908019743EAC0734FEAC67C1C0CF3
:10AF74009BB244EA014443EA0443B4FBF7F4B1FB53
:10AF8400F7F51F21019844EA05441B1A50E71946B6
:10AF940007FA03FEC3F1200300FA01F44FEA1E4747
:10AFA400D84026FA03F31FFA8EF806FA01FC23436D
:10AFB400B0FBF7F51C0C07FB150044EA004005FB49
:10AFC40008F484424AD91EEB00002CBF0126002657
:10AFD400844200D98EB3001B013DB0FBF7F404FB9F
:10AFE40008F6A146019607FB19009BB2019E43EAAD
:10AFF4000043B342C6D21EEB03032CBF0120002042
:10B00400B34200D2A8B109F1FF34BBE7B6EB070C99
:10B0140060EB030301201D46F7E6F444023836E7EB
:10B02400023D73441BE7023C7344B1E6F444023D21
:10B03400C6E6A9F102047344A4E7AEEB0404023D9E
:10B044002044B0FBF7F404FB08F6A1460196CAE7D6
:10B05400023F61444BE7023863445FE7001BB0FBE7
:10B06400F7F404FB08F6A1460196BCE7704700BF5D
:10B07400024B0A460146186800F002B860E8002056
:10B0840010B5A1FB021482B054BB00F047F803468C
:10B0940050B350F8042C22F00302043A242A0CD8AA
:10B0A400132A12D91B2AC0E9004416D9242AC0E95C
:10B0B40002441DD000F1100108E02146019000F087
:10B0C4000DFB019B184602B010BD01460022184634
:10B0D400C1E900228A6002B010BD00F10801F5E761
:10B0E40000F052FB0C2303600023184602B010BD8D
:10B0F40000F11801C0E90444E8E700BF024B01462F
:10B10400186800F00BB800BF60E80020024B01464D
:10B11400186800F04BBC00BF60E8002001F10B038D
:10B12400162B2DE9F04F804685B02CD8102922D853
:10B1340000F0C8FA18214FF0020E1022B64C214438
:10B144004D68A1F10800854200F05F816A684046BD
:10B1540022F00302D5E902412A44E1608C6005F142
:10B164000804516841F00101516000F0B1FA204631
:10B1740005B0BDE8F08F0C23C8F800300024204649
:10B1840005B0BDE8F08F002B23F00702F3DB9142FA
:10B19400F1D8009200F096FA009AB2F5FC7FC0F064
:10B1A4009F81530A73D0042B00F26481930903F145
:10B1B400390E03F138064FEACE03974C2344A3F12A
:10B1C40008055F68BD4207D10DE00028FB6880F2E6
:10B1D4000B819D421F4606D0796821F00301881A2D
:10B1E4000F28F2DDB64623698C498B4200F0E980D2
:10B1F4005E6826F00306B11A0F2900F3838187489D
:10B204000029C4E9040080F27081B6F5007F676804
:10B2140080F01081F108012076090131B04054F822
:10B224003150074304EBC10008386760C3E902509A
:10B2340044F83130EB604FEAAE0301269E40BE4233
:10B244002BD83E4206D12EF0030E76000EF1040EEA
:10B254003E42FAD004EBCE0AF14604EBCE07F9687D
:10B264000CE048680B46C96820F0030CACEB0205FF
:10B274000F2D00F30C81002D80F222818F42F0D13A
:10B2840009F10103083798079946E8D174E14FF4AE
:10B2940000734FF0400E3F268FE7A768796821F0CE
:10B2A40003069642A6EB020002D30F2800F38B801C
:10B2B4005B490820096810311144CDE9001200F0FF
:10B2C40069FA009903468246481E5D421844554B6C
:10B2D40005401868B0F1FF3F18BF29464046009169
:10B2E40000F040FA411C0546DDE9001200F0278118
:10B2F40007EB060C844500F22081DFF834910AF153
:10B30400FF3ED9F800000844C9F8000000F083812A
:10B31400444B1B68013300F08881A5EB0C0C60449E
:10B32400C9F8000015F00703CDE901299B4600F098
:10B334003F81C3F1080005440AEB000C40466B183A
:10B3440003EA0E019A46ACEB010101EA0E03194629
:10B35400009300F007FA421CDDE9012900F0808126
:10B36400411B009BD9F80000A7421944A56018446A
:10B3740041F00101C9F80000696016D00F2E40F2B7
:10B384005781A6F10C01052621F0070C796801F01C
:10B394000101BCF10F0F41EA0C01796007EB0C01CC
:10B3A400C1E9016600F2638169681F4B1E68864229
:10B3B40038BF18601D4B1E68864200D218602F46A5
:10B3C400BFE0676837E7BD1842F0010240F00101B1
:10B3D40040467A60A56007F10804696000F078F9D6
:10B3E400204605B0BDE8F08FBA68394407F1080477
:10B3F4004046D3609A604A6842F001024A6000F015
:10B4040067F9204605B0BDE8F08FCD68A9427FF406
:10B414009DAE0EF1020EE6E658E4002060E4002042
:10B424004424012050E400203C2401204024012035
:10B4340014240120B6F5206F4FEA562077D3142840
:10B4440000F2CC8000F15C015B30C90065186158E2
:10B45400083D8D4203D1A4E089688D4204D0486838
:10B4640020F00300B042F7D8CD68C3E90215AB6001
:10B47400CB60E0E6142B71D9542B00F2B780130B88
:10B4840003F16F0E03F16E064FEACE0395E69E18A4
:10B4940042F001029F6840465A60874AF9608F6013
:10B4A4000093C4E90466C6E9022245F00102726011
:10B4B40043F80C5000F00CF9009B03F108045EE61D
:10B4C4009C441C464046DCF8043043F00103CCF8AD
:10B4D400043054F8083FD9608B6000F0F9F84EE668
:10B4E4004FEAD20E02F1080128E61E4440460093BA
:10B4F400726842F00102726000F0EAF8009B03F106
:10B5040008043CE69D1842F00102404600935A604C
:10B51400694AC4E90455C5E9022241F001026A609E
:10B52400995100F0D5F8009B03F1080427E6B0090F
:10B5340000F139013830C90088E7A74261D0A76813
:10B54400796821F003019142A1EB020002D30F2894
:10B554003FF739AF404600F0BBF80FE603F15C0E4D
:10B5640003F15B064FEACE0327E6514651F808394A
:10B574008B428A4640F09E801EF0030F0EF1FF3E80
:10B58400F3D1636823EA060363607600711E99426F
:10B5940003D382E6760009F104091E42FAD0CE46AE
:10B5A40058E68010012606FA00F0074367605CE75E
:10B5B4006B18404603EA0E010393AAEB010101EA6A
:10B5C4000E031946009300F0CDF8431CDDE9012970
:10B5D4007FF4C6AE0398CDF800B0C1E654282AD84B
:10B5E400300B00F16F016E30C9002FE7B3F5AA7F6D
:10B5F4002AD8D30B03F1780E03F177064FEACE0372
:10B60400DBE5DFF8BC900AF1FF3ED9F800000844FE
:10B61400C9F800007CE615EA0E0F7FF479AE3144D8
:10B62400A56841F001016960BFE6244B1D6079E61D
:10B6340001236B608EE7B0F5AA7F27D8F00B00F1E9
:10B6440078017730C90001E740F254518B4227D882
:10B65400930C03F17D0E03F17C064FEACE03ACE5B7
:10B66400ABF1080100230AEB0100009378E607F12F
:10B6740008014046CDE9002900F098F9A568DDF8F5
:10B6840004906968D9F80000009A8EE640F254519B
:10B6940088420BD8B00C00F17D017C30C900D5E69E
:10B6A4004FF47E734FF07F0E7E2686E54FF47E7155
:10B6B4007E20CBE6636868E760E4002050E4002065
:10B6C40014240120014800F073B800BF10240120A5
:10B6D400014800F06FB800BF1024012030B5840782
:10B6E4008646034606D0A2B303F8011B980702F16D
:10B6F400FF32F8D1032A26D95FFA81FC0F2A0CEB1A
:10B704000C2C0CEB0C402AD922F00F0C9C44C3E9FE
:10B714000000C3E9020010336345F8D112F00C0FA6
:10B7240002F00F0517D04FEA950C1A460CF1FF34BE
:10B7340003EB8C0C42F8040B6245FBD1043305F097
:10B74400030203EB840322B11A4403F8011B9A4257
:10B75400FBD1704630BD2A46002AF5D1F9E71546DB
:10B76400E1E700BF38B50023064C054608462360D0
:10B77400FCF706FD431C00D038BD2368002BFBD02A
:10B784002B6038BDA44A0120014B1868704700BFE4
:10B7940060E80020082802D14FF48050704708B5B3
:10B7A400FFF7F2FF162203464FF0FF301A6008BD80
:10B7B400704700BF704700BF844641EA000313F09E
:10B7C400030349D1403A23D30B6803604B684360B9
:10B7D4008B688360CB68C3600B6903614B69436109
:10B7E4008B698361CB69C3610B6A03624B6A4362F1
:10B7F4008B6A8362CB6AC3620B6B03634B6B4363D9
:10B804008B6B8363CB6BC36340304031403ADBD2F4
:10B8140030320BD30B6803604B6843608B688360E2
:10B82400CB68C36010301031103AF3D20C3205D318
:10B8340051F8043B40F8043B043AF9D2043208D0EE
:10B84400D2071CBF11F8013B00F8013B01D30B8860
:10B8540003806046704700BF082A13D38B07B1D01A
:10B8640010F00303AED0C3F10403D21ADB071CBFEC
:10B8740011F8013B00F8013BA4D331F8023B20F856
:10B88400023B9FE7043AD9D3013A11F8013B00F88F
:10B89400013BF9D20B7803704B7843708B7883703B
:10B8A4006046704720F0030110F00300C0F100006F
:10B8B40051F8043B00F1040C4FEACC0C6FF0000289
:10B8C4001CBF22FA0CF213434FF0010C4CEA0C2C6F
:10B8D4004CEA0C4CA3EB0C0222EA030212EACC124F
:10B8E40004BF51F8043B0430F4D0C2F1000102EA71
:10B8F4000102B2FA82F2C2F11F0200EBD2007047D9
:10B90400F8B5064608200C46FFF744FF07463046C4
:10B91400FFF7D8FE224A93685D6825F00305A5F178
:10B9240011031C1B3C44B4FBF7F4013C07FB04F477
:10B93400A74208DC00213046FFF714FF184A936839
:10B944002B44984204D03046FFF7C2FE0020F8BDD5
:10B9540061423046FFF706FF0130114A0DD02D1B1E
:10B9640010499368304645F001055D600B681B1B68
:10B974000B60FFF7ADFE0120F8BD00213046FFF754
:10B98400F1FE074A9268831A0F2BDCDD43F00103B2
:10B9940004495360044B1B68C01A0860D3E700BF16
:10B9A40058E400201424012050E40020002962D02F
:10B9B4002DE9F0410C460746FFF784FE7A4954F816
:10B9C40004ECA4F1080C8D682EF001030EF00106BE
:10B9D4000CEB03025068954220F0030000F08780CE
:10B9E400151850606D6805F00105A84696BB54F81B
:10B9F400084C01F1080EACEB040C2344DCF80840BD
:10BA0400744567D0DCF80C50E560AC60B8F1000F09
:10BA140000F0888043F00100CCF804001360B3F513
:10BA2400007F32D25809DA08012383404868013282
:10BA3400034351F832004B6001EBC203083BCCE9ED
:10BA4400020341F832C0C0F80CC03846BDE8F041EA
:10BA5400FFF73EBE85B9034401F1080E906843F038
:10BA64000104704577D0D268C2609060CCF804407D
:10BA74004CF80330D3E770474EF00102B3F5007F72
:10BA840044F8042C4CF80330CCD3B3F5206F4FEAC0
:10BA9400532249D29A0902F1390002F13804C20052
:10BAA40088188A580838904203D15DE09268904221
:10BAB40004D0516821F003019942F7D8D068CCE949
:10BAC4000220C0F808C03846C2F80CC0BDE8F041F6
:10BAD400FFF7FEBD9DBB1844D2E90223D3609A60F0
:10BAE40040F00103CCF804304CF80000ADE71844F2
:10BAF40046B954F8083CACEB030C1844DCE90223C7
:10BB0400D3609A6040F00103CCF80430274BC1F8AD
:10BB140008C01B68834298D8254B38461968FFF73C
:10BB2400EFFE92E7034499E7142A0ED9542A22D847
:10BB34001A0B02F16F0002F16E04C200B0E743F089
:10BB44000101CCF8041013607FE702F15C0002F1FC
:10BB54005B04C200A4E7C1E904CCCCE902EECCF852
:10BB640004404CF8033070E7A4100123A3404C6850
:10BB740023434B60A3E7B2F5AA7F06D8DA0B02F1A0
:10BB8400780002F17704C2008AE740F254508242FE
:10BB940006D89A0C02F17D0002F17C04C2007FE712
:10BBA4004FF47E727E247BE758E4002054E40020A6
:08BBB40044240120F8B500BF94
:10BBBC00D0ED017A90ED027AD0ED033A91ED006A66
:10BBCC00D2ED006A90ED004A27EE877A67EEA37AF1
:10BBDC00D0ED044AD0ED055A90ED065AA4EE067A43
:10BBEC00E4EE267AE4EE875AA4EEA75A36EE476ABC
:10BBFC0076EEE76A80ED027AC0ED037AA4EEE57A80
:10BC0C00E4EEC57A36EE056A76EEA56A80ED057A25
:10BC1C00C0ED067A81ED006AC2ED006A704700BF84
:10BC2C003B4B06EE901A13F802C0BCF1000F6CD01F
:10BC3C00002190F82830002B62D130B4D0ED007A7E
:10BC4C0066EEA77A17EE902A42EC122480EE2004BE
:10BC5C0053ECB024D0E9064543EC102445EC1144D8
:10BC6C0000EE010410EE010480EE220410EE12240A
:10BC7C0007EE902A90ED037A90ED016A27EE677A31
:10BC8C00A6EE267A17EE103A43EC123480EE20041E
:10BC9C0053ECB024D0E9084543EC102445EC114496
:10BCAC0000EE010410EE010480EE200453EC10248D
:10BCBC0090ED047A90ED026A27EE677AA6EE267A6A
:10BCCC00C0E9062317EE103A43EC123480EE200440
:10BCDC0053ECB02401316145C0E90823F0EE676AEA
:10BCEC0000F1300008D090F82830002BA6D001319C
:10BCFC00614500F13000F6D130BC16EE900A704769
:10BD0C000131614500F1300093D116EE900A704775
:10BD1C00C8E200202DE9F0473B4C14F80390B9F130
:10BD2C00000F6FD08A46174606464FF0000805E014
:10BD3C0008F10108C84506F1300663D096F82830A2
:10BD4C00002BF5D1D6E90601D6E90845002F4FD0D6
:10BD5C0096ED004AD6ED014A96ED025AD6ED035AFD
:10BD6C0096ED046AD6469C46DEED006A64EE267AB1
:10BD7C0017EE902A42EC122480EE200453ECB024EF
:10BD8C0043EC102441EC110400EE010410EE01040C
:10BD9C0080EE220410EE122407EE902A27EEE57AAC
:10BDAC00A4EEA67A17EE103A43EC123480EE20047F
:10BDBC0051ECB00441EC100445EC114400EE0104CC
:10BDCC0010EE010480EE200451EC100427EEC67A2C
:10BDDC00A5EE267A17EE103A43EC123480EE2004CE
:10BDEC0055ECB0440CF1010C67454EF8042BBBD15B
:10BDFC0008F10108C845C6E90601C6E9084506F17F
:10BE0C0030069BD1BDE8F087C8E200201E4B1A68B3
:10BE1C00002A34D053791D499B0103F1A043986843
:10BE2C00D2F818C053690A6863441B1AC2B918497E
:10BE3C000A6801320A60920711D116490A680B6030
:10BE4C009B1A0CD014489A020168C1EB832301EBB6
:10BE5C00E303002918BF1A46104B02601A607047A2
:10BE6C004FF0000C01200A68C1F800C0DFF824C0B4
:10BE7C000749CCF80030084B08601A607047084A34
:10BE8C00064B12681A60704730170620B44A01201E
:10BE9C00BC530120AC4A0120A84A0120B04A012021
:10BEAC00EC4A012010B50446FEF724FC03220B4B90
:10BEBC0082801B680BB90A4B1B680268190A137045
:10BECC0002681B0C5170026801219370A068FDF789
:10BEDC00FDFF2046BDE81040FDF7A4BEB04A01208E
:10BEEC00EC4A01202DE9F04F2DED068BA3B01590F7
:10BEFC00FEF740FC7B4A05681368848801331360A5
:10BF0C00794A7A4B916A1A680E9142B16FF4FA66CB
:10BF1C004BF67E3031448A1A824240F25B85002116
:10BF2C000E9ACDE91E111A60714BCDE920111B68D8
:10BF3C00139323B1184601F01FFD13901E906D4B07
:10BF4C001B6810932BB11846002101F015FD1090C1
:10BF5C001F90694B1B6811932BB11846002101F0FF
:10BF6C000BFD11902090654B1B6812932BB118465A
:10BF7C00002101F001FD129021901E9BA408002BC2
:10BF8C0000F0D7869C605E4B00931F9B002B00F04B
:10BF9C00C2869C60209B002B00F0AF869C60219B8E
:10BFAC00002B00F09C869C60F9F760F8DFF87C8130
:10BFBC00064698F800300F46DFF8749123B1D9E9A2
:10BFCC0000231A4340F0DA844E4BDFF868B10F932C
:10BFDC00C9E9006798F800302BB901234A4AC2E935
:10BFEC00006788F80030DBE90001221841F10003FA
:10BFFC00CBE90023454E337A002B40F01C84F388A8
:10C00C001BB208EE103ABAEEE88A414BD3ED006A47
:10C01C00404B1B78DBB214933F4B1B78DEB23F4B8B
:10C02C001B68002C00F0C586DFF80CC13C4A9FED64
:10C03C003D6A104617466146CDF858C04FEA840851
:10C04C0005EB840EB5F90090043507EE109A35F91E
:10C05C00029CB8EEC77A07EE909AF8EEE77A27EED4
:10C06C00067A67EE867A27EE267A67EEA67AAE45D2
:10C07C00A1EC017AE7EC017AE4D1002E00F0DD812D
:10C08C00002B00F0DA81284F93F8149097ED087B81
:10C09C00D7E906AB8DED027B97ED127B8DED087B1E
:10C0AC0097ED147B8DED047B97ED1E7B8DED0C7B5A
:10C0BC0097ED207B8DED0A7B97ED2A7B8DED007B38
:10C0CC0097ED2C7B8DED067BB9F1000F40F0988637
:10C0DC00CE4693F82C50CDF86090CDF85C90CDF80E
:10C0EC0068802BE0C85E012000000B40D84A01207C
:10C0FC00485301204C53012050530120545301202C
:10C10C00702201202F5F0120002401204CE300202D
:10C11C0040E300202C5F0120335F012030490120D7
:10C12C007045012000000038B02101203A5F012049
:10C13C00A82101200824012070270120BCEC015A01
:10C14C00D3ED005A65EE857AF2EC014A17EE900AAF
:10C15C0040EC120480EE200451ECB00441EC1004CD
:10C16C004BEC11A400EE010410EE010480EE20044F
:10C17C005BEC10A44BEC10A480EE220410EEB2A4E5
:10C18C0007EE90AAD3ED036AD3ED013A27EEE67AD7
:10C19C00A3EE857A17EE101A41EC121480EE2004EF
:10C1AC005BECB0A4DDE902014BEC10A441EC1104F2
:10C1BC0000EE010410EE010480EE20045BEC10A4F0
:10C1CC0093ED047A93ED024A27EEC76AA4EE056A52
:10C1DC0016EE101A41EC121480EE200451ECB0044F
:10C1EC00CDE90201002D40F01D8493ED066A27EE87
:10C1FC00866A16EE100A40EC120480EE200451EC14
:10C20C00B004DDE9088941EC100449EC118400EE1E
:10C21C00010410EE010480EE200451EC100441ECFA
:10C22C00100480EE220410EEB20405EE100A93ED19
:10C23C00096A93ED073A26EE456AA7EE836A16EE75
:10C24C00101A41EC121480EE200451ECB004DDE91C
:10C25C00048941EC100449EC118400EE010410EE49
:10C26C00010480EE200451EC100493ED0A6A93ED66
:10C27C00083A26EE456AA7EE836ACDE9080116EE68
:10C28C00101A41EC121480EE200451ECB004CDE9EC
:10C29C000401179665EEA47A17EE900A40EC12048E
:10C2AC0080EE200451ECB004DDE90C8941EC100463
:10C2BC0049EC118400EE010410EE010480EE200420
:10C2CC0051EC100441EC100480EE220410EEB20488
:10C2DC0007EE900A67EEE66AE3EEA46A16EE901A91
:10C2EC0041EC121480EE200451ECB004DDE90A8913
:10C2FC0041EC100449EC118400EE010410EE010431
:10C30C0080EE200451EC100427EEC77AA4EE247AB8
:10C31C00CDE90C0117EE101A41EC121480EE20043A
:10C32C0051ECB004CDE90A01002D40F0598393ED96
:10C33C00067A27EE877AD3ED085AD3ED0A6A17EE00
:10C34C00100A40EC120480EE200451ECB004DDE93C
:10C35C00008941EC100449EC118400EE010410EE4C
:10C36C00010480EE200451EC100441EC100480EE2A
:10C37C00220410EEB20407EE100A93ED096AD3ED15
:10C38C00074A26EE476AA4EEA76A16EE101A41EC8D
:10C39C00121480EE200451ECB004DDE9068941EC66
:10C3AC00100449EC118400EE010410EE010480EE3F
:10C3BC00200451EC100467EE666AE5EEA76ACDE93D
:10C3CC00000116EE901A41EC121480EE200451EC90
:10C3DC00B0040EF1010E74450CED015A02ED017A18
:10C3EC00CDE9060101D01896A8E6DDF85C90DDF8E1
:10C3FC0068809DED067B87ED2C7B9DED007B87EDAA
:10C40C002A7B002E00F001839DED0A7B87ED207BBB
:10C41C009DED0C7B87ED1E7BB9F1000F07D09DEDD8
:10C42C00047B87ED147B9DED087B87ED127B9DEDE6
:10C43C00027B87ED087BC7E906AB149B002B00F051
:10C44C00FE81774BDFED778A1D78EDB2002D00F081
:10C45C001282B0EE689A1699734B744A4144B3EC4D
:10C46C00017AF2EC017AB0EEC77AF0EEE77AB4EE2C
:10C47C00C97AF1EE10FAF4EEE87A37FE099AF1EE89
:10C48C0010FA77FEA88A9942E9D1DFF8ACB1684B73
:10C49C0008EB0B001E4605465F46994600930BF5CC
:10C4AC00D85A0290049399F8D820002A74D0317885
:10C4BC0096F86C20002963D1002A6DD096F86D2077
:10C4CC00D6ED1D6A0AB1F1EE666AF5EE406AF1EE40
:10C4DC0010FA61D04CB13A465449F1EC017A66EE4F
:10C4EC00A77AE2EC017A9542F7D107F54077BA4585
:10C4FC0009F1140905F5407506F10C06D3D14D4A26
:10C50C0002981278049B022A5FFA82FA00F09C824D
:10C51C00DFF828B1F7EE009ADFF82491464F444D2E
:10C52C000BF102060BF10B0A029004931AE033781C
:10C53C00002B68D0D5ED387A68EE277AF5EE407A84
:10C54C00F1EE10FA16D0F4EE697AF1EE10FA40F032
:10C55C006C820136B24505F1140507F5407709F5F3
:10C56C0010796FD095F8D830002BF2D095F8D930DF
:10C57C00002BDCD0424600213846FFF7ABF8E8E749
:10C58C00717896ED027A09B1B1EE477ABAB9B5EE87
:10C59C00407AF1EE10FA05D1424600213846FFF7F9
:10C5AC0099F8A2E7002CA0D03A461F49F1EC017A89
:10C5BC0067EE277AE2EC017A9542F7D195E796F887
:10C5CC006D20D6ED1D6A0AB1F1EE666AB5EE407AC1
:10C5DC00F1EE10FA3FF479AFF5EE406AF1EE10FA95
:10C5EC00E0D0002C81D03A460F481049F1EC017A8A
:10C5FC00B0EC016A66EEA77AE7EE067AE2EC017A15
:10C60C009542F3D171E7A6EB0B03DBB22246394618
:10C61C004846FFF77FFB95F8D930002B8AD0A9E765
:10C62C0010E300200000000070270120704501205D
:10C63C00702201202E5F0120702A0120405F012012
:10C64C00D0630120BB4A02981278049BA2B3064621
:10C65C009B46B94ADFF820C3D2F80090B74DDFF8FB
:10C66C00E4E202920CF1240A5CF8043F002B15DD85
:10C67C00A4B177464A46D7ED007A05EB8201C1EDAD
:10C68C00007AD11AC1F30C0105EB81010968013262
:10C69C0047F8041BBE42C2F30C02ECD1E2450EF586
:10C6AC00407E05F5004506F54076DDD15B460299E6
:10C6BC00A144C9F30C020A609FEDA18A002C00F082
:10C6CC008A84F0EE489A9F4AF2EC016AF0EEE66A30
:10C6DC00D2EDBF7AF4EEE96AF0EEE77AF1EE10FAF9
:10C6EC00F4EEC87A76FEA99AF1EE10FA37FE888A33
:10C6FC009042E9D1F7EE005ABFEE006ADFED926A84
:10C70C009946904D139B1EAE21AF63B31B685868BE
:10C71C0099F8D83013B999F8EC1069B31CB32A46C0
:10C72C0005F5407300EB0801B2EC017AF3EC017AE9
:10C73C0087FE657AC7FEE57A87FE067AC7FE867A9B
:10C74C0027EE267A67EEA67ABDEEC77AFDEEE77A7B
:10C75C0017EE10CAA0F800C017EE90CA0430814240
:10C76C0020F802CCE0D1B74217D056F8043F09F1BB
:10C77C00280905F5C065C8E74246CDED066A8DED82
:10C78C00046ACDED025AFEF7A5FFB742DDED025A61
:10C79C009DED046ADDED066AE7D1009B93F87831D4
:10C7AC00002B40F093801C46F7EE006ADFED667AB2
:10C7BC0089FE669AC8FEE68A29EE279A89FEE67AF1
:10C7CC0068EEA78ABCEEC99A88FE668A19EE103A02
:10C7DC0027EE277AFCEEE88A5C4D28EE278A2B8020
:10C7EC00BCEEC77A18EE903ABCEEC88A6B8017EE96
:10C7FC00103AAB8018EE103A1E99EB802C8119B1CF
:10C80C00534B186801F0AEF81F991FAC002900F0CB
:10C81C002D82504B20AC186801F0A4F82099002907
:10C82C0000F0AD824C4B186801F09CF8616800294F
:10C83C0040F0AE821FE29FED428AFFF7E6BB474D08
:10C84C002B78002B00F0BF826B78002B7FF4F9ADB6
:10C85C000123224642494348FFF75CFA424B1D78BC
:10C86C00EDB2002C00F0B183404BDFED358A16930E
:10C87C00002D7FF4EEADB0EE689A3C4F384E97ED3C
:10C88C00006AD6ED006AB0EEC67AF0EEE67AB4EE47
:10C89C00C97AF1EE10FAF4EEE87A37FE099AF1EE65
:10C8AC0010FA33481DAA1CA977FEA88A8DED1C6AC4
:10C8BC00CDED1D6AFFF77CF91C9B013547F8043B55
:10C8CC001D9BAC4246F8043BD9D1DEE5002C3FF46D
:10C8DC006BAF284EDFED1A6A334608EB0602F3EC19
:10C8EC00017AF0EEE77AF4EEE67AF1EE10FA77FEE2
:10C8FC00A66A9A42F3D10025B0EE66AAF6EC017A4C
:10C90C00B0EE677ABEEEC27A002117EE100A01353E
:10C91C00F5F7CAFEAC42F1D1B7EE006ADFED0A7A48
:10C92C00CAFE466A66EEA76AFCEEE67A17EE904AF5
:10C93C003AE700BF295F01203449012050800120D3
:10C94C0000000000702A012000FEFF46C04A0120B2
:10C95C00485301204C53012050530120405F0120CB
:10C96C00704501209061012010E300207027012008
:10C97C004017062070420120744801204CF25131BE
:10C98C00D9E900ABB6EB0A0267EB0B038A4273F1F1
:10C99C000003FFF419AB0022A449A54B88F8002032
:10C9AC001A600A70002300224FF0020ADFF8ACB2C2
:10C9BC000F91CBE900239F4B0021186800F0DCFF9E
:10C9CC00002840F00B82BAF1010F3FF401AB4FF09D
:10C9DC00010AF0E798490A6801320A60FFF79FBA2A
:10C9EC000EF1010E74450CED015A42ED017A7FF403
:10C9FC00A5AB189B2E46DDF85C90DDF86880002B0B
:10CA0C007FF4F7AC002E7FF4FFACB9F1000F3FF4CC
:10CA1C0014AD9DED047B87ED147B9DED087B87EDBC
:10CA2C00127B0AE5B0EE675A34E4002C3FF491AD6A
:10CA3C003B4608EB070293ED007A27EE877AA3ECCE
:10CA4C00017A9A42F7D184E57C4A7D4D02921268B4
:10CA5C0085ED038A2A61109AAC6012B11268526893
:10CA6C001092109A6A61119A12B11268526811925E
:10CA7C00119AAA61129A12B1126852681292129A01
:10CA8C00EA6100226A70BFF35F8F01222A7040BFF7
:10CA9C00CDF810B09B46DFF8C8916A4F6A4E0690ED
:10CAAC009BF8D820AAB19BF8D9206AB93A78002A09
:10CABC0000F07381DBED387A68EE277AF5EE407A78
:10CACC00F1EE10FA40F04481424600213046FEF768
:10CADC0001FE0AF10102D2B2042A4FF0030A0BF153
:10CAEC00140B06F5407609F5107907F10107D7D13B
:10CAFC00DFF870A1DDF810B09AF80030069893B307
:10CB0C0007468446029BDFF860911A684F4EDFF8A7
:10CB1C0038E159F8040B00281BDDD4B171461346DB
:10CB2C00CDF810E0D1ED007A06EB830ECEED007A55
:10CB3C00A3EB000ECEF30C0E06EB8E0EDEF800E02F
:10CB4C00013341F804EBB942C3F30C03EAD1DDF82D
:10CB5C0010E03F4B0EF5407E9E4506F5004607F56E
:10CB6C004077D6D160469FED3B8AF0EE489AB4B13F
:10CB7C00354BF3EC016AF0EEE66AD3EDBF7AF4EED6
:10CB8C00E96AF0EEE77AF1EE10FAF4EEC87A76FE86
:10CB9C00A99AF1EE10FA37FE888A9842E9D11E9BC9
:10CBAC009BB300991B6891F8D82091F8EC105B6846
:10CBBC00114300F0148244B3B7EE005AFFEE005A52
:10CBCC009FED256A03EB0802FBEC016ADBEDBF7AF3
:10CBDC00C6FEC56AC7FEC57AC6FEA56AC7FEA57A9B
:10CBEC0066EE866A67EE867AFDEEE66AFDEEE77A19
:10CBFC0016EE901A198017EE901A04339A4223F805
:10CC0C00021CE1D16B781BB920BF6B78002BFBD0D9
:10CC1C00BFF35F8F9AF800302BB1029A136823444C
:10CC2C00C3F30C0313600024BEE500BF2F5F01208B
:10CC3C002C49012048530120105501203449012072
:10CC4C0008490120425F0120702A012050800120F8
:10CC5C00703001200000000000FEFF460824012077
:10CC6C00D0630120295F0120784801200123013382
:10CC7C00042B40F085806F4B9A6A0F9B1B784BB34B
:10CC8C006D4C0E9B2168D01A5B1AB3F5FA6F88BFF6
:10CC9C0001466A4E98BF511A336851B14FF4C847D8
:10CCAC0007FB00F0B0FBF1F1A3EBD30303EBD103D3
:10CCBC00336080331B0AAB72159D0121A86822607A
:10CCCC00FDF704F9284623B0BDEC068BBDE8F04F08
:10CCDC00FCF7A8BF01230F99574C0B70ECE7009A97
:10CCEC0092F8503192F8642113433FF45DA9544AF1
:10CCFC00136801331360FFF757B9009A92F8283183
:10CD0C0092F83C2113433FF44AA94D4A136801336E
:10CD1C001360FFF744B9009A92F8003192F814218D
:10CD2C0013433FF437A9464A136801331360FFF7E6
:10CD3C0031B9444A92F8D830009292F8EC2013435F
:10CD4C003FF423A93E4A136801331360FFF71DB962
:10CD5C00B7EE007AF4EE477AF1EE10FA3FF4B9AE82
:10CD6C00002C3FF4B6AE324608EB060192ED007A89
:10CD7C0027EE877AA2EC017A8A42F7D1A9E603233F
:10CD8C0054F8041F00293FF472AF022B3FF44AAD54
:10CD9C002D4B186800F0E6FD6DE7224653463146F0
:10CDAC004846FEF7B7FF9BF8D920002A3FF482AE25
:10CDBC008AE6149B002B40F00481244D2B78002B29
:10CDCC0040F01281A0460023224621492148FEF75B
:10CDDC00A1FF6B78002B7FF441AD39E54FF0000CCF
:10CDEC0003685B6803F5407243F804CB9A42FBD1AD
:10CDFC00C0238360184B0146186800F0B3FDE2E5D0
:10CE0C00169A93F82C6092ED005AD0ED005A134DFF
:10CE1C00134A002E40F0ED80B446CE4617961A9772
:10CE2C00CDF86C80CDE918ABDDE90667DDE9088942
:10CE3C001CE000BF00000B40284901202C490120B8
:10CE4C000C5501207022012054530120405F012019
:10CE5C0070270120505F01204853012074270120C6
:10CE6C0074450120B5EC015AF2EC015AD3ED066A77
:10CE7C0065EE267A17EE900A40EC120480EE200440
:10CE8C0051ECB00441EC100449EC118400EE0104A7
:10CE9C0010EE010480EE200451EC100441EC10045F
:10CEAC0080EE220410EEB20406EE100A93ED097A1D
:10CEBC00D3ED073A67EE467AE5EE237A17EE901A31
:10CECC0041EC121480EE200459ECB084DDE904012D
:10CEDC0049EC108441EC110400EE010410EE010445
:10CEEC0080EE200459EC1084D3ED0A7A93ED084AB5
:10CEFC0067EEC64AE5EE044A14EE901A41EC1214A1
:10CF0C0080EE200451ECB00465EEA66ACDE9040174
:10CF1C0016EE900A40EC120480EE200451ECB004A2
:10CF2C00DDE900AB41EC10044BEC11A400EE010464
:10CF3C0010EE010480EE200451EC100441EC1004BE
:10CF4C0080EE220410EEB20406EE900A27EE667A0A
:10CF5C00A5EEA37A17EE101A41EC121480EE200401
:10CF6C0051ECB00441EC100447EC116400EE0104E8
:10CF7C0010EE010480EE200451EC100467EEE67A0A
:10CF8C00E5EE847ACDE9000117EE901A41EC12140B
:10CF9C0080EE200457ECB0640CF1010C644505EDF7
:10CFAC00016A42ED016A7FF45DAFDDE918ABCDE9B2
:10CFBC000667CDE90889DDE91A78F146179EFFF777
:10CFCC0018BA4FF00008124B1B78DFED128AB0EE46
:10CFDC00689AFFF75ABAF0EE489AFFF78BBB4246B5
:10CFEC001846FEF777FB10E66B78002BE9D1A046CC
:10CFFC002EE4002303E0B5EC015AF2EC015A0133A4
:10D00C009C4205ED015A42ED015AF4D1FFF715BAD5
:10D01C0010E30020000000004FF0504310B50268F0
:10D02C0093F90040EFF3108372B6D2E8CFCF012111
:10D03C00BCF1000FF9D1C2E84C1FBCF1000FF4D1C8
:10D04C00BFF35F8F90F90420002A1CDB00210268DB
:10D05C00C2E88F1F83F3108820BF0268EFF31083A0
:10D06C0072B6D2E8CFEF5FF0010CBEF1000FF8D131
:10D07C00C2E84ECFBEF1000FF3D1BFF35F8F90F932
:10D08C000420002AE3DA002201680471C1E88F2F22
:10D09C0083F3108810BD00BF4FF050412DE9F041D3
:10D0AC001F460B68044616460025984608E0C3E860
:10D0BC008F5F82F3108830463946F7F741FFE8B9A5
:10D0CC002368EFF3108272B6D3E8CF0F012100284A
:10D0DC00FAD1C3E8401F0028F6D1BFF35F8F94F953
:10D0EC00041023680029E2DA002184F80480C3E8E4
:10D0FC008F1F82F310880120BDE8F0810020BDE86D
:10D10C00F08100BF10B50168EFF3108E72B6D1E854
:10D11C00CFCF0124BCF1000FF9D1C1E84C4FBCF1C9
:10D12C00000FF4D1BFF35F8F90F904C00468BCF119
:10D13C00000F10DB0021C4E88F1F8EF310884FF016
:10D14C00504494F90040644501D1084610BDBDE837
:10D15C001040FFF7A1BF4FF050421268002302713C
:10D16C00C4E88F3F8EF31088012010BD0368EFF3E5
:10D17C00108272B6D3E8CFCF0121BCF1000FF9D1E8
:10D18C00C3E84C1FBCF1000FF4D1BFF35F8F4FF01D
:10D19C00FF0C0023016880F804C0C1E88F3F82F3C4
:10D1AC00108840BF704700BFDFF82CC09CF80030DF
:10D1BC006BB9074A0749131F02F1FC00891ACA58B8
:10D1CC0043F8042F8342FAD101238CF800307047C6
:10D1DC007026012004000E402B5F0120004B1847E5
:10D1EC0071260120034B1A6A02609A6A42605B6ADC
:10D1FC008360704700000D4008B500234021DB8A96
:10D20C0044F246409847006808BD00BF00B583B0A3
:10D21C00019000F00BF900230198DFF820C000F119
:10D22C0008020CEB830149680133062B42F8041FFA
:10D23C00F7D103B05DF804EBFFF7D4BF0000044056
:10D24C0010B50446FFF7D8FF1CB10088C0F30330BB
:10D25C0010BD0A2010BD00BF10B504460120FFF719
:10D26C00EFFF38B92268074B1A6262689A62A268AB
:10D27C005A6210BD4FF480514AF20202014BD9623E
:10D28C001A6310BD00000D4000B500238646DFF880
:10D29C0020C000F108020CEB830152F8040F01339B
:10D2AC00062B4860F7D170465DF804EBFFF7D4BF4E
:10D2BC00000004402DE9F0434318B3F5800F80467D
:10D2CC0089468BB049D80023DB8A002242E800F261
:10D2DC00540254BF1021042144F2496098470023A2
:10D2EC000746DB8A002242E800F2500254BF1021AC
:10D2FC00042145F64500984700230646DB8A0022A8
:10D30C0042E800F2510254BF1021042144F2525061
:10D31C00984700230546DB8A002242E800F25202BD
:10D32C0054BF1021042144F2463098470446FFF7BD
:10D33C003BFF01A8FFF76AFFB847B047D8234FF46B
:10D34C00803249464046A847A047FFF747FF01A84F
:10D35C00FFF79AFF0BB0BDE8F083F8F7FFF8B2E7E0
:10D36C002DE9F0478318B3F5800F804691468A4625
:10D37C008AB047D80023DB8A002242E800F254022C
:10D38C0054BF1021042144F24960984700230746FA
:10D39C00DB8A002242E800F2500254BF1021042123
:10D3AC0045F64500984700230646DB8A002242E8F2
:10D3BC0000F2510254BF1021042145F2520098474B
:10D3CC0000230546DB8A002242E800F2520254BFD9
:10D3DC001021042144F2463098470446FFF7E4FE3E
:10D3EC0001A8FFF713FFB847B0474A4651464046DD
:10D3FC00A847A047FFF7F2FE01A8FFF745FF0AB0C8
:10D40C00BDE8F087F8F7AAF8B4E700BF01448842FA
:10D41C0006D2002302F1C052835408308142FBD85B
:10D42C00BFF34F8FBFF36F8F704700BF01224FF4D4
:10D43C0080410148FFF7EABF00C0FF0310B500218F
:10D44C000446406C00F098FAA06058B1016863790A
:10D45C00826849689B01920003F1A043A2611960A4
:10D46C00DA6110BD034A04F12C0013680133136018
:10D47C00ECE700BF084B01202DE9F843DFF864907E
:10D48C00D9F800304BB300250126DFF85C80144F2F
:10D49C0058F8044BA37962791B0103F1A043D3F82C
:10D4AC000C1406FA02F2114212D0C3F80C24636970
:10D4BC00A269A1681344636139B13B68606C0133A4
:10D4CC003B6000F04FFA0023A3602046FFF7B6FF45
:10D4DC00D9F800300135AB42DAD8BDE8F88300BF8B
:10D4EC0024530120F8540120FC54012008B54B684A
:10D4FC001B689B88012B03D1BDE8084000F020B8C5
:10D50C00F6F7D4FF0A4601690346496850F83C0C0B
:10D51C000968814203D11146184600F0F7B900B5ED
:10D52C00A3F1480083B001920093FBF79DF8DDE96D
:10D53C0000321146184603B05DF804EB00F0E6B972
:10D54C002DE9F04F8B6889B002910790002B61D0C8
:10D55C004FF0000B079DAB690193002B6DD0EF6969
:10D56C003901019A029BD4689B68E21BA3EB0B0068
:10D57C00904228BF10465FEA4008824643D0019A89
:10D58C00CDE905AB12684FF0000C5668029A0E44B8
:10D59C00B2461268CDE9033452682D482D4902EB8E
:10D5AC008B0E3EF9024B5AF8083BE6B250F8266057
:10D5BC005AF8042C23F07F43C4F3072450F824407A
:10D5CC0043EA06634AF8083C130E02F0FE4B03F0E4
:10D5DC002A032A22534301EA04227440C6F3072685
:10D5EC00C3F3801332430CF1010C83EA144442EA76
:10D5FC000B0242EAC472C4454AF8042CD1D1DDE9CD
:10D60C000334DDE905AB5744BC42EF61D34409D088
:10D61C009B45A0D3079B0299186909B0BDE8F04F50
:10D62C0000F008B9019B686919469C6000F072F91A
:10D63C000022029B9B68AA61EAE70121686900F05D
:10D64C00B3F8002101900F46E961A86189E700BF9A
:10D65C008C17062000FFFF002DE9F04F8B6889B076
:10D66C0000910790002B7ED00025079CA669002E08
:10D67C0000F08C80E3691F01009AD6F80CE09068EA
:10D68C00AEEB0302A0EB050B934528BF9346BBF111
:10D69C00000F61D04FF0000C009932680968526895
:10D6AC004968CDE90160CDE903E5CDE905343A449B
:10D6BC00DFF8F0903A4F103201EB450838F9024B85
:10D6CC0052F80C6C5FFA84FEC4F3072457F824005C
:10D6DC0057F82E50330E02F80D5C2A2103F02A0362
:10D6EC004B4309EA00216840C5F30725C3F38013B7
:10D6FC0006F0FE46294383EA1040314341EAC071EB
:10D70C0042F80C1C57F82E3057F8240052F8041C21
:10D71C0002F8053C09EA00245840C3F307231C43D4
:10D72C000B0E01F0FE41214303F02A032A2463432C
:10D73C00C3F380130CF1010C83EA104341EAC3716B
:10D74C00E34542F8041C02F11002B7D1DDE9016097
:10D75C00DDE903E5DDE905345B449E45E3615D44A9
:10D76C0009D0854282D3079B0099186909B0BDE89E
:10D77C00F04F00F05FB860693146C6F808E000F081
:10D78C00C9F8009B98680023A361EAE7012160694E
:10D79C0000F00AF837463346E661A06106466BE7AF
:10D7AC008C17062000FFFF0010B5C368EFF3108E36
:10D7BC0072B6D3E8CF4F0122002CFAD1C3E8442F24
:10D7CC00002CF6D1BFF35F8F03695BB1F4460022E6
:10D7DC005C69C16804615A61C1E88F2F8CF31088B1
:10D7EC00184610BDC268C2E88F3F8EF3108800291E
:10D7FC00F6D020BFC368EFF3108272B69446D3E81C
:10D80C00CFEF0121BEF1000FF9D1C3E84E1FBEF1DD
:10D81C00000FF4D1BFF35F8F0369002BD7D1C16820
:10D82C00C1E88F3F82F31088E3E700BF0069FFF780
:10D83C00BBBF00BF10B5C368EFF3108272B6D3E85C
:10D84C00CFEF5FF0010CBEF1000FF8D1C3E84ECF63
:10D85C00BEF1000FF3D1BFF35F8F046900234C615D
:10D86C000161C168C1E88F3F82F3108840BF10BDD1
:10D87C004069FFF7DFBF00BF034610B54269EFF305
:10D88C00108E72B6D2E8CF4F0120002CFAD1C2E82C
:10D89C00440F002CF6D1BFF35F8F986960B1F4464A
:10D8AC00426959699A61002A29D000234361C1E871
:10D8BC008F3F8CF3108810BD5A69C2E88F0F8EF31E
:10D8CC0010880029F7D020BF5A69EFF3108172B687
:10D8DC008C46D2E8CFEF0120BEF1000FF9D1C2E89F
:10D8EC004E0FBEF1000FF4D1BFF35F8F9869002883
:10D8FC00D6D15A69C2E88F0F81F31088E3E7DA6159
:10D90C00C1E88F2F8CF3108810BD00BF4069FFF762
:10D91C00B3BF00BF00B54369EFF3108272B6D3E812
:10D92C00CFEF5FF0010CBEF1000FF8D1C3E84ECF82
:10D93C00BEF1000FF3D1BFF35F8F836953B1C3699D
:10D94C005961C16100234169C1E88F3F82F310889E
:10D95C0040BF00BDC1614B618161F3E70069FFF716
:10D96C00D9BF00BF0022037880680A610BB94368F5
:10D97C001847C368184700BF037880680BB9036861
:10D98C0018478368184700BF4FF0A0410123154A80
:10D99C00D1F81C0492F809C003FA0CF3184220D0F9
:10D9AC0000B583B0C1F81C3411680F4B21B1186855
:10D9BC000193FFF7D7FF019B00211868FFF7DCFFED
:10D9CC000A49084A002818BF0146537A10600868B3
:10D9DC008A689B01416803F1A0431960DA6103B0C6
:10D9EC0000BD70478C1B06206C260120A053012023
:10D9FC0000002F440000904000002F440000C04065
:10DA0C000080224400001841160708090A00000093
:10DA1C0020D9002001FF0000016000004769744814
:10DA2C0075622E636F6D2F576565624C6162730072
:10DA3C0057656562204C6162732044535069000045
:10DA4C000A2A2A2A2050414E4943202A2A2A0A000F
:10DA5C006E6F7420737570706F7274656400000063
:10DA6C00486172647761726520616C61726D20250A
:10DA7C006420616C726561647920636C61696D65A9
:10DA8C0064000000486172642061737365727400F5
:10DA9C004F7574206F66206D656D6F727900000094
:10DAAC0052656C6561736500626F6F74325F7732BB
:10DABC003571303830000000322E322E300000002C
:10DACC007069636F32000000666F786461630000F8
:10DADC00466562203230203230323600666E692B59
:10DAEC0000000000666E69006E616E00666E692D46
:10DAFC000000000073657474696E672070696F2094
:10DB0C00667265712025640A0000000053797374F5
:10DB1C00656D20636C6F636B2061742025752C2000
:10DB2C00532F5044494620636C6F636B20646976B5
:10DB3C006964657220307825782F3235360A0000FA
:10DB4C00496E76616C69642050494F20696E64653A
:10DB5C007820256400000000436F6E6E6563746965
:10DB6C006E672050494F20532F5044494620617511
:10DB7C0064696F00436F7079696E672073746572A6
:10DB8C00656F20746F2073746572656F20617420EB
:10DB9C00256420487A0A0000544F444F2E2E2E2024
:10DBAC006E6F7420636F6D706C6574696E67207333
:10DBBC00746572656F20617564696F20636F6E6E3A
:10DBCC00656374696F6E2070726F7065726C792109
:10DBDC0000000000436F6E76657274696E67206D8D
:10DBEC006F6E6F20746F2073746572656F20617433
:10DBFC0020256420487A0A00444D41206368616EF8
:10DC0C006E656C20256420697320616C726561649B
:10DC1C007920636C61696D65640000004E6F20446F
:10DC2C004D41206368616E6E656C73206172652076
:10DC3C00617661696C61626C6500000050494F202F
:10DC4C003020534D20256420616C7265616479200D
:10DC5C00636C61696D65640050494F203220534DEF
:10DC6C0020282564202D20382920616C7265616480
:10DC7C007920636C61696D656400000050494F2028
:10DC8C003120534D20282564202D20342920616C0F
:10DC9C00726561647920636C61696D656400000074
:10DCAC0053797374656D20636C6F636B20617420A2
:10DCBC0025752C2049325320636C6F636B2064698B
:10DCCC00766964657220307825782F3235360A00F3
:10DCDC00436F6E6E656374696E672050494F2049BF
:10DCEC00325320617564696F00000000494E0000DA
:10DCFC004F5554002A2A2A2A204641494C45442093
:10DD0C00544F2041424F52542025642025733A2011
:10DD1C002530387820253038780A00005741524E8B
:10DD2C00494E473A20000000756E74657374656443
:10DD3C003F20676976652062756666657220776933
:10DD4C007468206F75747374616E64696E6720708B
:10DD5C0061636B6574202564202573206F776E6575
:10DD6C00642025640A000000756E74657374656424
:10DD7C003F207374616C6C206F66207472616E73DB
:10DD8C006665722077697468206F6E5F636F6D7063
:10DD9C006C657465207365742025642025732025BB
:10DDAC00700A0000726563656976656420756E653E
:10DDBC0078706563746564207061636B6574206F43
:10DDCC006E2025642025730A00000000556E6861E2
:10DDDC006E646C65642064657669636520494E20C9
:10DDEC007365747570207265717565737420253058
:10DDFC0032780A00556E68616E646C6564206465E7
:10DE0C0076696365204F5554207365747570207264
:10DE1C0065717565737420253032780A0000000036
:10DE2C002869676E6F726564292073657420696E4A
:10DE3C00746572666163652025642028616C7420AA
:10DE4C002564290A00000000556E68616E646C65DB
:10DE5C006420696E74657266616365202530327862
:10DE6C0020736574757020726571756573742025E7
:10DE7C0030327820626D52657175657374547970A7
:10DE8C006520253032780A005365747570207265F0
:10DE9C007175657374202530347820666F72207527
:10DEAC006E6B6E6F776E20696E74657266616365FA
:10DEBC0020253034780A0000556E68616E646C65FC
:10DECC0064206570202530327820257320494E203F
:10DEDC007365747570207265717565737420253067
:10DEEC0032780A00556E68616E646C6564206570EA
:10DEFC002025303278202573204F555420736574BB
:10DF0C007570207265717565737420253032780ACE
:10DF1C0000000000556E68616E646C656420656E6F
:10DF2C0064706F696E74202564202573207365748A
:10DF3C007570207265717565737420253032782088
:10DF4C00626D5265717565737454797065202530F6
:10DF5C0032780A005365747570207061636B657458
:10DF6C00202530347820666F7220756E6B6E6F775B
:10DF7C006E20656E64706F696E7420253034780A7B
:10DF8C0000000000556E68616E646C6564207365FA
:10DF9C00747570207061636B6574202D20737461CF
:10DFAC006C6C696E6720636F6E74726F6C20706935
:10DFBC00706500004572726F72203078256C782085
:10DFCC002873696520737461747573203078256CBF
:10DFDC0078290A004461746120736571206572723E
:10DFEC006F720000556E68616E646C6564204952F6
:10DFFC005120307825780A006368756E6B6F202588
:10E00C0064206C656E2025303578206F66667365EC
:10E01C007420253038782073697A6520253034785F
:10E02C00207472616E7366657220253038780A0030
:10E03C003E3E205472756E636174656420253038E1
:10E04C00780A0000260258028A02BC02EE02200363
:10E05C0052038403B603E8031A044C047E04B00490
:10E06C00E204140546057805DC0540067206A40694
:10E07C0008076C07D0072E09C4095A0AF00AB80B16
:10E08C004E0CE40C0C26012024260120CC5E012031
:10E09C003C4A0120704A0120161A04013D2E002032
:10E0AC0000000000000000000100000061340020AE
:10E0BC00000000000000000001000000ADBD0020C9
:10E0CC00000000000000000001000000EDBD002079
:10E0DC00000000000000000001000000000025000E
:10E0EC0029002E0034003A004100490052005C0027
:10E0FC006800740082009200A400B800CF00E80011
:10E10C0004012401480170019D01CF01070247025F
:10E11C008E02DE0237039C030C048B041905B80530
:10E12C006A063307140810092B0A680BCD0C5D0E18
:10E13C001D1015124914C3168A19A81C2720132464
:10E14C007A286B2DF5322D392740FB47C3509E5A48
:10E15C00AD651572FF7F0000C053012028540120CB
:10E16C00905401208E000000000105000100840085
:10E17C0000000100000028004400650076006900E2
:10E18C006300650049006E00740065007200660053
:10E19C006100630065004700550049004400000021
:10E1AC004E0000007B003800380042004100450062
:10E1BC003000330032002D003500410038003100B2
:10E1CC002D0034003900460030002D004200430081
:10E1DC00330044002D00410034004600460031005D
:10E1EC0033003800320031003600440036007D0028
:10E1FC0000000000280000000001040001000000E5
:10E20C0000000000020157494E5553420000000027
:10E21C0000000000000000000000000012034D0090
:10E22C005300460054003100300030000100000063
:10E23C0012010002000000408A2EAAFE0002010218
:10E24C00030100000902860003010080320904006A
:10E25C000000010100000924010001280001010C4B
:10E26C0024020101010002030000000A240602013D
:10E27C000103000000092403030103000200090448
:10E28C00010000010200000904010102010200006A
:10E29C0007240101010100112402010202100344B0
:10E2AC00AC0080BB0000770109050105800101006D
:10E2BC0082072501010000000905821103000102FB
:10E2CC00000904020000FF0000000000060052508C
:10E2DC00D3F07542A8D9002006005250E182887F05
:10E2EC00B0D9002006005250ABB36053C0D9002007
:10E2FC0006005250BBFF3CB6C8D900200600525055
:10E30C00861C0302D0D90020060052505422A29D34
:10E31C00D8D9002005005250DE65F468D8EB001007
:10E32C00000000000000F03F00000000000024404E
:10E33C0000000000000059400000000000408F4029
:10E34C00000000000088C34000000000006AF84094
:10E35C000000000080842E4100000000D0126341B8
:10E36C000000000084D797410000000065CDCD412E
:10E37C000D0A000084E2002004FF0100216020004F
:10E38C002170221094E2002008FF01000170401857
:10E39C0001602EE80160440801702EF804030904A2
:10E3AC00B99A0020000000000000000001000000ED
:10E3BC0069A7002000000000000000000000000021
:10E3CC000A0A0A0A0A0A0A0A0A0A0A0015CD5B078F
:10E3DC000A000000FFFFFFFF08E30020040000001C
:10E3EC000903030001000000080202000100000004
:10E3FC000701010001000000160708090A000000CF
:10E40C0080BB0000010002000100000000010000C0
:10E41C0000002F44000090400000C8420000A642BB
:10E42C000000803F0000803F0000803F0080000023
:10E43C0000800000008000000000803F0000001001
:10E44C0080BB000044AC0000000000000000000095
:10E45C0024D9002038D9002068E3002068E300208C
:10E46C0030313233343536373839414243444546FE
:10E47C00001000000000000000000100000000007F
:10E48C00000000000000020000000000000000007E
:10E49C000000030000000000000000000000FF006E
:10E4AC000000000001B5486801318E4600477046F7
:10E4BC0009380149884701BD1D48002000000000B3
:10E4CC000000000000000000000000000000000040
:10E4DC0028200120FFFFFFFFFFFFFFFFFFFFFFFFD3
:10E4EC0035D7002065D8002015D8002079D700201A
:10E4FC00000000000000000035D7002081920020B1
:10E50C0015D8002079D70020000000000000000082
:10E51C00000000000000000035D7002065D8002066
:10E52C004992002079D70020000000000000000074
:10E53C000000000000000000981B062000000000F6
:10E54C0079A800207DA80020FFFFFFFF000002003B
:10E55C00000000000000000058E4002058E40020F7
:10E56C0060E4002060E4002068E4002068E40020FF
:10E57C0070E4002070E4002078E4002078E40020AF
:10E58C0080E4002080E4002088E4002088E400205F
:10E59C0090E4002090E4002098E4002098E400200F
:10E5AC00A0E40020A0E40020A8E40020A8E40020BF
:10E5BC00B0E40020B0E40020B8E40020B8E400206F
:10E5CC00C0E40020C0E40020C8E40020C8E400201F
:10E5DC00D0E40020D0E40020D8E40020D8E40020CF
:10E5EC00E0E40020E0E40020E8E40020E8E400207F
:10E5FC00F0E40020F0E40020F8E40020F8E400202F
:10E60C0000E5002000E5002008E5002008E50020DA
:10E61C0010E5002010E5002018E5002018E500208A
:10E62C0020E5002020E5002028E5002028E500203A
:10E63C0030E5002030E5002038E5002038E50020EA
:10E64C0040E5002040E5002048E5002048E500209A
:10E65C0050E5002050E5002058E5002058E500204A
:10E66C0060E5002060E5002068E5002068E50020FA
:10E67C0070E5002070E5002078E5002078E50020AA
:10E68C0080E5002080E5002088E5002088E500205A
:10E69C0090E5002090E5002098E5002098E500200A
:10E6AC00A0E50020A0E50020A8E50020A8E50020BA
:10E6BC00B0E50020B0E50020B8E50020B8E500206A
:10E6CC00C0E50020C0E50020C8E50020C8E500201A
:10E6DC00D0E50020D0E50020D8E50020D8E50020CA
:10E6EC00E0E50020E0E50020E8E50020E8E500207A
:10E6FC00F0E50020F0E50020F8E50020F8E500202A
:10E70C0000E6002000E6002008E6002008E60020D5
:10E71C0010E6002010E6002018E6002018E6002085
:10E72C0020E6002020E6002028E6002028E6002035
:10E73C0030E6002030E6002038E6002038E60020E5
:10E74C0040E6002040E6002048E6002048E6002095
:10E75C0050E6002050E6002058E6002058E6002045
:10E76C0060E6002060E6002068E6002068E60020F5
:10E77C0070E6002070E6002078E6002078E60020A5
:10E78C0080E6002080E6002088E6002088E6002055
:10E79C0090E6002090E6002098E6002098E6002005
:10E7AC00A0E60020A0E60020A8E60020A8E60020B5
:10E7BC00B0E60020B0E60020B8E60020B8E6002065
:10E7CC00C0E60020C0E60020C8E60020C8E6002015
:10E7DC00D0E60020D0E60020D8E60020D8E60020C5
:10E7EC00E0E60020E0E60020E8E60020E8E6002075
:10E7FC00F0E60020F0E60020F8E60020F8E6002025
:10E80C0000E7002000E7002008E7002008E70020D0
:10E81C0010E7002010E7002018E7002018E7002080
:10E82C0020E7002020E7002028E7002028E7002030
:10E83C0030E7002030E7002038E7002038E70020E0
:10E84C0040E7002040E7002048E7002048E7002090
:10E85C0050E7002050E7002058E7002058E7002040
:10E86C0060E7002060E7002068E7002068E70020F0
:10E87C0070E7002070E7002078E7002078E70020A0
:10E88C0080E7002080E7002088E7002088E7002050
:10E89C0090E7002090E7002098E7002098E7002000
:10E8AC00A0E70020A0E70020A8E70020A8E70020B0
:10E8BC00B0E70020B0E70020B8E70020B8E7002060
:10E8CC00C0E70020C0E70020C8E70020C8E7002010
:10E8DC00D0E70020D0E70020D8E70020D8E70020C0
:10E8EC00E0E70020E0E70020E8E70020E8E7002070
:10E8FC00F0E70020F0E70020F8E70020F8E7002020
:10E90C0000E8002000E8002008E8002008E80020CB
:10E91C0010E8002010E8002018E8002018E800207B
:10E92C0020E8002020E8002028E8002028E800202B
:10E93C0030E8002030E8002038E8002038E80020DB
:10E94C0040E8002040E8002048E8002048E800208B
:10E95C0050E8002050E8002068E80020000000008B
:10E96C000000000048240120B024012018250120BB
:10E97C00000000000000000000000000000000008B
:10E98C00000000000000000000000000000000007B
:10E99C00000000000000000000000000000000006B
:10E9AC00000000000000000000000000000000005B
:10E9BC00000000000000000000000000000000004B
:10E9CC00000000000000000000000000000000003B
:10E9DC00000000000000000000000000000000002B
:10E9EC00000000000000000000000000000000001B
:10E9FC00000000000000000001000000000000000A
:10EA0C000E33CDAB34126DE6ECDE05000B000000CE
:10EA1C0000000000000000000000000000000000EA
:10EA2C0000000000000000000000000000000000DA
:10EA3C0000000000000000000000000000000000CA
:10EA4C0000000000000000000000000000000000BA
:10EA5C0000000000000000000000000000000000AA
:10EA6C00000000000000000000000000000000009A
:10EA7C00000000000000000000000000000000008A
:10EA8C00000000000000000000000000000000007A
:10EA9C00000000000000000000000000000000006A
:10EAAC00000000000000000000000000000000005A
:10EABC00000000000000000000000000000000004A
:10EACC00000000000000000000000000000000003A
:10EADC00000000000000000000000000000000002A
:10EAEC00000000000000000000000000000000001A
:10EAFC00000000000000000000000000000000000A
:10EB0C0000000000000000000000000000000000F9
:10EB1C0000000000000000000000000000000000E9
:10EB2C0000000000000000000000000000000000D9
:10EB3C0000000000000000000000000000000000C9
:10EB4C0000000000000000000000000000000000B9
:10EB5C0000000000000000000000000000000000A9
:10EB6C000000000000000000000000000000000099
:10EB7C0039550020B1540020E1540020B15500203B
:10EB8C00195500201954002061550020055400200F
:10EB9C00D948002065550020554C002061540020B8
:10EBAC004D550020FD540020ED440020254500204B
:08EBBC00B98400203D01002096
:10EBC400D3DEFFFFFE010000FF0100007415FFFF0C
:04EBD400793512ABD2
:040000051000014D99
:00000001FF
