
/Users/giubeppe/Documents/projects/DSPi/DSPi Fork Source/build-rp2350/foxdac/foxdac.elf:     file format elf32-littlearm

Sections:
Idx Name          Size      VMA       LMA       File off  Algn
  0 .flashtext    000001f0  10000000  10000000  00001000  2**2
                  CONTENTS, ALLOC, LOAD, READONLY, CODE
  1 .rodata       00000000  100001f0  100001f0  00010bd8  2**0
                  CONTENTS, ALLOC, LOAD, DATA
  2 .ARM.exidx    00000008  100001f0  100001f0  000011f0  2**2
                  CONTENTS, ALLOC, LOAD, READONLY, DATA
  3 .binary_info  0000001c  100001f8  100001f8  000011f8  2**2
                  CONTENTS, ALLOC, LOAD, READONLY, DATA
  4 .ram_vector_table 00000110  20000000  20000000  00011000  2**2
                  ALLOC
  5 .uninitialized_data 00000000  20000110  20000110  00010bd8  2**0
                  CONTENTS
  6 .text         0000b9a8  20000110  10000214  00002110  2**3
                  CONTENTS, ALLOC, LOAD, READONLY, CODE
  7 .data         00003008  2000bab8  1000bbbc  0000dab8  2**3
                  CONTENTS, ALLOC, LOAD, CODE
  8 .tdata        00000000  2000eac0  2000eac0  00010bd8  2**0
                  CONTENTS, ALLOC, LOAD, DATA, THREAD_LOCAL
  9 .tbss         00000000  2000eac0  2000eac0  00000000  2**0
                  ALLOC, THREAD_LOCAL
 10 .bss          00051c08  20010000  1000ebc4  00012000  2**13
                  ALLOC
 11 .heap         00000800  20061c08  1000ebc4  00010c08  2**2
                  ALLOC, READONLY
 12 .scratch_x    00000000  20080000  20080000  00010bd8  2**0
                  CONTENTS
 13 .scratch_y    00000000  20081000  20081000  00010bd8  2**0
                  CONTENTS
 14 .stack1_dummy 00000800  20080000  20080000  00011000  2**2
                  ALLOC
 15 .stack_dummy  00000800  20081000  20081000  00011000  2**5
                  ALLOC, READONLY
 16 .flash_end    00000014  1000ebc4  1000ebc4  00010bc4  2**2
                  CONTENTS, ALLOC, LOAD, READONLY, DATA
 17 .ARM.attributes 00000034  00000000  00000000  00010bd8  2**0
                  CONTENTS, READONLY
 18 .comment      00000045  00000000  00000000  00010c0c  2**0
                  CONTENTS, READONLY
 19 .debug_info   000453b2  00000000  00000000  00010c51  2**0
                  CONTENTS, READONLY, DEBUGGING, OCTETS
 20 .debug_abbrev 0000b09b  00000000  00000000  00056003  2**0
                  CONTENTS, READONLY, DEBUGGING, OCTETS
 21 .debug_loclists 0001f7d6  00000000  00000000  0006109e  2**0
                  CONTENTS, READONLY, DEBUGGING, OCTETS
 22 .debug_aranges 000016d8  00000000  00000000  00080878  2**3
                  CONTENTS, READONLY, DEBUGGING, OCTETS
 23 .debug_rnglists 00005982  00000000  00000000  00081f50  2**0
                  CONTENTS, READONLY, DEBUGGING, OCTETS
 24 .debug_line   0002dc8f  00000000  00000000  000878d2  2**0
                  CONTENTS, READONLY, DEBUGGING, OCTETS
 25 .debug_str    0000d2f4  00000000  00000000  000b5561  2**0
                  CONTENTS, READONLY, DEBUGGING, OCTETS
 26 .debug_frame  000042d4  00000000  00000000  000c2858  2**2
                  CONTENTS, READONLY, DEBUGGING, OCTETS
 27 .debug_line_str 0000036e  00000000  00000000  000c6b2c  2**0
                  CONTENTS, READONLY, DEBUGGING, OCTETS

/Users/giubeppe/Documents/projects/DSPi/DSPi Fork Source/build-rp2350/foxdac/foxdac.elf:     file format elf32-littlearm


Disassembly of section .flashtext:

10000000 <__VECTOR_TABLE>:
10000000:	20082000 	.word	0x20082000
10000004:	1000015d 	.word	0x1000015d
10000008:	1000011b 	.word	0x1000011b
1000000c:	1000011d 	.word	0x1000011d
10000010:	10000111 	.word	0x10000111
10000014:	10000111 	.word	0x10000111
10000018:	10000111 	.word	0x10000111
1000001c:	10000111 	.word	0x10000111
10000020:	10000119 	.word	0x10000119
10000024:	10000119 	.word	0x10000119
10000028:	10000119 	.word	0x10000119
1000002c:	1000011f 	.word	0x1000011f
10000030:	10000111 	.word	0x10000111
10000034:	10000119 	.word	0x10000119
10000038:	10000121 	.word	0x10000121
1000003c:	10000123 	.word	0x10000123
10000040:	10000111 	.word	0x10000111
10000044:	10000111 	.word	0x10000111
10000048:	10000111 	.word	0x10000111
1000004c:	10000111 	.word	0x10000111
10000050:	10000111 	.word	0x10000111
10000054:	10000111 	.word	0x10000111
10000058:	10000111 	.word	0x10000111
1000005c:	10000111 	.word	0x10000111
10000060:	10000111 	.word	0x10000111
10000064:	10000111 	.word	0x10000111
10000068:	10000111 	.word	0x10000111
1000006c:	10000111 	.word	0x10000111
10000070:	10000111 	.word	0x10000111
10000074:	10000111 	.word	0x10000111
10000078:	2000a01d 	.word	0x2000a01d
1000007c:	10000111 	.word	0x10000111
10000080:	10000111 	.word	0x10000111
10000084:	10000111 	.word	0x10000111
10000088:	10000111 	.word	0x10000111
1000008c:	10000111 	.word	0x10000111
10000090:	10000111 	.word	0x10000111
10000094:	10000111 	.word	0x10000111
10000098:	10000111 	.word	0x10000111
1000009c:	10000111 	.word	0x10000111
100000a0:	10000111 	.word	0x10000111
100000a4:	10000111 	.word	0x10000111
100000a8:	10000111 	.word	0x10000111
100000ac:	10000111 	.word	0x10000111
100000b0:	10000111 	.word	0x10000111
100000b4:	10000111 	.word	0x10000111
100000b8:	10000111 	.word	0x10000111
100000bc:	10000111 	.word	0x10000111
100000c0:	10000111 	.word	0x10000111
100000c4:	10000111 	.word	0x10000111
100000c8:	10000111 	.word	0x10000111
100000cc:	10000111 	.word	0x10000111
100000d0:	10000111 	.word	0x10000111
100000d4:	10000111 	.word	0x10000111
100000d8:	10000111 	.word	0x10000111
100000dc:	10000111 	.word	0x10000111
100000e0:	10000111 	.word	0x10000111
100000e4:	10000111 	.word	0x10000111
100000e8:	10000111 	.word	0x10000111
100000ec:	10000111 	.word	0x10000111
100000f0:	10000111 	.word	0x10000111
100000f4:	10000111 	.word	0x10000111
100000f8:	10000111 	.word	0x10000111
100000fc:	10000111 	.word	0x10000111
10000100:	10000111 	.word	0x10000111
10000104:	10000111 	.word	0x10000111
10000108:	10000111 	.word	0x10000111
1000010c:	10000111 	.word	0x10000111

10000110 <__unhandled_user_irq>:
10000110:	f3ef 8005 	mrs	r0, IPSR
10000114:	3810      	subs	r0, #16

10000116 <unhandled_user_irq_num_in_r0>:
10000116:	be00      	bkpt	0x0000

10000118 <isr_invalid>:
10000118:	be00      	bkpt	0x0000

1000011a <isr_nmi>:
1000011a:	be00      	bkpt	0x0000

1000011c <isr_hardfault>:
1000011c:	be00      	bkpt	0x0000

1000011e <isr_svcall>:
1000011e:	be00      	bkpt	0x0000

10000120 <isr_pendsv>:
10000120:	be00      	bkpt	0x0000

10000122 <isr_systick>:
10000122:	be00      	bkpt	0x0000

10000124 <__default_isrs_end>:
10000124:	7188ebf2 	.word	0x7188ebf2
10000128:	100001f8 	.word	0x100001f8
1000012c:	10000214 	.word	0x10000214
10000130:	100001a0 	.word	0x100001a0
10000134:	e71aa390 	.word	0xe71aa390

10000138 <__binary_info_header_end>:
10000138:	ffffded3 	.word	0xffffded3
1000013c:	10210142 	.word	0x10210142
10000140:	000001ff 	.word	0x000001ff
10000144:	0000ea8c 	.word	0x0000ea8c
10000148:	ab123579 	.word	0xab123579

1000014c <_entry_point>:
1000014c:	f04f 0000 	mov.w	r0, #0

10000150 <_enter_vtable_in_r0>:
10000150:	4921      	ldr	r1, [pc, #132]	@ (100001d8 <data_cpy_table+0x38>)
10000152:	6008      	str	r0, [r1, #0]
10000154:	c806      	ldmia	r0!, {r1, r2}
10000156:	f381 8808 	msr	MSP, r1
1000015a:	4710      	bx	r2

1000015c <_reset_handler>:
1000015c:	f04f 4050 	mov.w	r0, #3489660928	@ 0xd0000000
10000160:	6800      	ldr	r0, [r0, #0]
10000162:	b110      	cbz	r0, 1000016a <hold_non_core0_in_bootrom+0x6>

10000164 <hold_non_core0_in_bootrom>:
10000164:	f04f 0000 	mov.w	r0, #0
10000168:	e7f2      	b.n	10000150 <_enter_vtable_in_r0>
1000016a:	a40d      	add	r4, pc, #52	@ (adr r4, 100001a0 <data_cpy_table>)
1000016c:	cc0e      	ldmia	r4!, {r1, r2, r3}
1000016e:	2900      	cmp	r1, #0
10000170:	d002      	beq.n	10000178 <hold_non_core0_in_bootrom+0x14>
10000172:	f000 f812 	bl	1000019a <data_cpy>
10000176:	e7f9      	b.n	1000016c <hold_non_core0_in_bootrom+0x8>
10000178:	4918      	ldr	r1, [pc, #96]	@ (100001dc <data_cpy_table+0x3c>)
1000017a:	4a19      	ldr	r2, [pc, #100]	@ (100001e0 <data_cpy_table+0x40>)
1000017c:	2000      	movs	r0, #0
1000017e:	e000      	b.n	10000182 <bss_fill_test>

10000180 <bss_fill_loop>:
10000180:	c101      	stmia	r1!, {r0}

10000182 <bss_fill_test>:
10000182:	4291      	cmp	r1, r2
10000184:	d1fc      	bne.n	10000180 <bss_fill_loop>

10000186 <platform_entry>:
10000186:	4917      	ldr	r1, [pc, #92]	@ (100001e4 <data_cpy_table+0x44>)
10000188:	4788      	blx	r1
1000018a:	4917      	ldr	r1, [pc, #92]	@ (100001e8 <data_cpy_table+0x48>)
1000018c:	4788      	blx	r1
1000018e:	4917      	ldr	r1, [pc, #92]	@ (100001ec <data_cpy_table+0x4c>)
10000190:	4788      	blx	r1
10000192:	be00      	bkpt	0x0000
10000194:	e7fd      	b.n	10000192 <platform_entry+0xc>

10000196 <data_cpy_loop>:
10000196:	c901      	ldmia	r1!, {r0}
10000198:	c201      	stmia	r2!, {r0}

1000019a <data_cpy>:
1000019a:	429a      	cmp	r2, r3
1000019c:	d3fb      	bcc.n	10000196 <data_cpy_loop>
1000019e:	4770      	bx	lr

100001a0 <data_cpy_table>:
100001a0:	10000214 	.word	0x10000214
100001a4:	20000110 	.word	0x20000110
100001a8:	2000bab8 	.word	0x2000bab8
100001ac:	1000bbbc 	.word	0x1000bbbc
100001b0:	2000bab8 	.word	0x2000bab8
100001b4:	2000eac0 	.word	0x2000eac0
100001b8:	1000ebc4 	.word	0x1000ebc4
100001bc:	20080000 	.word	0x20080000
100001c0:	20080000 	.word	0x20080000
100001c4:	1000ebc4 	.word	0x1000ebc4
100001c8:	20081000 	.word	0x20081000
100001cc:	20081000 	.word	0x20081000
100001d0:	00000000 	.word	0x00000000
100001d4:	4770      	bx	lr
100001d6:	0000      	.short	0x0000
100001d8:	e000ed08 	.word	0xe000ed08
100001dc:	2000eac0 	.word	0x2000eac0
100001e0:	20061c08 	.word	0x20061c08
100001e4:	200080b5 	.word	0x200080b5
100001e8:	20002049 	.word	0x20002049
100001ec:	200080ad 	.word	0x200080ad

Disassembly of section .text:

20000110 <_init>:
20000110:	b5f8      	push	{r3, r4, r5, r6, r7, lr}
20000112:	bf00      	nop

20000114 <register_tm_clones>:
20000114:	4b06      	ldr	r3, [pc, #24]	@ (20000130 <register_tm_clones+0x1c>)
20000116:	4907      	ldr	r1, [pc, #28]	@ (20000134 <register_tm_clones+0x20>)
20000118:	1ac9      	subs	r1, r1, r3
2000011a:	1089      	asrs	r1, r1, #2
2000011c:	bf48      	it	mi
2000011e:	3101      	addmi	r1, #1
20000120:	1049      	asrs	r1, r1, #1
20000122:	d003      	beq.n	2000012c <register_tm_clones+0x18>
20000124:	4b04      	ldr	r3, [pc, #16]	@ (20000138 <register_tm_clones+0x24>)
20000126:	b10b      	cbz	r3, 2000012c <register_tm_clones+0x18>
20000128:	4801      	ldr	r0, [pc, #4]	@ (20000130 <register_tm_clones+0x1c>)
2000012a:	4718      	bx	r3
2000012c:	4770      	bx	lr
2000012e:	bf00      	nop
20000130:	2000eac0 	.word	0x2000eac0
20000134:	2000eac0 	.word	0x2000eac0
20000138:	00000000 	.word	0x00000000

2000013c <frame_dummy>:
2000013c:	b508      	push	{r3, lr}
2000013e:	4b05      	ldr	r3, [pc, #20]	@ (20000154 <frame_dummy+0x18>)
20000140:	b11b      	cbz	r3, 2000014a <frame_dummy+0xe>
20000142:	4905      	ldr	r1, [pc, #20]	@ (20000158 <frame_dummy+0x1c>)
20000144:	4805      	ldr	r0, [pc, #20]	@ (2000015c <frame_dummy+0x20>)
20000146:	f3af 8000 	nop.w
2000014a:	e8bd 4008 	ldmia.w	sp!, {r3, lr}
2000014e:	f7ff bfe1 	b.w	20000114 <register_tm_clones>
20000152:	bf00      	nop
20000154:	00000000 	.word	0x00000000
20000158:	20014af0 	.word	0x20014af0
2000015c:	2000bab8 	.word	0x2000bab8

20000160 <crossfeed_compute_coefficients>:
20000160:	780b      	ldrb	r3, [r1, #0]
20000162:	2b00      	cmp	r3, #0
20000164:	f000 8091 	beq.w	2000028a <crossfeed_compute_coefficients+0x12a>
20000168:	eef7 7a00 	vmov.f32	s15, #112	@ 0x3f800000  1.0
2000016c:	ee07 2a10 	vmov	s14, r2
20000170:	eeb4 7ae7 	vcmpe.f32	s14, s15
20000174:	eef1 fa10 	vmrs	APSR_nzcv, fpscr
20000178:	f100 8087 	bmi.w	2000028a <crossfeed_compute_coefficients+0x12a>
2000017c:	b500      	push	{lr}
2000017e:	ed2d 8b04 	vpush	{d8-d9}
20000182:	788b      	ldrb	r3, [r1, #2]
20000184:	468c      	mov	ip, r1
20000186:	2b02      	cmp	r3, #2
20000188:	b083      	sub	sp, #12
2000018a:	d855      	bhi.n	20000238 <crossfeed_compute_coefficients+0xd8>
2000018c:	4948      	ldr	r1, [pc, #288]	@ (200002b0 <crossfeed_compute_coefficients+0x150>)
2000018e:	eef3 7a04 	vmov.f32	s15, #52	@ 0x41a00000  20.0
20000192:	eb01 03c3 	add.w	r3, r1, r3, lsl #3
20000196:	ed93 7a01 	vldr	s14, [r3, #4]
2000019a:	edd3 6a00 	vldr	s13, [r3]
2000019e:	eec7 7a27 	vdiv.f32	s15, s14, s15
200001a2:	eeb0 9a66 	vmov.f32	s18, s13
200001a6:	ee17 1a90 	vmov	r1, s15
200001aa:	e9cd c000 	strd	ip, r0, [sp]
200001ae:	4841      	ldr	r0, [pc, #260]	@ (200002b4 <crossfeed_compute_coefficients+0x154>)
200001b0:	ee08 2a10 	vmov	s16, r2
200001b4:	f006 f89a 	bl	200062ec <__wrap_powf>
200001b8:	eddf 7a3f 	vldr	s15, [pc, #252]	@ 200002b8 <crossfeed_compute_coefficients+0x158>
200001bc:	ee69 7a27 	vmul.f32	s15, s18, s15
200001c0:	eec7 7a88 	vdiv.f32	s15, s15, s16
200001c4:	ee08 0a90 	vmov	s17, r0
200001c8:	ee17 0a90 	vmov	r0, s15
200001cc:	f006 f98c 	bl	200064e8 <__wrap_expf>
200001d0:	eef7 7a00 	vmov.f32	s15, #112	@ 0x3f800000  1.0
200001d4:	ee06 0a10 	vmov	s12, r0
200001d8:	ee78 6aa7 	vadd.f32	s13, s17, s15
200001dc:	ee77 5ac6 	vsub.f32	s11, s15, s12
200001e0:	ee87 7aa6 	vdiv.f32	s14, s15, s13
200001e4:	9a00      	ldr	r2, [sp, #0]
200001e6:	ee27 7a25 	vmul.f32	s14, s14, s11
200001ea:	7852      	ldrb	r2, [r2, #1]
200001ec:	9b01      	ldr	r3, [sp, #4]
200001ee:	b1a2      	cbz	r2, 2000021a <crossfeed_compute_coefficients+0xba>
200001f0:	ee65 5a88 	vmul.f32	s11, s11, s16
200001f4:	eddf 6a31 	vldr	s13, [pc, #196]	@ 200002bc <crossfeed_compute_coefficients+0x15c>
200001f8:	ee86 5a25 	vdiv.f32	s10, s12, s11
200001fc:	ee76 6ac5 	vsub.f32	s13, s13, s10
20000200:	eef5 6ac0 	vcmpe.f32	s13, #0.0
20000204:	eef1 fa10 	vmrs	APSR_nzcv, fpscr
20000208:	dd07      	ble.n	2000021a <crossfeed_compute_coefficients+0xba>
2000020a:	eeb0 5a67 	vmov.f32	s10, s15
2000020e:	eee8 7a26 	vfma.f32	s15, s16, s13
20000212:	eea8 5a66 	vfms.f32	s10, s16, s13
20000216:	eec5 7a27 	vdiv.f32	s15, s10, s15
2000021a:	2200      	movs	r2, #0
2000021c:	ed83 7a00 	vstr	s14, [r3]
20000220:	ed83 6a01 	vstr	s12, [r3, #4]
20000224:	edc3 7a04 	vstr	s15, [r3, #16]
20000228:	609a      	str	r2, [r3, #8]
2000022a:	60da      	str	r2, [r3, #12]
2000022c:	615a      	str	r2, [r3, #20]
2000022e:	619a      	str	r2, [r3, #24]
20000230:	b003      	add	sp, #12
20000232:	ecbd 8b04 	vpop	{d8-d9}
20000236:	bd00      	pop	{pc}
20000238:	edd1 6a01 	vldr	s13, [r1, #4]
2000023c:	eddf 7a20 	vldr	s15, [pc, #128]	@ 200002c0 <crossfeed_compute_coefficients+0x160>
20000240:	eef4 6ae7 	vcmpe.f32	s13, s15
20000244:	eef1 fa10 	vmrs	APSR_nzcv, fpscr
20000248:	ed91 7a02 	vldr	s14, [r1, #8]
2000024c:	d426      	bmi.n	2000029c <crossfeed_compute_coefficients+0x13c>
2000024e:	eddf 7a1d 	vldr	s15, [pc, #116]	@ 200002c4 <crossfeed_compute_coefficients+0x164>
20000252:	eef4 6ae7 	vcmpe.f32	s13, s15
20000256:	eef1 fa10 	vmrs	APSR_nzcv, fpscr
2000025a:	eeb5 7ac0 	vcmpe.f32	s14, #0.0
2000025e:	fe77 7aa6 	vselgt.f32	s15, s15, s13
20000262:	eef1 fa10 	vmrs	APSR_nzcv, fpscr
20000266:	eeb0 9a67 	vmov.f32	s18, s15
2000026a:	d41e      	bmi.n	200002aa <crossfeed_compute_coefficients+0x14a>
2000026c:	eef2 7a0e 	vmov.f32	s15, #46	@ 0x41700000  15.0
20000270:	eeb4 7ae7 	vcmpe.f32	s14, s15
20000274:	eef1 fa10 	vmrs	APSR_nzcv, fpscr
20000278:	eef3 6a04 	vmov.f32	s13, #52	@ 0x41a00000  20.0
2000027c:	fe77 7a87 	vselgt.f32	s15, s15, s14
20000280:	eec7 7aa6 	vdiv.f32	s15, s15, s13
20000284:	ee17 1a90 	vmov	r1, s15
20000288:	e78f      	b.n	200001aa <crossfeed_compute_coefficients+0x4a>
2000028a:	2300      	movs	r3, #0
2000028c:	6003      	str	r3, [r0, #0]
2000028e:	6043      	str	r3, [r0, #4]
20000290:	6083      	str	r3, [r0, #8]
20000292:	60c3      	str	r3, [r0, #12]
20000294:	6103      	str	r3, [r0, #16]
20000296:	6143      	str	r3, [r0, #20]
20000298:	6183      	str	r3, [r0, #24]
2000029a:	4770      	bx	lr
2000029c:	eeb5 7ac0 	vcmpe.f32	s14, #0.0
200002a0:	eef1 fa10 	vmrs	APSR_nzcv, fpscr
200002a4:	eeb0 9a67 	vmov.f32	s18, s15
200002a8:	d5e0      	bpl.n	2000026c <crossfeed_compute_coefficients+0x10c>
200002aa:	2100      	movs	r1, #0
200002ac:	e77d      	b.n	200001aa <crossfeed_compute_coefficients+0x4a>
200002ae:	bf00      	nop
200002b0:	2000d8f8 	.word	0x2000d8f8
200002b4:	41200000 	.word	0x41200000
200002b8:	c0c90fdb 	.word	0xc0c90fdb
200002bc:	3966afcd 	.word	0x3966afcd
200002c0:	43fa0000 	.word	0x43fa0000
200002c4:	44fa0000 	.word	0x44fa0000

200002c8 <dsp_compute_coefficients>:
200002c8:	b570      	push	{r4, r5, r6, lr}
200002ca:	ed2d 8b02 	vpush	{d8}
200002ce:	460b      	mov	r3, r1
200002d0:	7881      	ldrb	r1, [r0, #2]
200002d2:	b082      	sub	sp, #8
200002d4:	b301      	cbz	r1, 20000318 <dsp_compute_coefficients+0x50>
200002d6:	4604      	mov	r4, r0
200002d8:	6840      	ldr	r0, [r0, #4]
200002da:	ee07 0a90 	vmov	s15, r0
200002de:	eef5 7ac0 	vcmpe.f32	s15, #0.0
200002e2:	eef1 fa10 	vmrs	APSR_nzcv, fpscr
200002e6:	d917      	bls.n	20000318 <dsp_compute_coefficients+0x50>
200002e8:	3901      	subs	r1, #1
200002ea:	460e      	mov	r6, r1
200002ec:	b2c9      	uxtb	r1, r1
200002ee:	2902      	cmp	r1, #2
200002f0:	d80b      	bhi.n	2000030a <dsp_compute_coefficients+0x42>
200002f2:	68e1      	ldr	r1, [r4, #12]
200002f4:	eddf 6a9e 	vldr	s13, [pc, #632]	@ 20000570 <dsp_compute_coefficients+0x2a8>
200002f8:	ee07 1a10 	vmov	s14, r1
200002fc:	eeb0 7ac7 	vabs.f32	s14, s14
20000300:	eeb4 7ae6 	vcmpe.f32	s14, s13
20000304:	eef1 fa10 	vmrs	APSR_nzcv, fpscr
20000308:	d406      	bmi.n	20000318 <dsp_compute_coefficients+0x50>
2000030a:	ee07 2a10 	vmov	s14, r2
2000030e:	eeb5 7a40 	vcmp.f32	s14, #0.0
20000312:	eef1 fa10 	vmrs	APSR_nzcv, fpscr
20000316:	d11a      	bne.n	2000034e <dsp_compute_coefficients+0x86>
20000318:	eddf 7a96 	vldr	s15, [pc, #600]	@ 20000574 <dsp_compute_coefficients+0x2ac>
2000031c:	2201      	movs	r2, #1
2000031e:	eef7 6a00 	vmov.f32	s13, #112	@ 0x3f800000  1.0
20000322:	eef0 5a67 	vmov.f32	s11, s15
20000326:	eeb0 7a67 	vmov.f32	s14, s15
2000032a:	eeb0 6a67 	vmov.f32	s12, s15
2000032e:	f883 2028 	strb.w	r2, [r3, #40]	@ 0x28
20000332:	edc3 6a00 	vstr	s13, [r3]
20000336:	edc3 7a01 	vstr	s15, [r3, #4]
2000033a:	edc3 5a02 	vstr	s11, [r3, #8]
2000033e:	ed83 7a03 	vstr	s14, [r3, #12]
20000342:	ed83 6a04 	vstr	s12, [r3, #16]
20000346:	b002      	add	sp, #8
20000348:	ecbd 8b02 	vpop	{d8}
2000034c:	bd70      	pop	{r4, r5, r6, pc}
2000034e:	ed9f 7a8a 	vldr	s14, [pc, #552]	@ 20000578 <dsp_compute_coefficients+0x2b0>
20000352:	ee67 7a87 	vmul.f32	s15, s15, s14
20000356:	ee07 2a10 	vmov	s14, r2
2000035a:	eec7 7a87 	vdiv.f32	s15, s15, s14
2000035e:	2100      	movs	r1, #0
20000360:	ee17 5a90 	vmov	r5, s15
20000364:	f883 1028 	strb.w	r1, [r3, #40]	@ 0x28
20000368:	4628      	mov	r0, r5
2000036a:	9301      	str	r3, [sp, #4]
2000036c:	f006 fad4 	bl	20006918 <__wrap_sinf>
20000370:	ee08 0a10 	vmov	s16, r0
20000374:	4628      	mov	r0, r5
20000376:	f006 fad2 	bl	2000691e <__wrap_cosf>
2000037a:	68a3      	ldr	r3, [r4, #8]
2000037c:	68e1      	ldr	r1, [r4, #12]
2000037e:	ee07 3a90 	vmov	s15, r3
20000382:	ee06 1a90 	vmov	s13, r1
20000386:	ed9f 7a7d 	vldr	s14, [pc, #500]	@ 2000057c <dsp_compute_coefficients+0x2b4>
2000038a:	ee77 7aa7 	vadd.f32	s15, s15, s15
2000038e:	ee86 7a87 	vdiv.f32	s14, s13, s14
20000392:	ee88 5a27 	vdiv.f32	s10, s16, s15
20000396:	ee08 0a90 	vmov	s17, r0
2000039a:	ee17 1a10 	vmov	r1, s14
2000039e:	4878      	ldr	r0, [pc, #480]	@ (20000580 <dsp_compute_coefficients+0x2b8>)
200003a0:	ed8d 5a00 	vstr	s10, [sp]
200003a4:	f005 ffa2 	bl	200062ec <__wrap_powf>
200003a8:	ed9d 5a00 	vldr	s10, [sp]
200003ac:	ee04 0a90 	vmov	s9, r0
200003b0:	9b01      	ldr	r3, [sp, #4]
200003b2:	2e04      	cmp	r6, #4
200003b4:	f200 80d0 	bhi.w	20000558 <dsp_compute_coefficients+0x290>
200003b8:	e8df f006 	tbb	[pc, r6]
200003bc:	203d7aad 	.word	0x203d7aad
200003c0:	03          	.byte	0x03
200003c1:	00          	.byte	0x00
200003c2:	eef7 4a00 	vmov.f32	s9, #112	@ 0x3f800000  1.0
200003c6:	eef6 6a00 	vmov.f32	s13, #96	@ 0x3f000000  0.5
200003ca:	ee78 7aa4 	vadd.f32	s15, s17, s9
200003ce:	ee35 4a24 	vadd.f32	s8, s10, s9
200003d2:	ee67 6aa6 	vmul.f32	s13, s15, s13
200003d6:	eec4 5a84 	vdiv.f32	s11, s9, s8
200003da:	eeb8 7a00 	vmov.f32	s14, #128	@ 0xc0000000 -2.0
200003de:	ee34 6ac5 	vsub.f32	s12, s9, s10
200003e2:	ee28 7a87 	vmul.f32	s14, s17, s14
200003e6:	ee66 6aa5 	vmul.f32	s13, s13, s11
200003ea:	ee67 7ae5 	vnmul.f32	s15, s15, s11
200003ee:	ee27 7a25 	vmul.f32	s14, s14, s11
200003f2:	ee26 6a25 	vmul.f32	s12, s12, s11
200003f6:	eef0 5a66 	vmov.f32	s11, s13
200003fa:	e79a      	b.n	20000332 <dsp_compute_coefficients+0x6a>
200003fc:	eef7 4a00 	vmov.f32	s9, #112	@ 0x3f800000  1.0
20000400:	eef6 6a00 	vmov.f32	s13, #96	@ 0x3f000000  0.5
20000404:	ee74 7ae8 	vsub.f32	s15, s9, s17
20000408:	ee35 4a24 	vadd.f32	s8, s10, s9
2000040c:	ee67 6aa6 	vmul.f32	s13, s15, s13
20000410:	eec4 5a84 	vdiv.f32	s11, s9, s8
20000414:	eeb8 7a00 	vmov.f32	s14, #128	@ 0xc0000000 -2.0
20000418:	ee34 6ac5 	vsub.f32	s12, s9, s10
2000041c:	ee28 7a87 	vmul.f32	s14, s17, s14
20000420:	ee66 6aa5 	vmul.f32	s13, s13, s11
20000424:	ee67 7aa5 	vmul.f32	s15, s15, s11
20000428:	ee27 7a25 	vmul.f32	s14, s14, s11
2000042c:	ee26 6a25 	vmul.f32	s12, s12, s11
20000430:	eef0 5a66 	vmov.f32	s11, s13
20000434:	e77d      	b.n	20000332 <dsp_compute_coefficients+0x6a>
20000436:	eef7 3a00 	vmov.f32	s7, #112	@ 0x3f800000  1.0
2000043a:	ee74 6aa3 	vadd.f32	s13, s9, s7
2000043e:	ee34 7ae3 	vsub.f32	s14, s9, s7
20000442:	eef0 5a66 	vmov.f32	s11, s13
20000446:	eeb0 6a66 	vmov.f32	s12, s13
2000044a:	eee8 5a87 	vfma.f32	s11, s17, s14
2000044e:	eea8 6ac7 	vfms.f32	s12, s17, s14
20000452:	eef0 7a47 	vmov.f32	s15, s14
20000456:	eeb1 4ae4 	vsqrt.f32	s8, s9
2000045a:	eee8 7aa6 	vfma.f32	s15, s17, s13
2000045e:	ee34 4a04 	vadd.f32	s8, s8, s8
20000462:	eea8 7ae6 	vfms.f32	s14, s17, s13
20000466:	eef0 2a46 	vmov.f32	s5, s12
2000046a:	eef0 6a65 	vmov.f32	s13, s11
2000046e:	eeb8 3a00 	vmov.f32	s6, #128	@ 0xc0000000 -2.0
20000472:	eee4 6a05 	vfma.f32	s13, s8, s10
20000476:	eee4 5a45 	vfms.f32	s11, s8, s10
2000047a:	ee24 3a83 	vmul.f32	s6, s9, s6
2000047e:	eee4 2a05 	vfma.f32	s5, s8, s10
20000482:	eea4 6a45 	vfms.f32	s12, s8, s10
20000486:	ee67 7a83 	vmul.f32	s15, s15, s6
2000048a:	ee37 7a07 	vadd.f32	s14, s14, s14
2000048e:	ee66 6aa4 	vmul.f32	s13, s13, s9
20000492:	ee65 5aa4 	vmul.f32	s11, s11, s9
20000496:	ee83 5aa2 	vdiv.f32	s10, s7, s5
2000049a:	ee66 6a85 	vmul.f32	s13, s13, s10
2000049e:	ee67 7a85 	vmul.f32	s15, s15, s10
200004a2:	ee65 5a25 	vmul.f32	s11, s10, s11
200004a6:	ee25 7a07 	vmul.f32	s14, s10, s14
200004aa:	ee26 6a05 	vmul.f32	s12, s12, s10
200004ae:	e740      	b.n	20000332 <dsp_compute_coefficients+0x6a>
200004b0:	eef7 3a00 	vmov.f32	s7, #112	@ 0x3f800000  1.0
200004b4:	ee74 6aa3 	vadd.f32	s13, s9, s7
200004b8:	ee34 7ae3 	vsub.f32	s14, s9, s7
200004bc:	eef0 5a66 	vmov.f32	s11, s13
200004c0:	eeb0 6a66 	vmov.f32	s12, s13
200004c4:	eee8 5ac7 	vfms.f32	s11, s17, s14
200004c8:	eea8 6a87 	vfma.f32	s12, s17, s14
200004cc:	eef0 7a47 	vmov.f32	s15, s14
200004d0:	eeb1 4ae4 	vsqrt.f32	s8, s9
200004d4:	eee8 7ae6 	vfms.f32	s15, s17, s13
200004d8:	ee34 4a04 	vadd.f32	s8, s8, s8
200004dc:	eea8 7aa6 	vfma.f32	s14, s17, s13
200004e0:	eeb0 3a46 	vmov.f32	s6, s12
200004e4:	eef0 6a65 	vmov.f32	s13, s11
200004e8:	ee34 2aa4 	vadd.f32	s4, s9, s9
200004ec:	eee4 6a05 	vfma.f32	s13, s8, s10
200004f0:	eee4 5a45 	vfms.f32	s11, s8, s10
200004f4:	eef8 2a00 	vmov.f32	s5, #128	@ 0xc0000000 -2.0
200004f8:	eea4 3a05 	vfma.f32	s6, s8, s10
200004fc:	eea4 6a45 	vfms.f32	s12, s8, s10
20000500:	ee67 7a82 	vmul.f32	s15, s15, s4
20000504:	ee27 7a22 	vmul.f32	s14, s14, s5
20000508:	ee66 6aa4 	vmul.f32	s13, s13, s9
2000050c:	ee65 5aa4 	vmul.f32	s11, s11, s9
20000510:	ee83 5a83 	vdiv.f32	s10, s7, s6
20000514:	e7c1      	b.n	2000049a <dsp_compute_coefficients+0x1d2>
20000516:	eeb7 7a00 	vmov.f32	s14, #112	@ 0x3f800000  1.0
2000051a:	ee85 6a24 	vdiv.f32	s12, s10, s9
2000051e:	eef0 6a47 	vmov.f32	s13, s14
20000522:	ee36 4a07 	vadd.f32	s8, s12, s14
20000526:	eef0 5a47 	vmov.f32	s11, s14
2000052a:	eef8 7a00 	vmov.f32	s15, #128	@ 0xc0000000 -2.0
2000052e:	eee5 6a24 	vfma.f32	s13, s10, s9
20000532:	eee5 5a64 	vfms.f32	s11, s10, s9
20000536:	ee68 7aa7 	vmul.f32	s15, s17, s15
2000053a:	ee87 5a04 	vdiv.f32	s10, s14, s8
2000053e:	ee37 6a46 	vsub.f32	s12, s14, s12
20000542:	ee67 7a85 	vmul.f32	s15, s15, s10
20000546:	ee66 6a85 	vmul.f32	s13, s13, s10
2000054a:	ee65 5a85 	vmul.f32	s11, s11, s10
2000054e:	ee26 6a05 	vmul.f32	s12, s12, s10
20000552:	eeb0 7a67 	vmov.f32	s14, s15
20000556:	e6ec      	b.n	20000332 <dsp_compute_coefficients+0x6a>
20000558:	ed9f 6a06 	vldr	s12, [pc, #24]	@ 20000574 <dsp_compute_coefficients+0x2ac>
2000055c:	eef7 6a00 	vmov.f32	s13, #112	@ 0x3f800000  1.0
20000560:	eeb0 7a46 	vmov.f32	s14, s12
20000564:	eef0 5a46 	vmov.f32	s11, s12
20000568:	eef0 7a46 	vmov.f32	s15, s12
2000056c:	e6e1      	b.n	20000332 <dsp_compute_coefficients+0x6a>
2000056e:	bf00      	nop
20000570:	3c23d70a 	.word	0x3c23d70a
20000574:	00000000 	.word	0x00000000
20000578:	40c90fdb 	.word	0x40c90fdb
2000057c:	42200000 	.word	0x42200000
20000580:	41200000 	.word	0x41200000

20000584 <dsp_init_default_filters>:
20000584:	e92d 4ff0 	stmdb	sp!, {r4, r5, r6, r7, r8, r9, sl, fp, lr}
20000588:	f44f 52c6 	mov.w	r2, #6336	@ 0x18c0
2000058c:	b093      	sub	sp, #76	@ 0x4c
2000058e:	2100      	movs	r1, #0
20000590:	48a6      	ldr	r0, [pc, #664]	@ (2000082c <dsp_init_default_filters+0x2a8>)
20000592:	f00b f823 	bl	2000b5dc <memset>
20000596:	222c      	movs	r2, #44	@ 0x2c
20000598:	2100      	movs	r1, #0
2000059a:	48a5      	ldr	r0, [pc, #660]	@ (20000830 <dsp_init_default_filters+0x2ac>)
2000059c:	f00b f81e 	bl	2000b5dc <memset>
200005a0:	2300      	movs	r3, #0
200005a2:	2001      	movs	r0, #1
200005a4:	eef7 7a00 	vmov.f32	s15, #112	@ 0x3f800000  1.0
200005a8:	f04f 0a00 	mov.w	sl, #0
200005ac:	469e      	mov	lr, r3
200005ae:	4aa1      	ldr	r2, [pc, #644]	@ (20000834 <dsp_init_default_filters+0x2b0>)
200005b0:	f8df c294 	ldr.w	ip, [pc, #660]	@ 20000848 <dsp_init_default_filters+0x2c4>
200005b4:	f8df b294 	ldr.w	fp, [pc, #660]	@ 2000084c <dsp_init_default_filters+0x2c8>
200005b8:	f8df 8270 	ldr.w	r8, [pc, #624]	@ 2000082c <dsp_init_default_filters+0x2a8>
200005bc:	f8df 9278 	ldr.w	r9, [pc, #632]	@ 20000838 <dsp_init_default_filters+0x2b4>
200005c0:	9301      	str	r3, [sp, #4]
200005c2:	9202      	str	r2, [sp, #8]
200005c4:	4667      	mov	r7, ip
200005c6:	9c01      	ldr	r4, [sp, #4]
200005c8:	4d9b      	ldr	r5, [pc, #620]	@ (20000838 <dsp_init_default_filters+0x2b4>)
200005ca:	eb04 0144 	add.w	r1, r4, r4, lsl #1
200005ce:	eb05 1181 	add.w	r1, r5, r1, lsl #6
200005d2:	f889 e002 	strb.w	lr, [r9, #2]
200005d6:	f8c1 c004 	str.w	ip, [r1, #4]
200005da:	f8c1 b008 	str.w	fp, [r1, #8]
200005de:	f8c1 a00c 	str.w	sl, [r1, #12]
200005e2:	f889 e012 	strb.w	lr, [r9, #18]
200005e6:	614f      	str	r7, [r1, #20]
200005e8:	465f      	mov	r7, fp
200005ea:	f8cd b00c 	str.w	fp, [sp, #12]
200005ee:	9a03      	ldr	r2, [sp, #12]
200005f0:	9b02      	ldr	r3, [sp, #8]
200005f2:	f8cd a010 	str.w	sl, [sp, #16]
200005f6:	f8c1 b018 	str.w	fp, [r1, #24]
200005fa:	f8c1 a01c 	str.w	sl, [r1, #28]
200005fe:	f889 e022 	strb.w	lr, [r9, #34]	@ 0x22
20000602:	628a      	str	r2, [r1, #40]	@ 0x28
20000604:	9a04      	ldr	r2, [sp, #16]
20000606:	f803 0b01 	strb.w	r0, [r3], #1
2000060a:	3401      	adds	r4, #1
2000060c:	edc8 7a00 	vstr	s15, [r8]
20000610:	edc8 7a0c 	vstr	s15, [r8, #48]	@ 0x30
20000614:	edc8 7a18 	vstr	s15, [r8, #96]	@ 0x60
20000618:	edc8 7a24 	vstr	s15, [r8, #144]	@ 0x90
2000061c:	edc8 7a30 	vstr	s15, [r8, #192]	@ 0xc0
20000620:	f888 0028 	strb.w	r0, [r8, #40]	@ 0x28
20000624:	f888 0058 	strb.w	r0, [r8, #88]	@ 0x58
20000628:	f888 0088 	strb.w	r0, [r8, #136]	@ 0x88
2000062c:	f888 00b8 	strb.w	r0, [r8, #184]	@ 0xb8
20000630:	f888 00e8 	strb.w	r0, [r8, #232]	@ 0xe8
20000634:	f888 0118 	strb.w	r0, [r8, #280]	@ 0x118
20000638:	9401      	str	r4, [sp, #4]
2000063a:	9302      	str	r3, [sp, #8]
2000063c:	f8c1 c024 	str.w	ip, [r1, #36]	@ 0x24
20000640:	62ca      	str	r2, [r1, #44]	@ 0x2c
20000642:	f889 e032 	strb.w	lr, [r9, #50]	@ 0x32
20000646:	f8cd c00c 	str.w	ip, [sp, #12]
2000064a:	9b03      	ldr	r3, [sp, #12]
2000064c:	f8c1 c034 	str.w	ip, [r1, #52]	@ 0x34
20000650:	f8c1 a03c 	str.w	sl, [r1, #60]	@ 0x3c
20000654:	f8c1 b038 	str.w	fp, [r1, #56]	@ 0x38
20000658:	f889 e042 	strb.w	lr, [r9, #66]	@ 0x42
2000065c:	f8c1 b048 	str.w	fp, [r1, #72]	@ 0x48
20000660:	f8c1 c044 	str.w	ip, [r1, #68]	@ 0x44
20000664:	f8c1 a04c 	str.w	sl, [r1, #76]	@ 0x4c
20000668:	f889 e052 	strb.w	lr, [r9, #82]	@ 0x52
2000066c:	654b      	str	r3, [r1, #84]	@ 0x54
2000066e:	9b04      	ldr	r3, [sp, #16]
20000670:	f8cd b014 	str.w	fp, [sp, #20]
20000674:	658f      	str	r7, [r1, #88]	@ 0x58
20000676:	f8c1 a05c 	str.w	sl, [r1, #92]	@ 0x5c
2000067a:	f889 e062 	strb.w	lr, [r9, #98]	@ 0x62
2000067e:	66cb      	str	r3, [r1, #108]	@ 0x6c
20000680:	9b05      	ldr	r3, [sp, #20]
20000682:	f8cd a018 	str.w	sl, [sp, #24]
20000686:	f8c1 c064 	str.w	ip, [r1, #100]	@ 0x64
2000068a:	f8c1 b068 	str.w	fp, [r1, #104]	@ 0x68
2000068e:	f889 e072 	strb.w	lr, [r9, #114]	@ 0x72
20000692:	678b      	str	r3, [r1, #120]	@ 0x78
20000694:	9b06      	ldr	r3, [sp, #24]
20000696:	edc8 7a3c 	vstr	s15, [r8, #240]	@ 0xf0
2000069a:	edc8 7a48 	vstr	s15, [r8, #288]	@ 0x120
2000069e:	edc8 7a54 	vstr	s15, [r8, #336]	@ 0x150
200006a2:	67cb      	str	r3, [r1, #124]	@ 0x7c
200006a4:	f8cd c01c 	str.w	ip, [sp, #28]
200006a8:	f8cd b020 	str.w	fp, [sp, #32]
200006ac:	f8cd a024 	str.w	sl, [sp, #36]	@ 0x24
200006b0:	f8c1 c074 	str.w	ip, [r1, #116]	@ 0x74
200006b4:	edc8 7a60 	vstr	s15, [r8, #384]	@ 0x180
200006b8:	9b07      	ldr	r3, [sp, #28]
200006ba:	f889 e082 	strb.w	lr, [r9, #130]	@ 0x82
200006be:	f8c1 3084 	str.w	r3, [r1, #132]	@ 0x84
200006c2:	9b08      	ldr	r3, [sp, #32]
200006c4:	9c01      	ldr	r4, [sp, #4]
200006c6:	f8c1 3088 	str.w	r3, [r1, #136]	@ 0x88
200006ca:	9b09      	ldr	r3, [sp, #36]	@ 0x24
200006cc:	9d03      	ldr	r5, [sp, #12]
200006ce:	edc8 7a6c 	vstr	s15, [r8, #432]	@ 0x1b0
200006d2:	edc8 7a78 	vstr	s15, [r8, #480]	@ 0x1e0
200006d6:	f8c1 308c 	str.w	r3, [r1, #140]	@ 0x8c
200006da:	f888 0148 	strb.w	r0, [r8, #328]	@ 0x148
200006de:	f889 e092 	strb.w	lr, [r9, #146]	@ 0x92
200006e2:	f888 0178 	strb.w	r0, [r8, #376]	@ 0x178
200006e6:	f888 01a8 	strb.w	r0, [r8, #424]	@ 0x1a8
200006ea:	f888 01d8 	strb.w	r0, [r8, #472]	@ 0x1d8
200006ee:	f888 0208 	strb.w	r0, [r8, #520]	@ 0x208
200006f2:	f109 09c0 	add.w	r9, r9, #192	@ 0xc0
200006f6:	2c0b      	cmp	r4, #11
200006f8:	f8c1 b098 	str.w	fp, [r1, #152]	@ 0x98
200006fc:	f8c1 c094 	str.w	ip, [r1, #148]	@ 0x94
20000700:	f508 7810 	add.w	r8, r8, #576	@ 0x240
20000704:	f8c1 a09c 	str.w	sl, [r1, #156]	@ 0x9c
20000708:	f808 0c08 	strb.w	r0, [r8, #-8]
2000070c:	f809 ec1e 	strb.w	lr, [r9, #-30]
20000710:	ed48 7a0c 	vstr	s15, [r8, #-48]	@ 0xffffffd0
20000714:	f8c1 c0a4 	str.w	ip, [r1, #164]	@ 0xa4
20000718:	f8c1 b0a8 	str.w	fp, [r1, #168]	@ 0xa8
2000071c:	f8c1 a0ac 	str.w	sl, [r1, #172]	@ 0xac
20000720:	f809 ec0e 	strb.w	lr, [r9, #-14]
20000724:	f8c1 50b4 	str.w	r5, [r1, #180]	@ 0xb4
20000728:	f8c1 b0b8 	str.w	fp, [r1, #184]	@ 0xb8
2000072c:	f8c1 a0bc 	str.w	sl, [r1, #188]	@ 0xbc
20000730:	f47f af48 	bne.w	200005c4 <dsp_init_default_filters+0x40>
20000734:	ed9f 7a41 	vldr	s14, [pc, #260]	@ 2000083c <dsp_init_default_filters+0x2b8>
20000738:	eddf 7a41 	vldr	s15, [pc, #260]	@ 20000840 <dsp_init_default_filters+0x2bc>
2000073c:	ad0a      	add	r5, sp, #40	@ 0x28
2000073e:	2305      	movs	r3, #5
20000740:	ed8d 7a0b 	vstr	s14, [sp, #44]	@ 0x2c
20000744:	edcd 7a0c 	vstr	s15, [sp, #48]	@ 0x30
20000748:	46ab      	mov	fp, r5
2000074a:	46aa      	mov	sl, r5
2000074c:	46a9      	mov	r9, r5
2000074e:	46a8      	mov	r8, r5
20000750:	462e      	mov	r6, r5
20000752:	46ac      	mov	ip, r5
20000754:	462f      	mov	r7, r5
20000756:	4c3b      	ldr	r4, [pc, #236]	@ (20000844 <dsp_init_default_filters+0x2c0>)
20000758:	f8cd e028 	str.w	lr, [sp, #40]	@ 0x28
2000075c:	f8cd e034 	str.w	lr, [sp, #52]	@ 0x34
20000760:	f88d 302a 	strb.w	r3, [sp, #42]	@ 0x2a
20000764:	ab0e      	add	r3, sp, #56	@ 0x38
20000766:	9301      	str	r3, [sp, #4]
20000768:	cd0f      	ldmia	r5!, {r0, r1, r2, r3}
2000076a:	6020      	str	r0, [r4, #0]
2000076c:	6061      	str	r1, [r4, #4]
2000076e:	60a2      	str	r2, [r4, #8]
20000770:	60e3      	str	r3, [r4, #12]
20000772:	e8bb 000f 	ldmia.w	fp!, {r0, r1, r2, r3}
20000776:	f8c4 00c0 	str.w	r0, [r4, #192]	@ 0xc0
2000077a:	f8c4 10c4 	str.w	r1, [r4, #196]	@ 0xc4
2000077e:	f8c4 20c8 	str.w	r2, [r4, #200]	@ 0xc8
20000782:	f8c4 30cc 	str.w	r3, [r4, #204]	@ 0xcc
20000786:	e8ba 000f 	ldmia.w	sl!, {r0, r1, r2, r3}
2000078a:	f8c4 0180 	str.w	r0, [r4, #384]	@ 0x180
2000078e:	f8c4 1184 	str.w	r1, [r4, #388]	@ 0x184
20000792:	f8c4 2188 	str.w	r2, [r4, #392]	@ 0x188
20000796:	f8c4 318c 	str.w	r3, [r4, #396]	@ 0x18c
2000079a:	e8b9 000f 	ldmia.w	r9!, {r0, r1, r2, r3}
2000079e:	f8c4 0240 	str.w	r0, [r4, #576]	@ 0x240
200007a2:	f8c4 1244 	str.w	r1, [r4, #580]	@ 0x244
200007a6:	f8c4 2248 	str.w	r2, [r4, #584]	@ 0x248
200007aa:	f8c4 324c 	str.w	r3, [r4, #588]	@ 0x24c
200007ae:	e8b8 000f 	ldmia.w	r8!, {r0, r1, r2, r3}
200007b2:	f8c4 0300 	str.w	r0, [r4, #768]	@ 0x300
200007b6:	f8c4 1304 	str.w	r1, [r4, #772]	@ 0x304
200007ba:	f8c4 2308 	str.w	r2, [r4, #776]	@ 0x308
200007be:	f8c4 330c 	str.w	r3, [r4, #780]	@ 0x30c
200007c2:	ce0f      	ldmia	r6!, {r0, r1, r2, r3}
200007c4:	f8c4 03c0 	str.w	r0, [r4, #960]	@ 0x3c0
200007c8:	f8c4 13c4 	str.w	r1, [r4, #964]	@ 0x3c4
200007cc:	f8c4 23c8 	str.w	r2, [r4, #968]	@ 0x3c8
200007d0:	f8c4 33cc 	str.w	r3, [r4, #972]	@ 0x3cc
200007d4:	e8bc 000f 	ldmia.w	ip!, {r0, r1, r2, r3}
200007d8:	f8c4 0480 	str.w	r0, [r4, #1152]	@ 0x480
200007dc:	f8c4 1484 	str.w	r1, [r4, #1156]	@ 0x484
200007e0:	f8c4 2488 	str.w	r2, [r4, #1160]	@ 0x488
200007e4:	f8c4 348c 	str.w	r3, [r4, #1164]	@ 0x48c
200007e8:	cf0f      	ldmia	r7!, {r0, r1, r2, r3}
200007ea:	f8c4 354c 	str.w	r3, [r4, #1356]	@ 0x54c
200007ee:	f04f 0304 	mov.w	r3, #4
200007f2:	ed8d 7a0f 	vstr	s14, [sp, #60]	@ 0x3c
200007f6:	edcd 7a10 	vstr	s15, [sp, #64]	@ 0x40
200007fa:	f8cd e038 	str.w	lr, [sp, #56]	@ 0x38
200007fe:	f8cd e044 	str.w	lr, [sp, #68]	@ 0x44
20000802:	f88d 303a 	strb.w	r3, [sp, #58]	@ 0x3a
20000806:	f8c4 0540 	str.w	r0, [r4, #1344]	@ 0x540
2000080a:	f8c4 1544 	str.w	r1, [r4, #1348]	@ 0x544
2000080e:	f8c4 2548 	str.w	r2, [r4, #1352]	@ 0x548
20000812:	ce0f      	ldmia	r6!, {r0, r1, r2, r3}
20000814:	f8c4 0600 	str.w	r0, [r4, #1536]	@ 0x600
20000818:	f8c4 1604 	str.w	r1, [r4, #1540]	@ 0x604
2000081c:	f8c4 2608 	str.w	r2, [r4, #1544]	@ 0x608
20000820:	f8c4 360c 	str.w	r3, [r4, #1548]	@ 0x60c
20000824:	b013      	add	sp, #76	@ 0x4c
20000826:	e8bd 8ff0 	ldmia.w	sp!, {r4, r5, r6, r7, r8, r9, sl, fp, pc}
2000082a:	bf00      	nop
2000082c:	20015f50 	.word	0x20015f50
20000830:	2001489c 	.word	0x2001489c
20000834:	20015f40 	.word	0x20015f40
20000838:	20017810 	.word	0x20017810
2000083c:	42a00000 	.word	0x42a00000
20000840:	3f34fdf4 	.word	0x3f34fdf4
20000844:	20017990 	.word	0x20017990
20000848:	447a0000 	.word	0x447a0000
2000084c:	3f34fdf4 	.word	0x3f34fdf4

20000850 <dsp_update_delay_samples>:
20000850:	4b94      	ldr	r3, [pc, #592]	@ (20000aa4 <dsp_update_delay_samples+0x254>)
20000852:	ee07 0a90 	vmov	s15, r0
20000856:	edd3 6a02 	vldr	s13, [r3, #8]
2000085a:	ed9f 6a93 	vldr	s12, [pc, #588]	@ 20000aa8 <dsp_update_delay_samples+0x258>
2000085e:	ee67 6aa6 	vmul.f32	s13, s15, s13
20000862:	ee86 7a86 	vdiv.f32	s14, s13, s12
20000866:	eebd 7ac7 	vcvt.s32.f32	s14, s14
2000086a:	ee17 1a10 	vmov	r1, s14
2000086e:	f04f 0c00 	mov.w	ip, #0
20000872:	488e      	ldr	r0, [pc, #568]	@ (20000aac <dsp_update_delay_samples+0x25c>)
20000874:	f5b1 5f00 	cmp.w	r1, #8192	@ 0x2000
20000878:	f880 c000 	strb.w	ip, [r0]
2000087c:	f340 80e0 	ble.w	20000a40 <dsp_update_delay_samples+0x1f0>
20000880:	f44f 5100 	mov.w	r1, #8192	@ 0x2000
20000884:	4a8a      	ldr	r2, [pc, #552]	@ (20000ab0 <dsp_update_delay_samples+0x260>)
20000886:	6011      	str	r1, [r2, #0]
20000888:	f04f 0c01 	mov.w	ip, #1
2000088c:	edd3 6a03 	vldr	s13, [r3, #12]
20000890:	ed9f 6a85 	vldr	s12, [pc, #532]	@ 20000aa8 <dsp_update_delay_samples+0x258>
20000894:	ee67 6aa6 	vmul.f32	s13, s15, s13
20000898:	ee86 7a86 	vdiv.f32	s14, s13, s12
2000089c:	eebd 7ac7 	vcvt.s32.f32	s14, s14
200008a0:	ee17 1a10 	vmov	r1, s14
200008a4:	f5b1 5f00 	cmp.w	r1, #8192	@ 0x2000
200008a8:	f340 80c3 	ble.w	20000a32 <dsp_update_delay_samples+0x1e2>
200008ac:	f44f 5100 	mov.w	r1, #8192	@ 0x2000
200008b0:	6051      	str	r1, [r2, #4]
200008b2:	f04f 0c01 	mov.w	ip, #1
200008b6:	edd3 6a04 	vldr	s13, [r3, #16]
200008ba:	ed9f 6a7b 	vldr	s12, [pc, #492]	@ 20000aa8 <dsp_update_delay_samples+0x258>
200008be:	ee67 6aa6 	vmul.f32	s13, s15, s13
200008c2:	ee86 7a86 	vdiv.f32	s14, s13, s12
200008c6:	eebd 7ac7 	vcvt.s32.f32	s14, s14
200008ca:	ee17 1a10 	vmov	r1, s14
200008ce:	f5b1 5f00 	cmp.w	r1, #8192	@ 0x2000
200008d2:	f340 80a7 	ble.w	20000a24 <dsp_update_delay_samples+0x1d4>
200008d6:	f44f 5100 	mov.w	r1, #8192	@ 0x2000
200008da:	6091      	str	r1, [r2, #8]
200008dc:	f04f 0c01 	mov.w	ip, #1
200008e0:	edd3 6a05 	vldr	s13, [r3, #20]
200008e4:	ed9f 6a70 	vldr	s12, [pc, #448]	@ 20000aa8 <dsp_update_delay_samples+0x258>
200008e8:	ee67 6aa6 	vmul.f32	s13, s15, s13
200008ec:	ee86 7a86 	vdiv.f32	s14, s13, s12
200008f0:	eebd 7ac7 	vcvt.s32.f32	s14, s14
200008f4:	ee17 1a10 	vmov	r1, s14
200008f8:	f5b1 5f00 	cmp.w	r1, #8192	@ 0x2000
200008fc:	f340 808b 	ble.w	20000a16 <dsp_update_delay_samples+0x1c6>
20000900:	f44f 5100 	mov.w	r1, #8192	@ 0x2000
20000904:	60d1      	str	r1, [r2, #12]
20000906:	f04f 0c01 	mov.w	ip, #1
2000090a:	edd3 6a06 	vldr	s13, [r3, #24]
2000090e:	ed9f 6a66 	vldr	s12, [pc, #408]	@ 20000aa8 <dsp_update_delay_samples+0x258>
20000912:	ee67 6aa6 	vmul.f32	s13, s15, s13
20000916:	ee86 7a86 	vdiv.f32	s14, s13, s12
2000091a:	eebd 7ac7 	vcvt.s32.f32	s14, s14
2000091e:	ee17 1a10 	vmov	r1, s14
20000922:	f5b1 5f00 	cmp.w	r1, #8192	@ 0x2000
20000926:	dd70      	ble.n	20000a0a <dsp_update_delay_samples+0x1ba>
20000928:	f44f 5100 	mov.w	r1, #8192	@ 0x2000
2000092c:	6111      	str	r1, [r2, #16]
2000092e:	f04f 0c01 	mov.w	ip, #1
20000932:	edd3 6a07 	vldr	s13, [r3, #28]
20000936:	ed9f 6a5c 	vldr	s12, [pc, #368]	@ 20000aa8 <dsp_update_delay_samples+0x258>
2000093a:	ee67 6aa6 	vmul.f32	s13, s15, s13
2000093e:	ee86 7a86 	vdiv.f32	s14, s13, s12
20000942:	eebd 7ac7 	vcvt.s32.f32	s14, s14
20000946:	ee17 1a10 	vmov	r1, s14
2000094a:	f5b1 5f00 	cmp.w	r1, #8192	@ 0x2000
2000094e:	dd56      	ble.n	200009fe <dsp_update_delay_samples+0x1ae>
20000950:	f44f 5100 	mov.w	r1, #8192	@ 0x2000
20000954:	6151      	str	r1, [r2, #20]
20000956:	f04f 0c01 	mov.w	ip, #1
2000095a:	edd3 6a08 	vldr	s13, [r3, #32]
2000095e:	ed9f 6a52 	vldr	s12, [pc, #328]	@ 20000aa8 <dsp_update_delay_samples+0x258>
20000962:	ee67 6aa6 	vmul.f32	s13, s15, s13
20000966:	ee86 7a86 	vdiv.f32	s14, s13, s12
2000096a:	eebd 7ac7 	vcvt.s32.f32	s14, s14
2000096e:	ee17 1a10 	vmov	r1, s14
20000972:	f5b1 5f00 	cmp.w	r1, #8192	@ 0x2000
20000976:	dd36      	ble.n	200009e6 <dsp_update_delay_samples+0x196>
20000978:	f44f 5100 	mov.w	r1, #8192	@ 0x2000
2000097c:	6191      	str	r1, [r2, #24]
2000097e:	f04f 0c01 	mov.w	ip, #1
20000982:	edd3 6a09 	vldr	s13, [r3, #36]	@ 0x24
20000986:	ed9f 6a48 	vldr	s12, [pc, #288]	@ 20000aa8 <dsp_update_delay_samples+0x258>
2000098a:	ee67 6aa6 	vmul.f32	s13, s15, s13
2000098e:	ee86 7a86 	vdiv.f32	s14, s13, s12
20000992:	eebd 7ac7 	vcvt.s32.f32	s14, s14
20000996:	ee17 1a10 	vmov	r1, s14
2000099a:	f5b1 5f00 	cmp.w	r1, #8192	@ 0x2000
2000099e:	dc28      	bgt.n	200009f2 <dsp_update_delay_samples+0x1a2>
200009a0:	2900      	cmp	r1, #0
200009a2:	db5a      	blt.n	20000a5a <dsp_update_delay_samples+0x20a>
200009a4:	ed82 7a07 	vstr	s14, [r2, #28]
200009a8:	d126      	bne.n	200009f8 <dsp_update_delay_samples+0x1a8>
200009aa:	eddf 5a42 	vldr	s11, [pc, #264]	@ 20000ab4 <dsp_update_delay_samples+0x264>
200009ae:	eddf 6a3e 	vldr	s13, [pc, #248]	@ 20000aa8 <dsp_update_delay_samples+0x258>
200009b2:	ed93 7a0a 	vldr	s14, [r3, #40]	@ 0x28
200009b6:	ee85 6aa7 	vdiv.f32	s12, s11, s15
200009ba:	eea6 7a26 	vfma.f32	s14, s12, s13
200009be:	ee67 7a27 	vmul.f32	s15, s14, s15
200009c2:	ee87 7aa6 	vdiv.f32	s14, s15, s13
200009c6:	eefd 7ac7 	vcvt.s32.f32	s15, s14
200009ca:	ee17 3a90 	vmov	r3, s15
200009ce:	f5b3 5f00 	cmp.w	r3, #8192	@ 0x2000
200009d2:	dc60      	bgt.n	20000a96 <dsp_update_delay_samples+0x246>
200009d4:	2b00      	cmp	r3, #0
200009d6:	db4f      	blt.n	20000a78 <dsp_update_delay_samples+0x228>
200009d8:	edc2 7a08 	vstr	s15, [r2, #32]
200009dc:	d151      	bne.n	20000a82 <dsp_update_delay_samples+0x232>
200009de:	f1bc 0f00 	cmp.w	ip, #0
200009e2:	d14e      	bne.n	20000a82 <dsp_update_delay_samples+0x232>
200009e4:	4770      	bx	lr
200009e6:	2900      	cmp	r1, #0
200009e8:	db34      	blt.n	20000a54 <dsp_update_delay_samples+0x204>
200009ea:	ed82 7a06 	vstr	s14, [r2, #24]
200009ee:	d0c8      	beq.n	20000982 <dsp_update_delay_samples+0x132>
200009f0:	e7c5      	b.n	2000097e <dsp_update_delay_samples+0x12e>
200009f2:	f44f 5100 	mov.w	r1, #8192	@ 0x2000
200009f6:	61d1      	str	r1, [r2, #28]
200009f8:	f04f 0c01 	mov.w	ip, #1
200009fc:	e7d5      	b.n	200009aa <dsp_update_delay_samples+0x15a>
200009fe:	2900      	cmp	r1, #0
20000a00:	db37      	blt.n	20000a72 <dsp_update_delay_samples+0x222>
20000a02:	ed82 7a05 	vstr	s14, [r2, #20]
20000a06:	d0a8      	beq.n	2000095a <dsp_update_delay_samples+0x10a>
20000a08:	e7a5      	b.n	20000956 <dsp_update_delay_samples+0x106>
20000a0a:	2900      	cmp	r1, #0
20000a0c:	db2b      	blt.n	20000a66 <dsp_update_delay_samples+0x216>
20000a0e:	ed82 7a04 	vstr	s14, [r2, #16]
20000a12:	d08e      	beq.n	20000932 <dsp_update_delay_samples+0xe2>
20000a14:	e78b      	b.n	2000092e <dsp_update_delay_samples+0xde>
20000a16:	2900      	cmp	r1, #0
20000a18:	db28      	blt.n	20000a6c <dsp_update_delay_samples+0x21c>
20000a1a:	ed82 7a03 	vstr	s14, [r2, #12]
20000a1e:	f43f af74 	beq.w	2000090a <dsp_update_delay_samples+0xba>
20000a22:	e770      	b.n	20000906 <dsp_update_delay_samples+0xb6>
20000a24:	2900      	cmp	r1, #0
20000a26:	db1b      	blt.n	20000a60 <dsp_update_delay_samples+0x210>
20000a28:	ed82 7a02 	vstr	s14, [r2, #8]
20000a2c:	f43f af58 	beq.w	200008e0 <dsp_update_delay_samples+0x90>
20000a30:	e754      	b.n	200008dc <dsp_update_delay_samples+0x8c>
20000a32:	2900      	cmp	r1, #0
20000a34:	db2c      	blt.n	20000a90 <dsp_update_delay_samples+0x240>
20000a36:	ed82 7a01 	vstr	s14, [r2, #4]
20000a3a:	f43f af3c 	beq.w	200008b6 <dsp_update_delay_samples+0x66>
20000a3e:	e738      	b.n	200008b2 <dsp_update_delay_samples+0x62>
20000a40:	2900      	cmp	r1, #0
20000a42:	db21      	blt.n	20000a88 <dsp_update_delay_samples+0x238>
20000a44:	4a1a      	ldr	r2, [pc, #104]	@ (20000ab0 <dsp_update_delay_samples+0x260>)
20000a46:	ed82 7a00 	vstr	s14, [r2]
20000a4a:	f47f af1d 	bne.w	20000888 <dsp_update_delay_samples+0x38>
20000a4e:	f04f 0c00 	mov.w	ip, #0
20000a52:	e71b      	b.n	2000088c <dsp_update_delay_samples+0x3c>
20000a54:	2100      	movs	r1, #0
20000a56:	6191      	str	r1, [r2, #24]
20000a58:	e793      	b.n	20000982 <dsp_update_delay_samples+0x132>
20000a5a:	2100      	movs	r1, #0
20000a5c:	61d1      	str	r1, [r2, #28]
20000a5e:	e7a4      	b.n	200009aa <dsp_update_delay_samples+0x15a>
20000a60:	2100      	movs	r1, #0
20000a62:	6091      	str	r1, [r2, #8]
20000a64:	e73c      	b.n	200008e0 <dsp_update_delay_samples+0x90>
20000a66:	2100      	movs	r1, #0
20000a68:	6111      	str	r1, [r2, #16]
20000a6a:	e762      	b.n	20000932 <dsp_update_delay_samples+0xe2>
20000a6c:	2100      	movs	r1, #0
20000a6e:	60d1      	str	r1, [r2, #12]
20000a70:	e74b      	b.n	2000090a <dsp_update_delay_samples+0xba>
20000a72:	2100      	movs	r1, #0
20000a74:	6151      	str	r1, [r2, #20]
20000a76:	e770      	b.n	2000095a <dsp_update_delay_samples+0x10a>
20000a78:	2300      	movs	r3, #0
20000a7a:	6213      	str	r3, [r2, #32]
20000a7c:	f1bc 0f00 	cmp.w	ip, #0
20000a80:	d0b0      	beq.n	200009e4 <dsp_update_delay_samples+0x194>
20000a82:	2301      	movs	r3, #1
20000a84:	7003      	strb	r3, [r0, #0]
20000a86:	4770      	bx	lr
20000a88:	4a09      	ldr	r2, [pc, #36]	@ (20000ab0 <dsp_update_delay_samples+0x260>)
20000a8a:	f8c2 c000 	str.w	ip, [r2]
20000a8e:	e7de      	b.n	20000a4e <dsp_update_delay_samples+0x1fe>
20000a90:	2100      	movs	r1, #0
20000a92:	6051      	str	r1, [r2, #4]
20000a94:	e70f      	b.n	200008b6 <dsp_update_delay_samples+0x66>
20000a96:	f44f 5300 	mov.w	r3, #8192	@ 0x2000
20000a9a:	6213      	str	r3, [r2, #32]
20000a9c:	2301      	movs	r3, #1
20000a9e:	7003      	strb	r3, [r0, #0]
20000aa0:	e7f1      	b.n	20000a86 <dsp_update_delay_samples+0x236>
20000aa2:	bf00      	nop
20000aa4:	2001489c 	.word	0x2001489c
20000aa8:	447a0000 	.word	0x447a0000
20000aac:	20015f29 	.word	0x20015f29
20000ab0:	20014878 	.word	0x20014878
20000ab4:	44000000 	.word	0x44000000

20000ab8 <dsp_recalculate_all_filters>:
20000ab8:	e92d 4ff0 	stmdb	sp!, {r4, r5, r6, r7, r8, r9, sl, fp, lr}
20000abc:	4bc2      	ldr	r3, [pc, #776]	@ (20000dc8 <dsp_recalculate_all_filters+0x310>)
20000abe:	ed2d 8b08 	vpush	{d8-d11}
20000ac2:	ed93 7a02 	vldr	s14, [r3, #8]
20000ac6:	ee09 0a90 	vmov	s19, r0
20000aca:	eddf 6ac0 	vldr	s13, [pc, #768]	@ 20000dcc <dsp_recalculate_all_filters+0x314>
20000ace:	ee29 7a87 	vmul.f32	s14, s19, s14
20000ad2:	eec7 7a26 	vdiv.f32	s15, s14, s13
20000ad6:	eefd 7ae7 	vcvt.s32.f32	s15, s15
20000ada:	ee17 1a90 	vmov	r1, s15
20000ade:	2400      	movs	r4, #0
20000ae0:	48bb      	ldr	r0, [pc, #748]	@ (20000dd0 <dsp_recalculate_all_filters+0x318>)
20000ae2:	f5b1 5f00 	cmp.w	r1, #8192	@ 0x2000
20000ae6:	b085      	sub	sp, #20
20000ae8:	7004      	strb	r4, [r0, #0]
20000aea:	f340 8234 	ble.w	20000f56 <dsp_recalculate_all_filters+0x49e>
20000aee:	f44f 5100 	mov.w	r1, #8192	@ 0x2000
20000af2:	4ab8      	ldr	r2, [pc, #736]	@ (20000dd4 <dsp_recalculate_all_filters+0x31c>)
20000af4:	6011      	str	r1, [r2, #0]
20000af6:	2401      	movs	r4, #1
20000af8:	ed93 7a03 	vldr	s14, [r3, #12]
20000afc:	eddf 6ab3 	vldr	s13, [pc, #716]	@ 20000dcc <dsp_recalculate_all_filters+0x314>
20000b00:	ee29 7a87 	vmul.f32	s14, s19, s14
20000b04:	eec7 7a26 	vdiv.f32	s15, s14, s13
20000b08:	eefd 7ae7 	vcvt.s32.f32	s15, s15
20000b0c:	ee17 1a90 	vmov	r1, s15
20000b10:	f5b1 5f00 	cmp.w	r1, #8192	@ 0x2000
20000b14:	f340 820f 	ble.w	20000f36 <dsp_recalculate_all_filters+0x47e>
20000b18:	f44f 5100 	mov.w	r1, #8192	@ 0x2000
20000b1c:	6051      	str	r1, [r2, #4]
20000b1e:	2401      	movs	r4, #1
20000b20:	ed93 7a04 	vldr	s14, [r3, #16]
20000b24:	eddf 6aa9 	vldr	s13, [pc, #676]	@ 20000dcc <dsp_recalculate_all_filters+0x314>
20000b28:	ee29 7a87 	vmul.f32	s14, s19, s14
20000b2c:	eec7 7a26 	vdiv.f32	s15, s14, s13
20000b30:	eefd 7ae7 	vcvt.s32.f32	s15, s15
20000b34:	ee17 1a90 	vmov	r1, s15
20000b38:	f5b1 5f00 	cmp.w	r1, #8192	@ 0x2000
20000b3c:	f340 8203 	ble.w	20000f46 <dsp_recalculate_all_filters+0x48e>
20000b40:	f44f 5100 	mov.w	r1, #8192	@ 0x2000
20000b44:	6091      	str	r1, [r2, #8]
20000b46:	2401      	movs	r4, #1
20000b48:	ed93 7a05 	vldr	s14, [r3, #20]
20000b4c:	eddf 6a9f 	vldr	s13, [pc, #636]	@ 20000dcc <dsp_recalculate_all_filters+0x314>
20000b50:	ee29 7a87 	vmul.f32	s14, s19, s14
20000b54:	eec7 7a26 	vdiv.f32	s15, s14, s13
20000b58:	eefd 7ae7 	vcvt.s32.f32	s15, s15
20000b5c:	ee17 1a90 	vmov	r1, s15
20000b60:	f5b1 5f00 	cmp.w	r1, #8192	@ 0x2000
20000b64:	f340 81df 	ble.w	20000f26 <dsp_recalculate_all_filters+0x46e>
20000b68:	f44f 5100 	mov.w	r1, #8192	@ 0x2000
20000b6c:	60d1      	str	r1, [r2, #12]
20000b6e:	2401      	movs	r4, #1
20000b70:	ed93 7a06 	vldr	s14, [r3, #24]
20000b74:	eddf 6a95 	vldr	s13, [pc, #596]	@ 20000dcc <dsp_recalculate_all_filters+0x314>
20000b78:	ee29 7a87 	vmul.f32	s14, s19, s14
20000b7c:	eec7 7a26 	vdiv.f32	s15, s14, s13
20000b80:	eefd 7ae7 	vcvt.s32.f32	s15, s15
20000b84:	ee17 1a90 	vmov	r1, s15
20000b88:	f5b1 5f00 	cmp.w	r1, #8192	@ 0x2000
20000b8c:	f340 81bb 	ble.w	20000f06 <dsp_recalculate_all_filters+0x44e>
20000b90:	f44f 5100 	mov.w	r1, #8192	@ 0x2000
20000b94:	6111      	str	r1, [r2, #16]
20000b96:	2401      	movs	r4, #1
20000b98:	ed93 7a07 	vldr	s14, [r3, #28]
20000b9c:	eddf 6a8b 	vldr	s13, [pc, #556]	@ 20000dcc <dsp_recalculate_all_filters+0x314>
20000ba0:	ee29 7a87 	vmul.f32	s14, s19, s14
20000ba4:	eec7 7a26 	vdiv.f32	s15, s14, s13
20000ba8:	eefd 7ae7 	vcvt.s32.f32	s15, s15
20000bac:	ee17 1a90 	vmov	r1, s15
20000bb0:	f5b1 5f00 	cmp.w	r1, #8192	@ 0x2000
20000bb4:	f340 819f 	ble.w	20000ef6 <dsp_recalculate_all_filters+0x43e>
20000bb8:	f44f 5100 	mov.w	r1, #8192	@ 0x2000
20000bbc:	6151      	str	r1, [r2, #20]
20000bbe:	2401      	movs	r4, #1
20000bc0:	ed93 7a08 	vldr	s14, [r3, #32]
20000bc4:	eddf 6a81 	vldr	s13, [pc, #516]	@ 20000dcc <dsp_recalculate_all_filters+0x314>
20000bc8:	ee29 7a87 	vmul.f32	s14, s19, s14
20000bcc:	eec7 7a26 	vdiv.f32	s15, s14, s13
20000bd0:	eefd 7ae7 	vcvt.s32.f32	s15, s15
20000bd4:	ee17 1a90 	vmov	r1, s15
20000bd8:	f5b1 5f00 	cmp.w	r1, #8192	@ 0x2000
20000bdc:	f340 819b 	ble.w	20000f16 <dsp_recalculate_all_filters+0x45e>
20000be0:	f44f 5100 	mov.w	r1, #8192	@ 0x2000
20000be4:	6191      	str	r1, [r2, #24]
20000be6:	2401      	movs	r4, #1
20000be8:	ed93 7a09 	vldr	s14, [r3, #36]	@ 0x24
20000bec:	eddf 6a77 	vldr	s13, [pc, #476]	@ 20000dcc <dsp_recalculate_all_filters+0x314>
20000bf0:	ee29 7a87 	vmul.f32	s14, s19, s14
20000bf4:	eec7 7a26 	vdiv.f32	s15, s14, s13
20000bf8:	eefd 7ae7 	vcvt.s32.f32	s15, s15
20000bfc:	ee17 1a90 	vmov	r1, s15
20000c00:	f5b1 5f00 	cmp.w	r1, #8192	@ 0x2000
20000c04:	f300 8172 	bgt.w	20000eec <dsp_recalculate_all_filters+0x434>
20000c08:	2900      	cmp	r1, #0
20000c0a:	f2c0 82ed 	blt.w	200011e8 <dsp_recalculate_all_filters+0x730>
20000c0e:	edc2 7a07 	vstr	s15, [r2, #28]
20000c12:	f040 816e 	bne.w	20000ef2 <dsp_recalculate_all_filters+0x43a>
20000c16:	ed9f 6a70 	vldr	s12, [pc, #448]	@ 20000dd8 <dsp_recalculate_all_filters+0x320>
20000c1a:	eddf 6a6c 	vldr	s13, [pc, #432]	@ 20000dcc <dsp_recalculate_all_filters+0x314>
20000c1e:	edd3 7a0a 	vldr	s15, [r3, #40]	@ 0x28
20000c22:	ee86 7a29 	vdiv.f32	s14, s12, s19
20000c26:	eee7 7a26 	vfma.f32	s15, s14, s13
20000c2a:	ee67 7aa9 	vmul.f32	s15, s15, s19
20000c2e:	ee87 7aa6 	vdiv.f32	s14, s15, s13
20000c32:	eefd 7ac7 	vcvt.s32.f32	s15, s14
20000c36:	ee17 3a90 	vmov	r3, s15
20000c3a:	f5b3 5f00 	cmp.w	r3, #8192	@ 0x2000
20000c3e:	f300 80d3 	bgt.w	20000de8 <dsp_recalculate_all_filters+0x330>
20000c42:	2b00      	cmp	r3, #0
20000c44:	f2c0 82d6 	blt.w	200011f4 <dsp_recalculate_all_filters+0x73c>
20000c48:	edc2 7a08 	vstr	s15, [r2, #32]
20000c4c:	f040 80cf 	bne.w	20000dee <dsp_recalculate_all_filters+0x336>
20000c50:	2c00      	cmp	r4, #0
20000c52:	f040 80cc 	bne.w	20000dee <dsp_recalculate_all_filters+0x336>
20000c56:	eef5 9a40 	vcmp.f32	s19, #0.0
20000c5a:	eef1 fa10 	vmrs	APSR_nzcv, fpscr
20000c5e:	f040 80ce 	bne.w	20000dfe <dsp_recalculate_all_filters+0x346>
20000c62:	2001      	movs	r0, #1
20000c64:	f04f 547e 	mov.w	r4, #1065353216	@ 0x3f800000
20000c68:	2200      	movs	r2, #0
20000c6a:	4d5c      	ldr	r5, [pc, #368]	@ (20000ddc <dsp_recalculate_all_filters+0x324>)
20000c6c:	4e5c      	ldr	r6, [pc, #368]	@ (20000de0 <dsp_recalculate_all_filters+0x328>)
20000c6e:	4b5d      	ldr	r3, [pc, #372]	@ (20000de4 <dsp_recalculate_all_filters+0x32c>)
20000c70:	f105 070b 	add.w	r7, r5, #11
20000c74:	f815 1b01 	ldrb.w	r1, [r5], #1
20000c78:	2900      	cmp	r1, #0
20000c7a:	f000 8099 	beq.w	20000db0 <dsp_recalculate_all_filters+0x2f8>
20000c7e:	2901      	cmp	r1, #1
20000c80:	601c      	str	r4, [r3, #0]
20000c82:	605a      	str	r2, [r3, #4]
20000c84:	609a      	str	r2, [r3, #8]
20000c86:	60da      	str	r2, [r3, #12]
20000c88:	611a      	str	r2, [r3, #16]
20000c8a:	f883 0028 	strb.w	r0, [r3, #40]	@ 0x28
20000c8e:	f000 808f 	beq.w	20000db0 <dsp_recalculate_all_filters+0x2f8>
20000c92:	2902      	cmp	r1, #2
20000c94:	631c      	str	r4, [r3, #48]	@ 0x30
20000c96:	635a      	str	r2, [r3, #52]	@ 0x34
20000c98:	639a      	str	r2, [r3, #56]	@ 0x38
20000c9a:	63da      	str	r2, [r3, #60]	@ 0x3c
20000c9c:	641a      	str	r2, [r3, #64]	@ 0x40
20000c9e:	f883 0058 	strb.w	r0, [r3, #88]	@ 0x58
20000ca2:	f000 8085 	beq.w	20000db0 <dsp_recalculate_all_filters+0x2f8>
20000ca6:	2903      	cmp	r1, #3
20000ca8:	661c      	str	r4, [r3, #96]	@ 0x60
20000caa:	665a      	str	r2, [r3, #100]	@ 0x64
20000cac:	669a      	str	r2, [r3, #104]	@ 0x68
20000cae:	66da      	str	r2, [r3, #108]	@ 0x6c
20000cb0:	671a      	str	r2, [r3, #112]	@ 0x70
20000cb2:	f883 0088 	strb.w	r0, [r3, #136]	@ 0x88
20000cb6:	d07b      	beq.n	20000db0 <dsp_recalculate_all_filters+0x2f8>
20000cb8:	2904      	cmp	r1, #4
20000cba:	f8c3 4090 	str.w	r4, [r3, #144]	@ 0x90
20000cbe:	f8c3 2094 	str.w	r2, [r3, #148]	@ 0x94
20000cc2:	f8c3 2098 	str.w	r2, [r3, #152]	@ 0x98
20000cc6:	f8c3 209c 	str.w	r2, [r3, #156]	@ 0x9c
20000cca:	f8c3 20a0 	str.w	r2, [r3, #160]	@ 0xa0
20000cce:	f883 00b8 	strb.w	r0, [r3, #184]	@ 0xb8
20000cd2:	d06d      	beq.n	20000db0 <dsp_recalculate_all_filters+0x2f8>
20000cd4:	2905      	cmp	r1, #5
20000cd6:	f8c3 40c0 	str.w	r4, [r3, #192]	@ 0xc0
20000cda:	f8c3 20c4 	str.w	r2, [r3, #196]	@ 0xc4
20000cde:	f8c3 20c8 	str.w	r2, [r3, #200]	@ 0xc8
20000ce2:	f8c3 20cc 	str.w	r2, [r3, #204]	@ 0xcc
20000ce6:	f8c3 20d0 	str.w	r2, [r3, #208]	@ 0xd0
20000cea:	f883 00e8 	strb.w	r0, [r3, #232]	@ 0xe8
20000cee:	d05f      	beq.n	20000db0 <dsp_recalculate_all_filters+0x2f8>
20000cf0:	2906      	cmp	r1, #6
20000cf2:	f8c3 40f0 	str.w	r4, [r3, #240]	@ 0xf0
20000cf6:	f8c3 20f4 	str.w	r2, [r3, #244]	@ 0xf4
20000cfa:	f8c3 20f8 	str.w	r2, [r3, #248]	@ 0xf8
20000cfe:	f8c3 20fc 	str.w	r2, [r3, #252]	@ 0xfc
20000d02:	f8c3 2100 	str.w	r2, [r3, #256]	@ 0x100
20000d06:	f883 0118 	strb.w	r0, [r3, #280]	@ 0x118
20000d0a:	d051      	beq.n	20000db0 <dsp_recalculate_all_filters+0x2f8>
20000d0c:	2907      	cmp	r1, #7
20000d0e:	f8c3 4120 	str.w	r4, [r3, #288]	@ 0x120
20000d12:	f8c3 2124 	str.w	r2, [r3, #292]	@ 0x124
20000d16:	f8c3 2128 	str.w	r2, [r3, #296]	@ 0x128
20000d1a:	f8c3 212c 	str.w	r2, [r3, #300]	@ 0x12c
20000d1e:	f8c3 2130 	str.w	r2, [r3, #304]	@ 0x130
20000d22:	f883 0148 	strb.w	r0, [r3, #328]	@ 0x148
20000d26:	d043      	beq.n	20000db0 <dsp_recalculate_all_filters+0x2f8>
20000d28:	2908      	cmp	r1, #8
20000d2a:	f8c3 4150 	str.w	r4, [r3, #336]	@ 0x150
20000d2e:	f8c3 2154 	str.w	r2, [r3, #340]	@ 0x154
20000d32:	f8c3 2158 	str.w	r2, [r3, #344]	@ 0x158
20000d36:	f8c3 215c 	str.w	r2, [r3, #348]	@ 0x15c
20000d3a:	f8c3 2160 	str.w	r2, [r3, #352]	@ 0x160
20000d3e:	f883 0178 	strb.w	r0, [r3, #376]	@ 0x178
20000d42:	d035      	beq.n	20000db0 <dsp_recalculate_all_filters+0x2f8>
20000d44:	2909      	cmp	r1, #9
20000d46:	f8c3 4180 	str.w	r4, [r3, #384]	@ 0x180
20000d4a:	f8c3 2184 	str.w	r2, [r3, #388]	@ 0x184
20000d4e:	f8c3 2188 	str.w	r2, [r3, #392]	@ 0x188
20000d52:	f8c3 218c 	str.w	r2, [r3, #396]	@ 0x18c
20000d56:	f8c3 2190 	str.w	r2, [r3, #400]	@ 0x190
20000d5a:	f883 01a8 	strb.w	r0, [r3, #424]	@ 0x1a8
20000d5e:	d027      	beq.n	20000db0 <dsp_recalculate_all_filters+0x2f8>
20000d60:	290a      	cmp	r1, #10
20000d62:	f8c3 41b0 	str.w	r4, [r3, #432]	@ 0x1b0
20000d66:	f8c3 21b4 	str.w	r2, [r3, #436]	@ 0x1b4
20000d6a:	f8c3 21b8 	str.w	r2, [r3, #440]	@ 0x1b8
20000d6e:	f8c3 21bc 	str.w	r2, [r3, #444]	@ 0x1bc
20000d72:	f8c3 21c0 	str.w	r2, [r3, #448]	@ 0x1c0
20000d76:	f883 01d8 	strb.w	r0, [r3, #472]	@ 0x1d8
20000d7a:	d019      	beq.n	20000db0 <dsp_recalculate_all_filters+0x2f8>
20000d7c:	290b      	cmp	r1, #11
20000d7e:	f8c3 41e0 	str.w	r4, [r3, #480]	@ 0x1e0
20000d82:	f8c3 21e4 	str.w	r2, [r3, #484]	@ 0x1e4
20000d86:	f8c3 21e8 	str.w	r2, [r3, #488]	@ 0x1e8
20000d8a:	f8c3 21ec 	str.w	r2, [r3, #492]	@ 0x1ec
20000d8e:	f8c3 21f0 	str.w	r2, [r3, #496]	@ 0x1f0
20000d92:	f883 0208 	strb.w	r0, [r3, #520]	@ 0x208
20000d96:	d00b      	beq.n	20000db0 <dsp_recalculate_all_filters+0x2f8>
20000d98:	f8c3 4210 	str.w	r4, [r3, #528]	@ 0x210
20000d9c:	f8c3 2214 	str.w	r2, [r3, #532]	@ 0x214
20000da0:	f8c3 2218 	str.w	r2, [r3, #536]	@ 0x218
20000da4:	f8c3 221c 	str.w	r2, [r3, #540]	@ 0x21c
20000da8:	f8c3 2220 	str.w	r2, [r3, #544]	@ 0x220
20000dac:	f883 0238 	strb.w	r0, [r3, #568]	@ 0x238
20000db0:	42af      	cmp	r7, r5
20000db2:	f806 0b01 	strb.w	r0, [r6], #1
20000db6:	f503 7310 	add.w	r3, r3, #576	@ 0x240
20000dba:	f47f af5b 	bne.w	20000c74 <dsp_recalculate_all_filters+0x1bc>
20000dbe:	b005      	add	sp, #20
20000dc0:	ecbd 8b08 	vpop	{d8-d11}
20000dc4:	e8bd 8ff0 	ldmia.w	sp!, {r4, r5, r6, r7, r8, r9, sl, fp, pc}
20000dc8:	2001489c 	.word	0x2001489c
20000dcc:	447a0000 	.word	0x447a0000
20000dd0:	20015f29 	.word	0x20015f29
20000dd4:	20014878 	.word	0x20014878
20000dd8:	44000000 	.word	0x44000000
20000ddc:	2000e2c8 	.word	0x2000e2c8
20000de0:	20015f40 	.word	0x20015f40
20000de4:	20015f50 	.word	0x20015f50
20000de8:	f44f 5300 	mov.w	r3, #8192	@ 0x2000
20000dec:	6213      	str	r3, [r2, #32]
20000dee:	eef5 9a40 	vcmp.f32	s19, #0.0
20000df2:	2301      	movs	r3, #1
20000df4:	eef1 fa10 	vmrs	APSR_nzcv, fpscr
20000df8:	7003      	strb	r3, [r0, #0]
20000dfa:	f43f af32 	beq.w	20000c62 <dsp_recalculate_all_filters+0x1aa>
20000dfe:	f8df e388 	ldr.w	lr, [pc, #904]	@ 20001188 <dsp_recalculate_all_filters+0x6d0>
20000e02:	f8df b388 	ldr.w	fp, [pc, #904]	@ 2000118c <dsp_recalculate_all_filters+0x6d4>
20000e06:	f81e 9b01 	ldrb.w	r9, [lr], #1
20000e0a:	f04f 0800 	mov.w	r8, #0
20000e0e:	4658      	mov	r0, fp
20000e10:	eddf aad7 	vldr	s21, [pc, #860]	@ 20001170 <dsp_recalculate_all_filters+0x6b8>
20000e14:	ed9f bad7 	vldr	s22, [pc, #860]	@ 20001174 <dsp_recalculate_all_filters+0x6bc>
20000e18:	eddf 8ade 	vldr	s17, [pc, #888]	@ 20001194 <dsp_recalculate_all_filters+0x6dc>
20000e1c:	f8df c370 	ldr.w	ip, [pc, #880]	@ 20001190 <dsp_recalculate_all_filters+0x6d8>
20000e20:	f1b9 0f00 	cmp.w	r9, #0
20000e24:	f000 80e6 	beq.w	20000ff4 <dsp_recalculate_all_filters+0x53c>
20000e28:	2701      	movs	r7, #1
20000e2a:	46ca      	mov	sl, r9
20000e2c:	2500      	movs	r5, #0
20000e2e:	ed9f aad2 	vldr	s20, [pc, #840]	@ 20001178 <dsp_recalculate_all_filters+0x6c0>
20000e32:	4681      	mov	r9, r0
20000e34:	4cd1      	ldr	r4, [pc, #836]	@ (2000117c <dsp_recalculate_all_filters+0x6c4>)
20000e36:	e9cd ec01 	strd	lr, ip, [sp, #4]
20000e3a:	eb08 03c8 	add.w	r3, r8, r8, lsl #3
20000e3e:	eb04 1483 	add.w	r4, r4, r3, lsl #6
20000e42:	9003      	str	r0, [sp, #12]
20000e44:	fa08 f207 	lsl.w	r2, r8, r7
20000e48:	f899 6002 	ldrb.w	r6, [r9, #2]
20000e4c:	2e00      	cmp	r6, #0
20000e4e:	f000 81ae 	beq.w	200011ae <dsp_recalculate_all_filters+0x6f6>
20000e52:	eb02 0108 	add.w	r1, r2, r8
20000e56:	eb05 0181 	add.w	r1, r5, r1, lsl #2
20000e5a:	eb0b 1101 	add.w	r1, fp, r1, lsl #4
20000e5e:	684b      	ldr	r3, [r1, #4]
20000e60:	ee07 3a90 	vmov	s15, r3
20000e64:	eef5 7ac0 	vcmpe.f32	s15, #0.0
20000e68:	eef1 fa10 	vmrs	APSR_nzcv, fpscr
20000e6c:	f240 819f 	bls.w	200011ae <dsp_recalculate_all_filters+0x6f6>
20000e70:	3e01      	subs	r6, #1
20000e72:	b2f0      	uxtb	r0, r6
20000e74:	2802      	cmp	r0, #2
20000e76:	f240 818f 	bls.w	20001198 <dsp_recalculate_all_filters+0x6e0>
20000e7a:	ee67 7a8b 	vmul.f32	s15, s15, s22
20000e7e:	2100      	movs	r1, #0
20000e80:	ee87 8aa9 	vdiv.f32	s16, s15, s19
20000e84:	f884 1028 	strb.w	r1, [r4, #40]	@ 0x28
20000e88:	ee18 0a10 	vmov	r0, s16
20000e8c:	9200      	str	r2, [sp, #0]
20000e8e:	f005 fd43 	bl	20006918 <__wrap_sinf>
20000e92:	ee0b 0a90 	vmov	s23, r0
20000e96:	ee18 0a10 	vmov	r0, s16
20000e9a:	f005 fd40 	bl	2000691e <__wrap_cosf>
20000e9e:	9a00      	ldr	r2, [sp, #0]
20000ea0:	ee09 0a10 	vmov	s18, r0
20000ea4:	eb02 0108 	add.w	r1, r2, r8
20000ea8:	eb05 0181 	add.w	r1, r5, r1, lsl #2
20000eac:	eb0b 1101 	add.w	r1, fp, r1, lsl #4
20000eb0:	688b      	ldr	r3, [r1, #8]
20000eb2:	68c9      	ldr	r1, [r1, #12]
20000eb4:	ee07 3a90 	vmov	s15, r3
20000eb8:	ee07 1a10 	vmov	s14, r1
20000ebc:	ee87 7a0a 	vdiv.f32	s14, s14, s20
20000ec0:	ee77 7aa7 	vadd.f32	s15, s15, s15
20000ec4:	ee17 1a10 	vmov	r1, s14
20000ec8:	48ad      	ldr	r0, [pc, #692]	@ (20001180 <dsp_recalculate_all_filters+0x6c8>)
20000eca:	ee8b 8aa7 	vdiv.f32	s16, s23, s15
20000ece:	f005 fa0d 	bl	200062ec <__wrap_powf>
20000ed2:	9a00      	ldr	r2, [sp, #0]
20000ed4:	ee07 0a10 	vmov	s14, r0
20000ed8:	2e04      	cmp	r6, #4
20000eda:	f200 8190 	bhi.w	200011fe <dsp_recalculate_all_filters+0x746>
20000ede:	e8df f016 	tbh	[pc, r6, lsl #1]
20000ee2:	0126      	.short	0x0126
20000ee4:	00a800e7 	.word	0x00a800e7
20000ee8:	0044008b 	.word	0x0044008b
20000eec:	f44f 5100 	mov.w	r1, #8192	@ 0x2000
20000ef0:	61d1      	str	r1, [r2, #28]
20000ef2:	2401      	movs	r4, #1
20000ef4:	e68f      	b.n	20000c16 <dsp_recalculate_all_filters+0x15e>
20000ef6:	2900      	cmp	r1, #0
20000ef8:	f2c0 8167 	blt.w	200011ca <dsp_recalculate_all_filters+0x712>
20000efc:	edc2 7a05 	vstr	s15, [r2, #20]
20000f00:	f43f ae5e 	beq.w	20000bc0 <dsp_recalculate_all_filters+0x108>
20000f04:	e65b      	b.n	20000bbe <dsp_recalculate_all_filters+0x106>
20000f06:	2900      	cmp	r1, #0
20000f08:	f2c0 8171 	blt.w	200011ee <dsp_recalculate_all_filters+0x736>
20000f0c:	edc2 7a04 	vstr	s15, [r2, #16]
20000f10:	f43f ae42 	beq.w	20000b98 <dsp_recalculate_all_filters+0xe0>
20000f14:	e63f      	b.n	20000b96 <dsp_recalculate_all_filters+0xde>
20000f16:	2900      	cmp	r1, #0
20000f18:	f2c0 815a 	blt.w	200011d0 <dsp_recalculate_all_filters+0x718>
20000f1c:	edc2 7a06 	vstr	s15, [r2, #24]
20000f20:	f43f ae62 	beq.w	20000be8 <dsp_recalculate_all_filters+0x130>
20000f24:	e65f      	b.n	20000be6 <dsp_recalculate_all_filters+0x12e>
20000f26:	2900      	cmp	r1, #0
20000f28:	f2c0 8158 	blt.w	200011dc <dsp_recalculate_all_filters+0x724>
20000f2c:	edc2 7a03 	vstr	s15, [r2, #12]
20000f30:	f43f ae1e 	beq.w	20000b70 <dsp_recalculate_all_filters+0xb8>
20000f34:	e61b      	b.n	20000b6e <dsp_recalculate_all_filters+0xb6>
20000f36:	2900      	cmp	r1, #0
20000f38:	f2c0 814d 	blt.w	200011d6 <dsp_recalculate_all_filters+0x71e>
20000f3c:	edc2 7a01 	vstr	s15, [r2, #4]
20000f40:	f43f adee 	beq.w	20000b20 <dsp_recalculate_all_filters+0x68>
20000f44:	e5eb      	b.n	20000b1e <dsp_recalculate_all_filters+0x66>
20000f46:	2900      	cmp	r1, #0
20000f48:	f2c0 814b 	blt.w	200011e2 <dsp_recalculate_all_filters+0x72a>
20000f4c:	edc2 7a02 	vstr	s15, [r2, #8]
20000f50:	f43f adfa 	beq.w	20000b48 <dsp_recalculate_all_filters+0x90>
20000f54:	e5f7      	b.n	20000b46 <dsp_recalculate_all_filters+0x8e>
20000f56:	2900      	cmp	r1, #0
20000f58:	4a8a      	ldr	r2, [pc, #552]	@ (20001184 <dsp_recalculate_all_filters+0x6cc>)
20000f5a:	f2c0 814e 	blt.w	200011fa <dsp_recalculate_all_filters+0x742>
20000f5e:	edc2 7a00 	vstr	s15, [r2]
20000f62:	f47f adc8 	bne.w	20000af6 <dsp_recalculate_all_filters+0x3e>
20000f66:	2400      	movs	r4, #0
20000f68:	e5c6      	b.n	20000af8 <dsp_recalculate_all_filters+0x40>
20000f6a:	eeb7 7a00 	vmov.f32	s14, #112	@ 0x3f800000  1.0
20000f6e:	eef6 6a00 	vmov.f32	s13, #96	@ 0x3f000000  0.5
20000f72:	ee39 6a07 	vadd.f32	s12, s18, s14
20000f76:	ee78 4a07 	vadd.f32	s9, s16, s14
20000f7a:	ee66 6a26 	vmul.f32	s13, s12, s13
20000f7e:	eec7 5a24 	vdiv.f32	s11, s14, s9
20000f82:	eeb8 5a00 	vmov.f32	s10, #128	@ 0xc0000000 -2.0
20000f86:	ee77 7a48 	vsub.f32	s15, s14, s16
20000f8a:	ee29 5a05 	vmul.f32	s10, s18, s10
20000f8e:	ee66 6aa5 	vmul.f32	s13, s13, s11
20000f92:	ee26 6a65 	vnmul.f32	s12, s12, s11
20000f96:	ee25 7a25 	vmul.f32	s14, s10, s11
20000f9a:	ee67 7aa5 	vmul.f32	s15, s15, s11
20000f9e:	eef0 5a66 	vmov.f32	s11, s13
20000fa2:	f894 1028 	ldrb.w	r1, [r4, #40]	@ 0x28
20000fa6:	3501      	adds	r5, #1
20000fa8:	45aa      	cmp	sl, r5
20000faa:	edc4 6a00 	vstr	s13, [r4]
20000fae:	ed84 6a01 	vstr	s12, [r4, #4]
20000fb2:	edc4 5a02 	vstr	s11, [r4, #8]
20000fb6:	ed84 7a03 	vstr	s14, [r4, #12]
20000fba:	edc4 7a04 	vstr	s15, [r4, #16]
20000fbe:	ea07 0701 	and.w	r7, r7, r1
20000fc2:	f109 0910 	add.w	r9, r9, #16
20000fc6:	f104 0430 	add.w	r4, r4, #48	@ 0x30
20000fca:	f47f af3d 	bne.w	20000e48 <dsp_recalculate_all_filters+0x390>
20000fce:	e9dd ec01 	ldrd	lr, ip, [sp, #4]
20000fd2:	9803      	ldr	r0, [sp, #12]
20000fd4:	f108 0801 	add.w	r8, r8, #1
20000fd8:	f1b8 0f0b 	cmp.w	r8, #11
20000fdc:	f80c 7b01 	strb.w	r7, [ip], #1
20000fe0:	f100 00c0 	add.w	r0, r0, #192	@ 0xc0
20000fe4:	f43f aeeb 	beq.w	20000dbe <dsp_recalculate_all_filters+0x306>
20000fe8:	f81e 9b01 	ldrb.w	r9, [lr], #1
20000fec:	f1b9 0f00 	cmp.w	r9, #0
20000ff0:	f47f af1a 	bne.w	20000e28 <dsp_recalculate_all_filters+0x370>
20000ff4:	2701      	movs	r7, #1
20000ff6:	e7ed      	b.n	20000fd4 <dsp_recalculate_all_filters+0x51c>
20000ff8:	eeb7 5a00 	vmov.f32	s10, #112	@ 0x3f800000  1.0
20000ffc:	eef6 6a00 	vmov.f32	s13, #96	@ 0x3f000000  0.5
20001000:	ee35 6a49 	vsub.f32	s12, s10, s18
20001004:	ee78 4a05 	vadd.f32	s9, s16, s10
20001008:	eef8 7a00 	vmov.f32	s15, #128	@ 0xc0000000 -2.0
2000100c:	eec5 5a24 	vdiv.f32	s11, s10, s9
20001010:	ee66 6a26 	vmul.f32	s13, s12, s13
20001014:	ee29 7a27 	vmul.f32	s14, s18, s15
20001018:	ee66 6aa5 	vmul.f32	s13, s13, s11
2000101c:	ee75 7a48 	vsub.f32	s15, s10, s16
20001020:	ee26 6a25 	vmul.f32	s12, s12, s11
20001024:	ee27 7a25 	vmul.f32	s14, s14, s11
20001028:	ee67 7aa5 	vmul.f32	s15, s15, s11
2000102c:	eef0 5a66 	vmov.f32	s11, s13
20001030:	e7b7      	b.n	20000fa2 <dsp_recalculate_all_filters+0x4ea>
20001032:	eef7 3a00 	vmov.f32	s7, #112	@ 0x3f800000  1.0
20001036:	ee37 5a23 	vadd.f32	s10, s14, s7
2000103a:	ee77 6a63 	vsub.f32	s13, s14, s7
2000103e:	eef0 7a45 	vmov.f32	s15, s10
20001042:	eeb0 4a45 	vmov.f32	s8, s10
20001046:	eee9 7a26 	vfma.f32	s15, s18, s13
2000104a:	eea9 4a66 	vfms.f32	s8, s18, s13
2000104e:	eef1 4ac7 	vsqrt.f32	s9, s14
20001052:	eeb0 6a66 	vmov.f32	s12, s13
20001056:	eee9 6a45 	vfms.f32	s13, s18, s10
2000105a:	ee74 4aa4 	vadd.f32	s9, s9, s9
2000105e:	eef0 5a66 	vmov.f32	s11, s13
20001062:	eef0 2a44 	vmov.f32	s5, s8
20001066:	eef0 6a67 	vmov.f32	s13, s15
2000106a:	eeb8 3a00 	vmov.f32	s6, #128	@ 0xc0000000 -2.0
2000106e:	eea9 6a05 	vfma.f32	s12, s18, s10
20001072:	ee27 3a03 	vmul.f32	s6, s14, s6
20001076:	eee8 7a64 	vfms.f32	s15, s16, s9
2000107a:	eee8 6a24 	vfma.f32	s13, s16, s9
2000107e:	eee8 2a24 	vfma.f32	s5, s16, s9
20001082:	ee35 5aa5 	vadd.f32	s10, s11, s11
20001086:	ee66 6a87 	vmul.f32	s13, s13, s14
2000108a:	ee67 5a87 	vmul.f32	s11, s15, s14
2000108e:	ee26 6a03 	vmul.f32	s12, s12, s6
20001092:	eec3 7aa2 	vdiv.f32	s15, s7, s5
20001096:	eea8 4a64 	vfms.f32	s8, s16, s9
2000109a:	ee66 6aa7 	vmul.f32	s13, s13, s15
2000109e:	ee26 6a27 	vmul.f32	s12, s12, s15
200010a2:	ee67 5aa5 	vmul.f32	s11, s15, s11
200010a6:	ee27 7a85 	vmul.f32	s14, s15, s10
200010aa:	ee64 7a27 	vmul.f32	s15, s8, s15
200010ae:	e778      	b.n	20000fa2 <dsp_recalculate_all_filters+0x4ea>
200010b0:	eef7 3a00 	vmov.f32	s7, #112	@ 0x3f800000  1.0
200010b4:	ee37 4a23 	vadd.f32	s8, s14, s7
200010b8:	ee77 6a63 	vsub.f32	s13, s14, s7
200010bc:	eef0 7a44 	vmov.f32	s15, s8
200010c0:	eef0 4a44 	vmov.f32	s9, s8
200010c4:	eee9 7a66 	vfms.f32	s15, s18, s13
200010c8:	eee9 4a26 	vfma.f32	s9, s18, s13
200010cc:	eef1 5ac7 	vsqrt.f32	s11, s14
200010d0:	eeb0 6a66 	vmov.f32	s12, s13
200010d4:	eee9 6a04 	vfma.f32	s13, s18, s8
200010d8:	ee75 5aa5 	vadd.f32	s11, s11, s11
200010dc:	eea9 6a44 	vfms.f32	s12, s18, s8
200010e0:	eeb0 5a66 	vmov.f32	s10, s13
200010e4:	eeb0 4a64 	vmov.f32	s8, s9
200010e8:	eef0 6a67 	vmov.f32	s13, s15
200010ec:	ee77 2a07 	vadd.f32	s5, s14, s14
200010f0:	eee8 6a25 	vfma.f32	s13, s16, s11
200010f4:	eee8 7a65 	vfms.f32	s15, s16, s11
200010f8:	eea8 4a25 	vfma.f32	s8, s16, s11
200010fc:	eeb8 3a00 	vmov.f32	s6, #128	@ 0xc0000000 -2.0
20001100:	eee8 4a65 	vfms.f32	s9, s16, s11
20001104:	ee66 6a87 	vmul.f32	s13, s13, s14
20001108:	ee67 5a87 	vmul.f32	s11, s15, s14
2000110c:	ee26 6a22 	vmul.f32	s12, s12, s5
20001110:	eec3 7a84 	vdiv.f32	s15, s7, s8
20001114:	ee25 5a03 	vmul.f32	s10, s10, s6
20001118:	ee67 6aa6 	vmul.f32	s13, s15, s13
2000111c:	ee27 6a86 	vmul.f32	s12, s15, s12
20001120:	ee67 5aa5 	vmul.f32	s11, s15, s11
20001124:	ee27 7a85 	vmul.f32	s14, s15, s10
20001128:	ee64 7aa7 	vmul.f32	s15, s9, s15
2000112c:	e739      	b.n	20000fa2 <dsp_recalculate_all_filters+0x4ea>
2000112e:	eeb7 5a00 	vmov.f32	s10, #112	@ 0x3f800000  1.0
20001132:	eec8 7a07 	vdiv.f32	s15, s16, s14
20001136:	eeb8 6a00 	vmov.f32	s12, #128	@ 0xc0000000 -2.0
2000113a:	eef0 6a45 	vmov.f32	s13, s10
2000113e:	ee77 4a85 	vadd.f32	s9, s15, s10
20001142:	eef0 5a45 	vmov.f32	s11, s10
20001146:	eee7 6a08 	vfma.f32	s13, s14, s16
2000114a:	eee7 5a48 	vfms.f32	s11, s14, s16
2000114e:	ee29 6a06 	vmul.f32	s12, s18, s12
20001152:	ee35 7a67 	vsub.f32	s14, s10, s15
20001156:	eec5 7a24 	vdiv.f32	s15, s10, s9
2000115a:	ee27 6a86 	vmul.f32	s12, s15, s12
2000115e:	ee67 6aa6 	vmul.f32	s13, s15, s13
20001162:	ee65 5aa7 	vmul.f32	s11, s11, s15
20001166:	ee67 7a27 	vmul.f32	s15, s14, s15
2000116a:	eeb0 7a46 	vmov.f32	s14, s12
2000116e:	e718      	b.n	20000fa2 <dsp_recalculate_all_filters+0x4ea>
20001170:	3c23d70a 	.word	0x3c23d70a
20001174:	40c90fdb 	.word	0x40c90fdb
20001178:	42200000 	.word	0x42200000
2000117c:	20015f50 	.word	0x20015f50
20001180:	41200000 	.word	0x41200000
20001184:	20014878 	.word	0x20014878
20001188:	2000e2c8 	.word	0x2000e2c8
2000118c:	20017810 	.word	0x20017810
20001190:	20015f40 	.word	0x20015f40
20001194:	00000000 	.word	0x00000000
20001198:	68cb      	ldr	r3, [r1, #12]
2000119a:	ee07 3a10 	vmov	s14, r3
2000119e:	eeb0 7ac7 	vabs.f32	s14, s14
200011a2:	eeb4 7aea 	vcmpe.f32	s14, s21
200011a6:	eef1 fa10 	vmrs	APSR_nzcv, fpscr
200011aa:	f57f ae66 	bpl.w	20000e7a <dsp_recalculate_all_filters+0x3c2>
200011ae:	2101      	movs	r1, #1
200011b0:	eef7 6a00 	vmov.f32	s13, #112	@ 0x3f800000  1.0
200011b4:	eeb0 6a68 	vmov.f32	s12, s17
200011b8:	eef0 5a68 	vmov.f32	s11, s17
200011bc:	eeb0 7a68 	vmov.f32	s14, s17
200011c0:	eef0 7a68 	vmov.f32	s15, s17
200011c4:	f884 1028 	strb.w	r1, [r4, #40]	@ 0x28
200011c8:	e6eb      	b.n	20000fa2 <dsp_recalculate_all_filters+0x4ea>
200011ca:	2100      	movs	r1, #0
200011cc:	6151      	str	r1, [r2, #20]
200011ce:	e4f7      	b.n	20000bc0 <dsp_recalculate_all_filters+0x108>
200011d0:	2100      	movs	r1, #0
200011d2:	6191      	str	r1, [r2, #24]
200011d4:	e508      	b.n	20000be8 <dsp_recalculate_all_filters+0x130>
200011d6:	2100      	movs	r1, #0
200011d8:	6051      	str	r1, [r2, #4]
200011da:	e4a1      	b.n	20000b20 <dsp_recalculate_all_filters+0x68>
200011dc:	2100      	movs	r1, #0
200011de:	60d1      	str	r1, [r2, #12]
200011e0:	e4c6      	b.n	20000b70 <dsp_recalculate_all_filters+0xb8>
200011e2:	2100      	movs	r1, #0
200011e4:	6091      	str	r1, [r2, #8]
200011e6:	e4af      	b.n	20000b48 <dsp_recalculate_all_filters+0x90>
200011e8:	2100      	movs	r1, #0
200011ea:	61d1      	str	r1, [r2, #28]
200011ec:	e513      	b.n	20000c16 <dsp_recalculate_all_filters+0x15e>
200011ee:	2100      	movs	r1, #0
200011f0:	6111      	str	r1, [r2, #16]
200011f2:	e4d1      	b.n	20000b98 <dsp_recalculate_all_filters+0xe0>
200011f4:	2300      	movs	r3, #0
200011f6:	6213      	str	r3, [r2, #32]
200011f8:	e52a      	b.n	20000c50 <dsp_recalculate_all_filters+0x198>
200011fa:	6014      	str	r4, [r2, #0]
200011fc:	e6b3      	b.n	20000f66 <dsp_recalculate_all_filters+0x4ae>
200011fe:	ed5f 7a1b 	vldr	s15, [pc, #-108]	@ 20001194 <dsp_recalculate_all_filters+0x6dc>
20001202:	eef7 6a00 	vmov.f32	s13, #112	@ 0x3f800000  1.0
20001206:	eeb0 7a67 	vmov.f32	s14, s15
2000120a:	eef0 5a67 	vmov.f32	s11, s15
2000120e:	eeb0 6a67 	vmov.f32	s12, s15
20001212:	e6c6      	b.n	20000fa2 <dsp_recalculate_all_filters+0x4ea>

20001214 <flash_save_params>:
20001214:	e92d 4ff8 	stmdb	sp!, {r3, r4, r5, r6, r7, r8, r9, sl, fp, lr}
20001218:	4d68      	ldr	r5, [pc, #416]	@ (200013bc <flash_save_params+0x1a8>)
2000121a:	f640 12ac 	movw	r2, #2476	@ 0x9ac
2000121e:	2100      	movs	r1, #0
20001220:	4628      	mov	r0, r5
20001222:	f00a f9db 	bl	2000b5dc <memset>
20001226:	2307      	movs	r3, #7
20001228:	4865      	ldr	r0, [pc, #404]	@ (200013c0 <flash_save_params+0x1ac>)
2000122a:	f44f 6204 	mov.w	r2, #2112	@ 0x840
2000122e:	4965      	ldr	r1, [pc, #404]	@ (200013c4 <flash_save_params+0x1b0>)
20001230:	6028      	str	r0, [r5, #0]
20001232:	f105 000c 	add.w	r0, r5, #12
20001236:	80ab      	strh	r3, [r5, #4]
20001238:	f00a fa3e 	bl	2000b6b8 <memcpy>
2000123c:	4b62      	ldr	r3, [pc, #392]	@ (200013c8 <flash_save_params+0x1b4>)
2000123e:	f8df 81c4 	ldr.w	r8, [pc, #452]	@ 20001404 <flash_save_params+0x1f0>
20001242:	6819      	ldr	r1, [r3, #0]
20001244:	4b61      	ldr	r3, [pc, #388]	@ (200013cc <flash_save_params+0x1b8>)
20001246:	f605 024c 	addw	r2, r5, #2124	@ 0x84c
2000124a:	781b      	ldrb	r3, [r3, #0]
2000124c:	f605 0754 	addw	r7, r5, #2132	@ 0x854
20001250:	6011      	str	r1, [r2, #0]
20001252:	f885 3850 	strb.w	r3, [r5, #2128]	@ 0x850
20001256:	e8b8 000f 	ldmia.w	r8!, {r0, r1, r2, r3}
2000125a:	c70f      	stmia	r7!, {r0, r1, r2, r3}
2000125c:	e8b8 000f 	ldmia.w	r8!, {r0, r1, r2, r3}
20001260:	f8df e1a4 	ldr.w	lr, [pc, #420]	@ 20001408 <flash_save_params+0x1f4>
20001264:	c70f      	stmia	r7!, {r0, r1, r2, r3}
20001266:	e898 0007 	ldmia.w	r8, {r0, r1, r2}
2000126a:	4676      	mov	r6, lr
2000126c:	f04f 0c00 	mov.w	ip, #0
20001270:	f8df a198 	ldr.w	sl, [pc, #408]	@ 2000140c <flash_save_params+0x1f8>
20001274:	4b56      	ldr	r3, [pc, #344]	@ (200013d0 <flash_save_params+0x1bc>)
20001276:	f505 6b08 	add.w	fp, r5, #2176	@ 0x880
2000127a:	e887 0007 	stmia.w	r7, {r0, r1, r2}
2000127e:	e893 0007 	ldmia.w	r3, {r0, r1, r2}
20001282:	e88b 0007 	stmia.w	fp, {r0, r1, r2}
20001286:	f89a 3000 	ldrb.w	r3, [sl]
2000128a:	f605 04ac 	addw	r4, r5, #2220	@ 0x8ac
2000128e:	f885 388c 	strb.w	r3, [r5, #2188]	@ 0x88c
20001292:	f89a 3001 	ldrb.w	r3, [sl, #1]
20001296:	f8df 9178 	ldr.w	r9, [pc, #376]	@ 20001410 <flash_save_params+0x1fc>
2000129a:	f885 388d 	strb.w	r3, [r5, #2189]	@ 0x88d
2000129e:	f89a 3002 	ldrb.w	r3, [sl, #2]
200012a2:	f885 388e 	strb.w	r3, [r5, #2190]	@ 0x88e
200012a6:	4b4b      	ldr	r3, [pc, #300]	@ (200013d4 <flash_save_params+0x1c0>)
200012a8:	781b      	ldrb	r3, [r3, #0]
200012aa:	f885 3890 	strb.w	r3, [r5, #2192]	@ 0x890
200012ae:	4b4a      	ldr	r3, [pc, #296]	@ (200013d8 <flash_save_params+0x1c4>)
200012b0:	681b      	ldr	r3, [r3, #0]
200012b2:	f844 3c18 	str.w	r3, [r4, #-24]
200012b6:	4b49      	ldr	r3, [pc, #292]	@ (200013dc <flash_save_params+0x1c8>)
200012b8:	681b      	ldr	r3, [r3, #0]
200012ba:	f844 3c14 	str.w	r3, [r4, #-20]
200012be:	f899 3000 	ldrb.w	r3, [r9]
200012c2:	f885 389c 	strb.w	r3, [r5, #2204]	@ 0x89c
200012c6:	f899 3002 	ldrb.w	r3, [r9, #2]
200012ca:	f885 389d 	strb.w	r3, [r5, #2205]	@ 0x89d
200012ce:	f899 3001 	ldrb.w	r3, [r9, #1]
200012d2:	f885 389e 	strb.w	r3, [r5, #2206]	@ 0x89e
200012d6:	f8d9 3004 	ldr.w	r3, [r9, #4]
200012da:	f844 3c0c 	str.w	r3, [r4, #-12]
200012de:	f8d9 3008 	ldr.w	r3, [r9, #8]
200012e2:	f844 3c08 	str.w	r3, [r4, #-8]
200012e6:	f836 2b0c 	ldrh.w	r2, [r6], #12
200012ea:	eb0c 034c 	add.w	r3, ip, ip, lsl #1
200012ee:	f824 2c04 	strh.w	r2, [r4, #-4]
200012f2:	eb0e 0383 	add.w	r3, lr, r3, lsl #2
200012f6:	685b      	ldr	r3, [r3, #4]
200012f8:	f10c 0c01 	add.w	ip, ip, #1
200012fc:	f1bc 0f09 	cmp.w	ip, #9
20001300:	f844 3b08 	str.w	r3, [r4], #8
20001304:	d1ef      	bne.n	200012e6 <flash_save_params+0xd2>
20001306:	2300      	movs	r3, #0
20001308:	4835      	ldr	r0, [pc, #212]	@ (200013e0 <flash_save_params+0x1cc>)
2000130a:	4936      	ldr	r1, [pc, #216]	@ (200013e4 <flash_save_params+0x1d0>)
2000130c:	f830 4b0c 	ldrh.w	r4, [r0], #12
20001310:	eb03 0243 	add.w	r2, r3, r3, lsl #1
20001314:	f821 4c04 	strh.w	r4, [r1, #-4]
20001318:	eb0e 0282 	add.w	r2, lr, r2, lsl #2
2000131c:	6f12      	ldr	r2, [r2, #112]	@ 0x70
2000131e:	3301      	adds	r3, #1
20001320:	2b09      	cmp	r3, #9
20001322:	f841 2b08 	str.w	r2, [r1], #8
20001326:	d1f1      	bne.n	2000130c <flash_save_params+0xf8>
20001328:	2200      	movs	r2, #0
2000132a:	482f      	ldr	r0, [pc, #188]	@ (200013e8 <flash_save_params+0x1d4>)
2000132c:	4b2f      	ldr	r3, [pc, #188]	@ (200013ec <flash_save_params+0x1d8>)
2000132e:	f830 4b14 	ldrh.w	r4, [r0], #20
20001332:	eb02 0182 	add.w	r1, r2, r2, lsl #2
20001336:	801c      	strh	r4, [r3, #0]
20001338:	eb0e 0181 	add.w	r1, lr, r1, lsl #2
2000133c:	f8d1 40dc 	ldr.w	r4, [r1, #220]	@ 0xdc
20001340:	3201      	adds	r2, #1
20001342:	605c      	str	r4, [r3, #4]
20001344:	f8d1 10e4 	ldr.w	r1, [r1, #228]	@ 0xe4
20001348:	2a09      	cmp	r2, #9
2000134a:	f103 030c 	add.w	r3, r3, #12
2000134e:	f843 1c04 	str.w	r1, [r3, #-4]
20001352:	d1ec      	bne.n	2000132e <flash_save_params+0x11a>
20001354:	f04f 32ff 	mov.w	r2, #4294967295	@ 0xffffffff
20001358:	4b25      	ldr	r3, [pc, #148]	@ (200013f0 <flash_save_params+0x1dc>)
2000135a:	4e26      	ldr	r6, [pc, #152]	@ (200013f4 <flash_save_params+0x1e0>)
2000135c:	6818      	ldr	r0, [r3, #0]
2000135e:	791b      	ldrb	r3, [r3, #4]
20001360:	f8c5 09a4 	str.w	r0, [r5, #2468]	@ 0x9a4
20001364:	4824      	ldr	r0, [pc, #144]	@ (200013f8 <flash_save_params+0x1e4>)
20001366:	7133      	strb	r3, [r6, #4]
20001368:	f6a6 1499 	subw	r4, r6, #2457	@ 0x999
2000136c:	3607      	adds	r6, #7
2000136e:	2108      	movs	r1, #8
20001370:	f814 3f01 	ldrb.w	r3, [r4, #1]!
20001374:	405a      	eors	r2, r3
20001376:	f342 0300 	sbfx	r3, r2, #0, #1
2000137a:	4003      	ands	r3, r0
2000137c:	3901      	subs	r1, #1
2000137e:	ea83 0252 	eor.w	r2, r3, r2, lsr #1
20001382:	d1f8      	bne.n	20001376 <flash_save_params+0x162>
20001384:	42a6      	cmp	r6, r4
20001386:	d1f2      	bne.n	2000136e <flash_save_params+0x15a>
20001388:	43d2      	mvns	r2, r2
2000138a:	60aa      	str	r2, [r5, #8]
2000138c:	f3ef 8410 	mrs	r4, PRIMASK
20001390:	b672      	cpsid	i
20001392:	f44f 5180 	mov.w	r1, #4096	@ 0x1000
20001396:	4819      	ldr	r0, [pc, #100]	@ (200013fc <flash_save_params+0x1e8>)
20001398:	f00b ff10 	bl	2000d1bc <flash_range_erase>
2000139c:	f44f 6220 	mov.w	r2, #2560	@ 0xa00
200013a0:	4906      	ldr	r1, [pc, #24]	@ (200013bc <flash_save_params+0x1a8>)
200013a2:	4816      	ldr	r0, [pc, #88]	@ (200013fc <flash_save_params+0x1e8>)
200013a4:	f00b ff60 	bl	2000d268 <flash_range_program>
200013a8:	f384 8810 	msr	PRIMASK, r4
200013ac:	4a14      	ldr	r2, [pc, #80]	@ (20001400 <flash_save_params+0x1ec>)
200013ae:	4b04      	ldr	r3, [pc, #16]	@ (200013c0 <flash_save_params+0x1ac>)
200013b0:	6810      	ldr	r0, [r2, #0]
200013b2:	1ac0      	subs	r0, r0, r3
200013b4:	bf18      	it	ne
200013b6:	2001      	movne	r0, #1
200013b8:	e8bd 8ff8 	ldmia.w	sp!, {r3, r4, r5, r6, r7, r8, r9, sl, fp, pc}
200013bc:	20015514 	.word	0x20015514
200013c0:	44535031 	.word	0x44535031
200013c4:	20017810 	.word	0x20017810
200013c8:	20014abc 	.word	0x20014abc
200013cc:	20015f2c 	.word	0x20015f2c
200013d0:	200148c8 	.word	0x200148c8
200013d4:	20015f33 	.word	0x20015f33
200013d8:	2000e324 	.word	0x2000e324
200013dc:	2000e320 	.word	0x2000e320
200013e0:	200122dc 	.word	0x200122dc
200013e4:	20015e08 	.word	0x20015e08
200013e8:	20012348 	.word	0x20012348
200013ec:	20015e4c 	.word	0x20015e4c
200013f0:	2000e300 	.word	0x2000e300
200013f4:	20015eb8 	.word	0x20015eb8
200013f8:	edb88320 	.word	0xedb88320
200013fc:	003ff000 	.word	0x003ff000
20001400:	103ff000 	.word	0x103ff000
20001404:	2001489c 	.word	0x2001489c
20001408:	20012270 	.word	0x20012270
2000140c:	200148d4 	.word	0x200148d4
20001410:	2000e314 	.word	0x2000e314

20001414 <flash_load_params>:
20001414:	4bcd      	ldr	r3, [pc, #820]	@ (2000174c <flash_load_params+0x338>)
20001416:	4ace      	ldr	r2, [pc, #824]	@ (20001750 <flash_load_params+0x33c>)
20001418:	6819      	ldr	r1, [r3, #0]
2000141a:	4291      	cmp	r1, r2
2000141c:	f040 8152 	bne.w	200016c4 <flash_load_params+0x2b0>
20001420:	889b      	ldrh	r3, [r3, #4]
20001422:	2b07      	cmp	r3, #7
20001424:	f200 814e 	bhi.w	200016c4 <flash_load_params+0x2b0>
20001428:	f04f 32ff 	mov.w	r2, #4294967295	@ 0xffffffff
2000142c:	e92d 43f0 	stmdb	sp!, {r4, r5, r6, r7, r8, r9, lr}
20001430:	48c8      	ldr	r0, [pc, #800]	@ (20001754 <flash_load_params+0x340>)
20001432:	49c9      	ldr	r1, [pc, #804]	@ (20001758 <flash_load_params+0x344>)
20001434:	4dc9      	ldr	r5, [pc, #804]	@ (2000175c <flash_load_params+0x348>)
20001436:	b083      	sub	sp, #12
20001438:	2408      	movs	r4, #8
2000143a:	7803      	ldrb	r3, [r0, #0]
2000143c:	405a      	eors	r2, r3
2000143e:	f342 0300 	sbfx	r3, r2, #0, #1
20001442:	400b      	ands	r3, r1
20001444:	3c01      	subs	r4, #1
20001446:	ea83 0252 	eor.w	r2, r3, r2, lsr #1
2000144a:	d1f8      	bne.n	2000143e <flash_load_params+0x2a>
2000144c:	3001      	adds	r0, #1
2000144e:	42a8      	cmp	r0, r5
20001450:	d1f2      	bne.n	20001438 <flash_load_params+0x24>
20001452:	43d2      	mvns	r2, r2
20001454:	4bbd      	ldr	r3, [pc, #756]	@ (2000174c <flash_load_params+0x338>)
20001456:	689b      	ldr	r3, [r3, #8]
20001458:	4293      	cmp	r3, r2
2000145a:	f040 8135 	bne.w	200016c8 <flash_load_params+0x2b4>
2000145e:	f44f 6204 	mov.w	r2, #2112	@ 0x840
20001462:	49bc      	ldr	r1, [pc, #752]	@ (20001754 <flash_load_params+0x340>)
20001464:	48be      	ldr	r0, [pc, #760]	@ (20001760 <flash_load_params+0x34c>)
20001466:	f00a f927 	bl	2000b6b8 <memcpy>
2000146a:	4abe      	ldr	r2, [pc, #760]	@ (20001764 <flash_load_params+0x350>)
2000146c:	4bbe      	ldr	r3, [pc, #760]	@ (20001768 <flash_load_params+0x354>)
2000146e:	ed92 7a00 	vldr	s14, [r2]
20001472:	eeb5 7a40 	vcmp.f32	s14, #0.0
20001476:	eef1 fa10 	vmrs	APSR_nzcv, fpscr
2000147a:	ed83 7a00 	vstr	s14, [r3]
2000147e:	f040 8127 	bne.w	200016d0 <flash_load_params+0x2bc>
20001482:	f04f 5380 	mov.w	r3, #268435456	@ 0x10000000
20001486:	4ab9      	ldr	r2, [pc, #740]	@ (2000176c <flash_load_params+0x358>)
20001488:	4eb0      	ldr	r6, [pc, #704]	@ (2000174c <flash_load_params+0x338>)
2000148a:	6013      	str	r3, [r2, #0]
2000148c:	f896 3850 	ldrb.w	r3, [r6, #2128]	@ 0x850
20001490:	4ab7      	ldr	r2, [pc, #732]	@ (20001770 <flash_load_params+0x35c>)
20001492:	3b00      	subs	r3, #0
20001494:	bf18      	it	ne
20001496:	2301      	movne	r3, #1
20001498:	4cb6      	ldr	r4, [pc, #728]	@ (20001774 <flash_load_params+0x360>)
2000149a:	4db7      	ldr	r5, [pc, #732]	@ (20001778 <flash_load_params+0x364>)
2000149c:	7013      	strb	r3, [r2, #0]
2000149e:	cd0f      	ldmia	r5!, {r0, r1, r2, r3}
200014a0:	c40f      	stmia	r4!, {r0, r1, r2, r3}
200014a2:	cd0f      	ldmia	r5!, {r0, r1, r2, r3}
200014a4:	c40f      	stmia	r4!, {r0, r1, r2, r3}
200014a6:	e895 0007 	ldmia.w	r5, {r0, r1, r2}
200014aa:	e884 0007 	stmia.w	r4, {r0, r1, r2}
200014ae:	88b3      	ldrh	r3, [r6, #4]
200014b0:	2b01      	cmp	r3, #1
200014b2:	9301      	str	r3, [sp, #4]
200014b4:	f240 81a4 	bls.w	20001800 <flash_load_params+0x3ec>
200014b8:	2300      	movs	r3, #0
200014ba:	eddf 5ab0 	vldr	s11, [pc, #704]	@ 2000177c <flash_load_params+0x368>
200014be:	ed9f 6ab0 	vldr	s12, [pc, #704]	@ 20001780 <flash_load_params+0x36c>
200014c2:	4cb0      	ldr	r4, [pc, #704]	@ (20001784 <flash_load_params+0x370>)
200014c4:	48b0      	ldr	r0, [pc, #704]	@ (20001788 <flash_load_params+0x374>)
200014c6:	49b1      	ldr	r1, [pc, #708]	@ (2000178c <flash_load_params+0x378>)
200014c8:	f503 7208 	add.w	r2, r3, #544	@ 0x220
200014cc:	eb06 0282 	add.w	r2, r6, r2, lsl #2
200014d0:	ed92 7a00 	vldr	s14, [r2]
200014d4:	eeb5 7a40 	vcmp.f32	s14, #0.0
200014d8:	eef1 fa10 	vmrs	APSR_nzcv, fpscr
200014dc:	eb04 0283 	add.w	r2, r4, r3, lsl #2
200014e0:	ed82 7a00 	vstr	s14, [r2]
200014e4:	f000 820d 	beq.w	20001902 <flash_load_params+0x4ee>
200014e8:	eeb4 7ae5 	vcmpe.f32	s14, s11
200014ec:	eef1 fa10 	vmrs	APSR_nzcv, fpscr
200014f0:	f100 820a 	bmi.w	20001908 <flash_load_params+0x4f4>
200014f4:	eef3 6a04 	vmov.f32	s13, #52	@ 0x41a00000  20.0
200014f8:	eeb4 7ae6 	vcmpe.f32	s14, s13
200014fc:	eef1 fa10 	vmrs	APSR_nzcv, fpscr
20001500:	ed9f 5aa3 	vldr	s10, [pc, #652]	@ 20001790 <flash_load_params+0x37c>
20001504:	fe36 7a87 	vselgt.f32	s14, s13, s14
20001508:	ee27 7a05 	vmul.f32	s14, s14, s10
2000150c:	eef7 7a00 	vmov.f32	s15, #112	@ 0x3f800000  1.0
20001510:	ee27 5a07 	vmul.f32	s10, s14, s14
20001514:	ee77 7a27 	vadd.f32	s15, s14, s15
20001518:	eef6 3a00 	vmov.f32	s7, #96	@ 0x3f000000  0.5
2000151c:	ee67 6a05 	vmul.f32	s13, s14, s10
20001520:	ed9f 4a9c 	vldr	s8, [pc, #624]	@ 20001794 <flash_load_params+0x380>
20001524:	eee5 7a23 	vfma.f32	s15, s10, s7
20001528:	eddf 4a9b 	vldr	s9, [pc, #620]	@ 20001798 <flash_load_params+0x384>
2000152c:	ee27 7a26 	vmul.f32	s14, s14, s13
20001530:	eee6 7a84 	vfma.f32	s15, s13, s8
20001534:	eee7 7a24 	vfma.f32	s15, s14, s9
20001538:	eef5 7ac0 	vcmpe.f32	s15, #0.0
2000153c:	eef1 fa10 	vmrs	APSR_nzcv, fpscr
20001540:	bf4c      	ite	mi
20001542:	2201      	movmi	r2, #1
20001544:	2200      	movpl	r2, #0
20001546:	2a00      	cmp	r2, #0
20001548:	fe47 7a86 	vseleq.f32	s15, s15, s12
2000154c:	eeb0 7a67 	vmov.f32	s14, s15
20001550:	eebe 7ae8 	vcvt.s32.f32	s14, s14, #15
20001554:	ee17 2a10 	vmov	r2, s14
20001558:	f840 2023 	str.w	r2, [r0, r3, lsl #2]
2000155c:	18f2      	adds	r2, r6, r3
2000155e:	f892 288c 	ldrb.w	r2, [r2, #2188]	@ 0x88c
20001562:	3a00      	subs	r2, #0
20001564:	bf18      	it	ne
20001566:	2201      	movne	r2, #1
20001568:	54ca      	strb	r2, [r1, r3]
2000156a:	3301      	adds	r3, #1
2000156c:	2b03      	cmp	r3, #3
2000156e:	d1ab      	bne.n	200014c8 <flash_load_params+0xb4>
20001570:	9f01      	ldr	r7, [sp, #4]
20001572:	2f02      	cmp	r7, #2
20001574:	f000 8144 	beq.w	20001800 <flash_load_params+0x3ec>
20001578:	f896 3890 	ldrb.w	r3, [r6, #2192]	@ 0x890
2000157c:	2101      	movs	r1, #1
2000157e:	3b00      	subs	r3, #0
20001580:	bf18      	it	ne
20001582:	2301      	movne	r3, #1
20001584:	4f85      	ldr	r7, [pc, #532]	@ (2000179c <flash_load_params+0x388>)
20001586:	f8df c238 	ldr.w	ip, [pc, #568]	@ 200017c0 <flash_load_params+0x3ac>
2000158a:	4d85      	ldr	r5, [pc, #532]	@ (200017a0 <flash_load_params+0x38c>)
2000158c:	f88c 3000 	strb.w	r3, [ip]
20001590:	683b      	ldr	r3, [r7, #0]
20001592:	4c84      	ldr	r4, [pc, #528]	@ (200017a4 <flash_load_params+0x390>)
20001594:	602b      	str	r3, [r5, #0]
20001596:	9f01      	ldr	r7, [sp, #4]
20001598:	6823      	ldr	r3, [r4, #0]
2000159a:	4883      	ldr	r0, [pc, #524]	@ (200017a8 <flash_load_params+0x394>)
2000159c:	4a83      	ldr	r2, [pc, #524]	@ (200017ac <flash_load_params+0x398>)
2000159e:	2f03      	cmp	r7, #3
200015a0:	6003      	str	r3, [r0, #0]
200015a2:	7011      	strb	r1, [r2, #0]
200015a4:	f000 812c 	beq.w	20001800 <flash_load_params+0x3ec>
200015a8:	f896 289c 	ldrb.w	r2, [r6, #2204]	@ 0x89c
200015ac:	4b80      	ldr	r3, [pc, #512]	@ (200017b0 <flash_load_params+0x39c>)
200015ae:	3a00      	subs	r2, #0
200015b0:	bf18      	it	ne
200015b2:	2201      	movne	r2, #1
200015b4:	701a      	strb	r2, [r3, #0]
200015b6:	f896 289e 	ldrb.w	r2, [r6, #2206]	@ 0x89e
200015ba:	f896 689d 	ldrb.w	r6, [r6, #2205]	@ 0x89d
200015be:	3a00      	subs	r2, #0
200015c0:	bf18      	it	ne
200015c2:	2201      	movne	r2, #1
200015c4:	4d7b      	ldr	r5, [pc, #492]	@ (200017b4 <flash_load_params+0x3a0>)
200015c6:	709e      	strb	r6, [r3, #2]
200015c8:	68a4      	ldr	r4, [r4, #8]
200015ca:	705a      	strb	r2, [r3, #1]
200015cc:	487a      	ldr	r0, [pc, #488]	@ (200017b8 <flash_load_params+0x3a4>)
200015ce:	682a      	ldr	r2, [r5, #0]
200015d0:	2f04      	cmp	r7, #4
200015d2:	605c      	str	r4, [r3, #4]
200015d4:	609a      	str	r2, [r3, #8]
200015d6:	7001      	strb	r1, [r0, #0]
200015d8:	f000 8112 	beq.w	20001800 <flash_load_params+0x3ec>
200015dc:	f8df e1e4 	ldr.w	lr, [pc, #484]	@ 200017c4 <flash_load_params+0x3b0>
200015e0:	f04f 0900 	mov.w	r9, #0
200015e4:	4674      	mov	r4, lr
200015e6:	46f0      	mov	r8, lr
200015e8:	ed9f 5a64 	vldr	s10, [pc, #400]	@ 2000177c <flash_load_params+0x368>
200015ec:	eddf 5a64 	vldr	s11, [pc, #400]	@ 20001780 <flash_load_params+0x36c>
200015f0:	eddf 2a72 	vldr	s5, [pc, #456]	@ 200017bc <flash_load_params+0x3a8>
200015f4:	ed9f 3a66 	vldr	s6, [pc, #408]	@ 20001790 <flash_load_params+0x37c>
200015f8:	eddf 3a66 	vldr	s7, [pc, #408]	@ 20001794 <flash_load_params+0x380>
200015fc:	f04f 0c6c 	mov.w	ip, #108	@ 0x6c
20001600:	ed9f 4a65 	vldr	s8, [pc, #404]	@ 20001798 <flash_load_params+0x384>
20001604:	4640      	mov	r0, r8
20001606:	2300      	movs	r3, #0
20001608:	fb0c fc09 	mul.w	ip, ip, r9
2000160c:	4e4f      	ldr	r6, [pc, #316]	@ (2000174c <flash_load_params+0x338>)
2000160e:	eb09 05c9 	add.w	r5, r9, r9, lsl #3
20001612:	e038      	b.n	20001686 <flash_load_params+0x272>
20001614:	eeb4 7ac5 	vcmpe.f32	s14, s10
20001618:	eef1 fa10 	vmrs	APSR_nzcv, fpscr
2000161c:	f100 80d4 	bmi.w	200017c8 <flash_load_params+0x3b4>
20001620:	eef3 6a04 	vmov.f32	s13, #52	@ 0x41a00000  20.0
20001624:	eeb4 7ae6 	vcmpe.f32	s14, s13
20001628:	eef1 fa10 	vmrs	APSR_nzcv, fpscr
2000162c:	fe36 7a87 	vselgt.f32	s14, s13, s14
20001630:	ee27 7a03 	vmul.f32	s14, s14, s6
20001634:	eef7 7a00 	vmov.f32	s15, #112	@ 0x3f800000  1.0
20001638:	ee27 6a07 	vmul.f32	s12, s14, s14
2000163c:	ee77 7a27 	vadd.f32	s15, s14, s15
20001640:	eef6 4a00 	vmov.f32	s9, #96	@ 0x3f000000  0.5
20001644:	ee67 6a06 	vmul.f32	s13, s14, s12
20001648:	eee6 7a24 	vfma.f32	s15, s12, s9
2000164c:	ee27 7a26 	vmul.f32	s14, s14, s13
20001650:	eee6 7aa3 	vfma.f32	s15, s13, s7
20001654:	eee7 7a04 	vfma.f32	s15, s14, s8
20001658:	eef5 7ac0 	vcmpe.f32	s15, #0.0
2000165c:	eef1 fa10 	vmrs	APSR_nzcv, fpscr
20001660:	bf4c      	ite	mi
20001662:	2101      	movmi	r1, #1
20001664:	2100      	movpl	r1, #0
20001666:	2900      	cmp	r1, #0
20001668:	fe47 7aa5 	vseleq.f32	s15, s15, s11
2000166c:	ee17 1a90 	vmov	r1, s15
20001670:	441a      	add	r2, r3
20001672:	eb0c 0282 	add.w	r2, ip, r2, lsl #2
20001676:	3301      	adds	r3, #1
20001678:	4422      	add	r2, r4
2000167a:	2b09      	cmp	r3, #9
2000167c:	f100 000c 	add.w	r0, r0, #12
20001680:	6091      	str	r1, [r2, #8]
20001682:	f000 80c1 	beq.w	20001808 <flash_load_params+0x3f4>
20001686:	18ea      	adds	r2, r5, r3
20001688:	eb06 02c2 	add.w	r2, r6, r2, lsl #3
2000168c:	f892 18a8 	ldrb.w	r1, [r2, #2216]	@ 0x8a8
20001690:	f602 07ac 	addw	r7, r2, #2220	@ 0x8ac
20001694:	7001      	strb	r1, [r0, #0]
20001696:	f892 28a9 	ldrb.w	r2, [r2, #2217]	@ 0x8a9
2000169a:	eb03 0143 	add.w	r1, r3, r3, lsl #1
2000169e:	7042      	strb	r2, [r0, #1]
200016a0:	ed97 7a00 	vldr	s14, [r7]
200016a4:	eeb5 7a40 	vcmp.f32	s14, #0.0
200016a8:	ee17 7a10 	vmov	r7, s14
200016ac:	eef1 fa10 	vmrs	APSR_nzcv, fpscr
200016b0:	eb0c 0181 	add.w	r1, ip, r1, lsl #2
200016b4:	4421      	add	r1, r4
200016b6:	ea4f 0243 	mov.w	r2, r3, lsl #1
200016ba:	604f      	str	r7, [r1, #4]
200016bc:	d1aa      	bne.n	20001614 <flash_load_params+0x200>
200016be:	eef7 7a00 	vmov.f32	s15, #112	@ 0x3f800000  1.0
200016c2:	e7d3      	b.n	2000166c <flash_load_params+0x258>
200016c4:	2002      	movs	r0, #2
200016c6:	4770      	bx	lr
200016c8:	2003      	movs	r0, #3
200016ca:	b003      	add	sp, #12
200016cc:	e8bd 83f0 	ldmia.w	sp!, {r4, r5, r6, r7, r8, r9, pc}
200016d0:	eddf 7a2a 	vldr	s15, [pc, #168]	@ 2000177c <flash_load_params+0x368>
200016d4:	eeb4 7ae7 	vcmpe.f32	s14, s15
200016d8:	eef1 fa10 	vmrs	APSR_nzcv, fpscr
200016dc:	f100 8118 	bmi.w	20001910 <flash_load_params+0x4fc>
200016e0:	eef3 6a04 	vmov.f32	s13, #52	@ 0x41a00000  20.0
200016e4:	eeb4 7ae6 	vcmpe.f32	s14, s13
200016e8:	eef1 fa10 	vmrs	APSR_nzcv, fpscr
200016ec:	ed9f 6a28 	vldr	s12, [pc, #160]	@ 20001790 <flash_load_params+0x37c>
200016f0:	fe36 7a87 	vselgt.f32	s14, s13, s14
200016f4:	ee27 7a06 	vmul.f32	s14, s14, s12
200016f8:	eef7 7a00 	vmov.f32	s15, #112	@ 0x3f800000  1.0
200016fc:	ee27 6a07 	vmul.f32	s12, s14, s14
20001700:	ee77 7a27 	vadd.f32	s15, s14, s15
20001704:	eef6 4a00 	vmov.f32	s9, #96	@ 0x3f000000  0.5
20001708:	ee67 6a06 	vmul.f32	s13, s14, s12
2000170c:	ed9f 5a21 	vldr	s10, [pc, #132]	@ 20001794 <flash_load_params+0x380>
20001710:	eee6 7a24 	vfma.f32	s15, s12, s9
20001714:	eddf 5a20 	vldr	s11, [pc, #128]	@ 20001798 <flash_load_params+0x384>
20001718:	ee27 7a26 	vmul.f32	s14, s14, s13
2000171c:	eee6 7a85 	vfma.f32	s15, s13, s10
20001720:	eee7 7a25 	vfma.f32	s15, s14, s11
20001724:	eef5 7ac0 	vcmpe.f32	s15, #0.0
20001728:	eef1 fa10 	vmrs	APSR_nzcv, fpscr
2000172c:	bf4c      	ite	mi
2000172e:	2401      	movmi	r4, #1
20001730:	2400      	movpl	r4, #0
20001732:	ed9f 7a13 	vldr	s14, [pc, #76]	@ 20001780 <flash_load_params+0x36c>
20001736:	2c00      	cmp	r4, #0
20001738:	fe47 7a87 	vseleq.f32	s15, s15, s14
2000173c:	eeb0 7a67 	vmov.f32	s14, s15
20001740:	eebe 7ac2 	vcvt.s32.f32	s14, s14, #28
20001744:	ee17 3a10 	vmov	r3, s14
20001748:	e69d      	b.n	20001486 <flash_load_params+0x72>
2000174a:	bf00      	nop
2000174c:	103ff000 	.word	0x103ff000
20001750:	44535031 	.word	0x44535031
20001754:	103ff00c 	.word	0x103ff00c
20001758:	edb88320 	.word	0xedb88320
2000175c:	103ff9ac 	.word	0x103ff9ac
20001760:	20017810 	.word	0x20017810
20001764:	103ff84c 	.word	0x103ff84c
20001768:	20014abc 	.word	0x20014abc
2000176c:	2000e344 	.word	0x2000e344
20001770:	20015f2c 	.word	0x20015f2c
20001774:	2001489c 	.word	0x2001489c
20001778:	103ff854 	.word	0x103ff854
2000177c:	c2700000 	.word	0xc2700000
20001780:	00000000 	.word	0x00000000
20001784:	200148c8 	.word	0x200148c8
20001788:	2000e334 	.word	0x2000e334
2000178c:	200148d4 	.word	0x200148d4
20001790:	3debc8e3 	.word	0x3debc8e3
20001794:	3e2aaaad 	.word	0x3e2aaaad
20001798:	3d2aaab4 	.word	0x3d2aaab4
2000179c:	103ff894 	.word	0x103ff894
200017a0:	2000e324 	.word	0x2000e324
200017a4:	103ff898 	.word	0x103ff898
200017a8:	2000e320 	.word	0x2000e320
200017ac:	20015f34 	.word	0x20015f34
200017b0:	2000e314 	.word	0x2000e314
200017b4:	103ff8a4 	.word	0x103ff8a4
200017b8:	20015f30 	.word	0x20015f30
200017bc:	42678b78 	.word	0x42678b78
200017c0:	20015f33 	.word	0x20015f33
200017c4:	20012270 	.word	0x20012270
200017c8:	eef0 7a62 	vmov.f32	s15, s5
200017cc:	2100      	movs	r1, #0
200017ce:	e74a      	b.n	20001666 <flash_load_params+0x252>
200017d0:	9b01      	ldr	r3, [sp, #4]
200017d2:	2b05      	cmp	r3, #5
200017d4:	d014      	beq.n	20001800 <flash_load_params+0x3ec>
200017d6:	2300      	movs	r3, #0
200017d8:	494f      	ldr	r1, [pc, #316]	@ (20001918 <flash_load_params+0x504>)
200017da:	4850      	ldr	r0, [pc, #320]	@ (2000191c <flash_load_params+0x508>)
200017dc:	4c50      	ldr	r4, [pc, #320]	@ (20001920 <flash_load_params+0x50c>)
200017de:	18c2      	adds	r2, r0, r3
200017e0:	f892 29a4 	ldrb.w	r2, [r2, #2468]	@ 0x9a4
200017e4:	2a1d      	cmp	r2, #29
200017e6:	d805      	bhi.n	200017f4 <flash_load_params+0x3e0>
200017e8:	2a0c      	cmp	r2, #12
200017ea:	f1a2 0517 	sub.w	r5, r2, #23
200017ee:	d001      	beq.n	200017f4 <flash_load_params+0x3e0>
200017f0:	2d02      	cmp	r5, #2
200017f2:	d800      	bhi.n	200017f6 <flash_load_params+0x3e2>
200017f4:	5ce2      	ldrb	r2, [r4, r3]
200017f6:	3301      	adds	r3, #1
200017f8:	2b05      	cmp	r3, #5
200017fa:	f801 2b01 	strb.w	r2, [r1], #1
200017fe:	d1ee      	bne.n	200017de <flash_load_params+0x3ca>
20001800:	2000      	movs	r0, #0
20001802:	b003      	add	sp, #12
20001804:	e8bd 83f0 	ldmia.w	sp!, {r4, r5, r6, r7, r8, r9, pc}
20001808:	f109 0301 	add.w	r3, r9, #1
2000180c:	2b02      	cmp	r3, #2
2000180e:	f04f 0901 	mov.w	r9, #1
20001812:	f108 086c 	add.w	r8, r8, #108	@ 0x6c
20001816:	f47f aef1 	bne.w	200015fc <flash_load_params+0x1e8>
2000181a:	2300      	movs	r3, #0
2000181c:	eeb7 2a00 	vmov.f32	s4, #112	@ 0x3f800000  1.0
20001820:	ed9f 5a40 	vldr	s10, [pc, #256]	@ 20001924 <flash_load_params+0x510>
20001824:	eddf 5a40 	vldr	s11, [pc, #256]	@ 20001928 <flash_load_params+0x514>
20001828:	eddf 2a40 	vldr	s5, [pc, #256]	@ 2000192c <flash_load_params+0x518>
2000182c:	ed9f 3a40 	vldr	s6, [pc, #256]	@ 20001930 <flash_load_params+0x51c>
20001830:	eddf 3a40 	vldr	s7, [pc, #256]	@ 20001934 <flash_load_params+0x520>
20001834:	ed9f 4a40 	vldr	s8, [pc, #256]	@ 20001938 <flash_load_params+0x524>
20001838:	4d40      	ldr	r5, [pc, #256]	@ (2000193c <flash_load_params+0x528>)
2000183a:	4e38      	ldr	r6, [pc, #224]	@ (2000191c <flash_load_params+0x508>)
2000183c:	e036      	b.n	200018ac <flash_load_params+0x498>
2000183e:	eef4 7ac5 	vcmpe.f32	s15, s10
20001842:	eef1 fa10 	vmrs	APSR_nzcv, fpscr
20001846:	d458      	bmi.n	200018fa <flash_load_params+0x4e6>
20001848:	eeb3 7a04 	vmov.f32	s14, #52	@ 0x41a00000  20.0
2000184c:	eef4 7ac7 	vcmpe.f32	s15, s14
20001850:	eef1 fa10 	vmrs	APSR_nzcv, fpscr
20001854:	fe37 7a27 	vselgt.f32	s14, s14, s15
20001858:	ee27 7a03 	vmul.f32	s14, s14, s6
2000185c:	eef6 4a00 	vmov.f32	s9, #96	@ 0x3f000000  0.5
20001860:	ee27 6a07 	vmul.f32	s12, s14, s14
20001864:	ee77 7a02 	vadd.f32	s15, s14, s4
20001868:	ee67 6a06 	vmul.f32	s13, s14, s12
2000186c:	eee6 7a24 	vfma.f32	s15, s12, s9
20001870:	ee27 7a26 	vmul.f32	s14, s14, s13
20001874:	eee6 7aa3 	vfma.f32	s15, s13, s7
20001878:	eee7 7a04 	vfma.f32	s15, s14, s8
2000187c:	eef5 7ac0 	vcmpe.f32	s15, #0.0
20001880:	eef1 fa10 	vmrs	APSR_nzcv, fpscr
20001884:	bf4c      	ite	mi
20001886:	2201      	movmi	r2, #1
20001888:	2200      	movpl	r2, #0
2000188a:	2a00      	cmp	r2, #0
2000188c:	fe47 7aa5 	vseleq.f32	s15, s15, s11
20001890:	ee17 2a90 	vmov	r2, s15
20001894:	4419      	add	r1, r3
20001896:	3301      	adds	r3, #1
20001898:	eb04 0181 	add.w	r1, r4, r1, lsl #2
2000189c:	2b09      	cmp	r3, #9
2000189e:	f845 7b04 	str.w	r7, [r5], #4
200018a2:	f10e 0e14 	add.w	lr, lr, #20
200018a6:	f8c1 20e0 	str.w	r2, [r1, #224]	@ 0xe0
200018aa:	d091      	beq.n	200017d0 <flash_load_params+0x3bc>
200018ac:	eb03 0243 	add.w	r2, r3, r3, lsl #1
200018b0:	eb06 0282 	add.w	r2, r6, r2, lsl #2
200018b4:	f892 1938 	ldrb.w	r1, [r2, #2360]	@ 0x938
200018b8:	eb03 0083 	add.w	r0, r3, r3, lsl #2
200018bc:	f88e 10d8 	strb.w	r1, [lr, #216]	@ 0xd8
200018c0:	f892 1939 	ldrb.w	r1, [r2, #2361]	@ 0x939
200018c4:	eb04 0080 	add.w	r0, r4, r0, lsl #2
200018c8:	f88e 10d9 	strb.w	r1, [lr, #217]	@ 0xd9
200018cc:	f602 113c 	addw	r1, r2, #2364	@ 0x93c
200018d0:	edd1 7a00 	vldr	s15, [r1]
200018d4:	eef5 7a40 	vcmp.f32	s15, #0.0
200018d8:	ee17 7a90 	vmov	r7, s15
200018dc:	eef1 fa10 	vmrs	APSR_nzcv, fpscr
200018e0:	f502 6214 	add.w	r2, r2, #2368	@ 0x940
200018e4:	f8c0 70dc 	str.w	r7, [r0, #220]	@ 0xdc
200018e8:	6817      	ldr	r7, [r2, #0]
200018ea:	ea4f 0183 	mov.w	r1, r3, lsl #2
200018ee:	f8c0 70e4 	str.w	r7, [r0, #228]	@ 0xe4
200018f2:	d1a4      	bne.n	2000183e <flash_load_params+0x42a>
200018f4:	eef7 7a00 	vmov.f32	s15, #112	@ 0x3f800000  1.0
200018f8:	e7ca      	b.n	20001890 <flash_load_params+0x47c>
200018fa:	eef0 7a62 	vmov.f32	s15, s5
200018fe:	2200      	movs	r2, #0
20001900:	e7c3      	b.n	2000188a <flash_load_params+0x476>
20001902:	f44f 4200 	mov.w	r2, #32768	@ 0x8000
20001906:	e627      	b.n	20001558 <flash_load_params+0x144>
20001908:	2200      	movs	r2, #0
2000190a:	eddf 7a08 	vldr	s15, [pc, #32]	@ 2000192c <flash_load_params+0x518>
2000190e:	e61a      	b.n	20001546 <flash_load_params+0x132>
20001910:	eddf 7a06 	vldr	s15, [pc, #24]	@ 2000192c <flash_load_params+0x518>
20001914:	e70d      	b.n	20001732 <flash_load_params+0x31e>
20001916:	bf00      	nop
20001918:	2000e300 	.word	0x2000e300
2000191c:	103ff000 	.word	0x103ff000
20001920:	2000d910 	.word	0x2000d910
20001924:	c2700000 	.word	0xc2700000
20001928:	00000000 	.word	0x00000000
2000192c:	42678b78 	.word	0x42678b78
20001930:	3debc8e3 	.word	0x3debc8e3
20001934:	3e2aaaad 	.word	0x3e2aaaad
20001938:	3d2aaab4 	.word	0x3d2aaab4
2000193c:	200148a4 	.word	0x200148a4

20001940 <flash_factory_reset>:
20001940:	b5f8      	push	{r3, r4, r5, r6, r7, lr}
20001942:	f7fe fe1f 	bl	20000584 <dsp_init_default_filters>
20001946:	f04f 5780 	mov.w	r7, #268435456	@ 0x10000000
2000194a:	2300      	movs	r3, #0
2000194c:	2000      	movs	r0, #0
2000194e:	4a30      	ldr	r2, [pc, #192]	@ (20001a10 <flash_factory_reset+0xd0>)
20001950:	4e30      	ldr	r6, [pc, #192]	@ (20001a14 <flash_factory_reset+0xd4>)
20001952:	4931      	ldr	r1, [pc, #196]	@ (20001a18 <flash_factory_reset+0xd8>)
20001954:	6030      	str	r0, [r6, #0]
20001956:	f44f 4e00 	mov.w	lr, #32768	@ 0x8000
2000195a:	600f      	str	r7, [r1, #0]
2000195c:	7013      	strb	r3, [r2, #0]
2000195e:	461a      	mov	r2, r3
20001960:	f8df c0ec 	ldr.w	ip, [pc, #236]	@ 20001a50 <flash_factory_reset+0x110>
20001964:	4d2d      	ldr	r5, [pc, #180]	@ (20001a1c <flash_factory_reset+0xdc>)
20001966:	4c2e      	ldr	r4, [pc, #184]	@ (20001a20 <flash_factory_reset+0xe0>)
20001968:	eb0c 0183 	add.w	r1, ip, r3, lsl #2
2000196c:	6008      	str	r0, [r1, #0]
2000196e:	f845 e023 	str.w	lr, [r5, r3, lsl #2]
20001972:	54e2      	strb	r2, [r4, r3]
20001974:	3301      	adds	r3, #1
20001976:	2b03      	cmp	r3, #3
20001978:	d1f6      	bne.n	20001968 <flash_factory_reset+0x28>
2000197a:	2501      	movs	r5, #1
2000197c:	f8df e0d4 	ldr.w	lr, [pc, #212]	@ 20001a54 <flash_factory_reset+0x114>
20001980:	4928      	ldr	r1, [pc, #160]	@ (20001a24 <flash_factory_reset+0xe4>)
20001982:	4e29      	ldr	r6, [pc, #164]	@ (20001a28 <flash_factory_reset+0xe8>)
20001984:	700a      	strb	r2, [r1, #0]
20001986:	f8df c0d0 	ldr.w	ip, [pc, #208]	@ 20001a58 <flash_factory_reset+0x118>
2000198a:	f8c6 e000 	str.w	lr, [r6]
2000198e:	4e27      	ldr	r6, [pc, #156]	@ (20001a2c <flash_factory_reset+0xec>)
20001990:	4b27      	ldr	r3, [pc, #156]	@ (20001a30 <flash_factory_reset+0xf0>)
20001992:	f8c6 c000 	str.w	ip, [r6]
20001996:	4827      	ldr	r0, [pc, #156]	@ (20001a34 <flash_factory_reset+0xf4>)
20001998:	4e27      	ldr	r6, [pc, #156]	@ (20001a38 <flash_factory_reset+0xf8>)
2000199a:	4c28      	ldr	r4, [pc, #160]	@ (20001a3c <flash_factory_reset+0xfc>)
2000199c:	7035      	strb	r5, [r6, #0]
2000199e:	4928      	ldr	r1, [pc, #160]	@ (20001a40 <flash_factory_reset+0x100>)
200019a0:	701a      	strb	r2, [r3, #0]
200019a2:	705d      	strb	r5, [r3, #1]
200019a4:	709a      	strb	r2, [r3, #2]
200019a6:	6058      	str	r0, [r3, #4]
200019a8:	4826      	ldr	r0, [pc, #152]	@ (20001a44 <flash_factory_reset+0x104>)
200019aa:	6099      	str	r1, [r3, #8]
200019ac:	f44f 72c6 	mov.w	r2, #396	@ 0x18c
200019b0:	2100      	movs	r1, #0
200019b2:	7005      	strb	r5, [r0, #0]
200019b4:	4620      	mov	r0, r4
200019b6:	f009 fe11 	bl	2000b5dc <memset>
200019ba:	f04f 517e 	mov.w	r1, #1065353216	@ 0x3f800000
200019be:	460a      	mov	r2, r1
200019c0:	f8c4 10f4 	str.w	r1, [r4, #244]	@ 0xf4
200019c4:	60a1      	str	r1, [r4, #8]
200019c6:	f8c4 1080 	str.w	r1, [r4, #128]	@ 0x80
200019ca:	2302      	movs	r3, #2
200019cc:	4621      	mov	r1, r4
200019ce:	f04f 0c00 	mov.w	ip, #0
200019d2:	7025      	strb	r5, [r4, #0]
200019d4:	f884 5078 	strb.w	r5, [r4, #120]	@ 0x78
200019d8:	f884 50d8 	strb.w	r5, [r4, #216]	@ 0xd8
200019dc:	f8c4 20e0 	str.w	r2, [r4, #224]	@ 0xe0
200019e0:	f884 50ec 	strb.w	r5, [r4, #236]	@ 0xec
200019e4:	f04f 507e 	mov.w	r0, #1065353216	@ 0x3f800000
200019e8:	eb03 0283 	add.w	r2, r3, r3, lsl #2
200019ec:	3301      	adds	r3, #1
200019ee:	eb04 0282 	add.w	r2, r4, r2, lsl #2
200019f2:	2b09      	cmp	r3, #9
200019f4:	f881 c100 	strb.w	ip, [r1, #256]	@ 0x100
200019f8:	f101 0114 	add.w	r1, r1, #20
200019fc:	f8c2 00e0 	str.w	r0, [r2, #224]	@ 0xe0
20001a00:	d1f0      	bne.n	200019e4 <flash_factory_reset+0xa4>
20001a02:	220a      	movs	r2, #10
20001a04:	4b10      	ldr	r3, [pc, #64]	@ (20001a48 <flash_factory_reset+0x108>)
20001a06:	4911      	ldr	r1, [pc, #68]	@ (20001a4c <flash_factory_reset+0x10c>)
20001a08:	711a      	strb	r2, [r3, #4]
20001a0a:	6019      	str	r1, [r3, #0]
20001a0c:	bdf8      	pop	{r3, r4, r5, r6, r7, pc}
20001a0e:	bf00      	nop
20001a10:	20015f2c 	.word	0x20015f2c
20001a14:	20014abc 	.word	0x20014abc
20001a18:	2000e344 	.word	0x2000e344
20001a1c:	2000e334 	.word	0x2000e334
20001a20:	200148d4 	.word	0x200148d4
20001a24:	20015f33 	.word	0x20015f33
20001a28:	2000e324 	.word	0x2000e324
20001a2c:	2000e320 	.word	0x2000e320
20001a30:	2000e314 	.word	0x2000e314
20001a34:	442f0000 	.word	0x442f0000
20001a38:	20015f34 	.word	0x20015f34
20001a3c:	20012270 	.word	0x20012270
20001a40:	40900000 	.word	0x40900000
20001a44:	20015f30 	.word	0x20015f30
20001a48:	2000e300 	.word	0x2000e300
20001a4c:	09080716 	.word	0x09080716
20001a50:	200148c8 	.word	0x200148c8
20001a54:	42a60000 	.word	0x42a60000
20001a58:	42c80000 	.word	0x42c80000

20001a5c <loudness_recompute_table>:
20001a5c:	e92d 4ff8 	stmdb	sp!, {r3, r4, r5, r6, r7, r8, r9, sl, fp, lr}
20001a60:	eeb7 7a00 	vmov.f32	s14, #112	@ 0x3f800000  1.0
20001a64:	ed2d 8b10 	vpush	{d8-d15}
20001a68:	ee0a 2a10 	vmov	s20, r2
20001a6c:	eeb4 aac7 	vcmpe.f32	s20, s14
20001a70:	eef1 fa10 	vmrs	APSR_nzcv, fpscr
20001a74:	ee07 0a90 	vmov	s15, r0
20001a78:	ee0c 1a10 	vmov	s24, r1
20001a7c:	d501      	bpl.n	20001a82 <loudness_recompute_table+0x26>
20001a7e:	ed9f aae7 	vldr	s20, [pc, #924]	@ 20001e1c <loudness_recompute_table+0x3c0>
20001a82:	eddf dae7 	vldr	s27, [pc, #924]	@ 20001e20 <loudness_recompute_table+0x3c4>
20001a86:	eef4 7aed 	vcmpe.f32	s15, s27
20001a8a:	eef1 fa10 	vmrs	APSR_nzcv, fpscr
20001a8e:	d407      	bmi.n	20001aa0 <loudness_recompute_table+0x44>
20001a90:	eddf dae4 	vldr	s27, [pc, #912]	@ 20001e24 <loudness_recompute_table+0x3c8>
20001a94:	eef4 7aed 	vcmpe.f32	s15, s27
20001a98:	eef1 fa10 	vmrs	APSR_nzcv, fpscr
20001a9c:	fe7d daa7 	vselgt.f32	s27, s27, s15
20001aa0:	f44f 6437 	mov.w	r4, #2928	@ 0xb70
20001aa4:	f8df a3c0 	ldr.w	sl, [pc, #960]	@ 20001e68 <loudness_recompute_table+0x40c>
20001aa8:	f8df 93c0 	ldr.w	r9, [pc, #960]	@ 20001e6c <loudness_recompute_table+0x410>
20001aac:	f89a 8000 	ldrb.w	r8, [sl]
20001ab0:	f06f 063b 	mvn.w	r6, #59	@ 0x3b
20001ab4:	f1c8 0801 	rsb	r8, r8, #1
20001ab8:	fa5f f888 	uxtb.w	r8, r8
20001abc:	2500      	movs	r5, #0
20001abe:	eddf bada 	vldr	s23, [pc, #872]	@ 20001e28 <loudness_recompute_table+0x3cc>
20001ac2:	eddf 9ada 	vldr	s19, [pc, #872]	@ 20001e2c <loudness_recompute_table+0x3d0>
20001ac6:	ed9f 9ada 	vldr	s18, [pc, #872]	@ 20001e30 <loudness_recompute_table+0x3d4>
20001aca:	ed9f bada 	vldr	s22, [pc, #872]	@ 20001e34 <loudness_recompute_table+0x3d8>
20001ace:	eddf aada 	vldr	s21, [pc, #872]	@ 20001e38 <loudness_recompute_table+0x3dc>
20001ad2:	fb04 9408 	mla	r4, r4, r8, r9
20001ad6:	e017      	b.n	20001b08 <loudness_recompute_table+0xac>
20001ad8:	2201      	movs	r2, #1
20001ada:	f04f 537e 	mov.w	r3, #1065353216	@ 0x3f800000
20001ade:	6065      	str	r5, [r4, #4]
20001ae0:	60a5      	str	r5, [r4, #8]
20001ae2:	60e5      	str	r5, [r4, #12]
20001ae4:	6125      	str	r5, [r4, #16]
20001ae6:	7522      	strb	r2, [r4, #20]
20001ae8:	6023      	str	r3, [r4, #0]
20001aea:	2201      	movs	r2, #1
20001aec:	f04f 537e 	mov.w	r3, #1065353216	@ 0x3f800000
20001af0:	4416      	add	r6, r2
20001af2:	4296      	cmp	r6, r2
20001af4:	61e5      	str	r5, [r4, #28]
20001af6:	6225      	str	r5, [r4, #32]
20001af8:	6265      	str	r5, [r4, #36]	@ 0x24
20001afa:	62a5      	str	r5, [r4, #40]	@ 0x28
20001afc:	f884 202c 	strb.w	r2, [r4, #44]	@ 0x2c
20001b00:	61a3      	str	r3, [r4, #24]
20001b02:	f000 817f 	beq.w	20001e04 <loudness_recompute_table+0x3a8>
20001b06:	3430      	adds	r4, #48	@ 0x30
20001b08:	ee07 6a10 	vmov	s14, r6
20001b0c:	eeb8 7ac7 	vcvt.f32.s32	s14, s14
20001b10:	eef3 7a04 	vmov.f32	s15, #52	@ 0x41a00000  20.0
20001b14:	ee37 7a2d 	vadd.f32	s14, s14, s27
20001b18:	eef4 7ac7 	vcmpe.f32	s15, s14
20001b1c:	eef1 fa10 	vmrs	APSR_nzcv, fpscr
20001b20:	fe77 7a87 	vselgt.f32	s15, s15, s14
20001b24:	eef4 7aed 	vcmpe.f32	s15, s27
20001b28:	eef1 fa10 	vmrs	APSR_nzcv, fpscr
20001b2c:	fe3d 8aa7 	vselgt.f32	s16, s27, s15
20001b30:	eef4 dac8 	vcmpe.f32	s27, s16
20001b34:	eef1 fa10 	vmrs	APSR_nzcv, fpscr
20001b38:	d9ce      	bls.n	20001ad8 <loudness_recompute_table+0x7c>
20001b3a:	ee6d 7aab 	vmul.f32	s15, s27, s23
20001b3e:	ee17 7a90 	vmov	r7, s15
20001b42:	48be      	ldr	r0, [pc, #760]	@ (20001e3c <loudness_recompute_table+0x3e0>)
20001b44:	4639      	mov	r1, r7
20001b46:	f004 fbd1 	bl	200062ec <__wrap_powf>
20001b4a:	ee07 0a90 	vmov	s15, r0
20001b4e:	eeb0 7a4b 	vmov.f32	s14, s22
20001b52:	ee77 7ae9 	vsub.f32	s15, s15, s19
20001b56:	eea7 7a89 	vfma.f32	s14, s15, s18
20001b5a:	ee17 0a10 	vmov	r0, s14
20001b5e:	f004 fbb7 	bl	200062d0 <__wrap_log10f>
20001b62:	ee28 7a2b 	vmul.f32	s14, s16, s23
20001b66:	eddf 8ab6 	vldr	s17, [pc, #728]	@ 20001e40 <loudness_recompute_table+0x3e4>
20001b6a:	ee17 ba10 	vmov	fp, s14
20001b6e:	ee07 0a90 	vmov	s15, r0
20001b72:	eef0 ca68 	vmov.f32	s25, s17
20001b76:	4659      	mov	r1, fp
20001b78:	48b0      	ldr	r0, [pc, #704]	@ (20001e3c <loudness_recompute_table+0x3e0>)
20001b7a:	eee7 caaa 	vfma.f32	s25, s15, s21
20001b7e:	f004 fbb5 	bl	200062ec <__wrap_powf>
20001b82:	ee07 0a90 	vmov	s15, r0
20001b86:	eeb0 7a4b 	vmov.f32	s14, s22
20001b8a:	ee77 7ae9 	vsub.f32	s15, s15, s19
20001b8e:	eea7 7a89 	vfma.f32	s14, s15, s18
20001b92:	ee17 0a10 	vmov	r0, s14
20001b96:	f004 fb9b 	bl	200062d0 <__wrap_log10f>
20001b9a:	eddf 7aa2 	vldr	s15, [pc, #648]	@ 20001e24 <loudness_recompute_table+0x3c8>
20001b9e:	ee07 0a10 	vmov	s14, r0
20001ba2:	4639      	mov	r1, r7
20001ba4:	48a5      	ldr	r0, [pc, #660]	@ (20001e3c <loudness_recompute_table+0x3e0>)
20001ba6:	eecc ea27 	vdiv.f32	s29, s24, s15
20001baa:	eee7 8a2a 	vfma.f32	s17, s14, s21
20001bae:	f004 fb9d 	bl	200062ec <__wrap_powf>
20001bb2:	eddf faa4 	vldr	s31, [pc, #656]	@ 20001e44 <loudness_recompute_table+0x3e8>
20001bb6:	ee07 0a90 	vmov	s15, r0
20001bba:	eeb0 7a6f 	vmov.f32	s14, s31
20001bbe:	ee77 7ae9 	vsub.f32	s15, s15, s19
20001bc2:	ed9f daa1 	vldr	s26, [pc, #644]	@ 20001e48 <loudness_recompute_table+0x3ec>
20001bc6:	eea7 7a89 	vfma.f32	s14, s15, s18
20001bca:	ee7c ca8d 	vadd.f32	s25, s25, s26
20001bce:	ee78 8a8d 	vadd.f32	s17, s17, s26
20001bd2:	ee17 0a10 	vmov	r0, s14
20001bd6:	f004 fb7b 	bl	200062d0 <__wrap_log10f>
20001bda:	ee78 8aec 	vsub.f32	s17, s17, s25
20001bde:	eddf ca9b 	vldr	s25, [pc, #620]	@ 20001e4c <loudness_recompute_table+0x3f0>
20001be2:	ee07 0a90 	vmov	s15, r0
20001be6:	ed9f fa9a 	vldr	s30, [pc, #616]	@ 20001e50 <loudness_recompute_table+0x3f4>
20001bea:	eeb0 ea6c 	vmov.f32	s28, s25
20001bee:	4659      	mov	r1, fp
20001bf0:	4892      	ldr	r0, [pc, #584]	@ (20001e3c <loudness_recompute_table+0x3e0>)
20001bf2:	eea7 ea8f 	vfma.f32	s28, s15, s30
20001bf6:	f004 fb79 	bl	200062ec <__wrap_powf>
20001bfa:	ee07 0a90 	vmov	s15, r0
20001bfe:	ee77 7ae9 	vsub.f32	s15, s15, s19
20001c02:	eee7 fa89 	vfma.f32	s31, s15, s18
20001c06:	ee1f 0a90 	vmov	r0, s31
20001c0a:	f004 fb61 	bl	200062d0 <__wrap_log10f>
20001c0e:	ee38 8a6d 	vsub.f32	s16, s16, s27
20001c12:	ee06 0a90 	vmov	s13, r0
20001c16:	ee78 8ac8 	vsub.f32	s17, s17, s16
20001c1a:	eee6 ca8f 	vfma.f32	s25, s13, s30
20001c1e:	ee68 8aae 	vmul.f32	s17, s17, s29
20001c22:	ee3e ea0d 	vadd.f32	s28, s28, s26
20001c26:	ee7c ca8d 	vadd.f32	s25, s25, s26
20001c2a:	eddf 7a8a 	vldr	s15, [pc, #552]	@ 20001e54 <loudness_recompute_table+0x3f8>
20001c2e:	eeb0 7ae8 	vabs.f32	s14, s17
20001c32:	ee7c cace 	vsub.f32	s25, s25, s28
20001c36:	eeb4 7ae7 	vcmpe.f32	s14, s15
20001c3a:	ee7c cac8 	vsub.f32	s25, s25, s16
20001c3e:	eef1 fa10 	vmrs	APSR_nzcv, fpscr
20001c42:	ee6e eaac 	vmul.f32	s29, s29, s25
20001c46:	eef0 caee 	vabs.f32	s25, s29
20001c4a:	f100 8113 	bmi.w	20001e74 <loudness_recompute_table+0x418>
20001c4e:	eddf 7a82 	vldr	s15, [pc, #520]	@ 20001e58 <loudness_recompute_table+0x3fc>
20001c52:	eec7 7a8a 	vdiv.f32	s15, s15, s20
20001c56:	2300      	movs	r3, #0
20001c58:	ee17 7a90 	vmov	r7, s15
20001c5c:	7523      	strb	r3, [r4, #20]
20001c5e:	4638      	mov	r0, r7
20001c60:	f004 fe5a 	bl	20006918 <__wrap_sinf>
20001c64:	ee0e 0a10 	vmov	s28, r0
20001c68:	4638      	mov	r0, r7
20001c6a:	f004 fe58 	bl	2000691e <__wrap_cosf>
20001c6e:	ed9f 7a6c 	vldr	s14, [pc, #432]	@ 20001e20 <loudness_recompute_table+0x3c4>
20001c72:	ee88 7a87 	vdiv.f32	s14, s17, s14
20001c76:	eddf 7a79 	vldr	s15, [pc, #484]	@ 20001e5c <loudness_recompute_table+0x400>
20001c7a:	ee0d 0a10 	vmov	s26, r0
20001c7e:	ee17 1a10 	vmov	r1, s14
20001c82:	486e      	ldr	r0, [pc, #440]	@ (20001e3c <loudness_recompute_table+0x3e0>)
20001c84:	eece 8a27 	vdiv.f32	s17, s28, s15
20001c88:	f004 fb30 	bl	200062ec <__wrap_powf>
20001c8c:	eeb7 4a00 	vmov.f32	s8, #112	@ 0x3f800000  1.0
20001c90:	ee06 0a90 	vmov	s13, r0
20001c94:	ee76 4a84 	vadd.f32	s9, s13, s8
20001c98:	ee76 7ac4 	vsub.f32	s15, s13, s8
20001c9c:	eeb0 7a64 	vmov.f32	s14, s9
20001ca0:	eef0 5a64 	vmov.f32	s11, s9
20001ca4:	eead 7a67 	vfms.f32	s14, s26, s15
20001ca8:	eeed 5a27 	vfma.f32	s11, s26, s15
20001cac:	eeb1 6ae6 	vsqrt.f32	s12, s13
20001cb0:	eeb0 5a67 	vmov.f32	s10, s15
20001cb4:	ee36 6a06 	vadd.f32	s12, s12, s12
20001cb8:	eead 5a64 	vfms.f32	s10, s26, s9
20001cbc:	eeed 7a24 	vfma.f32	s15, s26, s9
20001cc0:	eef0 3a65 	vmov.f32	s7, s11
20001cc4:	eef0 4a47 	vmov.f32	s9, s14
20001cc8:	ee76 2aa6 	vadd.f32	s5, s13, s13
20001ccc:	eee8 4a86 	vfma.f32	s9, s17, s12
20001cd0:	eea8 7ac6 	vfms.f32	s14, s17, s12
20001cd4:	eee8 3a86 	vfma.f32	s7, s17, s12
20001cd8:	eeb8 3a00 	vmov.f32	s6, #128	@ 0xc0000000 -2.0
20001cdc:	eee8 5ac6 	vfms.f32	s11, s17, s12
20001ce0:	ee27 7a26 	vmul.f32	s14, s14, s13
20001ce4:	ee24 6aa6 	vmul.f32	s12, s9, s13
20001ce8:	ee25 5a22 	vmul.f32	s10, s10, s5
20001cec:	eec4 4a23 	vdiv.f32	s9, s8, s7
20001cf0:	ee67 7a83 	vmul.f32	s15, s15, s6
20001cf4:	ee26 6a24 	vmul.f32	s12, s12, s9
20001cf8:	ee65 6a24 	vmul.f32	s13, s10, s9
20001cfc:	ee27 7a24 	vmul.f32	s14, s14, s9
20001d00:	ee67 7aa4 	vmul.f32	s15, s15, s9
20001d04:	ee65 5aa4 	vmul.f32	s11, s11, s9
20001d08:	ed9f 5a52 	vldr	s10, [pc, #328]	@ 20001e54 <loudness_recompute_table+0x3f8>
20001d0c:	eef4 cac5 	vcmpe.f32	s25, s10
20001d10:	eef1 fa10 	vmrs	APSR_nzcv, fpscr
20001d14:	ed84 6a00 	vstr	s12, [r4]
20001d18:	edc4 6a01 	vstr	s13, [r4, #4]
20001d1c:	ed84 7a02 	vstr	s14, [r4, #8]
20001d20:	edc4 7a03 	vstr	s15, [r4, #12]
20001d24:	edc4 5a04 	vstr	s11, [r4, #16]
20001d28:	f53f aedf 	bmi.w	20001aea <loudness_recompute_table+0x8e>
20001d2c:	eddf 7a4c 	vldr	s15, [pc, #304]	@ 20001e60 <loudness_recompute_table+0x404>
20001d30:	eec7 7a8a 	vdiv.f32	s15, s15, s20
20001d34:	2300      	movs	r3, #0
20001d36:	ee17 7a90 	vmov	r7, s15
20001d3a:	f884 302c 	strb.w	r3, [r4, #44]	@ 0x2c
20001d3e:	4638      	mov	r0, r7
20001d40:	f004 fdea 	bl	20006918 <__wrap_sinf>
20001d44:	ee0c 0a90 	vmov	s25, r0
20001d48:	4638      	mov	r0, r7
20001d4a:	f004 fde8 	bl	2000691e <__wrap_cosf>
20001d4e:	ed9f 7a34 	vldr	s14, [pc, #208]	@ 20001e20 <loudness_recompute_table+0x3c4>
20001d52:	ee8e 7a87 	vdiv.f32	s14, s29, s14
20001d56:	eddf 7a41 	vldr	s15, [pc, #260]	@ 20001e5c <loudness_recompute_table+0x400>
20001d5a:	ee08 0a90 	vmov	s17, r0
20001d5e:	ee17 1a10 	vmov	r1, s14
20001d62:	4836      	ldr	r0, [pc, #216]	@ (20001e3c <loudness_recompute_table+0x3e0>)
20001d64:	ee8c 8aa7 	vdiv.f32	s16, s25, s15
20001d68:	f004 fac0 	bl	200062ec <__wrap_powf>
20001d6c:	eeb7 4a00 	vmov.f32	s8, #112	@ 0x3f800000  1.0
20001d70:	ee05 0a90 	vmov	s11, r0
20001d74:	ee75 4a84 	vadd.f32	s9, s11, s8
20001d78:	ee75 7ac4 	vsub.f32	s15, s11, s8
20001d7c:	eeb0 7a64 	vmov.f32	s14, s9
20001d80:	eeb0 6a64 	vmov.f32	s12, s9
20001d84:	eea8 7aa7 	vfma.f32	s14, s17, s15
20001d88:	eea8 6ae7 	vfms.f32	s12, s17, s15
20001d8c:	eef1 6ae5 	vsqrt.f32	s13, s11
20001d90:	eeb0 5a67 	vmov.f32	s10, s15
20001d94:	ee76 6aa6 	vadd.f32	s13, s13, s13
20001d98:	eea8 5aa4 	vfma.f32	s10, s17, s9
20001d9c:	eee8 7ae4 	vfms.f32	s15, s17, s9
20001da0:	eeb0 3a46 	vmov.f32	s6, s12
20001da4:	eef0 4a47 	vmov.f32	s9, s14
20001da8:	eef8 3a00 	vmov.f32	s7, #128	@ 0xc0000000 -2.0
20001dac:	eee8 4a26 	vfma.f32	s9, s16, s13
20001db0:	ee65 3aa3 	vmul.f32	s7, s11, s7
20001db4:	eea8 7a66 	vfms.f32	s14, s16, s13
20001db8:	eea8 3a26 	vfma.f32	s6, s16, s13
20001dbc:	eea8 6a66 	vfms.f32	s12, s16, s13
20001dc0:	ee27 7a25 	vmul.f32	s14, s14, s11
20001dc4:	ee64 6aa5 	vmul.f32	s13, s9, s11
20001dc8:	ee25 5a23 	vmul.f32	s10, s10, s7
20001dcc:	eec4 4a03 	vdiv.f32	s9, s8, s6
20001dd0:	ee77 7aa7 	vadd.f32	s15, s15, s15
20001dd4:	ee66 5aa4 	vmul.f32	s11, s13, s9
20001dd8:	ee27 7a24 	vmul.f32	s14, s14, s9
20001ddc:	ee65 6a24 	vmul.f32	s13, s10, s9
20001de0:	ee67 7aa4 	vmul.f32	s15, s15, s9
20001de4:	ee26 6a24 	vmul.f32	s12, s12, s9
20001de8:	3601      	adds	r6, #1
20001dea:	2e01      	cmp	r6, #1
20001dec:	edc4 5a06 	vstr	s11, [r4, #24]
20001df0:	edc4 6a07 	vstr	s13, [r4, #28]
20001df4:	ed84 7a08 	vstr	s14, [r4, #32]
20001df8:	edc4 7a09 	vstr	s15, [r4, #36]	@ 0x24
20001dfc:	ed84 6a0a 	vstr	s12, [r4, #40]	@ 0x28
20001e00:	f47f ae81 	bne.w	20001b06 <loudness_recompute_table+0xaa>
20001e04:	f44f 6337 	mov.w	r3, #2928	@ 0xb70
20001e08:	fb03 9308 	mla	r3, r3, r8, r9
20001e0c:	4a15      	ldr	r2, [pc, #84]	@ (20001e64 <loudness_recompute_table+0x408>)
20001e0e:	f88a 8000 	strb.w	r8, [sl]
20001e12:	6013      	str	r3, [r2, #0]
20001e14:	ecbd 8b10 	vpop	{d8-d15}
20001e18:	e8bd 8ff8 	ldmia.w	sp!, {r3, r4, r5, r6, r7, r8, r9, sl, fp, pc}
20001e1c:	473b8000 	.word	0x473b8000
20001e20:	42200000 	.word	0x42200000
20001e24:	42c80000 	.word	0x42c80000
20001e28:	3ccccccd 	.word	0x3ccccccd
20001e2c:	3f933333 	.word	0x3f933333
20001e30:	3b927914 	.word	0x3b927914
20001e34:	41a4ea3e 	.word	0x41a4ea3e
20001e38:	41b92f68 	.word	0x41b92f68
20001e3c:	41200000 	.word	0x41200000
20001e40:	c2a0cccd 	.word	0xc2a0cccd
20001e44:	3c5aae34 	.word	0x3c5aae34
20001e48:	42bc0000 	.word	0x42bc0000
20001e4c:	c18e6666 	.word	0xc18e6666
20001e50:	4204e3ef 	.word	0x4204e3ef
20001e54:	3c23d70a 	.word	0x3c23d70a
20001e58:	449d1463 	.word	0x449d1463
20001e5c:	3fb4fdf4 	.word	0x3fb4fdf4
20001e60:	4713431d 	.word	0x4713431d
20001e64:	20014ae8 	.word	0x20014ae8
20001e68:	20015f28 	.word	0x20015f28
20001e6c:	20060050 	.word	0x20060050
20001e70:	00000000 	.word	0x00000000
20001e74:	ed5f 6a02 	vldr	s13, [pc, #-8]	@ 20001e70 <loudness_recompute_table+0x414>
20001e78:	2301      	movs	r3, #1
20001e7a:	eeb7 6a00 	vmov.f32	s12, #112	@ 0x3f800000  1.0
20001e7e:	eeb0 7a66 	vmov.f32	s14, s13
20001e82:	eef0 7a66 	vmov.f32	s15, s13
20001e86:	eef0 5a66 	vmov.f32	s11, s13
20001e8a:	7523      	strb	r3, [r4, #20]
20001e8c:	e73c      	b.n	20001d08 <loudness_recompute_table+0x2ac>
20001e8e:	bf00      	nop

20001e90 <core0_init>:
20001e90:	b530      	push	{r4, r5, lr}
20001e92:	2019      	movs	r0, #25
20001e94:	b087      	sub	sp, #28
20001e96:	f002 fa4f 	bl	20004338 <gpio_init>
20001e9a:	2319      	movs	r3, #25
20001e9c:	f04f 0201 	mov.w	r2, #1
20001ea0:	ec42 3044 	gpioc_bit_oe_put r3, r2
20001ea4:	200b      	movs	r0, #11
20001ea6:	f003 fa21 	bl	200052ec <vreg_set_voltage>
20001eaa:	200a      	movs	r0, #10
20001eac:	f003 f89c 	bl	20004fe8 <busy_wait_ms>
20001eb0:	4853      	ldr	r0, [pc, #332]	@ (20002000 <core0_init+0x170>)
20001eb2:	ab05      	add	r3, sp, #20
20001eb4:	aa04      	add	r2, sp, #16
20001eb6:	a903      	add	r1, sp, #12
20001eb8:	f003 f992 	bl	200051e0 <check_sys_clock_hz>
20001ebc:	2800      	cmp	r0, #0
20001ebe:	f040 8096 	bne.w	20001fee <core0_init+0x15e>
20001ec2:	4850      	ldr	r0, [pc, #320]	@ (20002004 <core0_init+0x174>)
20001ec4:	ab05      	add	r3, sp, #20
20001ec6:	aa04      	add	r2, sp, #16
20001ec8:	a903      	add	r1, sp, #12
20001eca:	f003 f989 	bl	200051e0 <check_sys_clock_hz>
20001ece:	2800      	cmp	r0, #0
20001ed0:	f040 808d 	bne.w	20001fee <core0_init+0x15e>
20001ed4:	2017      	movs	r0, #23
20001ed6:	f002 fa2f 	bl	20004338 <gpio_init>
20001eda:	2317      	movs	r3, #23
20001edc:	f04f 0201 	mov.w	r2, #1
20001ee0:	ec42 3044 	gpioc_bit_oe_put r3, r2
20001ee4:	ec42 3040 	gpioc_bit_out_put r3, r2
20001ee8:	4b47      	ldr	r3, [pc, #284]	@ (20002008 <core0_init+0x178>)
20001eea:	2111      	movs	r1, #17
20001eec:	6818      	ldr	r0, [r3, #0]
20001eee:	f006 fafb 	bl	200084e8 <pico_get_unique_board_id_string>
20001ef2:	f44f 5288 	mov.w	r2, #4352	@ 0x1100
20001ef6:	4b45      	ldr	r3, [pc, #276]	@ (2000200c <core0_init+0x17c>)
20001ef8:	4d45      	ldr	r5, [pc, #276]	@ (20002010 <core0_init+0x180>)
20001efa:	601a      	str	r2, [r3, #0]
20001efc:	f002 f8aa 	bl	20004054 <usb_sound_card_init>
20001f00:	6829      	ldr	r1, [r5, #0]
20001f02:	f44f 727a 	mov.w	r2, #1000	@ 0x3e8
20001f06:	2300      	movs	r3, #0
20001f08:	0388      	lsls	r0, r1, #14
20001f0a:	0c89      	lsrs	r1, r1, #18
20001f0c:	f008 fe76 	bl	2000abfc <__aeabi_uldivmod>
20001f10:	4b40      	ldr	r3, [pc, #256]	@ (20002014 <core0_init+0x184>)
20001f12:	4a41      	ldr	r2, [pc, #260]	@ (20002018 <core0_init+0x188>)
20001f14:	6018      	str	r0, [r3, #0]
20001f16:	681b      	ldr	r3, [r3, #0]
20001f18:	6013      	str	r3, [r2, #0]
20001f1a:	f7ff fa7b 	bl	20001414 <flash_load_params>
20001f1e:	2800      	cmp	r0, #0
20001f20:	d02d      	beq.n	20001f7e <core0_init+0xee>
20001f22:	4b3e      	ldr	r3, [pc, #248]	@ (2000201c <core0_init+0x18c>)
20001f24:	4a3e      	ldr	r2, [pc, #248]	@ (20002020 <core0_init+0x190>)
20001f26:	6810      	ldr	r0, [r2, #0]
20001f28:	6819      	ldr	r1, [r3, #0]
20001f2a:	4a3e      	ldr	r2, [pc, #248]	@ (20002024 <core0_init+0x194>)
20001f2c:	f7ff fd96 	bl	20001a5c <loudness_recompute_table>
20001f30:	4b3d      	ldr	r3, [pc, #244]	@ (20002028 <core0_init+0x198>)
20001f32:	781b      	ldrb	r3, [r3, #0]
20001f34:	b133      	cbz	r3, 20001f44 <core0_init+0xb4>
20001f36:	4b3d      	ldr	r3, [pc, #244]	@ (2000202c <core0_init+0x19c>)
20001f38:	681b      	ldr	r3, [r3, #0]
20001f3a:	b11b      	cbz	r3, 20001f44 <core0_init+0xb4>
20001f3c:	88a8      	ldrh	r0, [r5, #4]
20001f3e:	b200      	sxth	r0, r0
20001f40:	f002 f85c 	bl	20003ffc <audio_set_volume>
20001f44:	4b3a      	ldr	r3, [pc, #232]	@ (20002030 <core0_init+0x1a0>)
20001f46:	7918      	ldrb	r0, [r3, #4]
20001f48:	f000 fa52 	bl	200023f0 <pdm_setup_hw>
20001f4c:	4b39      	ldr	r3, [pc, #228]	@ (20002034 <core0_init+0x1a4>)
20001f4e:	f893 2178 	ldrb.w	r2, [r3, #376]	@ 0x178
20001f52:	2a00      	cmp	r2, #0
20001f54:	d140      	bne.n	20001fd8 <core0_init+0x148>
20001f56:	f103 0178 	add.w	r1, r3, #120	@ 0x78
20001f5a:	f893 2100 	ldrb.w	r2, [r3, #256]	@ 0x100
20001f5e:	3314      	adds	r3, #20
20001f60:	2a00      	cmp	r2, #0
20001f62:	d14a      	bne.n	20001ffa <core0_init+0x16a>
20001f64:	428b      	cmp	r3, r1
20001f66:	d1f8      	bne.n	20001f5a <core0_init+0xca>
20001f68:	4b33      	ldr	r3, [pc, #204]	@ (20002038 <core0_init+0x1a8>)
20001f6a:	2000      	movs	r0, #0
20001f6c:	701a      	strb	r2, [r3, #0]
20001f6e:	f000 f9fd 	bl	2000236c <pdm_set_enabled>
20001f72:	4832      	ldr	r0, [pc, #200]	@ (2000203c <core0_init+0x1ac>)
20001f74:	b007      	add	sp, #28
20001f76:	e8bd 4030 	ldmia.w	sp!, {r4, r5, lr}
20001f7a:	f006 ba79 	b.w	20008470 <multicore_launch_core1>
20001f7e:	f3ef 8410 	mrs	r4, PRIMASK
20001f82:	b672      	cpsid	i
20001f84:	4827      	ldr	r0, [pc, #156]	@ (20002024 <core0_init+0x194>)
20001f86:	f7fe fd97 	bl	20000ab8 <dsp_recalculate_all_filters>
20001f8a:	4826      	ldr	r0, [pc, #152]	@ (20002024 <core0_init+0x194>)
20001f8c:	f7fe fc60 	bl	20000850 <dsp_update_delay_samples>
20001f90:	f384 8810 	msr	PRIMASK, r4
20001f94:	2301      	movs	r3, #1
20001f96:	4c2a      	ldr	r4, [pc, #168]	@ (20002040 <core0_init+0x1b0>)
20001f98:	4a2a      	ldr	r2, [pc, #168]	@ (20002044 <core0_init+0x1b4>)
20001f9a:	6820      	ldr	r0, [r4, #0]
20001f9c:	b1a0      	cbz	r0, 20001fc8 <core0_init+0x138>
20001f9e:	f892 c000 	ldrb.w	ip, [r2]
20001fa2:	79c1      	ldrb	r1, [r0, #7]
20001fa4:	458c      	cmp	ip, r1
20001fa6:	d00f      	beq.n	20001fc8 <core0_init+0x138>
20001fa8:	2100      	movs	r1, #0
20001faa:	e9cd 2300 	strd	r2, r3, [sp]
20001fae:	f006 fd49 	bl	20008a44 <audio_spdif_set_enabled>
20001fb2:	9a00      	ldr	r2, [sp, #0]
20001fb4:	6820      	ldr	r0, [r4, #0]
20001fb6:	7811      	ldrb	r1, [r2, #0]
20001fb8:	f006 fcea 	bl	20008990 <audio_spdif_change_pin>
20001fbc:	2101      	movs	r1, #1
20001fbe:	6820      	ldr	r0, [r4, #0]
20001fc0:	f006 fd40 	bl	20008a44 <audio_spdif_set_enabled>
20001fc4:	e9dd 2300 	ldrd	r2, r3, [sp]
20001fc8:	3301      	adds	r3, #1
20001fca:	2b04      	cmp	r3, #4
20001fcc:	f104 0404 	add.w	r4, r4, #4
20001fd0:	f102 0201 	add.w	r2, r2, #1
20001fd4:	d1e1      	bne.n	20001f9a <core0_init+0x10a>
20001fd6:	e7a4      	b.n	20001f22 <core0_init+0x92>
20001fd8:	2001      	movs	r0, #1
20001fda:	4b17      	ldr	r3, [pc, #92]	@ (20002038 <core0_init+0x1a8>)
20001fdc:	7018      	strb	r0, [r3, #0]
20001fde:	f000 f9c5 	bl	2000236c <pdm_set_enabled>
20001fe2:	4816      	ldr	r0, [pc, #88]	@ (2000203c <core0_init+0x1ac>)
20001fe4:	b007      	add	sp, #28
20001fe6:	e8bd 4030 	ldmia.w	sp!, {r4, r5, lr}
20001fea:	f006 ba41 	b.w	20008470 <multicore_launch_core1>
20001fee:	9803      	ldr	r0, [sp, #12]
20001ff0:	e9dd 1204 	ldrd	r1, r2, [sp, #16]
20001ff4:	f003 f8be 	bl	20005174 <set_sys_clock_pll>
20001ff8:	e76c      	b.n	20001ed4 <core0_init+0x44>
20001ffa:	2202      	movs	r2, #2
20001ffc:	e7b4      	b.n	20001f68 <core0_init+0xd8>
20001ffe:	bf00      	nop
20002000:	112a8800 	.word	0x112a8800
20002004:	08f0d180 	.word	0x08f0d180
20002008:	2000e364 	.word	0x2000e364
2000200c:	40068000 	.word	0x40068000
20002010:	2000e34c 	.word	0x2000e34c
20002014:	20014aec 	.word	0x20014aec
20002018:	20014ab0 	.word	0x20014ab0
2000201c:	2000e320 	.word	0x2000e320
20002020:	2000e324 	.word	0x2000e324
20002024:	473b8000 	.word	0x473b8000
20002028:	20015f33 	.word	0x20015f33
2000202c:	20014ae8 	.word	0x20014ae8
20002030:	2000e300 	.word	0x2000e300
20002034:	20012270 	.word	0x20012270
20002038:	20015f2e 	.word	0x20015f2e
2000203c:	20002601 	.word	0x20002601
20002040:	20061734 	.word	0x20061734
20002044:	2000e301 	.word	0x2000e301

20002048 <main>:
20002048:	e92d 4ff0 	stmdb	sp!, {r4, r5, r6, r7, r8, r9, sl, fp, lr}
2000204c:	ed2d 8b02 	vpush	{d8}
20002050:	2019      	movs	r0, #25
20002052:	b089      	sub	sp, #36	@ 0x24
20002054:	f002 f970 	bl	20004338 <gpio_init>
20002058:	2319      	movs	r3, #25
2000205a:	f04f 0201 	mov.w	r2, #1
2000205e:	ec42 3044 	gpioc_bit_oe_put r3, r2
20002062:	ec42 3040 	gpioc_bit_out_put r3, r2
20002066:	f7ff ff13 	bl	20001e90 <core0_init>
2000206a:	2101      	movs	r1, #1
2000206c:	f44f 50fa 	mov.w	r0, #8000	@ 0x1f40
20002070:	f003 f970 	bl	20005354 <watchdog_enable>
20002074:	ed9f 8b9c 	vldr	d8, [pc, #624]	@ 200022e8 <main+0x2a0>
20002078:	f8df 92dc 	ldr.w	r9, [pc, #732]	@ 20002358 <main+0x310>
2000207c:	f8df 82dc 	ldr.w	r8, [pc, #732]	@ 2000235c <main+0x314>
20002080:	4f9b      	ldr	r7, [pc, #620]	@ (200022f0 <main+0x2a8>)
20002082:	4d9c      	ldr	r5, [pc, #624]	@ (200022f4 <main+0x2ac>)
20002084:	f003 f95c 	bl	20005340 <watchdog_update>
20002088:	f899 3000 	ldrb.w	r3, [r9]
2000208c:	f003 04ff 	and.w	r4, r3, #255	@ 0xff
20002090:	bb0b      	cbnz	r3, 200020d6 <main+0x8e>
20002092:	f898 3000 	ldrb.w	r3, [r8]
20002096:	2b00      	cmp	r3, #0
20002098:	f040 8084 	bne.w	200021a4 <main+0x15c>
2000209c:	783b      	ldrb	r3, [r7, #0]
2000209e:	2b00      	cmp	r3, #0
200020a0:	f040 80cf 	bne.w	20002242 <main+0x1fa>
200020a4:	4b94      	ldr	r3, [pc, #592]	@ (200022f8 <main+0x2b0>)
200020a6:	781b      	ldrb	r3, [r3, #0]
200020a8:	2b00      	cmp	r3, #0
200020aa:	f040 80ed 	bne.w	20002288 <main+0x240>
200020ae:	682b      	ldr	r3, [r5, #0]
200020b0:	3301      	adds	r3, #1
200020b2:	f5b3 7f7a 	cmp.w	r3, #1000	@ 0x3e8
200020b6:	602b      	str	r3, [r5, #0]
200020b8:	d3e4      	bcc.n	20002084 <main+0x3c>
200020ba:	2300      	movs	r3, #0
200020bc:	602b      	str	r3, [r5, #0]
200020be:	f04f 7300 	mov.w	r3, #33554432	@ 0x2000000
200020c2:	ee20 3010 			gpioc_lo_out_xor r3
200020c6:	f003 f93b 	bl	20005340 <watchdog_update>
200020ca:	f899 3000 	ldrb.w	r3, [r9]
200020ce:	f003 04ff 	and.w	r4, r3, #255	@ 0xff
200020d2:	2b00      	cmp	r3, #0
200020d4:	d0dd      	beq.n	20002092 <main+0x4a>
200020d6:	4b89      	ldr	r3, [pc, #548]	@ (200022fc <main+0x2b4>)
200020d8:	f10d 0e10 	add.w	lr, sp, #16
200020dc:	6818      	ldr	r0, [r3, #0]
200020de:	6859      	ldr	r1, [r3, #4]
200020e0:	689a      	ldr	r2, [r3, #8]
200020e2:	68db      	ldr	r3, [r3, #12]
200020e4:	46f4      	mov	ip, lr
200020e6:	e8ae 000f 	stmia.w	lr!, {r0, r1, r2, r3}
200020ea:	f89d e010 	ldrb.w	lr, [sp, #16]
200020ee:	f89d 3011 	ldrb.w	r3, [sp, #17]
200020f2:	eb0e 024e 	add.w	r2, lr, lr, lsl #1
200020f6:	eb03 0382 	add.w	r3, r3, r2, lsl #2
200020fa:	4a81      	ldr	r2, [pc, #516]	@ (20002300 <main+0x2b8>)
200020fc:	f04f 0a00 	mov.w	sl, #0
20002100:	4616      	mov	r6, r2
20002102:	f1ae 0e04 	sub.w	lr, lr, #4
20002106:	ea4f 1b03 	mov.w	fp, r3, lsl #4
2000210a:	f889 a000 	strb.w	sl, [r9]
2000210e:	f1be 0f05 	cmp.w	lr, #5
20002112:	eb02 1a03 	add.w	sl, r2, r3, lsl #4
20002116:	e8bc 000f 	ldmia.w	ip!, {r0, r1, r2, r3}
2000211a:	f846 000b 	str.w	r0, [r6, fp]
2000211e:	f8ca 1004 	str.w	r1, [sl, #4]
20002122:	f8ca 2008 	str.w	r2, [sl, #8]
20002126:	f8ca 300c 	str.w	r3, [sl, #12]
2000212a:	d804      	bhi.n	20002136 <main+0xee>
2000212c:	4b75      	ldr	r3, [pc, #468]	@ (20002304 <main+0x2bc>)
2000212e:	781b      	ldrb	r3, [r3, #0]
20002130:	2b02      	cmp	r3, #2
20002132:	f000 80c1 	beq.w	200022b8 <main+0x270>
20002136:	f3ef 8a10 	mrs	sl, PRIMASK
2000213a:	b672      	cpsid	i
2000213c:	f89d 3011 	ldrb.w	r3, [sp, #17]
20002140:	4e71      	ldr	r6, [pc, #452]	@ (20002308 <main+0x2c0>)
20002142:	eb03 0143 	add.w	r1, r3, r3, lsl #1
20002146:	f89d 3010 	ldrb.w	r3, [sp, #16]
2000214a:	0109      	lsls	r1, r1, #4
2000214c:	eb03 03c3 	add.w	r3, r3, r3, lsl #3
20002150:	eb01 1183 	add.w	r1, r1, r3, lsl #6
20002154:	4b6d      	ldr	r3, [pc, #436]	@ (2000230c <main+0x2c4>)
20002156:	4431      	add	r1, r6
20002158:	681a      	ldr	r2, [r3, #0]
2000215a:	a804      	add	r0, sp, #16
2000215c:	ee07 2a90 	vmov	s15, r2
20002160:	eef8 7a67 	vcvt.f32.u32	s15, s15
20002164:	ee17 2a90 	vmov	r2, s15
20002168:	f7fe f8ae 	bl	200002c8 <dsp_compute_coefficients>
2000216c:	f89d 0010 	ldrb.w	r0, [sp, #16]
20002170:	4b67      	ldr	r3, [pc, #412]	@ (20002310 <main+0x2c8>)
20002172:	5c19      	ldrb	r1, [r3, r0]
20002174:	b169      	cbz	r1, 20002192 <main+0x14a>
20002176:	eb00 03c0 	add.w	r3, r0, r0, lsl #3
2000217a:	2200      	movs	r2, #0
2000217c:	eb06 1383 	add.w	r3, r6, r3, lsl #6
20002180:	e001      	b.n	20002186 <main+0x13e>
20002182:	428a      	cmp	r2, r1
20002184:	d005      	beq.n	20002192 <main+0x14a>
20002186:	f893 4028 	ldrb.w	r4, [r3, #40]	@ 0x28
2000218a:	3201      	adds	r2, #1
2000218c:	3330      	adds	r3, #48	@ 0x30
2000218e:	2c00      	cmp	r4, #0
20002190:	d1f7      	bne.n	20002182 <main+0x13a>
20002192:	4b60      	ldr	r3, [pc, #384]	@ (20002314 <main+0x2cc>)
20002194:	541c      	strb	r4, [r3, r0]
20002196:	f38a 8810 	msr	PRIMASK, sl
2000219a:	f898 3000 	ldrb.w	r3, [r8]
2000219e:	2b00      	cmp	r3, #0
200021a0:	f43f af7c 	beq.w	2000209c <main+0x54>
200021a4:	f64b 3380 	movw	r3, #48000	@ 0xbb80
200021a8:	2200      	movs	r2, #0
200021aa:	495b      	ldr	r1, [pc, #364]	@ (20002318 <main+0x2d0>)
200021ac:	680c      	ldr	r4, [r1, #0]
200021ae:	f888 2000 	strb.w	r2, [r8]
200021b2:	429c      	cmp	r4, r3
200021b4:	f000 808d 	beq.w	200022d2 <main+0x28a>
200021b8:	4b58      	ldr	r3, [pc, #352]	@ (2000231c <main+0x2d4>)
200021ba:	429c      	cmp	r4, r3
200021bc:	f000 8083 	beq.w	200022c6 <main+0x27e>
200021c0:	f64a 4344 	movw	r3, #44100	@ 0xac44
200021c4:	461c      	mov	r4, r3
200021c6:	f8df a198 	ldr.w	sl, [pc, #408]	@ 20002360 <main+0x318>
200021ca:	f8df b198 	ldr.w	fp, [pc, #408]	@ 20002364 <main+0x31c>
200021ce:	9301      	str	r3, [sp, #4]
200021d0:	4b53      	ldr	r3, [pc, #332]	@ (20002320 <main+0x2d8>)
200021d2:	2005      	movs	r0, #5
200021d4:	601c      	str	r4, [r3, #0]
200021d6:	f002 ffc7 	bl	20005168 <clock_get_hz>
200021da:	4550      	cmp	r0, sl
200021dc:	d00e      	beq.n	200021fc <main+0x1b4>
200021de:	200b      	movs	r0, #11
200021e0:	f003 f884 	bl	200052ec <vreg_set_voltage>
200021e4:	2064      	movs	r0, #100	@ 0x64
200021e6:	2100      	movs	r1, #0
200021e8:	f002 fece 	bl	20004f88 <busy_wait_us>
200021ec:	4650      	mov	r0, sl
200021ee:	ab04      	add	r3, sp, #16
200021f0:	aa03      	add	r2, sp, #12
200021f2:	a902      	add	r1, sp, #8
200021f4:	f002 fff4 	bl	200051e0 <check_sys_clock_hz>
200021f8:	2800      	cmp	r0, #0
200021fa:	d16e      	bne.n	200022da <main+0x292>
200021fc:	2300      	movs	r3, #0
200021fe:	eddd 7a01 	vldr	s15, [sp, #4]
20002202:	4a48      	ldr	r2, [pc, #288]	@ (20002324 <main+0x2dc>)
20002204:	eef8 7ae7 	vcvt.f32.s32	s15, s15
20002208:	7013      	strb	r3, [r2, #0]
2000220a:	4b47      	ldr	r3, [pc, #284]	@ (20002328 <main+0x2e0>)
2000220c:	4947      	ldr	r1, [pc, #284]	@ (2000232c <main+0x2e4>)
2000220e:	ed83 8b00 	vstr	d8, [r3]
20002212:	4b47      	ldr	r3, [pc, #284]	@ (20002330 <main+0x2e8>)
20002214:	ee17 0a90 	vmov	r0, s15
20002218:	461a      	mov	r2, r3
2000221a:	f8c3 b000 	str.w	fp, [r3]
2000221e:	681b      	ldr	r3, [r3, #0]
20002220:	600b      	str	r3, [r1, #0]
20002222:	6813      	ldr	r3, [r2, #0]
20002224:	4a43      	ldr	r2, [pc, #268]	@ (20002334 <main+0x2ec>)
20002226:	6013      	str	r3, [r2, #0]
20002228:	f7fe fc46 	bl	20000ab8 <dsp_recalculate_all_filters>
2000222c:	2301      	movs	r3, #1
2000222e:	4a32      	ldr	r2, [pc, #200]	@ (200022f8 <main+0x2b0>)
20002230:	4620      	mov	r0, r4
20002232:	703b      	strb	r3, [r7, #0]
20002234:	7013      	strb	r3, [r2, #0]
20002236:	f000 f89f 	bl	20002378 <pdm_update_clock>
2000223a:	783b      	ldrb	r3, [r7, #0]
2000223c:	2b00      	cmp	r3, #0
2000223e:	f43f af31 	beq.w	200020a4 <main+0x5c>
20002242:	2300      	movs	r3, #0
20002244:	703b      	strb	r3, [r7, #0]
20002246:	4b3c      	ldr	r3, [pc, #240]	@ (20002338 <main+0x2f0>)
20002248:	4c30      	ldr	r4, [pc, #192]	@ (2000230c <main+0x2c4>)
2000224a:	6818      	ldr	r0, [r3, #0]
2000224c:	4b3b      	ldr	r3, [pc, #236]	@ (2000233c <main+0x2f4>)
2000224e:	6819      	ldr	r1, [r3, #0]
20002250:	6822      	ldr	r2, [r4, #0]
20002252:	ee07 2a90 	vmov	s15, r2
20002256:	eef8 7a67 	vcvt.f32.u32	s15, s15
2000225a:	ee17 2a90 	vmov	r2, s15
2000225e:	f7ff fbfd 	bl	20001a5c <loudness_recompute_table>
20002262:	4b37      	ldr	r3, [pc, #220]	@ (20002340 <main+0x2f8>)
20002264:	781b      	ldrb	r3, [r3, #0]
20002266:	2b00      	cmp	r3, #0
20002268:	f43f af1c 	beq.w	200020a4 <main+0x5c>
2000226c:	4b35      	ldr	r3, [pc, #212]	@ (20002344 <main+0x2fc>)
2000226e:	681b      	ldr	r3, [r3, #0]
20002270:	2b00      	cmp	r3, #0
20002272:	f43f af17 	beq.w	200020a4 <main+0x5c>
20002276:	88a0      	ldrh	r0, [r4, #4]
20002278:	b200      	sxth	r0, r0
2000227a:	f001 febf 	bl	20003ffc <audio_set_volume>
2000227e:	4b1e      	ldr	r3, [pc, #120]	@ (200022f8 <main+0x2b0>)
20002280:	781b      	ldrb	r3, [r3, #0]
20002282:	2b00      	cmp	r3, #0
20002284:	f43f af13 	beq.w	200020ae <main+0x66>
20002288:	2300      	movs	r3, #0
2000228a:	4a1b      	ldr	r2, [pc, #108]	@ (200022f8 <main+0x2b0>)
2000228c:	492e      	ldr	r1, [pc, #184]	@ (20002348 <main+0x300>)
2000228e:	7013      	strb	r3, [r2, #0]
20002290:	4b1e      	ldr	r3, [pc, #120]	@ (2000230c <main+0x2c4>)
20002292:	482e      	ldr	r0, [pc, #184]	@ (2000234c <main+0x304>)
20002294:	681a      	ldr	r2, [r3, #0]
20002296:	ee07 2a90 	vmov	s15, r2
2000229a:	eef8 7a67 	vcvt.f32.u32	s15, s15
2000229e:	ee17 2a90 	vmov	r2, s15
200022a2:	f7fd ff5d 	bl	20000160 <crossfeed_compute_coefficients>
200022a6:	4b28      	ldr	r3, [pc, #160]	@ (20002348 <main+0x300>)
200022a8:	4a29      	ldr	r2, [pc, #164]	@ (20002350 <main+0x308>)
200022aa:	781b      	ldrb	r3, [r3, #0]
200022ac:	f083 0301 	eor.w	r3, r3, #1
200022b0:	7013      	strb	r3, [r2, #0]
200022b2:	e6fc      	b.n	200020ae <main+0x66>
200022b4:	7853      	ldrb	r3, [r2, #1]
200022b6:	b91b      	cbnz	r3, 200022c0 <main+0x278>
200022b8:	4a26      	ldr	r2, [pc, #152]	@ (20002354 <main+0x30c>)
200022ba:	7813      	ldrb	r3, [r2, #0]
200022bc:	2b00      	cmp	r3, #0
200022be:	d1f9      	bne.n	200022b4 <main+0x26c>
200022c0:	f3bf 8f5f 	dmb	sy
200022c4:	e737      	b.n	20002136 <main+0xee>
200022c6:	f44f 1bc0 	mov.w	fp, #1572864	@ 0x180000
200022ca:	9401      	str	r4, [sp, #4]
200022cc:	f8df a098 	ldr.w	sl, [pc, #152]	@ 20002368 <main+0x320>
200022d0:	e77e      	b.n	200021d0 <main+0x188>
200022d2:	f44f 2b40 	mov.w	fp, #786432	@ 0xc0000
200022d6:	9401      	str	r4, [sp, #4]
200022d8:	e7f8      	b.n	200022cc <main+0x284>
200022da:	9802      	ldr	r0, [sp, #8]
200022dc:	e9dd 1203 	ldrd	r1, r2, [sp, #12]
200022e0:	f002 ff48 	bl	20005174 <set_sys_clock_pll>
200022e4:	e78a      	b.n	200021fc <main+0x1b4>
200022e6:	bf00      	nop
	...
200022f0:	20015f34 	.word	0x20015f34
200022f4:	20014ae4 	.word	0x20014ae4
200022f8:	20015f30 	.word	0x20015f30
200022fc:	2006175c 	.word	0x2006175c
20002300:	20017810 	.word	0x20017810
20002304:	20015f2e 	.word	0x20015f2e
20002308:	20015f50 	.word	0x20015f50
2000230c:	2000e34c 	.word	0x2000e34c
20002310:	2000e2c8 	.word	0x2000e2c8
20002314:	20015f40 	.word	0x20015f40
20002318:	2000e348 	.word	0x2000e348
2000231c:	00017700 	.word	0x00017700
20002320:	2000e308 	.word	0x2000e308
20002324:	20015f3a 	.word	0x20015f3a
20002328:	20012408 	.word	0x20012408
2000232c:	20014ab0 	.word	0x20014ab0
20002330:	20014aec 	.word	0x20014aec
20002334:	20014ab4 	.word	0x20014ab4
20002338:	2000e324 	.word	0x2000e324
2000233c:	2000e320 	.word	0x2000e320
20002340:	20015f33 	.word	0x20015f33
20002344:	20014ae8 	.word	0x20014ae8
20002348:	2000e314 	.word	0x2000e314
2000234c:	20061740 	.word	0x20061740
20002350:	2000e310 	.word	0x2000e310
20002354:	20014908 	.word	0x20014908
20002358:	20015f31 	.word	0x20015f31
2000235c:	20015f38 	.word	0x20015f38
20002360:	0fc579c0 	.word	0x0fc579c0
20002364:	000b0666 	.word	0x000b0666
20002368:	112a8800 	.word	0x112a8800

2000236c <pdm_set_enabled>:
2000236c:	4b01      	ldr	r3, [pc, #4]	@ (20002374 <pdm_set_enabled+0x8>)
2000236e:	7018      	strb	r0, [r3, #0]
20002370:	bf40      	sev
20002372:	4770      	bx	lr
20002374:	20015f35 	.word	0x20015f35

20002378 <pdm_update_clock>:
20002378:	b510      	push	{r4, lr}
2000237a:	4604      	mov	r4, r0
2000237c:	b082      	sub	sp, #8
2000237e:	2005      	movs	r0, #5
20002380:	f002 fef2 	bl	20005168 <clock_get_hz>
20002384:	0223      	lsls	r3, r4, #8
20002386:	ee07 3a10 	vmov	s14, r3
2000238a:	ee06 0a90 	vmov	s13, r0
2000238e:	eeb8 7a47 	vcvt.f32.u32	s14, s14
20002392:	eef8 6a66 	vcvt.f32.u32	s13, s13
20002396:	ed9f 6a13 	vldr	s12, [pc, #76]	@ 200023e4 <pdm_update_clock+0x6c>
2000239a:	eec6 7a87 	vdiv.f32	s15, s13, s14
2000239e:	ee77 7a86 	vadd.f32	s15, s15, s12
200023a2:	eebc 7ae7 	vcvt.u32.f32	s14, s15
200023a6:	ee17 3a10 	vmov	r3, s14
200023aa:	b29a      	uxth	r2, r3
200023ac:	b1ba      	cbz	r2, 200023de <pdm_update_clock+0x66>
200023ae:	ee07 2a10 	vmov	s14, r2
200023b2:	eeb8 7a47 	vcvt.f32.u32	s14, s14
200023b6:	eddf 6a0c 	vldr	s13, [pc, #48]	@ 200023e8 <pdm_update_clock+0x70>
200023ba:	ee77 7ac7 	vsub.f32	s15, s15, s14
200023be:	ee67 7aa6 	vmul.f32	s15, s15, s13
200023c2:	eefc 7ae7 	vcvt.u32.f32	s15, s15
200023c6:	edcd 7a01 	vstr	s15, [sp, #4]
200023ca:	f89d 3004 	ldrb.w	r3, [sp, #4]
200023ce:	021b      	lsls	r3, r3, #8
200023d0:	4906      	ldr	r1, [pc, #24]	@ (200023ec <pdm_update_clock+0x74>)
200023d2:	ea43 4302 	orr.w	r3, r3, r2, lsl #16
200023d6:	f8c1 30c8 	str.w	r3, [r1, #200]	@ 0xc8
200023da:	b002      	add	sp, #8
200023dc:	bd10      	pop	{r4, pc}
200023de:	4613      	mov	r3, r2
200023e0:	e7f6      	b.n	200023d0 <pdm_update_clock+0x58>
200023e2:	bf00      	nop
200023e4:	3b000000 	.word	0x3b000000
200023e8:	43800000 	.word	0x43800000
200023ec:	50300000 	.word	0x50300000

200023f0 <pdm_setup_hw>:
200023f0:	e92d 47f0 	stmdb	sp!, {r4, r5, r6, r7, r8, r9, sl, lr}
200023f4:	f8df 80ec 	ldr.w	r8, [pc, #236]	@ 200024e4 <pdm_setup_hw+0xf4>
200023f8:	4d32      	ldr	r5, [pc, #200]	@ (200024c4 <pdm_setup_hw+0xd4>)
200023fa:	4c33      	ldr	r4, [pc, #204]	@ (200024c8 <pdm_setup_hw+0xd8>)
200023fc:	b08a      	sub	sp, #40	@ 0x28
200023fe:	f44f 5200 	mov.w	r2, #8192	@ 0x2000
20002402:	f888 0000 	strb.w	r0, [r8]
20002406:	21aa      	movs	r1, #170	@ 0xaa
20002408:	4628      	mov	r0, r5
2000240a:	f009 f8e7 	bl	2000b5dc <memset>
2000240e:	4620      	mov	r0, r4
20002410:	492e      	ldr	r1, [pc, #184]	@ (200024cc <pdm_setup_hw+0xdc>)
20002412:	f006 fcb5 	bl	20008d80 <pio_add_program>
20002416:	f8df 90d0 	ldr.w	r9, [pc, #208]	@ 200024e8 <pdm_setup_hw+0xf8>
2000241a:	ea4f 3c00 	mov.w	ip, r0, lsl #12
2000241e:	ea4c 1cc0 	orr.w	ip, ip, r0, lsl #7
20002422:	2700      	movs	r7, #0
20002424:	f8c9 0000 	str.w	r0, [r9]
20002428:	f44f 2340 	mov.w	r3, #786432	@ 0xc0000
2000242c:	f44f 3080 	mov.w	r0, #65536	@ 0x10000
20002430:	f44f 31f8 	mov.w	r1, #126976	@ 0x1f000
20002434:	f898 e000 	ldrb.w	lr, [r8]
20002438:	e9cd 3704 	strd	r3, r7, [sp, #16]
2000243c:	e9cd 0102 	strd	r0, r1, [sp, #8]
20002440:	f00e 061f 	and.w	r6, lr, #31
20002444:	f10d 0a18 	add.w	sl, sp, #24
20002448:	ab02      	add	r3, sp, #8
2000244a:	f446 1680 	orr.w	r6, r6, #1048576	@ 0x100000
2000244e:	cb0f      	ldmia	r3, {r0, r1, r2, r3}
20002450:	e88a 000f 	stmia.w	sl, {r0, r1, r2, r3}
20002454:	9609      	str	r6, [sp, #36]	@ 0x24
20002456:	2601      	movs	r6, #1
20002458:	4b1d      	ldr	r3, [pc, #116]	@ (200024d0 <pdm_setup_hw+0xe0>)
2000245a:	4670      	mov	r0, lr
2000245c:	2107      	movs	r1, #7
2000245e:	f8cd c01c 	str.w	ip, [sp, #28]
20002462:	9308      	str	r3, [sp, #32]
20002464:	f001 ff4a 	bl	200042fc <gpio_set_function>
20002468:	f898 2000 	ldrb.w	r2, [r8]
2000246c:	4633      	mov	r3, r6
2000246e:	4639      	mov	r1, r7
20002470:	4620      	mov	r0, r4
20002472:	9600      	str	r6, [sp, #0]
20002474:	f006 fd0c 	bl	20008e90 <pio_sm_set_consecutive_pindirs>
20002478:	4639      	mov	r1, r7
2000247a:	f8d9 2000 	ldr.w	r2, [r9]
2000247e:	4653      	mov	r3, sl
20002480:	4620      	mov	r0, r4
20002482:	f006 fd4b 	bl	20008f1c <pio_sm_init>
20002486:	f64b 3080 	movw	r0, #48000	@ 0xbb80
2000248a:	f7ff ff75 	bl	20002378 <pdm_update_clock>
2000248e:	6823      	ldr	r3, [r4, #0]
20002490:	4630      	mov	r0, r6
20002492:	4333      	orrs	r3, r6
20002494:	6023      	str	r3, [r4, #0]
20002496:	f006 fbb5 	bl	20008c04 <dma_claim_unused_channel>
2000249a:	f04f 34ff 	mov.w	r4, #4294967295	@ 0xffffffff
2000249e:	490d      	ldr	r1, [pc, #52]	@ (200024d4 <pdm_setup_hw+0xe4>)
200024a0:	4b0d      	ldr	r3, [pc, #52]	@ (200024d8 <pdm_setup_hw+0xe8>)
200024a2:	4a0e      	ldr	r2, [pc, #56]	@ (200024dc <pdm_setup_hw+0xec>)
200024a4:	ea01 3140 	and.w	r1, r1, r0, lsl #13
200024a8:	6018      	str	r0, [r3, #0]
200024aa:	430a      	orrs	r2, r1
200024ac:	0183      	lsls	r3, r0, #6
200024ae:	490c      	ldr	r1, [pc, #48]	@ (200024e0 <pdm_setup_hw+0xf0>)
200024b0:	f103 43a0 	add.w	r3, r3, #1342177280	@ 0x50000000
200024b4:	601d      	str	r5, [r3, #0]
200024b6:	6059      	str	r1, [r3, #4]
200024b8:	609c      	str	r4, [r3, #8]
200024ba:	60da      	str	r2, [r3, #12]
200024bc:	b00a      	add	sp, #40	@ 0x28
200024be:	e8bd 87f0 	ldmia.w	sp!, {r4, r5, r6, r7, r8, r9, sl, pc}
200024c2:	bf00      	nop
200024c4:	20010000 	.word	0x20010000
200024c8:	50300000 	.word	0x50300000
200024cc:	2000d918 	.word	0x2000d918
200024d0:	400e0000 	.word	0x400e0000
200024d4:	fc01ffff 	.word	0xfc01ffff
200024d8:	2000e2dc 	.word	0x2000e2dc
200024dc:	00100d19 	.word	0x00100d19
200024e0:	50300010 	.word	0x50300010
200024e4:	2000e2d8 	.word	0x2000e2d8
200024e8:	20014b18 	.word	0x20014b18

200024ec <pdm_change_pin>:
200024ec:	2201      	movs	r2, #1
200024ee:	e92d 41f0 	stmdb	sp!, {r4, r5, r6, r7, r8, lr}
200024f2:	f04f 44a0 	mov.w	r4, #1342177280	@ 0x50000000
200024f6:	4605      	mov	r5, r0
200024f8:	4928      	ldr	r1, [pc, #160]	@ (2000259c <pdm_change_pin+0xb0>)
200024fa:	b08a      	sub	sp, #40	@ 0x28
200024fc:	680b      	ldr	r3, [r1, #0]
200024fe:	f023 0301 	bic.w	r3, r3, #1
20002502:	600b      	str	r3, [r1, #0]
20002504:	4b26      	ldr	r3, [pc, #152]	@ (200025a0 <pdm_change_pin+0xb4>)
20002506:	6819      	ldr	r1, [r3, #0]
20002508:	408a      	lsls	r2, r1
2000250a:	eb04 1381 	add.w	r3, r4, r1, lsl #6
2000250e:	f8c4 2464 	str.w	r2, [r4, #1124]	@ 0x464
20002512:	68dc      	ldr	r4, [r3, #12]
20002514:	f014 6480 	ands.w	r4, r4, #67108864	@ 0x4000000
20002518:	d1fb      	bne.n	20002512 <pdm_change_pin+0x26>
2000251a:	4e22      	ldr	r6, [pc, #136]	@ (200025a4 <pdm_change_pin+0xb8>)
2000251c:	211f      	movs	r1, #31
2000251e:	7830      	ldrb	r0, [r6, #0]
20002520:	f001 feec 	bl	200042fc <gpio_set_function>
20002524:	7833      	ldrb	r3, [r6, #0]
20002526:	ec44 3044 	gpioc_bit_oe_put r3, r4
2000252a:	2107      	movs	r1, #7
2000252c:	4628      	mov	r0, r5
2000252e:	f001 fee5 	bl	200042fc <gpio_set_function>
20002532:	2301      	movs	r3, #1
20002534:	462a      	mov	r2, r5
20002536:	4621      	mov	r1, r4
20002538:	9300      	str	r3, [sp, #0]
2000253a:	4818      	ldr	r0, [pc, #96]	@ (2000259c <pdm_change_pin+0xb0>)
2000253c:	f006 fca8 	bl	20008e90 <pio_sm_set_consecutive_pindirs>
20002540:	f44f 3280 	mov.w	r2, #65536	@ 0x10000
20002544:	f44f 33f8 	mov.w	r3, #126976	@ 0x1f000
20002548:	f44f 2140 	mov.w	r1, #786432	@ 0xc0000
2000254c:	e9cd 2302 	strd	r2, r3, [sp, #8]
20002550:	4a15      	ldr	r2, [pc, #84]	@ (200025a8 <pdm_change_pin+0xbc>)
20002552:	9104      	str	r1, [sp, #16]
20002554:	f8d2 c000 	ldr.w	ip, [r2]
20002558:	9405      	str	r4, [sp, #20]
2000255a:	f10d 0818 	add.w	r8, sp, #24
2000255e:	ab02      	add	r3, sp, #8
20002560:	cb0f      	ldmia	r3, {r0, r1, r2, r3}
20002562:	e888 000f 	stmia.w	r8, {r0, r1, r2, r3}
20002566:	4b11      	ldr	r3, [pc, #68]	@ (200025ac <pdm_change_pin+0xc0>)
20002568:	ea4f 370c 	mov.w	r7, ip, lsl #12
2000256c:	f005 0e1f 	and.w	lr, r5, #31
20002570:	ea47 17cc 	orr.w	r7, r7, ip, lsl #7
20002574:	f44e 1e80 	orr.w	lr, lr, #1048576	@ 0x100000
20002578:	4662      	mov	r2, ip
2000257a:	4621      	mov	r1, r4
2000257c:	9308      	str	r3, [sp, #32]
2000257e:	4807      	ldr	r0, [pc, #28]	@ (2000259c <pdm_change_pin+0xb0>)
20002580:	4643      	mov	r3, r8
20002582:	f8cd e024 	str.w	lr, [sp, #36]	@ 0x24
20002586:	9707      	str	r7, [sp, #28]
20002588:	f006 fcc8 	bl	20008f1c <pio_sm_init>
2000258c:	f64b 3080 	movw	r0, #48000	@ 0xbb80
20002590:	f7ff fef2 	bl	20002378 <pdm_update_clock>
20002594:	7035      	strb	r5, [r6, #0]
20002596:	b00a      	add	sp, #40	@ 0x28
20002598:	e8bd 81f0 	ldmia.w	sp!, {r4, r5, r6, r7, r8, pc}
2000259c:	50300000 	.word	0x50300000
200025a0:	2000e2dc 	.word	0x2000e2dc
200025a4:	2000e2d8 	.word	0x2000e2d8
200025a8:	20014b18 	.word	0x20014b18
200025ac:	400e0000 	.word	0x400e0000

200025b0 <pdm_push_sample>:
200025b0:	4a0f      	ldr	r2, [pc, #60]	@ (200025f0 <pdm_push_sample+0x40>)
200025b2:	f8df c048 	ldr.w	ip, [pc, #72]	@ 200025fc <pdm_push_sample+0x4c>
200025b6:	7813      	ldrb	r3, [r2, #0]
200025b8:	f89c c000 	ldrb.w	ip, [ip]
200025bc:	3301      	adds	r3, #1
200025be:	b2db      	uxtb	r3, r3
200025c0:	459c      	cmp	ip, r3
200025c2:	d010      	beq.n	200025e6 <pdm_push_sample+0x36>
200025c4:	b082      	sub	sp, #8
200025c6:	f892 c000 	ldrb.w	ip, [r2]
200025ca:	9000      	str	r0, [sp, #0]
200025cc:	4809      	ldr	r0, [pc, #36]	@ (200025f4 <pdm_push_sample+0x44>)
200025ce:	f88d 1004 	strb.w	r1, [sp, #4]
200025d2:	eb00 0ccc 	add.w	ip, r0, ip, lsl #3
200025d6:	e9dd 0100 	ldrd	r0, r1, [sp]
200025da:	e88c 0003 	stmia.w	ip, {r0, r1}
200025de:	7013      	strb	r3, [r2, #0]
200025e0:	bf40      	sev
200025e2:	b002      	add	sp, #8
200025e4:	4770      	bx	lr
200025e6:	4a04      	ldr	r2, [pc, #16]	@ (200025f8 <pdm_push_sample+0x48>)
200025e8:	6813      	ldr	r3, [r2, #0]
200025ea:	3301      	adds	r3, #1
200025ec:	6013      	str	r3, [r2, #0]
200025ee:	4770      	bx	lr
200025f0:	20015f36 	.word	0x20015f36
200025f4:	20014b1c 	.word	0x20014b1c
200025f8:	2001531c 	.word	0x2001531c
200025fc:	20015f37 	.word	0x20015f37

20002600 <pdm_core1_entry>:
20002600:	ed9f 8a92 	vldr	s16, [pc, #584]	@ 2000284c <pdm_core1_entry+0x24c>
20002604:	e92d 4880 	stmdb	sp!, {r7, fp, lr}
20002608:	b08f      	sub	sp, #60	@ 0x3c
2000260a:	4b91      	ldr	r3, [pc, #580]	@ (20002850 <pdm_core1_entry+0x250>)
2000260c:	781b      	ldrb	r3, [r3, #0]
2000260e:	2b01      	cmp	r3, #1
20002610:	b2da      	uxtb	r2, r3
20002612:	d00b      	beq.n	2000262c <pdm_core1_entry+0x2c>
20002614:	2a02      	cmp	r2, #2
20002616:	f000 823e 	beq.w	20002a96 <pdm_core1_entry+0x496>
2000261a:	2300      	movs	r3, #0
2000261c:	4a8d      	ldr	r2, [pc, #564]	@ (20002854 <pdm_core1_entry+0x254>)
2000261e:	72d3      	strb	r3, [r2, #11]
20002620:	bf20      	wfe
20002622:	4b8b      	ldr	r3, [pc, #556]	@ (20002850 <pdm_core1_entry+0x250>)
20002624:	781b      	ldrb	r3, [r3, #0]
20002626:	2b01      	cmp	r3, #1
20002628:	b2da      	uxtb	r2, r3
2000262a:	d1f3      	bne.n	20002614 <pdm_core1_entry+0x14>
2000262c:	f04f 0a00 	mov.w	sl, #0
20002630:	4a87      	ldr	r2, [pc, #540]	@ (20002850 <pdm_core1_entry+0x250>)
20002632:	4655      	mov	r5, sl
20002634:	7812      	ldrb	r2, [r2, #0]
20002636:	4653      	mov	r3, sl
20002638:	2a01      	cmp	r2, #1
2000263a:	46d0      	mov	r8, sl
2000263c:	46d3      	mov	fp, sl
2000263e:	46d1      	mov	r9, sl
20002640:	e9cd aa06 	strd	sl, sl, [sp, #24]
20002644:	f8cd a00c 	str.w	sl, [sp, #12]
20002648:	f8cd a004 	str.w	sl, [sp, #4]
2000264c:	f8cd a010 	str.w	sl, [sp, #16]
20002650:	f8cd a008 	str.w	sl, [sp, #8]
20002654:	f8cd a020 	str.w	sl, [sp, #32]
20002658:	f8cd a024 	str.w	sl, [sp, #36]	@ 0x24
2000265c:	f000 815c 	beq.w	20002918 <pdm_core1_entry+0x318>
20002660:	2d00      	cmp	r5, #0
20002662:	f000 8357 	beq.w	20002d14 <pdm_core1_entry+0x714>
20002666:	497c      	ldr	r1, [pc, #496]	@ (20002858 <pdm_core1_entry+0x258>)
20002668:	780a      	ldrb	r2, [r1, #0]
2000266a:	2a00      	cmp	r2, #0
2000266c:	f040 81d0 	bne.w	20002a10 <pdm_core1_entry+0x410>
20002670:	780a      	ldrb	r2, [r1, #0]
20002672:	b11a      	cbz	r2, 2000267c <pdm_core1_entry+0x7c>
20002674:	f5c5 6280 	rsb	r2, r5, #1024	@ 0x400
20002678:	2500      	movs	r5, #0
2000267a:	9209      	str	r2, [sp, #36]	@ 0x24
2000267c:	4a77      	ldr	r2, [pc, #476]	@ (2000285c <pdm_core1_entry+0x25c>)
2000267e:	6814      	ldr	r4, [r2, #0]
20002680:	2b00      	cmp	r3, #0
20002682:	f000 815b 	beq.w	2000293c <pdm_core1_entry+0x33c>
20002686:	01a0      	lsls	r0, r4, #6
20002688:	f100 40a0 	add.w	r0, r0, #1342177280	@ 0x50000000
2000268c:	4a74      	ldr	r2, [pc, #464]	@ (20002860 <pdm_core1_entry+0x260>)
2000268e:	6803      	ldr	r3, [r0, #0]
20002690:	1a9b      	subs	r3, r3, r2
20002692:	eba8 0293 	sub.w	r2, r8, r3, lsr #2
20002696:	f3c2 010a 	ubfx	r1, r2, #0, #11
2000269a:	f5b1 6f80 	cmp.w	r1, #1024	@ 0x400
2000269e:	ea4f 0393 	mov.w	r3, r3, lsr #2
200026a2:	f240 8187 	bls.w	200029b4 <pdm_core1_entry+0x3b4>
200026a6:	f04f 0b00 	mov.w	fp, #0
200026aa:	4a6e      	ldr	r2, [pc, #440]	@ (20002864 <pdm_core1_entry+0x264>)
200026ac:	f503 7380 	add.w	r3, r3, #256	@ 0x100
200026b0:	f3c3 080a 	ubfx	r8, r3, #0, #11
200026b4:	6813      	ldr	r3, [r2, #0]
200026b6:	46d9      	mov	r9, fp
200026b8:	3301      	adds	r3, #1
200026ba:	6013      	str	r3, [r2, #0]
200026bc:	4b6a      	ldr	r3, [pc, #424]	@ (20002868 <pdm_core1_entry+0x268>)
200026be:	781a      	ldrb	r2, [r3, #0]
200026c0:	4b6a      	ldr	r3, [pc, #424]	@ (2000286c <pdm_core1_entry+0x26c>)
200026c2:	781b      	ldrb	r3, [r3, #0]
200026c4:	429a      	cmp	r2, r3
200026c6:	f000 809f 	beq.w	20002808 <pdm_core1_entry+0x208>
200026ca:	4a68      	ldr	r2, [pc, #416]	@ (2000286c <pdm_core1_entry+0x26c>)
200026cc:	7813      	ldrb	r3, [r2, #0]
200026ce:	4968      	ldr	r1, [pc, #416]	@ (20002870 <pdm_core1_entry+0x270>)
200026d0:	eb01 03c3 	add.w	r3, r1, r3, lsl #3
200026d4:	e893 0003 	ldmia.w	r3, {r0, r1}
200026d8:	7813      	ldrb	r3, [r2, #0]
200026da:	e9cd 010c 	strd	r0, r1, [sp, #48]	@ 0x30
200026de:	3301      	adds	r3, #1
200026e0:	7013      	strb	r3, [r2, #0]
200026e2:	4603      	mov	r3, r0
200026e4:	4a63      	ldr	r2, [pc, #396]	@ (20002874 <pdm_core1_entry+0x274>)
200026e6:	6a92      	ldr	r2, [r2, #40]	@ 0x28
200026e8:	2d00      	cmp	r5, #0
200026ea:	f000 8177 	beq.w	200029dc <pdm_core1_entry+0x3dc>
200026ee:	4b5e      	ldr	r3, [pc, #376]	@ (20002868 <pdm_core1_entry+0x268>)
200026f0:	495e      	ldr	r1, [pc, #376]	@ (2000286c <pdm_core1_entry+0x26c>)
200026f2:	781b      	ldrb	r3, [r3, #0]
200026f4:	3d01      	subs	r5, #1
200026f6:	700b      	strb	r3, [r1, #0]
200026f8:	9b08      	ldr	r3, [sp, #32]
200026fa:	fb03 f605 	mul.w	r6, r3, r5
200026fe:	12b6      	asrs	r6, r6, #10
20002700:	f506 4600 	add.w	r6, r6, #32768	@ 0x8000
20002704:	2d00      	cmp	r5, #0
20002706:	f000 8189 	beq.w	20002a1c <pdm_core1_entry+0x41c>
2000270a:	01a0      	lsls	r0, r4, #6
2000270c:	f100 40a0 	add.w	r0, r0, #1342177280	@ 0x50000000
20002710:	e002      	b.n	20002718 <pdm_core1_entry+0x118>
20002712:	f5b1 7f88 	cmp.w	r1, #272	@ 0x110
20002716:	d30f      	bcc.n	20002738 <pdm_core1_entry+0x138>
20002718:	4951      	ldr	r1, [pc, #324]	@ (20002860 <pdm_core1_entry+0x260>)
2000271a:	6803      	ldr	r3, [r0, #0]
2000271c:	1a5b      	subs	r3, r3, r1
2000271e:	eba8 0193 	sub.w	r1, r8, r3, lsr #2
20002722:	f3c1 010a 	ubfx	r1, r1, #0, #11
20002726:	f5b1 6f80 	cmp.w	r1, #1024	@ 0x400
2000272a:	ea4f 0393 	mov.w	r3, r3, lsr #2
2000272e:	d9f0      	bls.n	20002712 <pdm_core1_entry+0x112>
20002730:	f503 7380 	add.w	r3, r3, #256	@ 0x100
20002734:	f3c3 080a 	ubfx	r8, r3, #0, #11
20002738:	2308      	movs	r3, #8
2000273a:	f04f 4e00 	mov.w	lr, #2147483648	@ 0x80000000
2000273e:	4644      	mov	r4, r8
20002740:	9305      	str	r3, [sp, #20]
20002742:	4b4d      	ldr	r3, [pc, #308]	@ (20002878 <pdm_core1_entry+0x278>)
20002744:	e9cd 520a 	strd	r5, r2, [sp, #40]	@ 0x28
20002748:	f5a6 4c7f 	sub.w	ip, r6, #65280	@ 0xff00
2000274c:	6819      	ldr	r1, [r3, #0]
2000274e:	f1ac 0cff 	sub.w	ip, ip, #255	@ 0xff
20002752:	f643 50a2 	movw	r0, #15778	@ 0x3da2
20002756:	ea81 3141 	eor.w	r1, r1, r1, lsl #13
2000275a:	ea81 4151 	eor.w	r1, r1, r1, lsr #17
2000275e:	ebca 1a4a 	rsb	sl, sl, sl, lsl #5
20002762:	ea81 1141 	eor.w	r1, r1, r1, lsl #5
20002766:	f34a 1a57 	sbfx	sl, sl, #5, #24
2000276a:	f3c1 0708 	ubfx	r7, r1, #0, #9
2000276e:	eb0a 3aab 	add.w	sl, sl, fp, asr #14
20002772:	3fff      	subs	r7, #255	@ 0xff
20002774:	eba7 070a 	sub.w	r7, r7, sl
20002778:	fb00 f307 	mul.w	r3, r0, r7
2000277c:	9a02      	ldr	r2, [sp, #8]
2000277e:	483f      	ldr	r0, [pc, #252]	@ (2000287c <pdm_core1_entry+0x27c>)
20002780:	f647 382b 	movw	r8, #31531	@ 0x7b2b
20002784:	fb00 3302 	mla	r3, r0, r2, r3
20002788:	f643 50a2 	movw	r0, #15778	@ 0x3da2
2000278c:	2500      	movs	r5, #0
2000278e:	9a04      	ldr	r2, [sp, #16]
20002790:	fb00 3302 	mla	r3, r0, r2, r3
20002794:	9a01      	ldr	r2, [sp, #4]
20002796:	483a      	ldr	r0, [pc, #232]	@ (20002880 <pdm_core1_entry+0x280>)
20002798:	fb08 3302 	mla	r3, r8, r2, r3
2000279c:	9a03      	ldr	r2, [sp, #12]
2000279e:	9403      	str	r4, [sp, #12]
200027a0:	fb00 3002 	mla	r0, r0, r2, r3
200027a4:	462a      	mov	r2, r5
200027a6:	e00b      	b.n	200027c0 <pdm_core1_entry+0x1c0>
200027a8:	4664      	mov	r4, ip
200027aa:	f64f 73ff 	movw	r3, #65535	@ 0xffff
200027ae:	44a1      	add	r9, r4
200027b0:	3201      	adds	r2, #1
200027b2:	eba9 0303 	sub.w	r3, r9, r3
200027b6:	2a20      	cmp	r2, #32
200027b8:	ea45 0508 	orr.w	r5, r5, r8
200027bc:	449b      	add	fp, r3
200027be:	d00d      	beq.n	200027dc <pdm_core1_entry+0x1dc>
200027c0:	eb1b 33a0 	adds.w	r3, fp, r0, asr #14
200027c4:	fa2e f802 	lsr.w	r8, lr, r2
200027c8:	d5ee      	bpl.n	200027a8 <pdm_core1_entry+0x1a8>
200027ca:	4634      	mov	r4, r6
200027cc:	2300      	movs	r3, #0
200027ce:	44a1      	add	r9, r4
200027d0:	3201      	adds	r2, #1
200027d2:	eba9 0303 	sub.w	r3, r9, r3
200027d6:	2a20      	cmp	r2, #32
200027d8:	449b      	add	fp, r3
200027da:	d1f1      	bne.n	200027c0 <pdm_core1_entry+0x1c0>
200027dc:	9c03      	ldr	r4, [sp, #12]
200027de:	4b20      	ldr	r3, [pc, #128]	@ (20002860 <pdm_core1_entry+0x260>)
200027e0:	f843 5024 	str.w	r5, [r3, r4, lsl #2]
200027e4:	1c63      	adds	r3, r4, #1
200027e6:	f3c3 040a 	ubfx	r4, r3, #0, #11
200027ea:	9b02      	ldr	r3, [sp, #8]
200027ec:	9304      	str	r3, [sp, #16]
200027ee:	9b01      	ldr	r3, [sp, #4]
200027f0:	9303      	str	r3, [sp, #12]
200027f2:	9b05      	ldr	r3, [sp, #20]
200027f4:	3b01      	subs	r3, #1
200027f6:	9305      	str	r3, [sp, #20]
200027f8:	d044      	beq.n	20002884 <pdm_core1_entry+0x284>
200027fa:	1383      	asrs	r3, r0, #14
200027fc:	9702      	str	r7, [sp, #8]
200027fe:	9301      	str	r3, [sp, #4]
20002800:	e7a7      	b.n	20002752 <pdm_core1_entry+0x152>
20002802:	bf20      	wfe
20002804:	4b15      	ldr	r3, [pc, #84]	@ (2000285c <pdm_core1_entry+0x25c>)
20002806:	681c      	ldr	r4, [r3, #0]
20002808:	01a1      	lsls	r1, r4, #6
2000280a:	f101 41a0 	add.w	r1, r1, #1342177280	@ 0x50000000
2000280e:	e00e      	b.n	2000282e <pdm_core1_entry+0x22e>
20002810:	4a13      	ldr	r2, [pc, #76]	@ (20002860 <pdm_core1_entry+0x260>)
20002812:	680b      	ldr	r3, [r1, #0]
20002814:	1a9b      	subs	r3, r3, r2
20002816:	eba8 0393 	sub.w	r3, r8, r3, lsr #2
2000281a:	f3c3 030a 	ubfx	r3, r3, #0, #11
2000281e:	f5a3 7280 	sub.w	r2, r3, #256	@ 0x100
20002822:	f5b2 7f40 	cmp.w	r2, #768	@ 0x300
20002826:	d808      	bhi.n	2000283a <pdm_core1_entry+0x23a>
20002828:	f5b3 7fc0 	cmp.w	r3, #384	@ 0x180
2000282c:	d8e9      	bhi.n	20002802 <pdm_core1_entry+0x202>
2000282e:	4b0e      	ldr	r3, [pc, #56]	@ (20002868 <pdm_core1_entry+0x268>)
20002830:	781a      	ldrb	r2, [r3, #0]
20002832:	4b0e      	ldr	r3, [pc, #56]	@ (2000286c <pdm_core1_entry+0x26c>)
20002834:	781b      	ldrb	r3, [r3, #0]
20002836:	429a      	cmp	r2, r3
20002838:	d0ea      	beq.n	20002810 <pdm_core1_entry+0x210>
2000283a:	4b0b      	ldr	r3, [pc, #44]	@ (20002868 <pdm_core1_entry+0x268>)
2000283c:	490b      	ldr	r1, [pc, #44]	@ (2000286c <pdm_core1_entry+0x26c>)
2000283e:	781a      	ldrb	r2, [r3, #0]
20002840:	780b      	ldrb	r3, [r1, #0]
20002842:	429a      	cmp	r2, r3
20002844:	f000 8280 	beq.w	20002d48 <pdm_core1_entry+0x748>
20002848:	460a      	mov	r2, r1
2000284a:	e73f      	b.n	200026cc <pdm_core1_entry+0xcc>
2000284c:	46fffe00 	.word	0x46fffe00
20002850:	20015f2e 	.word	0x20015f2e
20002854:	20014ac0 	.word	0x20014ac0
20002858:	20015f35 	.word	0x20015f35
2000285c:	2000e2dc 	.word	0x2000e2dc
20002860:	20010000 	.word	0x20010000
20002864:	20014b10 	.word	0x20014b10
20002868:	20015f36 	.word	0x20015f36
2000286c:	20015f37 	.word	0x20015f37
20002870:	20014b1c 	.word	0x20014b1c
20002874:	400b0000 	.word	0x400b0000
20002878:	2000e2d4 	.word	0x2000e2d4
2000287c:	ffff84bc 	.word	0xffff84bc
20002880:	ffffc324 	.word	0xffffc324
20002884:	4b9c      	ldr	r3, [pc, #624]	@ (20002af8 <pdm_core1_entry+0x4f8>)
20002886:	46a0      	mov	r8, r4
20002888:	e9dd 520a 	ldrd	r5, r2, [sp, #40]	@ 0x28
2000288c:	6019      	str	r1, [r3, #0]
2000288e:	4b9b      	ldr	r3, [pc, #620]	@ (20002afc <pdm_core1_entry+0x4fc>)
20002890:	499b      	ldr	r1, [pc, #620]	@ (20002b00 <pdm_core1_entry+0x500>)
20002892:	681b      	ldr	r3, [r3, #0]
20002894:	019b      	lsls	r3, r3, #6
20002896:	f103 43a0 	add.w	r3, r3, #1342177280	@ 0x50000000
2000289a:	681b      	ldr	r3, [r3, #0]
2000289c:	1a5b      	subs	r3, r3, r1
2000289e:	eba4 0393 	sub.w	r3, r4, r3, lsr #2
200028a2:	f413 6ffc 	tst.w	r3, #2016	@ 0x7e0
200028a6:	d103      	bne.n	200028b0 <pdm_core1_entry+0x2b0>
200028a8:	4996      	ldr	r1, [pc, #600]	@ (20002b04 <pdm_core1_entry+0x504>)
200028aa:	680b      	ldr	r3, [r1, #0]
200028ac:	3301      	adds	r3, #1
200028ae:	600b      	str	r3, [r1, #0]
200028b0:	4b95      	ldr	r3, [pc, #596]	@ (20002b08 <pdm_core1_entry+0x508>)
200028b2:	9907      	ldr	r1, [sp, #28]
200028b4:	6a9b      	ldr	r3, [r3, #40]	@ 0x28
200028b6:	3101      	adds	r1, #1
200028b8:	1a9b      	subs	r3, r3, r2
200028ba:	9a06      	ldr	r2, [sp, #24]
200028bc:	292f      	cmp	r1, #47	@ 0x2f
200028be:	4413      	add	r3, r2
200028c0:	9107      	str	r1, [sp, #28]
200028c2:	eba9 4929 	sub.w	r9, r9, r9, asr #16
200028c6:	ebab 4b2b 	sub.w	fp, fp, fp, asr #16
200028ca:	9306      	str	r3, [sp, #24]
200028cc:	d915      	bls.n	200028fa <pdm_core1_entry+0x2fa>
200028ce:	221a      	movs	r2, #26
200028d0:	fb02 f203 	mul.w	r2, r2, r3
200028d4:	f5b2 4fc8 	cmp.w	r2, #25600	@ 0x6400
200028d8:	bf28      	it	cs
200028da:	f44f 42c8 	movcs.w	r2, #25600	@ 0x6400
200028de:	2100      	movs	r1, #0
200028e0:	4c8a      	ldr	r4, [pc, #552]	@ (20002b0c <pdm_core1_entry+0x50c>)
200028e2:	9106      	str	r1, [sp, #24]
200028e4:	6823      	ldr	r3, [r4, #0]
200028e6:	9107      	str	r1, [sp, #28]
200028e8:	eba3 03d3 	sub.w	r3, r3, r3, lsr #3
200028ec:	eb03 03d2 	add.w	r3, r3, r2, lsr #3
200028f0:	6023      	str	r3, [r4, #0]
200028f2:	4a87      	ldr	r2, [pc, #540]	@ (20002b10 <pdm_core1_entry+0x510>)
200028f4:	3380      	adds	r3, #128	@ 0x80
200028f6:	0a1b      	lsrs	r3, r3, #8
200028f8:	72d3      	strb	r3, [r2, #11]
200028fa:	9b01      	ldr	r3, [sp, #4]
200028fc:	4a85      	ldr	r2, [pc, #532]	@ (20002b14 <pdm_core1_entry+0x514>)
200028fe:	9303      	str	r3, [sp, #12]
20002900:	7812      	ldrb	r2, [r2, #0]
20002902:	9b02      	ldr	r3, [sp, #8]
20002904:	2a01      	cmp	r2, #1
20002906:	9304      	str	r3, [sp, #16]
20002908:	ea4f 33a0 	mov.w	r3, r0, asr #14
2000290c:	e9cd 3701 	strd	r3, r7, [sp, #4]
20002910:	f04f 0301 	mov.w	r3, #1
20002914:	f47f aea4 	bne.w	20002660 <pdm_core1_entry+0x60>
20002918:	4a7f      	ldr	r2, [pc, #508]	@ (20002b18 <pdm_core1_entry+0x518>)
2000291a:	7812      	ldrb	r2, [r2, #0]
2000291c:	2a00      	cmp	r2, #0
2000291e:	f000 8099 	beq.w	20002a54 <pdm_core1_entry+0x454>
20002922:	4a7d      	ldr	r2, [pc, #500]	@ (20002b18 <pdm_core1_entry+0x518>)
20002924:	7812      	ldrb	r2, [r2, #0]
20002926:	2a00      	cmp	r2, #0
20002928:	f43f aea8 	beq.w	2000267c <pdm_core1_entry+0x7c>
2000292c:	2d00      	cmp	r5, #0
2000292e:	f47f aea1 	bne.w	20002674 <pdm_core1_entry+0x74>
20002932:	4a72      	ldr	r2, [pc, #456]	@ (20002afc <pdm_core1_entry+0x4fc>)
20002934:	6814      	ldr	r4, [r2, #0]
20002936:	2b00      	cmp	r3, #0
20002938:	f47f aea5 	bne.w	20002686 <pdm_core1_entry+0x86>
2000293c:	f44f 5200 	mov.w	r2, #8192	@ 0x2000
20002940:	21aa      	movs	r1, #170	@ 0xaa
20002942:	486f      	ldr	r0, [pc, #444]	@ (20002b00 <pdm_core1_entry+0x500>)
20002944:	f008 fe4a 	bl	2000b5dc <memset>
20002948:	2000      	movs	r0, #0
2000294a:	4682      	mov	sl, r0
2000294c:	f04f 31ff 	mov.w	r1, #4294967295	@ 0xffffffff
20002950:	4b72      	ldr	r3, [pc, #456]	@ (20002b1c <pdm_core1_entry+0x51c>)
20002952:	4a73      	ldr	r2, [pc, #460]	@ (20002b20 <pdm_core1_entry+0x520>)
20002954:	ea03 3344 	and.w	r3, r3, r4, lsl #13
20002958:	431a      	orrs	r2, r3
2000295a:	4b6c      	ldr	r3, [pc, #432]	@ (20002b0c <pdm_core1_entry+0x50c>)
2000295c:	4e68      	ldr	r6, [pc, #416]	@ (20002b00 <pdm_core1_entry+0x500>)
2000295e:	6018      	str	r0, [r3, #0]
20002960:	4b70      	ldr	r3, [pc, #448]	@ (20002b24 <pdm_core1_entry+0x524>)
20002962:	4871      	ldr	r0, [pc, #452]	@ (20002b28 <pdm_core1_entry+0x528>)
20002964:	781b      	ldrb	r3, [r3, #0]
20002966:	e9cd aa06 	strd	sl, sl, [sp, #24]
2000296a:	7003      	strb	r3, [r0, #0]
2000296c:	486f      	ldr	r0, [pc, #444]	@ (20002b2c <pdm_core1_entry+0x52c>)
2000296e:	4f70      	ldr	r7, [pc, #448]	@ (20002b30 <pdm_core1_entry+0x530>)
20002970:	6803      	ldr	r3, [r0, #0]
20002972:	f8cd a00c 	str.w	sl, [sp, #12]
20002976:	f043 0301 	orr.w	r3, r3, #1
2000297a:	f8cd a004 	str.w	sl, [sp, #4]
2000297e:	f8cd a010 	str.w	sl, [sp, #16]
20002982:	f8cd a008 	str.w	sl, [sp, #8]
20002986:	f8cd a020 	str.w	sl, [sp, #32]
2000298a:	f8cd a024 	str.w	sl, [sp, #36]	@ 0x24
2000298e:	6003      	str	r3, [r0, #0]
20002990:	01a0      	lsls	r0, r4, #6
20002992:	f100 43a0 	add.w	r3, r0, #1342177280	@ 0x50000000
20002996:	601e      	str	r6, [r3, #0]
20002998:	605f      	str	r7, [r3, #4]
2000299a:	6099      	str	r1, [r3, #8]
2000299c:	60da      	str	r2, [r3, #12]
2000299e:	681b      	ldr	r3, [r3, #0]
200029a0:	4655      	mov	r5, sl
200029a2:	1b9b      	subs	r3, r3, r6
200029a4:	089b      	lsrs	r3, r3, #2
200029a6:	f503 7380 	add.w	r3, r3, #256	@ 0x100
200029aa:	46d3      	mov	fp, sl
200029ac:	46d1      	mov	r9, sl
200029ae:	f3c3 080a 	ubfx	r8, r3, #0, #11
200029b2:	e669      	b.n	20002688 <pdm_core1_entry+0x88>
200029b4:	4b5b      	ldr	r3, [pc, #364]	@ (20002b24 <pdm_core1_entry+0x524>)
200029b6:	7819      	ldrb	r1, [r3, #0]
200029b8:	4b5b      	ldr	r3, [pc, #364]	@ (20002b28 <pdm_core1_entry+0x528>)
200029ba:	781b      	ldrb	r3, [r3, #0]
200029bc:	4299      	cmp	r1, r3
200029be:	f47f ae84 	bne.w	200026ca <pdm_core1_entry+0xca>
200029c2:	f412 63e0 	ands.w	r3, r2, #1792	@ 0x700
200029c6:	f47f af1f 	bne.w	20002808 <pdm_core1_entry+0x208>
200029ca:	495a      	ldr	r1, [pc, #360]	@ (20002b34 <pdm_core1_entry+0x534>)
200029cc:	680a      	ldr	r2, [r1, #0]
200029ce:	3201      	adds	r2, #1
200029d0:	600a      	str	r2, [r1, #0]
200029d2:	4a4d      	ldr	r2, [pc, #308]	@ (20002b08 <pdm_core1_entry+0x508>)
200029d4:	6a92      	ldr	r2, [r2, #40]	@ 0x28
200029d6:	2d00      	cmp	r5, #0
200029d8:	f47f ae89 	bne.w	200026ee <pdm_core1_entry+0xee>
200029dc:	1399      	asrs	r1, r3, #14
200029de:	4b56      	ldr	r3, [pc, #344]	@ (20002b38 <pdm_core1_entry+0x538>)
200029e0:	4299      	cmp	r1, r3
200029e2:	bfb8      	it	lt
200029e4:	4619      	movlt	r1, r3
200029e6:	f247 333c 	movw	r3, #29500	@ 0x733c
200029ea:	4299      	cmp	r1, r3
200029ec:	bfa8      	it	ge
200029ee:	4619      	movge	r1, r3
200029f0:	460b      	mov	r3, r1
200029f2:	9108      	str	r1, [sp, #32]
200029f4:	9909      	ldr	r1, [sp, #36]	@ 0x24
200029f6:	f5b1 6f80 	cmp.w	r1, #1024	@ 0x400
200029fa:	d205      	bcs.n	20002a08 <pdm_core1_entry+0x408>
200029fc:	fb01 f303 	mul.w	r3, r1, r3
20002a00:	129b      	asrs	r3, r3, #10
20002a02:	9308      	str	r3, [sp, #32]
20002a04:	1c4b      	adds	r3, r1, #1
20002a06:	9309      	str	r3, [sp, #36]	@ 0x24
20002a08:	9b08      	ldr	r3, [sp, #32]
20002a0a:	f503 4600 	add.w	r6, r3, #32768	@ 0x8000
20002a0e:	e693      	b.n	20002738 <pdm_core1_entry+0x138>
20002a10:	4a41      	ldr	r2, [pc, #260]	@ (20002b18 <pdm_core1_entry+0x518>)
20002a12:	7812      	ldrb	r2, [r2, #0]
20002a14:	2a00      	cmp	r2, #0
20002a16:	f47f ae2d 	bne.w	20002674 <pdm_core1_entry+0x74>
20002a1a:	e62f      	b.n	2000267c <pdm_core1_entry+0x7c>
20002a1c:	2301      	movs	r3, #1
20002a1e:	f04f 42a0 	mov.w	r2, #1342177280	@ 0x50000000
20002a22:	4842      	ldr	r0, [pc, #264]	@ (20002b2c <pdm_core1_entry+0x52c>)
20002a24:	40a3      	lsls	r3, r4
20002a26:	6801      	ldr	r1, [r0, #0]
20002a28:	f021 0101 	bic.w	r1, r1, #1
20002a2c:	6001      	str	r1, [r0, #0]
20002a2e:	eb02 1084 	add.w	r0, r2, r4, lsl #6
20002a32:	f8c2 3464 	str.w	r3, [r2, #1124]	@ 0x464
20002a36:	68c3      	ldr	r3, [r0, #12]
20002a38:	f013 6380 	ands.w	r3, r3, #67108864	@ 0x4000000
20002a3c:	d1fb      	bne.n	20002a36 <pdm_core1_entry+0x436>
20002a3e:	4a34      	ldr	r2, [pc, #208]	@ (20002b10 <pdm_core1_entry+0x510>)
20002a40:	72d3      	strb	r3, [r2, #11]
20002a42:	4b34      	ldr	r3, [pc, #208]	@ (20002b14 <pdm_core1_entry+0x514>)
20002a44:	781b      	ldrb	r3, [r3, #0]
20002a46:	2b01      	cmp	r3, #1
20002a48:	f000 813e 	beq.w	20002cc8 <pdm_core1_entry+0x6c8>
20002a4c:	2300      	movs	r3, #0
20002a4e:	4a30      	ldr	r2, [pc, #192]	@ (20002b10 <pdm_core1_entry+0x510>)
20002a50:	72d3      	strb	r3, [r2, #11]
20002a52:	e5da      	b.n	2000260a <pdm_core1_entry+0xa>
20002a54:	2d00      	cmp	r5, #0
20002a56:	d1db      	bne.n	20002a10 <pdm_core1_entry+0x410>
20002a58:	b193      	cbz	r3, 20002a80 <pdm_core1_entry+0x480>
20002a5a:	4b2e      	ldr	r3, [pc, #184]	@ (20002b14 <pdm_core1_entry+0x514>)
20002a5c:	781b      	ldrb	r3, [r3, #0]
20002a5e:	2b01      	cmp	r3, #1
20002a60:	f000 814b 	beq.w	20002cfa <pdm_core1_entry+0x6fa>
20002a64:	4a2c      	ldr	r2, [pc, #176]	@ (20002b18 <pdm_core1_entry+0x518>)
20002a66:	7813      	ldrb	r3, [r2, #0]
20002a68:	2b00      	cmp	r3, #0
20002a6a:	f040 8139 	bne.w	20002ce0 <pdm_core1_entry+0x6e0>
20002a6e:	7812      	ldrb	r2, [r2, #0]
20002a70:	f002 03ff 	and.w	r3, r2, #255	@ 0xff
20002a74:	2a00      	cmp	r2, #0
20002a76:	f000 813a 	beq.w	20002cee <pdm_core1_entry+0x6ee>
20002a7a:	f44f 6580 	mov.w	r5, #1024	@ 0x400
20002a7e:	e5f9      	b.n	20002674 <pdm_core1_entry+0x74>
20002a80:	bf20      	wfe
20002a82:	4a24      	ldr	r2, [pc, #144]	@ (20002b14 <pdm_core1_entry+0x514>)
20002a84:	7812      	ldrb	r2, [r2, #0]
20002a86:	2a01      	cmp	r2, #1
20002a88:	d1e0      	bne.n	20002a4c <pdm_core1_entry+0x44c>
20002a8a:	4a23      	ldr	r2, [pc, #140]	@ (20002b18 <pdm_core1_entry+0x518>)
20002a8c:	7812      	ldrb	r2, [r2, #0]
20002a8e:	2a00      	cmp	r2, #0
20002a90:	d0f6      	beq.n	20002a80 <pdm_core1_entry+0x480>
20002a92:	2500      	movs	r5, #0
20002a94:	e745      	b.n	20002922 <pdm_core1_entry+0x322>
20002a96:	2300      	movs	r3, #0
20002a98:	4a1e      	ldr	r2, [pc, #120]	@ (20002b14 <pdm_core1_entry+0x514>)
20002a9a:	4928      	ldr	r1, [pc, #160]	@ (20002b3c <pdm_core1_entry+0x53c>)
20002a9c:	7812      	ldrb	r2, [r2, #0]
20002a9e:	700b      	strb	r3, [r1, #0]
20002aa0:	4927      	ldr	r1, [pc, #156]	@ (20002b40 <pdm_core1_entry+0x540>)
20002aa2:	2a02      	cmp	r2, #2
20002aa4:	600b      	str	r3, [r1, #0]
20002aa6:	d006      	beq.n	20002ab6 <pdm_core1_entry+0x4b6>
20002aa8:	e7d0      	b.n	20002a4c <pdm_core1_entry+0x44c>
20002aaa:	4b1a      	ldr	r3, [pc, #104]	@ (20002b14 <pdm_core1_entry+0x514>)
20002aac:	781b      	ldrb	r3, [r3, #0]
20002aae:	2b02      	cmp	r3, #2
20002ab0:	f47f adab 	bne.w	2000260a <pdm_core1_entry+0xa>
20002ab4:	bf20      	wfe
20002ab6:	4b23      	ldr	r3, [pc, #140]	@ (20002b44 <pdm_core1_entry+0x544>)
20002ab8:	781b      	ldrb	r3, [r3, #0]
20002aba:	2b00      	cmp	r3, #0
20002abc:	d0f5      	beq.n	20002aaa <pdm_core1_entry+0x4aa>
20002abe:	f3bf 8f5f 	dmb	sy
20002ac2:	2402      	movs	r4, #2
20002ac4:	4a1f      	ldr	r2, [pc, #124]	@ (20002b44 <pdm_core1_entry+0x544>)
20002ac6:	4f20      	ldr	r7, [pc, #128]	@ (20002b48 <pdm_core1_entry+0x548>)
20002ac8:	f8d2 c004 	ldr.w	ip, [r2, #4]
20002acc:	f8d2 9008 	ldr.w	r9, [r2, #8]
20002ad0:	edd2 8a03 	vldr	s17, [r2, #12]
20002ad4:	4a0c      	ldr	r2, [pc, #48]	@ (20002b08 <pdm_core1_entry+0x508>)
20002ad6:	f50c 63c0 	add.w	r3, ip, #1536	@ 0x600
20002ada:	6a92      	ldr	r2, [r2, #40]	@ 0x28
20002adc:	eeb7 9a00 	vmov.f32	s18, #112	@ 0x3f800000  1.0
20002ae0:	461e      	mov	r6, r3
20002ae2:	46bb      	mov	fp, r7
20002ae4:	463d      	mov	r5, r7
20002ae6:	e9cd c302 	strd	ip, r3, [sp, #8]
20002aea:	f8df 8060 	ldr.w	r8, [pc, #96]	@ 20002b4c <pdm_core1_entry+0x54c>
20002aee:	9201      	str	r2, [sp, #4]
20002af0:	fa09 fa04 	lsl.w	sl, r9, r4
20002af4:	e04d      	b.n	20002b92 <pdm_core1_entry+0x592>
20002af6:	bf00      	nop
20002af8:	2000e2d4 	.word	0x2000e2d4
20002afc:	2000e2dc 	.word	0x2000e2dc
20002b00:	20010000 	.word	0x20010000
20002b04:	20014b0c 	.word	0x20014b0c
20002b08:	400b0000 	.word	0x400b0000
20002b0c:	20014b14 	.word	0x20014b14
20002b10:	20014ac0 	.word	0x20014ac0
20002b14:	20015f2e 	.word	0x20015f2e
20002b18:	20015f35 	.word	0x20015f35
20002b1c:	fc01ffff 	.word	0xfc01ffff
20002b20:	00100d19 	.word	0x00100d19
20002b24:	20015f36 	.word	0x20015f36
20002b28:	20015f37 	.word	0x20015f37
20002b2c:	50300000 	.word	0x50300000
20002b30:	50300010 	.word	0x50300010
20002b34:	20015320 	.word	0x20015320
20002b38:	ffff8cc4 	.word	0xffff8cc4
20002b3c:	20015f2d 	.word	0x20015f2d
20002b40:	20014874 	.word	0x20014874
20002b44:	20014908 	.word	0x20014908
20002b48:	20012270 	.word	0x20012270
20002b4c:	20016850 	.word	0x20016850
20002b50:	4b9f      	ldr	r3, [pc, #636]	@ (20002dd0 <pdm_core1_entry+0x7d0>)
20002b52:	5d1b      	ldrb	r3, [r3, r4]
20002b54:	b35b      	cbz	r3, 20002bae <pdm_core1_entry+0x5ae>
20002b56:	eb04 0384 	add.w	r3, r4, r4, lsl #2
20002b5a:	eb0b 0383 	add.w	r3, fp, r3, lsl #2
20002b5e:	f8d3 30e0 	ldr.w	r3, [r3, #224]	@ 0xe0
20002b62:	ee07 3a90 	vmov	s15, r3
20002b66:	ee68 7aa7 	vmul.f32	s15, s17, s15
20002b6a:	eef5 7a40 	vcmp.f32	s15, #0.0
20002b6e:	eef1 fa10 	vmrs	APSR_nzcv, fpscr
20002b72:	d016      	beq.n	20002ba2 <pdm_core1_entry+0x5a2>
20002b74:	eef4 7a49 	vcmp.f32	s15, s18
20002b78:	eef1 fa10 	vmrs	APSR_nzcv, fpscr
20002b7c:	f040 80e6 	bne.w	20002d4c <pdm_core1_entry+0x74c>
20002b80:	3401      	adds	r4, #1
20002b82:	2c08      	cmp	r4, #8
20002b84:	f105 0514 	add.w	r5, r5, #20
20002b88:	f506 7640 	add.w	r6, r6, #768	@ 0x300
20002b8c:	f508 7810 	add.w	r8, r8, #576	@ 0x240
20002b90:	d019      	beq.n	20002bc6 <pdm_core1_entry+0x5c6>
20002b92:	f895 3100 	ldrb.w	r3, [r5, #256]	@ 0x100
20002b96:	2b00      	cmp	r3, #0
20002b98:	d0f2      	beq.n	20002b80 <pdm_core1_entry+0x580>
20002b9a:	f895 3101 	ldrb.w	r3, [r5, #257]	@ 0x101
20002b9e:	2b00      	cmp	r3, #0
20002ba0:	d0d6      	beq.n	20002b50 <pdm_core1_entry+0x550>
20002ba2:	4652      	mov	r2, sl
20002ba4:	2100      	movs	r1, #0
20002ba6:	4630      	mov	r0, r6
20002ba8:	f008 fd18 	bl	2000b5dc <memset>
20002bac:	e7e8      	b.n	20002b80 <pdm_core1_entry+0x580>
20002bae:	1ca3      	adds	r3, r4, #2
20002bb0:	b2db      	uxtb	r3, r3
20002bb2:	464a      	mov	r2, r9
20002bb4:	4631      	mov	r1, r6
20002bb6:	4640      	mov	r0, r8
20002bb8:	f009 f830 	bl	2000bc1c <dsp_process_channel_block>
20002bbc:	f895 3101 	ldrb.w	r3, [r5, #257]	@ 0x101
20002bc0:	2b00      	cmp	r3, #0
20002bc2:	d0c8      	beq.n	20002b56 <pdm_core1_entry+0x556>
20002bc4:	e7ed      	b.n	20002ba2 <pdm_core1_entry+0x5a2>
20002bc6:	4a83      	ldr	r2, [pc, #524]	@ (20002dd4 <pdm_core1_entry+0x7d4>)
20002bc8:	e9dd c302 	ldrd	ip, r3, [sp, #8]
20002bcc:	7811      	ldrb	r1, [r2, #0]
20002bce:	2900      	cmp	r1, #0
20002bd0:	f040 80cc 	bne.w	20002d6c <pdm_core1_entry+0x76c>
20002bd4:	eeb7 9a00 	vmov.f32	s18, #112	@ 0x3f800000  1.0
20002bd8:	eeff 8a00 	vmov.f32	s17, #240	@ 0xbf800000 -1.0
20002bdc:	464e      	mov	r6, r9
20002bde:	461d      	mov	r5, r3
20002be0:	4c7d      	ldr	r4, [pc, #500]	@ (20002dd8 <pdm_core1_entry+0x7d8>)
20002be2:	f854 0f04 	ldr.w	r0, [r4, #4]!
20002be6:	b360      	cbz	r0, 20002c42 <pdm_core1_entry+0x642>
20002be8:	f897 3100 	ldrb.w	r3, [r7, #256]	@ 0x100
20002bec:	b91b      	cbnz	r3, 20002bf6 <pdm_core1_entry+0x5f6>
20002bee:	f897 1114 	ldrb.w	r1, [r7, #276]	@ 0x114
20002bf2:	2900      	cmp	r1, #0
20002bf4:	d05e      	beq.n	20002cb4 <pdm_core1_entry+0x6b4>
20002bf6:	b326      	cbz	r6, 20002c42 <pdm_core1_entry+0x642>
20002bf8:	4601      	mov	r1, r0
20002bfa:	462b      	mov	r3, r5
20002bfc:	f505 7040 	add.w	r0, r5, #768	@ 0x300
20002c00:	eb01 020a 	add.w	r2, r1, sl
20002c04:	ecb3 7a01 	vldmia	r3!, {s14}
20002c08:	ecf0 7a01 	vldmia	r0!, {s15}
20002c0c:	fe87 7a49 	vminnm.f32	s14, s14, s18
20002c10:	fec7 7ac9 	vminnm.f32	s15, s15, s18
20002c14:	fe87 7a28 	vmaxnm.f32	s14, s14, s17
20002c18:	fec7 7aa8 	vmaxnm.f32	s15, s15, s17
20002c1c:	ee27 7a08 	vmul.f32	s14, s14, s16
20002c20:	ee67 7a88 	vmul.f32	s15, s15, s16
20002c24:	eebd 7ac7 	vcvt.s32.f32	s14, s14
20002c28:	eefd 7ae7 	vcvt.s32.f32	s15, s15
20002c2c:	ee17 ca10 	vmov	ip, s14
20002c30:	f8a1 c000 	strh.w	ip, [r1]
20002c34:	ee17 ca90 	vmov	ip, s15
20002c38:	3104      	adds	r1, #4
20002c3a:	428a      	cmp	r2, r1
20002c3c:	f821 cc02 	strh.w	ip, [r1, #-2]
20002c40:	d1e0      	bne.n	20002c04 <pdm_core1_entry+0x604>
20002c42:	4b66      	ldr	r3, [pc, #408]	@ (20002ddc <pdm_core1_entry+0x7dc>)
20002c44:	3728      	adds	r7, #40	@ 0x28
20002c46:	42bb      	cmp	r3, r7
20002c48:	f505 65c0 	add.w	r5, r5, #1536	@ 0x600
20002c4c:	d1c9      	bne.n	20002be2 <pdm_core1_entry+0x5e2>
20002c4e:	4b64      	ldr	r3, [pc, #400]	@ (20002de0 <pdm_core1_entry+0x7e0>)
20002c50:	4a64      	ldr	r2, [pc, #400]	@ (20002de4 <pdm_core1_entry+0x7e4>)
20002c52:	781b      	ldrb	r3, [r3, #0]
20002c54:	6a90      	ldr	r0, [r2, #40]	@ 0x28
20002c56:	2b00      	cmp	r3, #0
20002c58:	d072      	beq.n	20002d40 <pdm_core1_entry+0x740>
20002c5a:	4b63      	ldr	r3, [pc, #396]	@ (20002de8 <pdm_core1_entry+0x7e8>)
20002c5c:	4d63      	ldr	r5, [pc, #396]	@ (20002dec <pdm_core1_entry+0x7ec>)
20002c5e:	6819      	ldr	r1, [r3, #0]
20002c60:	9b01      	ldr	r3, [sp, #4]
20002c62:	eba3 0a01 	sub.w	sl, r3, r1
20002c66:	1ac2      	subs	r2, r0, r3
20002c68:	f5ba 6ffa 	cmp.w	sl, #2000	@ 0x7d0
20002c6c:	bf8c      	ite	hi
20002c6e:	4611      	movhi	r1, r2
20002c70:	1a41      	subls	r1, r0, r1
20002c72:	682b      	ldr	r3, [r5, #0]
20002c74:	b151      	cbz	r1, 20002c8c <pdm_core1_entry+0x68c>
20002c76:	f44f 44c8 	mov.w	r4, #25600	@ 0x6400
20002c7a:	fb04 f202 	mul.w	r2, r4, r2
20002c7e:	fbb2 f2f1 	udiv	r2, r2, r1
20002c82:	eba3 03d3 	sub.w	r3, r3, r3, lsr #3
20002c86:	eb03 03d2 	add.w	r3, r3, r2, lsr #3
20002c8a:	602b      	str	r3, [r5, #0]
20002c8c:	4a58      	ldr	r2, [pc, #352]	@ (20002df0 <pdm_core1_entry+0x7f0>)
20002c8e:	3380      	adds	r3, #128	@ 0x80
20002c90:	0a1b      	lsrs	r3, r3, #8
20002c92:	72d3      	strb	r3, [r2, #11]
20002c94:	4b54      	ldr	r3, [pc, #336]	@ (20002de8 <pdm_core1_entry+0x7e8>)
20002c96:	4a57      	ldr	r2, [pc, #348]	@ (20002df4 <pdm_core1_entry+0x7f4>)
20002c98:	6018      	str	r0, [r3, #0]
20002c9a:	2300      	movs	r3, #0
20002c9c:	7013      	strb	r3, [r2, #0]
20002c9e:	f3bf 8f5f 	dmb	sy
20002ca2:	2301      	movs	r3, #1
20002ca4:	7053      	strb	r3, [r2, #1]
20002ca6:	bf40      	sev
20002ca8:	4b53      	ldr	r3, [pc, #332]	@ (20002df8 <pdm_core1_entry+0x7f8>)
20002caa:	781b      	ldrb	r3, [r3, #0]
20002cac:	2b02      	cmp	r3, #2
20002cae:	f43f af02 	beq.w	20002ab6 <pdm_core1_entry+0x4b6>
20002cb2:	e6cb      	b.n	20002a4c <pdm_core1_entry+0x44c>
20002cb4:	4652      	mov	r2, sl
20002cb6:	f008 fc91 	bl	2000b5dc <memset>
20002cba:	4b48      	ldr	r3, [pc, #288]	@ (20002ddc <pdm_core1_entry+0x7dc>)
20002cbc:	3728      	adds	r7, #40	@ 0x28
20002cbe:	42bb      	cmp	r3, r7
20002cc0:	f505 65c0 	add.w	r5, r5, #1536	@ 0x600
20002cc4:	d18d      	bne.n	20002be2 <pdm_core1_entry+0x5e2>
20002cc6:	e7c2      	b.n	20002c4e <pdm_core1_entry+0x64e>
20002cc8:	4b4c      	ldr	r3, [pc, #304]	@ (20002dfc <pdm_core1_entry+0x7fc>)
20002cca:	781a      	ldrb	r2, [r3, #0]
20002ccc:	f002 03ff 	and.w	r3, r2, #255	@ 0xff
20002cd0:	2a00      	cmp	r2, #0
20002cd2:	f43f aed5 	beq.w	20002a80 <pdm_core1_entry+0x480>
20002cd6:	4b49      	ldr	r3, [pc, #292]	@ (20002dfc <pdm_core1_entry+0x7fc>)
20002cd8:	781b      	ldrb	r3, [r3, #0]
20002cda:	4b49      	ldr	r3, [pc, #292]	@ (20002e00 <pdm_core1_entry+0x800>)
20002cdc:	681c      	ldr	r4, [r3, #0]
20002cde:	e62d      	b.n	2000293c <pdm_core1_entry+0x33c>
20002ce0:	4b46      	ldr	r3, [pc, #280]	@ (20002dfc <pdm_core1_entry+0x7fc>)
20002ce2:	781a      	ldrb	r2, [r3, #0]
20002ce4:	f002 03ff 	and.w	r3, r2, #255	@ 0xff
20002ce8:	2a00      	cmp	r2, #0
20002cea:	f47f aec6 	bne.w	20002a7a <pdm_core1_entry+0x47a>
20002cee:	4b44      	ldr	r3, [pc, #272]	@ (20002e00 <pdm_core1_entry+0x800>)
20002cf0:	f44f 6580 	mov.w	r5, #1024	@ 0x400
20002cf4:	681c      	ldr	r4, [r3, #0]
20002cf6:	01a0      	lsls	r0, r4, #6
20002cf8:	e4c6      	b.n	20002688 <pdm_core1_entry+0x88>
20002cfa:	4b40      	ldr	r3, [pc, #256]	@ (20002dfc <pdm_core1_entry+0x7fc>)
20002cfc:	781b      	ldrb	r3, [r3, #0]
20002cfe:	2b00      	cmp	r3, #0
20002d00:	d1ee      	bne.n	20002ce0 <pdm_core1_entry+0x6e0>
20002d02:	4b3e      	ldr	r3, [pc, #248]	@ (20002dfc <pdm_core1_entry+0x7fc>)
20002d04:	781b      	ldrb	r3, [r3, #0]
20002d06:	2b00      	cmp	r3, #0
20002d08:	d0f1      	beq.n	20002cee <pdm_core1_entry+0x6ee>
20002d0a:	4b3d      	ldr	r3, [pc, #244]	@ (20002e00 <pdm_core1_entry+0x800>)
20002d0c:	9509      	str	r5, [sp, #36]	@ 0x24
20002d0e:	681c      	ldr	r4, [r3, #0]
20002d10:	01a0      	lsls	r0, r4, #6
20002d12:	e4b9      	b.n	20002688 <pdm_core1_entry+0x88>
20002d14:	2b00      	cmp	r3, #0
20002d16:	f43f ae99 	beq.w	20002a4c <pdm_core1_entry+0x44c>
20002d1a:	2201      	movs	r2, #1
20002d1c:	f04f 40a0 	mov.w	r0, #1342177280	@ 0x50000000
20002d20:	4938      	ldr	r1, [pc, #224]	@ (20002e04 <pdm_core1_entry+0x804>)
20002d22:	680b      	ldr	r3, [r1, #0]
20002d24:	f023 0301 	bic.w	r3, r3, #1
20002d28:	600b      	str	r3, [r1, #0]
20002d2a:	4b35      	ldr	r3, [pc, #212]	@ (20002e00 <pdm_core1_entry+0x800>)
20002d2c:	6819      	ldr	r1, [r3, #0]
20002d2e:	408a      	lsls	r2, r1
20002d30:	eb00 1381 	add.w	r3, r0, r1, lsl #6
20002d34:	f8c0 2464 	str.w	r2, [r0, #1124]	@ 0x464
20002d38:	68da      	ldr	r2, [r3, #12]
20002d3a:	0152      	lsls	r2, r2, #5
20002d3c:	d4fc      	bmi.n	20002d38 <pdm_core1_entry+0x738>
20002d3e:	e685      	b.n	20002a4c <pdm_core1_entry+0x44c>
20002d40:	2301      	movs	r3, #1
20002d42:	4a27      	ldr	r2, [pc, #156]	@ (20002de0 <pdm_core1_entry+0x7e0>)
20002d44:	7013      	strb	r3, [r2, #0]
20002d46:	e7a5      	b.n	20002c94 <pdm_core1_entry+0x694>
20002d48:	2300      	movs	r3, #0
20002d4a:	e4cb      	b.n	200026e4 <pdm_core1_entry+0xe4>
20002d4c:	f1b9 0f00 	cmp.w	r9, #0
20002d50:	f43f af16 	beq.w	20002b80 <pdm_core1_entry+0x580>
20002d54:	4633      	mov	r3, r6
20002d56:	eb06 020a 	add.w	r2, r6, sl
20002d5a:	ed93 7a00 	vldr	s14, [r3]
20002d5e:	ee27 7a87 	vmul.f32	s14, s15, s14
20002d62:	eca3 7a01 	vstmia	r3!, {s14}
20002d66:	4293      	cmp	r3, r2
20002d68:	d1f7      	bne.n	20002d5a <pdm_core1_entry+0x75a>
20002d6a:	e709      	b.n	20002b80 <pdm_core1_entry+0x580>
20002d6c:	f44f 6ec0 	mov.w	lr, #1536	@ 0x600
20002d70:	4a20      	ldr	r2, [pc, #128]	@ (20002df4 <pdm_core1_entry+0x7f4>)
20002d72:	eb0a 060c 	add.w	r6, sl, ip
20002d76:	6910      	ldr	r0, [r2, #16]
20002d78:	4d23      	ldr	r5, [pc, #140]	@ (20002e08 <pdm_core1_entry+0x808>)
20002d7a:	4a24      	ldr	r2, [pc, #144]	@ (20002e0c <pdm_core1_entry+0x80c>)
20002d7c:	4476      	add	r6, lr
20002d7e:	f852 bf04 	ldr.w	fp, [r2, #4]!
20002d82:	f1bb 0f00 	cmp.w	fp, #0
20002d86:	dd19      	ble.n	20002dbc <pdm_core1_entry+0x7bc>
20002d88:	f1b9 0f00 	cmp.w	r9, #0
20002d8c:	d016      	beq.n	20002dbc <pdm_core1_entry+0x7bc>
20002d8e:	4601      	mov	r1, r0
20002d90:	eb0e 080c 	add.w	r8, lr, ip
20002d94:	edd8 7a00 	vldr	s15, [r8]
20002d98:	eb05 0481 	add.w	r4, r5, r1, lsl #2
20002d9c:	edc4 7a00 	vstr	s15, [r4]
20002da0:	eba1 040b 	sub.w	r4, r1, fp
20002da4:	f3c4 040c 	ubfx	r4, r4, #0, #13
20002da8:	eb05 0484 	add.w	r4, r5, r4, lsl #2
20002dac:	6824      	ldr	r4, [r4, #0]
20002dae:	3101      	adds	r1, #1
20002db0:	f848 4b04 	str.w	r4, [r8], #4
20002db4:	45b0      	cmp	r8, r6
20002db6:	f3c1 010c 	ubfx	r1, r1, #0, #13
20002dba:	d1eb      	bne.n	20002d94 <pdm_core1_entry+0x794>
20002dbc:	f50e 7e40 	add.w	lr, lr, #768	@ 0x300
20002dc0:	f5be 5fc0 	cmp.w	lr, #6144	@ 0x1800
20002dc4:	f505 4500 	add.w	r5, r5, #32768	@ 0x8000
20002dc8:	f506 7640 	add.w	r6, r6, #768	@ 0x300
20002dcc:	d1d7      	bne.n	20002d7e <pdm_core1_entry+0x77e>
20002dce:	e701      	b.n	20002bd4 <pdm_core1_entry+0x5d4>
20002dd0:	20015f42 	.word	0x20015f42
20002dd4:	20015f29 	.word	0x20015f29
20002dd8:	20014918 	.word	0x20014918
20002ddc:	200122e8 	.word	0x200122e8
20002de0:	20015f2d 	.word	0x20015f2d
20002de4:	400b0000 	.word	0x400b0000
20002de8:	20014870 	.word	0x20014870
20002dec:	20014874 	.word	0x20014874
20002df0:	20014ac0 	.word	0x20014ac0
20002df4:	20014908 	.word	0x20014908
20002df8:	20015f2e 	.word	0x20015f2e
20002dfc:	20015f35 	.word	0x20015f35
20002e00:	2000e2dc 	.word	0x2000e2dc
20002e04:	50300000 	.word	0x50300000
20002e08:	20028050 	.word	0x20028050
20002e0c:	2001487c 	.word	0x2001487c

20002e10 <as_set_alternate>:
20002e10:	4b03      	ldr	r3, [pc, #12]	@ (20002e20 <as_set_alternate+0x10>)
20002e12:	2901      	cmp	r1, #1
20002e14:	bf8c      	ite	hi
20002e16:	2000      	movhi	r0, #0
20002e18:	2001      	movls	r0, #1
20002e1a:	6019      	str	r1, [r3, #0]
20002e1c:	4770      	bx	lr
20002e1e:	bf00      	nop
20002e20:	20015ec0 	.word	0x20015ec0

20002e24 <_get_descriptor_string>:
20002e24:	3801      	subs	r0, #1
20002e26:	2802      	cmp	r0, #2
20002e28:	bf9a      	itte	ls
20002e2a:	4b02      	ldrls	r3, [pc, #8]	@ (20002e34 <_get_descriptor_string+0x10>)
20002e2c:	f853 0020 	ldrls.w	r0, [r3, r0, lsl #2]
20002e30:	4801      	ldrhi	r0, [pc, #4]	@ (20002e38 <_get_descriptor_string+0x14>)
20002e32:	4770      	bx	lr
20002e34:	2000e358 	.word	0x2000e358
20002e38:	2000dd4c 	.word	0x2000dd4c

20002e3c <vendor_cmd_packet>:
20002e3c:	b510      	push	{r4, lr}
20002e3e:	b082      	sub	sp, #8
20002e40:	f007 fc1c 	bl	2000a67c <usb_current_out_packet_buffer>
20002e44:	8882      	ldrh	r2, [r0, #4]
20002e46:	4604      	mov	r4, r0
20002e48:	1e53      	subs	r3, r2, #1
20002e4a:	2b3f      	cmp	r3, #63	@ 0x3f
20002e4c:	d95d      	bls.n	20002f0a <vendor_cmd_packet+0xce>
20002e4e:	4ba9      	ldr	r3, [pc, #676]	@ (200030f4 <vendor_cmd_packet+0x2b8>)
20002e50:	781b      	ldrb	r3, [r3, #0]
20002e52:	3b42      	subs	r3, #66	@ 0x42
20002e54:	2b36      	cmp	r3, #54	@ 0x36
20002e56:	d853      	bhi.n	20002f00 <vendor_cmd_packet+0xc4>
20002e58:	e8df f013 	tbh	[pc, r3, lsl #1]
20002e5c:	00520279 	.word	0x00520279
20002e60:	0052025a 	.word	0x0052025a
20002e64:	0052024e 	.word	0x0052024e
20002e68:	0052022a 	.word	0x0052022a
20002e6c:	00520052 	.word	0x00520052
20002e70:	00520052 	.word	0x00520052
20002e74:	00520052 	.word	0x00520052
20002e78:	00520052 	.word	0x00520052
20002e7c:	00520052 	.word	0x00520052
20002e80:	005201fd 	.word	0x005201fd
20002e84:	005201eb 	.word	0x005201eb
20002e88:	005201c2 	.word	0x005201c2
20002e8c:	00520037 	.word	0x00520037
20002e90:	00520197 	.word	0x00520197
20002e94:	00520188 	.word	0x00520188
20002e98:	005201b3 	.word	0x005201b3
20002e9c:	0052016a 	.word	0x0052016a
20002ea0:	0052012b 	.word	0x0052012b
20002ea4:	0052011c 	.word	0x0052011c
20002ea8:	00520052 	.word	0x00520052
20002eac:	00520052 	.word	0x00520052
20002eb0:	00520052 	.word	0x00520052
20002eb4:	00520052 	.word	0x00520052
20002eb8:	005200ed 	.word	0x005200ed
20002ebc:	005200b3 	.word	0x005200b3
20002ec0:	00520096 	.word	0x00520096
20002ec4:	00520085 	.word	0x00520085
20002ec8:	005c      	.short	0x005c
20002eca:	88a3      	ldrh	r3, [r4, #4]
20002ecc:	2b03      	cmp	r3, #3
20002ece:	d917      	bls.n	20002f00 <vendor_cmd_packet+0xc4>
20002ed0:	4b89      	ldr	r3, [pc, #548]	@ (200030f8 <vendor_cmd_packet+0x2bc>)
20002ed2:	eddf 7a8a 	vldr	s15, [pc, #552]	@ 200030fc <vendor_cmd_packet+0x2c0>
20002ed6:	ed93 7a00 	vldr	s14, [r3]
20002eda:	eeb4 7ae7 	vcmpe.f32	s14, s15
20002ede:	eef1 fa10 	vmrs	APSR_nzcv, fpscr
20002ee2:	d407      	bmi.n	20002ef4 <vendor_cmd_packet+0xb8>
20002ee4:	eddf 7a86 	vldr	s15, [pc, #536]	@ 20003100 <vendor_cmd_packet+0x2c4>
20002ee8:	eeb4 7ae7 	vcmpe.f32	s14, s15
20002eec:	eef1 fa10 	vmrs	APSR_nzcv, fpscr
20002ef0:	fe77 7a87 	vselgt.f32	s15, s15, s14
20002ef4:	2201      	movs	r2, #1
20002ef6:	4983      	ldr	r1, [pc, #524]	@ (20003104 <vendor_cmd_packet+0x2c8>)
20002ef8:	4b83      	ldr	r3, [pc, #524]	@ (20003108 <vendor_cmd_packet+0x2cc>)
20002efa:	edc1 7a00 	vstr	s15, [r1]
20002efe:	701a      	strb	r2, [r3, #0]
20002f00:	b002      	add	sp, #8
20002f02:	e8bd 4010 	ldmia.w	sp!, {r4, lr}
20002f06:	f007 bb6f 	b.w	2000a5e8 <usb_start_empty_control_in_transfer_null_completion>
20002f0a:	6801      	ldr	r1, [r0, #0]
20002f0c:	487a      	ldr	r0, [pc, #488]	@ (200030f8 <vendor_cmd_packet+0x2bc>)
20002f0e:	f008 fbd3 	bl	2000b6b8 <memcpy>
20002f12:	e79c      	b.n	20002e4e <vendor_cmd_packet+0x12>
20002f14:	4b7d      	ldr	r3, [pc, #500]	@ (2000310c <vendor_cmd_packet+0x2d0>)
20002f16:	781b      	ldrb	r3, [r3, #0]
20002f18:	2b08      	cmp	r3, #8
20002f1a:	d8f1      	bhi.n	20002f00 <vendor_cmd_packet+0xc4>
20002f1c:	88a2      	ldrh	r2, [r4, #4]
20002f1e:	2a03      	cmp	r2, #3
20002f20:	d9ee      	bls.n	20002f00 <vendor_cmd_packet+0xc4>
20002f22:	4a75      	ldr	r2, [pc, #468]	@ (200030f8 <vendor_cmd_packet+0x2bc>)
20002f24:	eddf 7a7a 	vldr	s15, [pc, #488]	@ 20003110 <vendor_cmd_packet+0x2d4>
20002f28:	ed92 7a00 	vldr	s14, [r2]
20002f2c:	4879      	ldr	r0, [pc, #484]	@ (20003114 <vendor_cmd_packet+0x2d8>)
20002f2e:	eef4 7ac7 	vcmpe.f32	s15, s14
20002f32:	6800      	ldr	r0, [r0, #0]
20002f34:	eef1 fa10 	vmrs	APSR_nzcv, fpscr
20002f38:	ee06 0a90 	vmov	s13, r0
20002f3c:	eef8 6a66 	vcvt.f32.u32	s13, s13
20002f40:	4a75      	ldr	r2, [pc, #468]	@ (20003118 <vendor_cmd_packet+0x2dc>)
20002f42:	4976      	ldr	r1, [pc, #472]	@ (2000311c <vendor_cmd_packet+0x2e0>)
20002f44:	eb03 0483 	add.w	r4, r3, r3, lsl #2
20002f48:	fe77 7a87 	vselgt.f32	s15, s15, s14
20002f4c:	eb01 0184 	add.w	r1, r1, r4, lsl #2
20002f50:	eb02 0383 	add.w	r3, r2, r3, lsl #2
20002f54:	ee16 0a90 	vmov	r0, s13
20002f58:	edc1 7a39 	vstr	s15, [r1, #228]	@ 0xe4
20002f5c:	edc3 7a02 	vstr	s15, [r3, #8]
20002f60:	f7fd fc76 	bl	20000850 <dsp_update_delay_samples>
20002f64:	e7cc      	b.n	20002f00 <vendor_cmd_packet+0xc4>
20002f66:	4b69      	ldr	r3, [pc, #420]	@ (2000310c <vendor_cmd_packet+0x2d0>)
20002f68:	781b      	ldrb	r3, [r3, #0]
20002f6a:	2b08      	cmp	r3, #8
20002f6c:	d8c8      	bhi.n	20002f00 <vendor_cmd_packet+0xc4>
20002f6e:	88a2      	ldrh	r2, [r4, #4]
20002f70:	2a00      	cmp	r2, #0
20002f72:	d0c5      	beq.n	20002f00 <vendor_cmd_packet+0xc4>
20002f74:	4960      	ldr	r1, [pc, #384]	@ (200030f8 <vendor_cmd_packet+0x2bc>)
20002f76:	4a69      	ldr	r2, [pc, #420]	@ (2000311c <vendor_cmd_packet+0x2e0>)
20002f78:	7809      	ldrb	r1, [r1, #0]
20002f7a:	eb03 0383 	add.w	r3, r3, r3, lsl #2
20002f7e:	eb02 0383 	add.w	r3, r2, r3, lsl #2
20002f82:	f883 10d9 	strb.w	r1, [r3, #217]	@ 0xd9
20002f86:	e7bb      	b.n	20002f00 <vendor_cmd_packet+0xc4>
20002f88:	4b60      	ldr	r3, [pc, #384]	@ (2000310c <vendor_cmd_packet+0x2d0>)
20002f8a:	781b      	ldrb	r3, [r3, #0]
20002f8c:	2b08      	cmp	r3, #8
20002f8e:	d8b7      	bhi.n	20002f00 <vendor_cmd_packet+0xc4>
20002f90:	88a2      	ldrh	r2, [r4, #4]
20002f92:	2a03      	cmp	r2, #3
20002f94:	d9b4      	bls.n	20002f00 <vendor_cmd_packet+0xc4>
20002f96:	4a58      	ldr	r2, [pc, #352]	@ (200030f8 <vendor_cmd_packet+0x2bc>)
20002f98:	eeb3 7a04 	vmov.f32	s14, #52	@ 0x41a00000  20.0
20002f9c:	edd2 7a00 	vldr	s15, [r2]
20002fa0:	ee87 7a87 	vdiv.f32	s14, s15, s14
20002fa4:	4c5d      	ldr	r4, [pc, #372]	@ (2000311c <vendor_cmd_packet+0x2e0>)
20002fa6:	eb03 0383 	add.w	r3, r3, r3, lsl #2
20002faa:	eb04 0483 	add.w	r4, r4, r3, lsl #2
20002fae:	ee17 1a10 	vmov	r1, s14
20002fb2:	485b      	ldr	r0, [pc, #364]	@ (20003120 <vendor_cmd_packet+0x2e4>)
20002fb4:	edc4 7a37 	vstr	s15, [r4, #220]	@ 0xdc
20002fb8:	f003 f998 	bl	200062ec <__wrap_powf>
20002fbc:	f8c4 00e0 	str.w	r0, [r4, #224]	@ 0xe0
20002fc0:	e79e      	b.n	20002f00 <vendor_cmd_packet+0xc4>
20002fc2:	4b52      	ldr	r3, [pc, #328]	@ (2000310c <vendor_cmd_packet+0x2d0>)
20002fc4:	781b      	ldrb	r3, [r3, #0]
20002fc6:	2b08      	cmp	r3, #8
20002fc8:	d89a      	bhi.n	20002f00 <vendor_cmd_packet+0xc4>
20002fca:	88a2      	ldrh	r2, [r4, #4]
20002fcc:	2a00      	cmp	r2, #0
20002fce:	d097      	beq.n	20002f00 <vendor_cmd_packet+0xc4>
20002fd0:	4a49      	ldr	r2, [pc, #292]	@ (200030f8 <vendor_cmd_packet+0x2bc>)
20002fd2:	7811      	ldrb	r1, [r2, #0]
20002fd4:	2900      	cmp	r1, #0
20002fd6:	f040 81e6 	bne.w	200033a6 <vendor_cmd_packet+0x56a>
20002fda:	4a50      	ldr	r2, [pc, #320]	@ (2000311c <vendor_cmd_packet+0x2e0>)
20002fdc:	3900      	subs	r1, #0
20002fde:	bf18      	it	ne
20002fe0:	2101      	movne	r1, #1
20002fe2:	eb03 0383 	add.w	r3, r3, r3, lsl #2
20002fe6:	eb02 0383 	add.w	r3, r2, r3, lsl #2
20002fea:	f883 10d8 	strb.w	r1, [r3, #216]	@ 0xd8
20002fee:	f892 0178 	ldrb.w	r0, [r2, #376]	@ 0x178
20002ff2:	2800      	cmp	r0, #0
20002ff4:	f040 81e4 	bne.w	200033c0 <vendor_cmd_packet+0x584>
20002ff8:	f892 4100 	ldrb.w	r4, [r2, #256]	@ 0x100
20002ffc:	f892 3114 	ldrb.w	r3, [r2, #276]	@ 0x114
20003000:	f892 1128 	ldrb.w	r1, [r2, #296]	@ 0x128
20003004:	4323      	orrs	r3, r4
20003006:	f892 413c 	ldrb.w	r4, [r2, #316]	@ 0x13c
2000300a:	430b      	orrs	r3, r1
2000300c:	f892 1150 	ldrb.w	r1, [r2, #336]	@ 0x150
20003010:	4323      	orrs	r3, r4
20003012:	f892 2164 	ldrb.w	r2, [r2, #356]	@ 0x164
20003016:	430b      	orrs	r3, r1
20003018:	4313      	orrs	r3, r2
2000301a:	bf14      	ite	ne
2000301c:	2301      	movne	r3, #1
2000301e:	4603      	moveq	r3, r0
20003020:	005b      	lsls	r3, r3, #1
20003022:	4a40      	ldr	r2, [pc, #256]	@ (20003124 <vendor_cmd_packet+0x2e8>)
20003024:	7811      	ldrb	r1, [r2, #0]
20003026:	4299      	cmp	r1, r3
20003028:	f43f af6a 	beq.w	20002f00 <vendor_cmd_packet+0xc4>
2000302c:	7013      	strb	r3, [r2, #0]
2000302e:	f7ff f99d 	bl	2000236c <pdm_set_enabled>
20003032:	bf40      	sev
20003034:	e764      	b.n	20002f00 <vendor_cmd_packet+0xc4>
20003036:	88a3      	ldrh	r3, [r4, #4]
20003038:	2b07      	cmp	r3, #7
2000303a:	f67f af61 	bls.w	20002f00 <vendor_cmd_packet+0xc4>
2000303e:	4a2e      	ldr	r2, [pc, #184]	@ (200030f8 <vendor_cmd_packet+0x2bc>)
20003040:	7813      	ldrb	r3, [r2, #0]
20003042:	2b01      	cmp	r3, #1
20003044:	f63f af5c 	bhi.w	20002f00 <vendor_cmd_packet+0xc4>
20003048:	7851      	ldrb	r1, [r2, #1]
2000304a:	2908      	cmp	r1, #8
2000304c:	f63f af58 	bhi.w	20002f00 <vendor_cmd_packet+0xc4>
20003050:	edd2 7a01 	vldr	s15, [r2, #4]
20003054:	eeb3 7a04 	vmov.f32	s14, #52	@ 0x41a00000  20.0
20003058:	4258      	negs	r0, r3
2000305a:	eb01 0441 	add.w	r4, r1, r1, lsl #1
2000305e:	f8df c0bc 	ldr.w	ip, [pc, #188]	@ 2000311c <vendor_cmd_packet+0x2e0>
20003062:	8851      	ldrh	r1, [r2, #2]
20003064:	f000 026c 	and.w	r2, r0, #108	@ 0x6c
20003068:	eb02 0284 	add.w	r2, r2, r4, lsl #2
2000306c:	f82c 1002 	strh.w	r1, [ip, r2]
20003070:	226c      	movs	r2, #108	@ 0x6c
20003072:	ee87 7a87 	vdiv.f32	s14, s15, s14
20003076:	fb02 f303 	mul.w	r3, r2, r3
2000307a:	eb03 0384 	add.w	r3, r3, r4, lsl #2
2000307e:	eb0c 0403 	add.w	r4, ip, r3
20003082:	ee17 1a10 	vmov	r1, s14
20003086:	4826      	ldr	r0, [pc, #152]	@ (20003120 <vendor_cmd_packet+0x2e4>)
20003088:	edc4 7a01 	vstr	s15, [r4, #4]
2000308c:	f003 f92e 	bl	200062ec <__wrap_powf>
20003090:	60a0      	str	r0, [r4, #8]
20003092:	e735      	b.n	20002f00 <vendor_cmd_packet+0xc4>
20003094:	88a3      	ldrh	r3, [r4, #4]
20003096:	2b00      	cmp	r3, #0
20003098:	f43f af32 	beq.w	20002f00 <vendor_cmd_packet+0xc4>
2000309c:	4b16      	ldr	r3, [pc, #88]	@ (200030f8 <vendor_cmd_packet+0x2bc>)
2000309e:	2101      	movs	r1, #1
200030a0:	781b      	ldrb	r3, [r3, #0]
200030a2:	4821      	ldr	r0, [pc, #132]	@ (20003128 <vendor_cmd_packet+0x2ec>)
200030a4:	3b00      	subs	r3, #0
200030a6:	bf18      	it	ne
200030a8:	2301      	movne	r3, #1
200030aa:	4a20      	ldr	r2, [pc, #128]	@ (2000312c <vendor_cmd_packet+0x2f0>)
200030ac:	7043      	strb	r3, [r0, #1]
200030ae:	7011      	strb	r1, [r2, #0]
200030b0:	e726      	b.n	20002f00 <vendor_cmd_packet+0xc4>
200030b2:	88a3      	ldrh	r3, [r4, #4]
200030b4:	2b03      	cmp	r3, #3
200030b6:	f67f af23 	bls.w	20002f00 <vendor_cmd_packet+0xc4>
200030ba:	4b0f      	ldr	r3, [pc, #60]	@ (200030f8 <vendor_cmd_packet+0x2bc>)
200030bc:	ed93 7a00 	vldr	s14, [r3]
200030c0:	eeb5 7ac0 	vcmpe.f32	s14, #0.0
200030c4:	eef1 fa10 	vmrs	APSR_nzcv, fpscr
200030c8:	f100 8167 	bmi.w	2000339a <vendor_cmd_packet+0x55e>
200030cc:	eef2 7a0e 	vmov.f32	s15, #46	@ 0x41700000  15.0
200030d0:	eeb4 7ae7 	vcmpe.f32	s14, s15
200030d4:	eef1 fa10 	vmrs	APSR_nzcv, fpscr
200030d8:	fe77 7a87 	vselgt.f32	s15, s15, s14
200030dc:	4b12      	ldr	r3, [pc, #72]	@ (20003128 <vendor_cmd_packet+0x2ec>)
200030de:	edc3 7a02 	vstr	s15, [r3, #8]
200030e2:	789b      	ldrb	r3, [r3, #2]
200030e4:	2b03      	cmp	r3, #3
200030e6:	f47f af0b 	bne.w	20002f00 <vendor_cmd_packet+0xc4>
200030ea:	2201      	movs	r2, #1
200030ec:	4b0f      	ldr	r3, [pc, #60]	@ (2000312c <vendor_cmd_packet+0x2f0>)
200030ee:	701a      	strb	r2, [r3, #0]
200030f0:	e706      	b.n	20002f00 <vendor_cmd_packet+0xc4>
200030f2:	bf00      	nop
200030f4:	20015f3b 	.word	0x20015f3b
200030f8:	20015ee4 	.word	0x20015ee4
200030fc:	42200000 	.word	0x42200000
20003100:	42c80000 	.word	0x42c80000
20003104:	2000e324 	.word	0x2000e324
20003108:	20015f34 	.word	0x20015f34
2000310c:	20015f26 	.word	0x20015f26
20003110:	00000000 	.word	0x00000000
20003114:	2000e34c 	.word	0x2000e34c
20003118:	2001489c 	.word	0x2001489c
2000311c:	20012270 	.word	0x20012270
20003120:	41200000 	.word	0x41200000
20003124:	20015f2e 	.word	0x20015f2e
20003128:	2000e314 	.word	0x2000e314
2000312c:	20015f30 	.word	0x20015f30
20003130:	88a3      	ldrh	r3, [r4, #4]
20003132:	2b03      	cmp	r3, #3
20003134:	f67f aee4 	bls.w	20002f00 <vendor_cmd_packet+0xc4>
20003138:	4bad      	ldr	r3, [pc, #692]	@ (200033f0 <vendor_cmd_packet+0x5b4>)
2000313a:	eddf 7aae 	vldr	s15, [pc, #696]	@ 200033f4 <vendor_cmd_packet+0x5b8>
2000313e:	ed93 7a00 	vldr	s14, [r3]
20003142:	eeb4 7ae7 	vcmpe.f32	s14, s15
20003146:	eef1 fa10 	vmrs	APSR_nzcv, fpscr
2000314a:	d407      	bmi.n	2000315c <vendor_cmd_packet+0x320>
2000314c:	eddf 7aaa 	vldr	s15, [pc, #680]	@ 200033f8 <vendor_cmd_packet+0x5bc>
20003150:	eeb4 7ae7 	vcmpe.f32	s14, s15
20003154:	eef1 fa10 	vmrs	APSR_nzcv, fpscr
20003158:	fe77 7a87 	vselgt.f32	s15, s15, s14
2000315c:	4ba7      	ldr	r3, [pc, #668]	@ (200033fc <vendor_cmd_packet+0x5c0>)
2000315e:	edc3 7a01 	vstr	s15, [r3, #4]
20003162:	789b      	ldrb	r3, [r3, #2]
20003164:	2b03      	cmp	r3, #3
20003166:	f47f aecb 	bne.w	20002f00 <vendor_cmd_packet+0xc4>
2000316a:	e7be      	b.n	200030ea <vendor_cmd_packet+0x2ae>
2000316c:	88a3      	ldrh	r3, [r4, #4]
2000316e:	2b00      	cmp	r3, #0
20003170:	f43f aec6 	beq.w	20002f00 <vendor_cmd_packet+0xc4>
20003174:	4b9e      	ldr	r3, [pc, #632]	@ (200033f0 <vendor_cmd_packet+0x5b4>)
20003176:	2101      	movs	r1, #1
20003178:	781b      	ldrb	r3, [r3, #0]
2000317a:	48a0      	ldr	r0, [pc, #640]	@ (200033fc <vendor_cmd_packet+0x5c0>)
2000317c:	3b00      	subs	r3, #0
2000317e:	bf18      	it	ne
20003180:	2301      	movne	r3, #1
20003182:	4a9f      	ldr	r2, [pc, #636]	@ (20003400 <vendor_cmd_packet+0x5c4>)
20003184:	7003      	strb	r3, [r0, #0]
20003186:	7011      	strb	r1, [r2, #0]
20003188:	e6ba      	b.n	20002f00 <vendor_cmd_packet+0xc4>
2000318a:	88a3      	ldrh	r3, [r4, #4]
2000318c:	2b03      	cmp	r3, #3
2000318e:	f67f aeb7 	bls.w	20002f00 <vendor_cmd_packet+0xc4>
20003192:	4b97      	ldr	r3, [pc, #604]	@ (200033f0 <vendor_cmd_packet+0x5b4>)
20003194:	ed93 7a00 	vldr	s14, [r3]
20003198:	eeb5 7ac0 	vcmpe.f32	s14, #0.0
2000319c:	eef1 fa10 	vmrs	APSR_nzcv, fpscr
200031a0:	f100 80fe 	bmi.w	200033a0 <vendor_cmd_packet+0x564>
200031a4:	eddf 7a97 	vldr	s15, [pc, #604]	@ 20003404 <vendor_cmd_packet+0x5c8>
200031a8:	eeb4 7ae7 	vcmpe.f32	s14, s15
200031ac:	eef1 fa10 	vmrs	APSR_nzcv, fpscr
200031b0:	fe77 7a87 	vselgt.f32	s15, s15, s14
200031b4:	2201      	movs	r2, #1
200031b6:	4994      	ldr	r1, [pc, #592]	@ (20003408 <vendor_cmd_packet+0x5cc>)
200031b8:	4b94      	ldr	r3, [pc, #592]	@ (2000340c <vendor_cmd_packet+0x5d0>)
200031ba:	edc1 7a00 	vstr	s15, [r1]
200031be:	701a      	strb	r2, [r3, #0]
200031c0:	e69e      	b.n	20002f00 <vendor_cmd_packet+0xc4>
200031c2:	88a3      	ldrh	r3, [r4, #4]
200031c4:	2b00      	cmp	r3, #0
200031c6:	f43f ae9b 	beq.w	20002f00 <vendor_cmd_packet+0xc4>
200031ca:	4b89      	ldr	r3, [pc, #548]	@ (200033f0 <vendor_cmd_packet+0x5b4>)
200031cc:	781b      	ldrb	r3, [r3, #0]
200031ce:	2b03      	cmp	r3, #3
200031d0:	f63f ae96 	bhi.w	20002f00 <vendor_cmd_packet+0xc4>
200031d4:	2101      	movs	r1, #1
200031d6:	4889      	ldr	r0, [pc, #548]	@ (200033fc <vendor_cmd_packet+0x5c0>)
200031d8:	4a89      	ldr	r2, [pc, #548]	@ (20003400 <vendor_cmd_packet+0x5c4>)
200031da:	7083      	strb	r3, [r0, #2]
200031dc:	7011      	strb	r1, [r2, #0]
200031de:	e68f      	b.n	20002f00 <vendor_cmd_packet+0xc4>
200031e0:	88a3      	ldrh	r3, [r4, #4]
200031e2:	2b00      	cmp	r3, #0
200031e4:	f43f ae8c 	beq.w	20002f00 <vendor_cmd_packet+0xc4>
200031e8:	4b81      	ldr	r3, [pc, #516]	@ (200033f0 <vendor_cmd_packet+0x5b4>)
200031ea:	4a89      	ldr	r2, [pc, #548]	@ (20003410 <vendor_cmd_packet+0x5d4>)
200031ec:	781b      	ldrb	r3, [r3, #0]
200031ee:	3b00      	subs	r3, #0
200031f0:	bf18      	it	ne
200031f2:	2301      	movne	r3, #1
200031f4:	7013      	strb	r3, [r2, #0]
200031f6:	7813      	ldrb	r3, [r2, #0]
200031f8:	2b00      	cmp	r3, #0
200031fa:	f000 80ca 	beq.w	20003392 <vendor_cmd_packet+0x556>
200031fe:	4b85      	ldr	r3, [pc, #532]	@ (20003414 <vendor_cmd_packet+0x5d8>)
20003200:	6819      	ldr	r1, [r3, #0]
20003202:	2900      	cmp	r1, #0
20003204:	f000 80c5 	beq.w	20003392 <vendor_cmd_packet+0x556>
20003208:	f643 40ff 	movw	r0, #15615	@ 0x3cff
2000320c:	4b82      	ldr	r3, [pc, #520]	@ (20003418 <vendor_cmd_packet+0x5dc>)
2000320e:	4a83      	ldr	r2, [pc, #524]	@ (2000341c <vendor_cmd_packet+0x5e0>)
20003210:	889b      	ldrh	r3, [r3, #4]
20003212:	f503 5370 	add.w	r3, r3, #15360	@ 0x3c00
20003216:	b21b      	sxth	r3, r3
20003218:	4283      	cmp	r3, r0
2000321a:	bfa8      	it	ge
2000321c:	4603      	movge	r3, r0
2000321e:	ea23 73e3 	bic.w	r3, r3, r3, asr #31
20003222:	f3c3 2307 	ubfx	r3, r3, #8, #8
20003226:	eb03 0343 	add.w	r3, r3, r3, lsl #1
2000322a:	eb01 1103 	add.w	r1, r1, r3, lsl #4
2000322e:	6011      	str	r1, [r2, #0]
20003230:	e666      	b.n	20002f00 <vendor_cmd_packet+0xc4>
20003232:	4b7b      	ldr	r3, [pc, #492]	@ (20003420 <vendor_cmd_packet+0x5e4>)
20003234:	781b      	ldrb	r3, [r3, #0]
20003236:	2b02      	cmp	r3, #2
20003238:	f63f ae62 	bhi.w	20002f00 <vendor_cmd_packet+0xc4>
2000323c:	88a2      	ldrh	r2, [r4, #4]
2000323e:	2a00      	cmp	r2, #0
20003240:	f43f ae5e 	beq.w	20002f00 <vendor_cmd_packet+0xc4>
20003244:	4a6a      	ldr	r2, [pc, #424]	@ (200033f0 <vendor_cmd_packet+0x5b4>)
20003246:	4977      	ldr	r1, [pc, #476]	@ (20003424 <vendor_cmd_packet+0x5e8>)
20003248:	7812      	ldrb	r2, [r2, #0]
2000324a:	b29b      	uxth	r3, r3
2000324c:	3a00      	subs	r2, #0
2000324e:	bf18      	it	ne
20003250:	2201      	movne	r2, #1
20003252:	54ca      	strb	r2, [r1, r3]
20003254:	e654      	b.n	20002f00 <vendor_cmd_packet+0xc4>
20003256:	4b72      	ldr	r3, [pc, #456]	@ (20003420 <vendor_cmd_packet+0x5e4>)
20003258:	781b      	ldrb	r3, [r3, #0]
2000325a:	2b02      	cmp	r3, #2
2000325c:	f63f ae50 	bhi.w	20002f00 <vendor_cmd_packet+0xc4>
20003260:	88a2      	ldrh	r2, [r4, #4]
20003262:	2a03      	cmp	r2, #3
20003264:	f67f ae4c 	bls.w	20002f00 <vendor_cmd_packet+0xc4>
20003268:	4a61      	ldr	r2, [pc, #388]	@ (200033f0 <vendor_cmd_packet+0x5b4>)
2000326a:	eeb3 7a04 	vmov.f32	s14, #52	@ 0x41a00000  20.0
2000326e:	edd2 7a00 	vldr	s15, [r2]
20003272:	4a6d      	ldr	r2, [pc, #436]	@ (20003428 <vendor_cmd_packet+0x5ec>)
20003274:	486d      	ldr	r0, [pc, #436]	@ (2000342c <vendor_cmd_packet+0x5f0>)
20003276:	eb02 0283 	add.w	r2, r2, r3, lsl #2
2000327a:	edc2 7a00 	vstr	s15, [r2]
2000327e:	eec7 7a87 	vdiv.f32	s15, s15, s14
20003282:	ee17 1a90 	vmov	r1, s15
20003286:	b29c      	uxth	r4, r3
20003288:	9301      	str	r3, [sp, #4]
2000328a:	f003 f82f 	bl	200062ec <__wrap_powf>
2000328e:	ee07 0a90 	vmov	s15, r0
20003292:	eeb0 7a67 	vmov.f32	s14, s15
20003296:	eebe 7ae8 	vcvt.s32.f32	s14, s14, #15
2000329a:	4a65      	ldr	r2, [pc, #404]	@ (20003430 <vendor_cmd_packet+0x5f4>)
2000329c:	9b01      	ldr	r3, [sp, #4]
2000329e:	4965      	ldr	r1, [pc, #404]	@ (20003434 <vendor_cmd_packet+0x5f8>)
200032a0:	eb02 0383 	add.w	r3, r2, r3, lsl #2
200032a4:	ee17 2a10 	vmov	r2, s14
200032a8:	f841 2024 	str.w	r2, [r1, r4, lsl #2]
200032ac:	6018      	str	r0, [r3, #0]
200032ae:	e627      	b.n	20002f00 <vendor_cmd_packet+0xc4>
200032b0:	4b5b      	ldr	r3, [pc, #364]	@ (20003420 <vendor_cmd_packet+0x5e4>)
200032b2:	781b      	ldrb	r3, [r3, #0]
200032b4:	2b0a      	cmp	r3, #10
200032b6:	f63f ae23 	bhi.w	20002f00 <vendor_cmd_packet+0xc4>
200032ba:	88a2      	ldrh	r2, [r4, #4]
200032bc:	2a03      	cmp	r2, #3
200032be:	f67f ae1f 	bls.w	20002f00 <vendor_cmd_packet+0xc4>
200032c2:	4a4b      	ldr	r2, [pc, #300]	@ (200033f0 <vendor_cmd_packet+0x5b4>)
200032c4:	eddf 7a5c 	vldr	s15, [pc, #368]	@ 20003438 <vendor_cmd_packet+0x5fc>
200032c8:	ed92 7a00 	vldr	s14, [r2]
200032cc:	4952      	ldr	r1, [pc, #328]	@ (20003418 <vendor_cmd_packet+0x5dc>)
200032ce:	eef4 7ac7 	vcmpe.f32	s15, s14
200032d2:	6808      	ldr	r0, [r1, #0]
200032d4:	eef1 fa10 	vmrs	APSR_nzcv, fpscr
200032d8:	ee06 0a90 	vmov	s13, r0
200032dc:	eef8 6a66 	vcvt.f32.u32	s13, s13
200032e0:	4a56      	ldr	r2, [pc, #344]	@ (2000343c <vendor_cmd_packet+0x600>)
200032e2:	fe77 7a87 	vselgt.f32	s15, s15, s14
200032e6:	eb02 0383 	add.w	r3, r2, r3, lsl #2
200032ea:	ee16 0a90 	vmov	r0, s13
200032ee:	edc3 7a00 	vstr	s15, [r3]
200032f2:	f7fd faad 	bl	20000850 <dsp_update_delay_samples>
200032f6:	e603      	b.n	20002f00 <vendor_cmd_packet+0xc4>
200032f8:	88a3      	ldrh	r3, [r4, #4]
200032fa:	2b00      	cmp	r3, #0
200032fc:	f43f ae00 	beq.w	20002f00 <vendor_cmd_packet+0xc4>
20003300:	4b3b      	ldr	r3, [pc, #236]	@ (200033f0 <vendor_cmd_packet+0x5b4>)
20003302:	4a4f      	ldr	r2, [pc, #316]	@ (20003440 <vendor_cmd_packet+0x604>)
20003304:	781b      	ldrb	r3, [r3, #0]
20003306:	3b00      	subs	r3, #0
20003308:	bf18      	it	ne
2000330a:	2301      	movne	r3, #1
2000330c:	7013      	strb	r3, [r2, #0]
2000330e:	e5f7      	b.n	20002f00 <vendor_cmd_packet+0xc4>
20003310:	88a3      	ldrh	r3, [r4, #4]
20003312:	2b03      	cmp	r3, #3
20003314:	f67f adf4 	bls.w	20002f00 <vendor_cmd_packet+0xc4>
20003318:	4b35      	ldr	r3, [pc, #212]	@ (200033f0 <vendor_cmd_packet+0x5b4>)
2000331a:	eeb3 7a04 	vmov.f32	s14, #52	@ 0x41a00000  20.0
2000331e:	edd3 7a00 	vldr	s15, [r3]
20003322:	ee87 7a87 	vdiv.f32	s14, s15, s14
20003326:	4b47      	ldr	r3, [pc, #284]	@ (20003444 <vendor_cmd_packet+0x608>)
20003328:	ee17 1a10 	vmov	r1, s14
2000332c:	483f      	ldr	r0, [pc, #252]	@ (2000342c <vendor_cmd_packet+0x5f0>)
2000332e:	edc3 7a00 	vstr	s15, [r3]
20003332:	f002 ffdb 	bl	200062ec <__wrap_powf>
20003336:	ee07 0a90 	vmov	s15, r0
2000333a:	eeb0 7a67 	vmov.f32	s14, s15
2000333e:	eebe 7ac2 	vcvt.s32.f32	s14, s14, #28
20003342:	4a41      	ldr	r2, [pc, #260]	@ (20003448 <vendor_cmd_packet+0x60c>)
20003344:	4b41      	ldr	r3, [pc, #260]	@ (2000344c <vendor_cmd_packet+0x610>)
20003346:	ed82 7a00 	vstr	s14, [r2]
2000334a:	6018      	str	r0, [r3, #0]
2000334c:	e5d8      	b.n	20002f00 <vendor_cmd_packet+0xc4>
2000334e:	88a3      	ldrh	r3, [r4, #4]
20003350:	2b0f      	cmp	r3, #15
20003352:	f67f add5 	bls.w	20002f00 <vendor_cmd_packet+0xc4>
20003356:	f8df c104 	ldr.w	ip, [pc, #260]	@ 2000345c <vendor_cmd_packet+0x620>
2000335a:	4c25      	ldr	r4, [pc, #148]	@ (200033f0 <vendor_cmd_packet+0x5b4>)
2000335c:	cc0f      	ldmia	r4!, {r0, r1, r2, r3}
2000335e:	f8cc 0000 	str.w	r0, [ip]
20003362:	f8cc 1004 	str.w	r1, [ip, #4]
20003366:	f8cc 2008 	str.w	r2, [ip, #8]
2000336a:	f8cc 300c 	str.w	r3, [ip, #12]
2000336e:	f89c 3000 	ldrb.w	r3, [ip]
20003372:	2b0a      	cmp	r3, #10
20003374:	f63f adc4 	bhi.w	20002f00 <vendor_cmd_packet+0xc4>
20003378:	f89c 3001 	ldrb.w	r3, [ip, #1]
2000337c:	4934      	ldr	r1, [pc, #208]	@ (20003450 <vendor_cmd_packet+0x614>)
2000337e:	f89c 2000 	ldrb.w	r2, [ip]
20003382:	5c8a      	ldrb	r2, [r1, r2]
20003384:	429a      	cmp	r2, r3
20003386:	f67f adbb 	bls.w	20002f00 <vendor_cmd_packet+0xc4>
2000338a:	2201      	movs	r2, #1
2000338c:	4b31      	ldr	r3, [pc, #196]	@ (20003454 <vendor_cmd_packet+0x618>)
2000338e:	701a      	strb	r2, [r3, #0]
20003390:	e5b6      	b.n	20002f00 <vendor_cmd_packet+0xc4>
20003392:	2200      	movs	r2, #0
20003394:	4b21      	ldr	r3, [pc, #132]	@ (2000341c <vendor_cmd_packet+0x5e0>)
20003396:	601a      	str	r2, [r3, #0]
20003398:	e5b2      	b.n	20002f00 <vendor_cmd_packet+0xc4>
2000339a:	eddf 7a27 	vldr	s15, [pc, #156]	@ 20003438 <vendor_cmd_packet+0x5fc>
2000339e:	e69d      	b.n	200030dc <vendor_cmd_packet+0x2a0>
200033a0:	eddf 7a25 	vldr	s15, [pc, #148]	@ 20003438 <vendor_cmd_packet+0x5fc>
200033a4:	e706      	b.n	200031b4 <vendor_cmd_packet+0x378>
200033a6:	2b08      	cmp	r3, #8
200033a8:	d00d      	beq.n	200033c6 <vendor_cmd_packet+0x58a>
200033aa:	1e9a      	subs	r2, r3, #2
200033ac:	2a05      	cmp	r2, #5
200033ae:	4a2a      	ldr	r2, [pc, #168]	@ (20003458 <vendor_cmd_packet+0x61c>)
200033b0:	f63f ae14 	bhi.w	20002fdc <vendor_cmd_packet+0x1a0>
200033b4:	f892 0178 	ldrb.w	r0, [r2, #376]	@ 0x178
200033b8:	2800      	cmp	r0, #0
200033ba:	f43f ae0f 	beq.w	20002fdc <vendor_cmd_packet+0x1a0>
200033be:	e59f      	b.n	20002f00 <vendor_cmd_packet+0xc4>
200033c0:	2001      	movs	r0, #1
200033c2:	4603      	mov	r3, r0
200033c4:	e62d      	b.n	20003022 <vendor_cmd_packet+0x1e6>
200033c6:	4a24      	ldr	r2, [pc, #144]	@ (20003458 <vendor_cmd_packet+0x61c>)
200033c8:	f892 4114 	ldrb.w	r4, [r2, #276]	@ 0x114
200033cc:	f892 0100 	ldrb.w	r0, [r2, #256]	@ 0x100
200033d0:	4320      	orrs	r0, r4
200033d2:	f892 4128 	ldrb.w	r4, [r2, #296]	@ 0x128
200033d6:	4320      	orrs	r0, r4
200033d8:	f892 413c 	ldrb.w	r4, [r2, #316]	@ 0x13c
200033dc:	4320      	orrs	r0, r4
200033de:	f892 4150 	ldrb.w	r4, [r2, #336]	@ 0x150
200033e2:	4320      	orrs	r0, r4
200033e4:	f892 4164 	ldrb.w	r4, [r2, #356]	@ 0x164
200033e8:	4320      	orrs	r0, r4
200033ea:	f43f adf7 	beq.w	20002fdc <vendor_cmd_packet+0x1a0>
200033ee:	e587      	b.n	20002f00 <vendor_cmd_packet+0xc4>
200033f0:	20015ee4 	.word	0x20015ee4
200033f4:	43fa0000 	.word	0x43fa0000
200033f8:	44fa0000 	.word	0x44fa0000
200033fc:	2000e314 	.word	0x2000e314
20003400:	20015f30 	.word	0x20015f30
20003404:	43480000 	.word	0x43480000
20003408:	2000e320 	.word	0x2000e320
2000340c:	20015f34 	.word	0x20015f34
20003410:	20015f33 	.word	0x20015f33
20003414:	20014ae8 	.word	0x20014ae8
20003418:	2000e34c 	.word	0x2000e34c
2000341c:	20014930 	.word	0x20014930
20003420:	20015f26 	.word	0x20015f26
20003424:	200148d4 	.word	0x200148d4
20003428:	200148c8 	.word	0x200148c8
2000342c:	41200000 	.word	0x41200000
20003430:	2000e328 	.word	0x2000e328
20003434:	2000e334 	.word	0x2000e334
20003438:	00000000 	.word	0x00000000
2000343c:	2001489c 	.word	0x2001489c
20003440:	20015f2c 	.word	0x20015f2c
20003444:	20014abc 	.word	0x20014abc
20003448:	2000e344 	.word	0x2000e344
2000344c:	2000e340 	.word	0x2000e340
20003450:	2000e2c8 	.word	0x2000e2c8
20003454:	20015f31 	.word	0x20015f31
20003458:	20012270 	.word	0x20012270
2000345c:	2006175c 	.word	0x2006175c

20003460 <audio_cmd_packet>:
20003460:	b508      	push	{r3, lr}
20003462:	f007 f90b 	bl	2000a67c <usb_current_out_packet_buffer>
20003466:	f04f 0c00 	mov.w	ip, #0
2000346a:	4b29      	ldr	r3, [pc, #164]	@ (20003510 <audio_cmd_packet+0xb0>)
2000346c:	8881      	ldrh	r1, [r0, #4]
2000346e:	795a      	ldrb	r2, [r3, #5]
20003470:	f883 c000 	strb.w	ip, [r3]
20003474:	4291      	cmp	r1, r2
20003476:	d304      	bcc.n	20003482 <audio_cmd_packet+0x22>
20003478:	785a      	ldrb	r2, [r3, #1]
2000347a:	2a01      	cmp	r2, #1
2000347c:	d005      	beq.n	2000348a <audio_cmd_packet+0x2a>
2000347e:	2a02      	cmp	r2, #2
20003480:	d02c      	beq.n	200034dc <audio_cmd_packet+0x7c>
20003482:	e8bd 4008 	ldmia.w	sp!, {r3, lr}
20003486:	f007 b8af 	b.w	2000a5e8 <usb_start_empty_control_in_transfer_null_completion>
2000348a:	789b      	ldrb	r3, [r3, #2]
2000348c:	2b01      	cmp	r3, #1
2000348e:	d037      	beq.n	20003500 <audio_cmd_packet+0xa0>
20003490:	2b02      	cmp	r3, #2
20003492:	d1f6      	bne.n	20003482 <audio_cmd_packet+0x22>
20003494:	f643 4cff 	movw	ip, #15615	@ 0x3cff
20003498:	6803      	ldr	r3, [r0, #0]
2000349a:	481e      	ldr	r0, [pc, #120]	@ (20003514 <audio_cmd_packet+0xb4>)
2000349c:	f9b3 1000 	ldrsh.w	r1, [r3]
200034a0:	4a1d      	ldr	r2, [pc, #116]	@ (20003518 <audio_cmd_packet+0xb8>)
200034a2:	f501 5370 	add.w	r3, r1, #15360	@ 0x3c00
200034a6:	b21b      	sxth	r3, r3
200034a8:	4563      	cmp	r3, ip
200034aa:	bfa8      	it	ge
200034ac:	4663      	movge	r3, ip
200034ae:	ea23 73e3 	bic.w	r3, r3, r3, asr #31
200034b2:	f3c3 2307 	ubfx	r3, r3, #8, #8
200034b6:	f930 0013 	ldrsh.w	r0, [r0, r3, lsl #1]
200034ba:	8091      	strh	r1, [r2, #4]
200034bc:	4917      	ldr	r1, [pc, #92]	@ (2000351c <audio_cmd_packet+0xbc>)
200034be:	80d0      	strh	r0, [r2, #6]
200034c0:	780a      	ldrb	r2, [r1, #0]
200034c2:	2a00      	cmp	r2, #0
200034c4:	d0dd      	beq.n	20003482 <audio_cmd_packet+0x22>
200034c6:	4a16      	ldr	r2, [pc, #88]	@ (20003520 <audio_cmd_packet+0xc0>)
200034c8:	6812      	ldr	r2, [r2, #0]
200034ca:	2a00      	cmp	r2, #0
200034cc:	d0d9      	beq.n	20003482 <audio_cmd_packet+0x22>
200034ce:	4915      	ldr	r1, [pc, #84]	@ (20003524 <audio_cmd_packet+0xc4>)
200034d0:	eb03 0343 	add.w	r3, r3, r3, lsl #1
200034d4:	eb02 1203 	add.w	r2, r2, r3, lsl #4
200034d8:	600a      	str	r2, [r1, #0]
200034da:	e7d2      	b.n	20003482 <audio_cmd_packet+0x22>
200034dc:	789b      	ldrb	r3, [r3, #2]
200034de:	2b01      	cmp	r3, #1
200034e0:	d1cf      	bne.n	20003482 <audio_cmd_packet+0x22>
200034e2:	6802      	ldr	r2, [r0, #0]
200034e4:	490c      	ldr	r1, [pc, #48]	@ (20003518 <audio_cmd_packet+0xb8>)
200034e6:	6812      	ldr	r2, [r2, #0]
200034e8:	6808      	ldr	r0, [r1, #0]
200034ea:	f022 427f 	bic.w	r2, r2, #4278190080	@ 0xff000000
200034ee:	4290      	cmp	r0, r2
200034f0:	d0c7      	beq.n	20003482 <audio_cmd_packet+0x22>
200034f2:	480d      	ldr	r0, [pc, #52]	@ (20003528 <audio_cmd_packet+0xc8>)
200034f4:	600a      	str	r2, [r1, #0]
200034f6:	7003      	strb	r3, [r0, #0]
200034f8:	680a      	ldr	r2, [r1, #0]
200034fa:	4b0c      	ldr	r3, [pc, #48]	@ (2000352c <audio_cmd_packet+0xcc>)
200034fc:	601a      	str	r2, [r3, #0]
200034fe:	e7c0      	b.n	20003482 <audio_cmd_packet+0x22>
20003500:	6803      	ldr	r3, [r0, #0]
20003502:	4a05      	ldr	r2, [pc, #20]	@ (20003518 <audio_cmd_packet+0xb8>)
20003504:	781b      	ldrb	r3, [r3, #0]
20003506:	3b00      	subs	r3, #0
20003508:	bf18      	it	ne
2000350a:	2301      	movne	r3, #1
2000350c:	7213      	strb	r3, [r2, #8]
2000350e:	e7b8      	b.n	20003482 <audio_cmd_packet+0x22>
20003510:	20012664 	.word	0x20012664
20003514:	2000dfe4 	.word	0x2000dfe4
20003518:	2000e34c 	.word	0x2000e34c
2000351c:	20015f33 	.word	0x20015f33
20003520:	20014ae8 	.word	0x20014ae8
20003524:	20014930 	.word	0x20014930
20003528:	20015f38 	.word	0x20015f38
2000352c:	2000e348 	.word	0x2000e348

20003530 <_as_setup_request_handler>:
20003530:	b508      	push	{r3, lr}
20003532:	780b      	ldrb	r3, [r1, #0]
20003534:	f003 0260 	and.w	r2, r3, #96	@ 0x60
20003538:	2a20      	cmp	r2, #32
2000353a:	d001      	beq.n	20003540 <_as_setup_request_handler+0x10>
2000353c:	2000      	movs	r0, #0
2000353e:	bd08      	pop	{r3, pc}
20003540:	784a      	ldrb	r2, [r1, #1]
20003542:	2a01      	cmp	r2, #1
20003544:	d02b      	beq.n	2000359e <_as_setup_request_handler+0x6e>
20003546:	f102 007f 	add.w	r0, r2, #127	@ 0x7f
2000354a:	b2c0      	uxtb	r0, r0
2000354c:	2803      	cmp	r0, #3
2000354e:	d8f5      	bhi.n	2000353c <_as_setup_request_handler+0xc>
20003550:	3a82      	subs	r2, #130	@ 0x82
20003552:	f003 031f 	and.w	r3, r3, #31
20003556:	2a02      	cmp	r2, #2
20003558:	d83f      	bhi.n	200035da <_as_setup_request_handler+0xaa>
2000355a:	e8df f002 	tbb	[pc, r2]
2000355e:	020a      	.short	0x020a
20003560:	14          	.byte	0x14
20003561:	00          	.byte	0x00
20003562:	2b01      	cmp	r3, #1
20003564:	d1ea      	bne.n	2000353c <_as_setup_request_handler+0xc>
20003566:	8849      	ldrh	r1, [r1, #2]
20003568:	2000      	movs	r0, #0
2000356a:	0a09      	lsrs	r1, r1, #8
2000356c:	2902      	cmp	r1, #2
2000356e:	d012      	beq.n	20003596 <_as_setup_request_handler+0x66>
20003570:	bd08      	pop	{r3, pc}
20003572:	2b01      	cmp	r3, #1
20003574:	d1e2      	bne.n	2000353c <_as_setup_request_handler+0xc>
20003576:	8849      	ldrh	r1, [r1, #2]
20003578:	0a09      	lsrs	r1, r1, #8
2000357a:	2902      	cmp	r1, #2
2000357c:	d1de      	bne.n	2000353c <_as_setup_request_handler+0xc>
2000357e:	4826      	ldr	r0, [pc, #152]	@ (20003618 <_as_setup_request_handler+0xe8>)
20003580:	f006 fca8 	bl	20009ed4 <usb_start_tiny_control_in_transfer>
20003584:	e009      	b.n	2000359a <_as_setup_request_handler+0x6a>
20003586:	2b01      	cmp	r3, #1
20003588:	d1d8      	bne.n	2000353c <_as_setup_request_handler+0xc>
2000358a:	8849      	ldrh	r1, [r1, #2]
2000358c:	0a09      	lsrs	r1, r1, #8
2000358e:	2902      	cmp	r1, #2
20003590:	d1d4      	bne.n	2000353c <_as_setup_request_handler+0xc>
20003592:	f44f 7080 	mov.w	r0, #256	@ 0x100
20003596:	f006 fc9d 	bl	20009ed4 <usb_start_tiny_control_in_transfer>
2000359a:	2001      	movs	r0, #1
2000359c:	bd08      	pop	{r3, pc}
2000359e:	88c8      	ldrh	r0, [r1, #6]
200035a0:	f100 3cff 	add.w	ip, r0, #4294967295	@ 0xffffffff
200035a4:	f1bc 0f3e 	cmp.w	ip, #62	@ 0x3e
200035a8:	d8c8      	bhi.n	2000353c <_as_setup_request_handler+0xc>
200035aa:	f8df c078 	ldr.w	ip, [pc, #120]	@ 20003624 <_as_setup_request_handler+0xf4>
200035ae:	f8b1 e004 	ldrh.w	lr, [r1, #4]
200035b2:	f88c 2000 	strb.w	r2, [ip]
200035b6:	884a      	ldrh	r2, [r1, #2]
200035b8:	f003 031f 	and.w	r3, r3, #31
200035bc:	ea4f 211e 	mov.w	r1, lr, lsr #8
200035c0:	ba52      	rev16	r2, r2
200035c2:	f88c 0005 	strb.w	r0, [ip, #5]
200035c6:	4815      	ldr	r0, [pc, #84]	@ (2000361c <_as_setup_request_handler+0xec>)
200035c8:	f88c 3001 	strb.w	r3, [ip, #1]
200035cc:	f88c 1004 	strb.w	r1, [ip, #4]
200035d0:	f8ac 2002 	strh.w	r2, [ip, #2]
200035d4:	f006 fcca 	bl	20009f6c <usb_start_control_out_transfer>
200035d8:	e7df      	b.n	2000359a <_as_setup_request_handler+0x6a>
200035da:	2b01      	cmp	r3, #1
200035dc:	d00b      	beq.n	200035f6 <_as_setup_request_handler+0xc6>
200035de:	2b02      	cmp	r3, #2
200035e0:	d1ac      	bne.n	2000353c <_as_setup_request_handler+0xc>
200035e2:	884b      	ldrh	r3, [r1, #2]
200035e4:	0a1b      	lsrs	r3, r3, #8
200035e6:	2b01      	cmp	r3, #1
200035e8:	d1a8      	bne.n	2000353c <_as_setup_request_handler+0xc>
200035ea:	4b0d      	ldr	r3, [pc, #52]	@ (20003620 <_as_setup_request_handler+0xf0>)
200035ec:	2103      	movs	r1, #3
200035ee:	6818      	ldr	r0, [r3, #0]
200035f0:	f006 fc70 	bl	20009ed4 <usb_start_tiny_control_in_transfer>
200035f4:	e7d1      	b.n	2000359a <_as_setup_request_handler+0x6a>
200035f6:	8849      	ldrh	r1, [r1, #2]
200035f8:	0a09      	lsrs	r1, r1, #8
200035fa:	2901      	cmp	r1, #1
200035fc:	d007      	beq.n	2000360e <_as_setup_request_handler+0xde>
200035fe:	2902      	cmp	r1, #2
20003600:	d19c      	bne.n	2000353c <_as_setup_request_handler+0xc>
20003602:	4b07      	ldr	r3, [pc, #28]	@ (20003620 <_as_setup_request_handler+0xf0>)
20003604:	8898      	ldrh	r0, [r3, #4]
20003606:	b200      	sxth	r0, r0
20003608:	f006 fc64 	bl	20009ed4 <usb_start_tiny_control_in_transfer>
2000360c:	e7c5      	b.n	2000359a <_as_setup_request_handler+0x6a>
2000360e:	4b04      	ldr	r3, [pc, #16]	@ (20003620 <_as_setup_request_handler+0xf0>)
20003610:	7a18      	ldrb	r0, [r3, #8]
20003612:	f006 fc5f 	bl	20009ed4 <usb_start_tiny_control_in_transfer>
20003616:	e7c0      	b.n	2000359a <_as_setup_request_handler+0x6a>
20003618:	ffffc400 	.word	0xffffc400
2000361c:	2000dfb4 	.word	0x2000dfb4
20003620:	2000e34c 	.word	0x2000e34c
20003624:	20012664 	.word	0x20012664

20003628 <device_setup_request_handler>:
20003628:	b510      	push	{r4, lr}
2000362a:	780b      	ldrb	r3, [r1, #0]
2000362c:	b082      	sub	sp, #8
2000362e:	f013 0060 	ands.w	r0, r3, #96	@ 0x60
20003632:	d103      	bne.n	2000363c <device_setup_request_handler+0x14>
20003634:	061b      	lsls	r3, r3, #24
20003636:	d409      	bmi.n	2000364c <device_setup_request_handler+0x24>
20003638:	b002      	add	sp, #8
2000363a:	bd10      	pop	{r4, pc}
2000363c:	2840      	cmp	r0, #64	@ 0x40
2000363e:	d102      	bne.n	20003646 <device_setup_request_handler+0x1e>
20003640:	784b      	ldrb	r3, [r1, #1]
20003642:	2b01      	cmp	r3, #1
20003644:	d016      	beq.n	20003674 <device_setup_request_handler+0x4c>
20003646:	2000      	movs	r0, #0
20003648:	b002      	add	sp, #8
2000364a:	bd10      	pop	{r4, pc}
2000364c:	784b      	ldrb	r3, [r1, #1]
2000364e:	2b06      	cmp	r3, #6
20003650:	d1f2      	bne.n	20003638 <device_setup_request_handler+0x10>
20003652:	f240 33ee 	movw	r3, #1006	@ 0x3ee
20003656:	884a      	ldrh	r2, [r1, #2]
20003658:	429a      	cmp	r2, r3
2000365a:	d1ed      	bne.n	20003638 <device_setup_request_handler+0x10>
2000365c:	88cb      	ldrh	r3, [r1, #6]
2000365e:	4818      	ldr	r0, [pc, #96]	@ (200036c0 <device_setup_request_handler+0x98>)
20003660:	2b12      	cmp	r3, #18
20003662:	bf28      	it	cs
20003664:	2312      	movcs	r3, #18
20003666:	461c      	mov	r4, r3
20003668:	f006 ffc8 	bl	2000a5fc <usb_current_in_packet_buffer>
2000366c:	4622      	mov	r2, r4
2000366e:	4603      	mov	r3, r0
20003670:	4914      	ldr	r1, [pc, #80]	@ (200036c4 <device_setup_request_handler+0x9c>)
20003672:	e00f      	b.n	20003694 <device_setup_request_handler+0x6c>
20003674:	888b      	ldrh	r3, [r1, #4]
20003676:	2b04      	cmp	r3, #4
20003678:	d016      	beq.n	200036a8 <device_setup_request_handler+0x80>
2000367a:	2b05      	cmp	r3, #5
2000367c:	d1e3      	bne.n	20003646 <device_setup_request_handler+0x1e>
2000367e:	88cb      	ldrh	r3, [r1, #6]
20003680:	480f      	ldr	r0, [pc, #60]	@ (200036c0 <device_setup_request_handler+0x98>)
20003682:	2b8e      	cmp	r3, #142	@ 0x8e
20003684:	bf28      	it	cs
20003686:	238e      	movcs	r3, #142	@ 0x8e
20003688:	461c      	mov	r4, r3
2000368a:	f006 ffb7 	bl	2000a5fc <usb_current_in_packet_buffer>
2000368e:	4622      	mov	r2, r4
20003690:	4603      	mov	r3, r0
20003692:	490d      	ldr	r1, [pc, #52]	@ (200036c8 <device_setup_request_handler+0xa0>)
20003694:	6818      	ldr	r0, [r3, #0]
20003696:	9301      	str	r3, [sp, #4]
20003698:	f008 f80e 	bl	2000b6b8 <memcpy>
2000369c:	9b01      	ldr	r3, [sp, #4]
2000369e:	809c      	strh	r4, [r3, #4]
200036a0:	f006 fc46 	bl	20009f30 <usb_start_single_buffer_control_in_transfer>
200036a4:	2001      	movs	r0, #1
200036a6:	e7c7      	b.n	20003638 <device_setup_request_handler+0x10>
200036a8:	88cb      	ldrh	r3, [r1, #6]
200036aa:	4805      	ldr	r0, [pc, #20]	@ (200036c0 <device_setup_request_handler+0x98>)
200036ac:	2b28      	cmp	r3, #40	@ 0x28
200036ae:	bf28      	it	cs
200036b0:	2328      	movcs	r3, #40	@ 0x28
200036b2:	461c      	mov	r4, r3
200036b4:	f006 ffa2 	bl	2000a5fc <usb_current_in_packet_buffer>
200036b8:	4622      	mov	r2, r4
200036ba:	4603      	mov	r3, r0
200036bc:	4903      	ldr	r1, [pc, #12]	@ (200036cc <device_setup_request_handler+0xa4>)
200036be:	e7e9      	b.n	20003694 <device_setup_request_handler+0x6c>
200036c0:	20061bd4 	.word	0x20061bd4
200036c4:	2000e124 	.word	0x2000e124
200036c8:	2000e06c 	.word	0x2000e06c
200036cc:	2000e0fc 	.word	0x2000e0fc

200036d0 <vendor_setup_request_handler>:
200036d0:	b5f0      	push	{r4, r5, r6, r7, lr}
200036d2:	f991 3000 	ldrsb.w	r3, [r1]
200036d6:	784a      	ldrb	r2, [r1, #1]
200036d8:	2b00      	cmp	r3, #0
200036da:	b083      	sub	sp, #12
200036dc:	db0f      	blt.n	200036fe <vendor_setup_request_handler+0x2e>
200036de:	88cb      	ldrh	r3, [r1, #6]
200036e0:	f8df c2f4 	ldr.w	ip, [pc, #756]	@ 200039d8 <vendor_setup_request_handler+0x308>
200036e4:	3b01      	subs	r3, #1
200036e6:	48ab      	ldr	r0, [pc, #684]	@ (20003994 <vendor_setup_request_handler+0x2c4>)
200036e8:	8849      	ldrh	r1, [r1, #2]
200036ea:	b29b      	uxth	r3, r3
200036ec:	2b3f      	cmp	r3, #63	@ 0x3f
200036ee:	f88c 2000 	strb.w	r2, [ip]
200036f2:	8001      	strh	r1, [r0, #0]
200036f4:	f240 8084 	bls.w	20003800 <vendor_setup_request_handler+0x130>
200036f8:	2000      	movs	r0, #0
200036fa:	b003      	add	sp, #12
200036fc:	bdf0      	pop	{r4, r5, r6, r7, pc}
200036fe:	3a43      	subs	r2, #67	@ 0x43
20003700:	2a3c      	cmp	r2, #60	@ 0x3c
20003702:	d8f9      	bhi.n	200036f8 <vendor_setup_request_handler+0x28>
20003704:	a301      	add	r3, pc, #4	@ (adr r3, 2000370c <vendor_setup_request_handler+0x3c>)
20003706:	f853 f022 	ldr.w	pc, [r3, r2, lsl #2]
2000370a:	bf00      	nop
2000370c:	2000382b 	.word	0x2000382b
20003710:	200036f9 	.word	0x200036f9
20003714:	2000385d 	.word	0x2000385d
20003718:	200036f9 	.word	0x200036f9
2000371c:	20003865 	.word	0x20003865
20003720:	200036f9 	.word	0x200036f9
20003724:	20003885 	.word	0x20003885
20003728:	200036f9 	.word	0x200036f9
2000372c:	200036f9 	.word	0x200036f9
20003730:	200036f9 	.word	0x200036f9
20003734:	200036f9 	.word	0x200036f9
20003738:	200036f9 	.word	0x200036f9
2000373c:	200036f9 	.word	0x200036f9
20003740:	200038af 	.word	0x200038af
20003744:	200038e3 	.word	0x200038e3
20003748:	20003919 	.word	0x20003919
2000374c:	2000392f 	.word	0x2000392f
20003750:	200036f9 	.word	0x200036f9
20003754:	200038ef 	.word	0x200038ef
20003758:	200036f9 	.word	0x200036f9
2000375c:	200038fb 	.word	0x200038fb
20003760:	200036f9 	.word	0x200036f9
20003764:	2000390d 	.word	0x2000390d
20003768:	200036f9 	.word	0x200036f9
2000376c:	20003915 	.word	0x20003915
20003770:	200036f9 	.word	0x200036f9
20003774:	20003969 	.word	0x20003969
20003778:	200036f9 	.word	0x200036f9
2000377c:	2000396d 	.word	0x2000396d
20003780:	200036f9 	.word	0x200036f9
20003784:	20003975 	.word	0x20003975
20003788:	200036f9 	.word	0x200036f9
2000378c:	2000397d 	.word	0x2000397d
20003790:	200036f9 	.word	0x200036f9
20003794:	20003985 	.word	0x20003985
20003798:	200036f9 	.word	0x200036f9
2000379c:	2000398d 	.word	0x2000398d
200037a0:	200036f9 	.word	0x200036f9
200037a4:	200036f9 	.word	0x200036f9
200037a8:	200036f9 	.word	0x200036f9
200037ac:	200036f9 	.word	0x200036f9
200037b0:	200036f9 	.word	0x200036f9
200037b4:	200036f9 	.word	0x200036f9
200037b8:	200036f9 	.word	0x200036f9
200037bc:	200036f9 	.word	0x200036f9
200037c0:	200036f9 	.word	0x200036f9
200037c4:	200039dd 	.word	0x200039dd
200037c8:	200036f9 	.word	0x200036f9
200037cc:	20003a4b 	.word	0x20003a4b
200037d0:	200036f9 	.word	0x200036f9
200037d4:	20003a7d 	.word	0x20003a7d
200037d8:	200036f9 	.word	0x200036f9
200037dc:	20003a93 	.word	0x20003a93
200037e0:	200036f9 	.word	0x200036f9
200037e4:	20003aad 	.word	0x20003aad
200037e8:	20003ac3 	.word	0x20003ac3
200037ec:	20003acb 	.word	0x20003acb
200037f0:	20003ae9 	.word	0x20003ae9
200037f4:	20003b69 	.word	0x20003b69
200037f8:	20003b79 	.word	0x20003b79
200037fc:	2000380d 	.word	0x2000380d
20003800:	4865      	ldr	r0, [pc, #404]	@ (20003998 <vendor_setup_request_handler+0x2c8>)
20003802:	f006 fbb3 	bl	20009f6c <usb_start_control_out_transfer>
20003806:	2001      	movs	r0, #1
20003808:	b003      	add	sp, #12
2000380a:	bdf0      	pop	{r4, r5, r6, r7, pc}
2000380c:	4b63      	ldr	r3, [pc, #396]	@ (2000399c <vendor_setup_request_handler+0x2cc>)
2000380e:	4a64      	ldr	r2, [pc, #400]	@ (200039a0 <vendor_setup_request_handler+0x2d0>)
20003810:	601a      	str	r2, [r3, #0]
20003812:	4864      	ldr	r0, [pc, #400]	@ (200039a4 <vendor_setup_request_handler+0x2d4>)
20003814:	f006 fef2 	bl	2000a5fc <usb_current_in_packet_buffer>
20003818:	2204      	movs	r2, #4
2000381a:	4b60      	ldr	r3, [pc, #384]	@ (2000399c <vendor_setup_request_handler+0x2cc>)
2000381c:	6819      	ldr	r1, [r3, #0]
2000381e:	6803      	ldr	r3, [r0, #0]
20003820:	6019      	str	r1, [r3, #0]
20003822:	8082      	strh	r2, [r0, #4]
20003824:	f006 fb84 	bl	20009f30 <usb_start_single_buffer_control_in_transfer>
20003828:	e7ed      	b.n	20003806 <vendor_setup_request_handler+0x136>
2000382a:	884b      	ldrh	r3, [r1, #2]
2000382c:	f5b3 6f30 	cmp.w	r3, #2816	@ 0xb00
20003830:	ea4f 2113 	mov.w	r1, r3, lsr #8
20003834:	f4bf af60 	bcs.w	200036f8 <vendor_setup_request_handler+0x28>
20003838:	485b      	ldr	r0, [pc, #364]	@ (200039a8 <vendor_setup_request_handler+0x2d8>)
2000383a:	f3c3 1203 	ubfx	r2, r3, #4, #4
2000383e:	5c40      	ldrb	r0, [r0, r1]
20003840:	4290      	cmp	r0, r2
20003842:	f67f af59 	bls.w	200036f8 <vendor_setup_request_handler+0x28>
20003846:	f003 030f 	and.w	r3, r3, #15
2000384a:	2b03      	cmp	r3, #3
2000384c:	f200 8281 	bhi.w	20003d52 <vendor_setup_request_handler+0x682>
20003850:	e8df f013 	tbh	[pc, r3, lsl #1]
20003854:	01bc01c3 	.word	0x01bc01c3
20003858:	01cb01b2 	.word	0x01cb01b2
2000385c:	4a53      	ldr	r2, [pc, #332]	@ (200039ac <vendor_setup_request_handler+0x2dc>)
2000385e:	4b4f      	ldr	r3, [pc, #316]	@ (2000399c <vendor_setup_request_handler+0x2cc>)
20003860:	6812      	ldr	r2, [r2, #0]
20003862:	e7d5      	b.n	20003810 <vendor_setup_request_handler+0x140>
20003864:	4a52      	ldr	r2, [pc, #328]	@ (200039b0 <vendor_setup_request_handler+0x2e0>)
20003866:	4b4d      	ldr	r3, [pc, #308]	@ (2000399c <vendor_setup_request_handler+0x2cc>)
20003868:	7812      	ldrb	r2, [r2, #0]
2000386a:	484e      	ldr	r0, [pc, #312]	@ (200039a4 <vendor_setup_request_handler+0x2d4>)
2000386c:	701a      	strb	r2, [r3, #0]
2000386e:	f006 fec5 	bl	2000a5fc <usb_current_in_packet_buffer>
20003872:	2201      	movs	r2, #1
20003874:	4b49      	ldr	r3, [pc, #292]	@ (2000399c <vendor_setup_request_handler+0x2cc>)
20003876:	7819      	ldrb	r1, [r3, #0]
20003878:	6803      	ldr	r3, [r0, #0]
2000387a:	7019      	strb	r1, [r3, #0]
2000387c:	8082      	strh	r2, [r0, #4]
2000387e:	f006 fb57 	bl	20009f30 <usb_start_single_buffer_control_in_transfer>
20003882:	e7c0      	b.n	20003806 <vendor_setup_request_handler+0x136>
20003884:	788b      	ldrb	r3, [r1, #2]
20003886:	2b0a      	cmp	r3, #10
20003888:	f63f af36 	bhi.w	200036f8 <vendor_setup_request_handler+0x28>
2000388c:	4949      	ldr	r1, [pc, #292]	@ (200039b4 <vendor_setup_request_handler+0x2e4>)
2000388e:	f851 3023 	ldr.w	r3, [r1, r3, lsl #2]
20003892:	4a42      	ldr	r2, [pc, #264]	@ (2000399c <vendor_setup_request_handler+0x2cc>)
20003894:	4843      	ldr	r0, [pc, #268]	@ (200039a4 <vendor_setup_request_handler+0x2d4>)
20003896:	6013      	str	r3, [r2, #0]
20003898:	f006 feb0 	bl	2000a5fc <usb_current_in_packet_buffer>
2000389c:	2304      	movs	r3, #4
2000389e:	4a3f      	ldr	r2, [pc, #252]	@ (2000399c <vendor_setup_request_handler+0x2cc>)
200038a0:	6811      	ldr	r1, [r2, #0]
200038a2:	6802      	ldr	r2, [r0, #0]
200038a4:	6011      	str	r1, [r2, #0]
200038a6:	8083      	strh	r3, [r0, #4]
200038a8:	f006 fb42 	bl	20009f30 <usb_start_single_buffer_control_in_transfer>
200038ac:	e7ab      	b.n	20003806 <vendor_setup_request_handler+0x136>
200038ae:	884b      	ldrh	r3, [r1, #2]
200038b0:	2b09      	cmp	r3, #9
200038b2:	f000 826e 	beq.w	20003d92 <vendor_setup_request_handler+0x6c2>
200038b6:	2b10      	cmp	r3, #16
200038b8:	f200 824b 	bhi.w	20003d52 <vendor_setup_request_handler+0x682>
200038bc:	e8df f013 	tbh	[pc, r3, lsl #1]
200038c0:	01e301ea 	.word	0x01e301ea
200038c4:	01d601d9 	.word	0x01d601d9
200038c8:	01d001d3 	.word	0x01d001d3
200038cc:	01fa01cd 	.word	0x01fa01cd
200038d0:	024901f7 	.word	0x024901f7
200038d4:	01f101f4 	.word	0x01f101f4
200038d8:	0238023c 	.word	0x0238023c
200038dc:	01ca023f 	.word	0x01ca023f
200038e0:	019c      	.short	0x019c
200038e2:	f7fd fc97 	bl	20001214 <flash_save_params>
200038e6:	2101      	movs	r1, #1
200038e8:	f006 faf4 	bl	20009ed4 <usb_start_tiny_control_in_transfer>
200038ec:	e78b      	b.n	20003806 <vendor_setup_request_handler+0x136>
200038ee:	788b      	ldrb	r3, [r1, #2]
200038f0:	2b02      	cmp	r3, #2
200038f2:	f63f af01 	bhi.w	200036f8 <vendor_setup_request_handler+0x28>
200038f6:	4930      	ldr	r1, [pc, #192]	@ (200039b8 <vendor_setup_request_handler+0x2e8>)
200038f8:	e7c9      	b.n	2000388e <vendor_setup_request_handler+0x1be>
200038fa:	788b      	ldrb	r3, [r1, #2]
200038fc:	2b02      	cmp	r3, #2
200038fe:	f63f aefb 	bhi.w	200036f8 <vendor_setup_request_handler+0x28>
20003902:	4a2e      	ldr	r2, [pc, #184]	@ (200039bc <vendor_setup_request_handler+0x2ec>)
20003904:	b29b      	uxth	r3, r3
20003906:	5cd2      	ldrb	r2, [r2, r3]
20003908:	4b24      	ldr	r3, [pc, #144]	@ (2000399c <vendor_setup_request_handler+0x2cc>)
2000390a:	e7ae      	b.n	2000386a <vendor_setup_request_handler+0x19a>
2000390c:	4a2c      	ldr	r2, [pc, #176]	@ (200039c0 <vendor_setup_request_handler+0x2f0>)
2000390e:	4b23      	ldr	r3, [pc, #140]	@ (2000399c <vendor_setup_request_handler+0x2cc>)
20003910:	7812      	ldrb	r2, [r2, #0]
20003912:	e7aa      	b.n	2000386a <vendor_setup_request_handler+0x19a>
20003914:	4a2b      	ldr	r2, [pc, #172]	@ (200039c4 <vendor_setup_request_handler+0x2f4>)
20003916:	e7a2      	b.n	2000385e <vendor_setup_request_handler+0x18e>
20003918:	f7fd fd7c 	bl	20001414 <flash_load_params>
2000391c:	4603      	mov	r3, r0
2000391e:	2800      	cmp	r0, #0
20003920:	f000 821d 	beq.w	20003d5e <vendor_setup_request_handler+0x68e>
20003924:	2101      	movs	r1, #1
20003926:	4618      	mov	r0, r3
20003928:	f006 fad4 	bl	20009ed4 <usb_start_tiny_control_in_transfer>
2000392c:	e76b      	b.n	20003806 <vendor_setup_request_handler+0x136>
2000392e:	f7fe f807 	bl	20001940 <flash_factory_reset>
20003932:	4b25      	ldr	r3, [pc, #148]	@ (200039c8 <vendor_setup_request_handler+0x2f8>)
20003934:	6818      	ldr	r0, [r3, #0]
20003936:	ee07 0a90 	vmov	s15, r0
2000393a:	eef8 7a67 	vcvt.f32.u32	s15, s15
2000393e:	ee17 0a90 	vmov	r0, s15
20003942:	f7fd f8b9 	bl	20000ab8 <dsp_recalculate_all_filters>
20003946:	4b20      	ldr	r3, [pc, #128]	@ (200039c8 <vendor_setup_request_handler+0x2f8>)
20003948:	6818      	ldr	r0, [r3, #0]
2000394a:	ee07 0a90 	vmov	s15, r0
2000394e:	eef8 7a67 	vcvt.f32.u32	s15, s15
20003952:	ee17 0a90 	vmov	r0, s15
20003956:	f7fc ff7b 	bl	20000850 <dsp_update_delay_samples>
2000395a:	2101      	movs	r1, #1
2000395c:	4b1b      	ldr	r3, [pc, #108]	@ (200039cc <vendor_setup_request_handler+0x2fc>)
2000395e:	2000      	movs	r0, #0
20003960:	7019      	strb	r1, [r3, #0]
20003962:	f006 fab7 	bl	20009ed4 <usb_start_tiny_control_in_transfer>
20003966:	e74e      	b.n	20003806 <vendor_setup_request_handler+0x136>
20003968:	4a19      	ldr	r2, [pc, #100]	@ (200039d0 <vendor_setup_request_handler+0x300>)
2000396a:	e778      	b.n	2000385e <vendor_setup_request_handler+0x18e>
2000396c:	4a19      	ldr	r2, [pc, #100]	@ (200039d4 <vendor_setup_request_handler+0x304>)
2000396e:	4b0b      	ldr	r3, [pc, #44]	@ (2000399c <vendor_setup_request_handler+0x2cc>)
20003970:	7812      	ldrb	r2, [r2, #0]
20003972:	e77a      	b.n	2000386a <vendor_setup_request_handler+0x19a>
20003974:	4a17      	ldr	r2, [pc, #92]	@ (200039d4 <vendor_setup_request_handler+0x304>)
20003976:	4b09      	ldr	r3, [pc, #36]	@ (2000399c <vendor_setup_request_handler+0x2cc>)
20003978:	7892      	ldrb	r2, [r2, #2]
2000397a:	e776      	b.n	2000386a <vendor_setup_request_handler+0x19a>
2000397c:	4a15      	ldr	r2, [pc, #84]	@ (200039d4 <vendor_setup_request_handler+0x304>)
2000397e:	4b07      	ldr	r3, [pc, #28]	@ (2000399c <vendor_setup_request_handler+0x2cc>)
20003980:	6852      	ldr	r2, [r2, #4]
20003982:	e745      	b.n	20003810 <vendor_setup_request_handler+0x140>
20003984:	4a13      	ldr	r2, [pc, #76]	@ (200039d4 <vendor_setup_request_handler+0x304>)
20003986:	4b05      	ldr	r3, [pc, #20]	@ (2000399c <vendor_setup_request_handler+0x2cc>)
20003988:	6892      	ldr	r2, [r2, #8]
2000398a:	e741      	b.n	20003810 <vendor_setup_request_handler+0x140>
2000398c:	4a11      	ldr	r2, [pc, #68]	@ (200039d4 <vendor_setup_request_handler+0x304>)
2000398e:	4b03      	ldr	r3, [pc, #12]	@ (2000399c <vendor_setup_request_handler+0x2cc>)
20003990:	7852      	ldrb	r2, [r2, #1]
20003992:	e76a      	b.n	2000386a <vendor_setup_request_handler+0x19a>
20003994:	20015f26 	.word	0x20015f26
20003998:	2000dfa4 	.word	0x2000dfa4
2000399c:	20015358 	.word	0x20015358
200039a0:	09100101 	.word	0x09100101
200039a4:	20061bd4 	.word	0x20061bd4
200039a8:	2000e2c8 	.word	0x2000e2c8
200039ac:	20014abc 	.word	0x20014abc
200039b0:	20015f2c 	.word	0x20015f2c
200039b4:	2001489c 	.word	0x2001489c
200039b8:	200148c8 	.word	0x200148c8
200039bc:	200148d4 	.word	0x200148d4
200039c0:	20015f33 	.word	0x20015f33
200039c4:	2000e324 	.word	0x2000e324
200039c8:	2000e34c 	.word	0x2000e34c
200039cc:	20015f34 	.word	0x20015f34
200039d0:	2000e320 	.word	0x2000e320
200039d4:	2000e314 	.word	0x2000e314
200039d8:	20015f3b 	.word	0x20015f3b
200039dc:	884b      	ldrh	r3, [r1, #2]
200039de:	f5b3 7f00 	cmp.w	r3, #512	@ 0x200
200039e2:	ea4f 2113 	mov.w	r1, r3, lsr #8
200039e6:	f4bf ae87 	bcs.w	200036f8 <vendor_setup_request_handler+0x28>
200039ea:	b2db      	uxtb	r3, r3
200039ec:	2b08      	cmp	r3, #8
200039ee:	f63f ae83 	bhi.w	200036f8 <vendor_setup_request_handler+0x28>
200039f2:	f04f 0c6c 	mov.w	ip, #108	@ 0x6c
200039f6:	f04f 0e00 	mov.w	lr, #0
200039fa:	fb0c fc01 	mul.w	ip, ip, r1
200039fe:	4aaf      	ldr	r2, [pc, #700]	@ (20003cbc <vendor_setup_request_handler+0x5ec>)
20003a00:	eb03 0443 	add.w	r4, r3, r3, lsl #1
20003a04:	f361 0e07 	bfi	lr, r1, #0, #8
20003a08:	f363 2e0f 	bfi	lr, r3, #8, #8
20003a0c:	eb0c 0384 	add.w	r3, ip, r4, lsl #2
20003a10:	18d1      	adds	r1, r2, r3
20003a12:	5cd3      	ldrb	r3, [r2, r3]
20003a14:	f891 c001 	ldrb.w	ip, [r1, #1]
20003a18:	4aa9      	ldr	r2, [pc, #676]	@ (20003cc0 <vendor_setup_request_handler+0x5f0>)
20003a1a:	f363 4e17 	bfi	lr, r3, #16, #8
20003a1e:	684b      	ldr	r3, [r1, #4]
20003a20:	f36c 6e1f 	bfi	lr, ip, #24, #8
20003a24:	48a7      	ldr	r0, [pc, #668]	@ (20003cc4 <vendor_setup_request_handler+0x5f4>)
20003a26:	f8c2 e000 	str.w	lr, [r2]
20003a2a:	6053      	str	r3, [r2, #4]
20003a2c:	f006 fde6 	bl	2000a5fc <usb_current_in_packet_buffer>
20003a30:	f04f 0e08 	mov.w	lr, #8
20003a34:	4684      	mov	ip, r0
20003a36:	6802      	ldr	r2, [r0, #0]
20003a38:	4ba1      	ldr	r3, [pc, #644]	@ (20003cc0 <vendor_setup_request_handler+0x5f0>)
20003a3a:	cb03      	ldmia	r3!, {r0, r1}
20003a3c:	6010      	str	r0, [r2, #0]
20003a3e:	6051      	str	r1, [r2, #4]
20003a40:	f8ac e004 	strh.w	lr, [ip, #4]
20003a44:	f006 fa74 	bl	20009f30 <usb_start_single_buffer_control_in_transfer>
20003a48:	e6dd      	b.n	20003806 <vendor_setup_request_handler+0x136>
20003a4a:	788b      	ldrb	r3, [r1, #2]
20003a4c:	2b08      	cmp	r3, #8
20003a4e:	f63f ae53 	bhi.w	200036f8 <vendor_setup_request_handler+0x28>
20003a52:	4a9a      	ldr	r2, [pc, #616]	@ (20003cbc <vendor_setup_request_handler+0x5ec>)
20003a54:	eb03 0383 	add.w	r3, r3, r3, lsl #2
20003a58:	eb02 0383 	add.w	r3, r2, r3, lsl #2
20003a5c:	f893 30d8 	ldrb.w	r3, [r3, #216]	@ 0xd8
20003a60:	4a97      	ldr	r2, [pc, #604]	@ (20003cc0 <vendor_setup_request_handler+0x5f0>)
20003a62:	4898      	ldr	r0, [pc, #608]	@ (20003cc4 <vendor_setup_request_handler+0x5f4>)
20003a64:	7013      	strb	r3, [r2, #0]
20003a66:	f006 fdc9 	bl	2000a5fc <usb_current_in_packet_buffer>
20003a6a:	2301      	movs	r3, #1
20003a6c:	4a94      	ldr	r2, [pc, #592]	@ (20003cc0 <vendor_setup_request_handler+0x5f0>)
20003a6e:	7811      	ldrb	r1, [r2, #0]
20003a70:	6802      	ldr	r2, [r0, #0]
20003a72:	7011      	strb	r1, [r2, #0]
20003a74:	8083      	strh	r3, [r0, #4]
20003a76:	f006 fa5b 	bl	20009f30 <usb_start_single_buffer_control_in_transfer>
20003a7a:	e6c4      	b.n	20003806 <vendor_setup_request_handler+0x136>
20003a7c:	788b      	ldrb	r3, [r1, #2]
20003a7e:	2b08      	cmp	r3, #8
20003a80:	f63f ae3a 	bhi.w	200036f8 <vendor_setup_request_handler+0x28>
20003a84:	4a90      	ldr	r2, [pc, #576]	@ (20003cc8 <vendor_setup_request_handler+0x5f8>)
20003a86:	eb03 0383 	add.w	r3, r3, r3, lsl #2
20003a8a:	f852 2023 	ldr.w	r2, [r2, r3, lsl #2]
20003a8e:	4b8c      	ldr	r3, [pc, #560]	@ (20003cc0 <vendor_setup_request_handler+0x5f0>)
20003a90:	e6be      	b.n	20003810 <vendor_setup_request_handler+0x140>
20003a92:	788b      	ldrb	r3, [r1, #2]
20003a94:	2b08      	cmp	r3, #8
20003a96:	f63f ae2f 	bhi.w	200036f8 <vendor_setup_request_handler+0x28>
20003a9a:	4a88      	ldr	r2, [pc, #544]	@ (20003cbc <vendor_setup_request_handler+0x5ec>)
20003a9c:	eb03 0383 	add.w	r3, r3, r3, lsl #2
20003aa0:	eb02 0383 	add.w	r3, r2, r3, lsl #2
20003aa4:	f893 30d9 	ldrb.w	r3, [r3, #217]	@ 0xd9
20003aa8:	4a85      	ldr	r2, [pc, #532]	@ (20003cc0 <vendor_setup_request_handler+0x5f0>)
20003aaa:	e7da      	b.n	20003a62 <vendor_setup_request_handler+0x392>
20003aac:	788b      	ldrb	r3, [r1, #2]
20003aae:	2b08      	cmp	r3, #8
20003ab0:	f63f ae22 	bhi.w	200036f8 <vendor_setup_request_handler+0x28>
20003ab4:	4a85      	ldr	r2, [pc, #532]	@ (20003ccc <vendor_setup_request_handler+0x5fc>)
20003ab6:	eb03 0383 	add.w	r3, r3, r3, lsl #2
20003aba:	f852 2023 	ldr.w	r2, [r2, r3, lsl #2]
20003abe:	4b80      	ldr	r3, [pc, #512]	@ (20003cc0 <vendor_setup_request_handler+0x5f0>)
20003ac0:	e6a6      	b.n	20003810 <vendor_setup_request_handler+0x140>
20003ac2:	4a83      	ldr	r2, [pc, #524]	@ (20003cd0 <vendor_setup_request_handler+0x600>)
20003ac4:	4b7e      	ldr	r3, [pc, #504]	@ (20003cc0 <vendor_setup_request_handler+0x5f0>)
20003ac6:	7812      	ldrb	r2, [r2, #0]
20003ac8:	e6cf      	b.n	2000386a <vendor_setup_request_handler+0x19a>
20003aca:	788b      	ldrb	r3, [r1, #2]
20003acc:	2b08      	cmp	r3, #8
20003ace:	d849      	bhi.n	20003b64 <vendor_setup_request_handler+0x494>
20003ad0:	f000 819b 	beq.w	20003e0a <vendor_setup_request_handler+0x73a>
20003ad4:	3b02      	subs	r3, #2
20003ad6:	2b05      	cmp	r3, #5
20003ad8:	d844      	bhi.n	20003b64 <vendor_setup_request_handler+0x494>
20003ada:	4b78      	ldr	r3, [pc, #480]	@ (20003cbc <vendor_setup_request_handler+0x5ec>)
20003adc:	f893 2178 	ldrb.w	r2, [r3, #376]	@ 0x178
20003ae0:	3a00      	subs	r2, #0
20003ae2:	bf18      	it	ne
20003ae4:	2201      	movne	r2, #1
20003ae6:	e70f      	b.n	20003908 <vendor_setup_request_handler+0x238>
20003ae8:	884b      	ldrh	r3, [r1, #2]
20003aea:	b2da      	uxtb	r2, r3
20003aec:	2a04      	cmp	r2, #4
20003aee:	f200 8132 	bhi.w	20003d56 <vendor_setup_request_handler+0x686>
20003af2:	0a1b      	lsrs	r3, r3, #8
20003af4:	2b0c      	cmp	r3, #12
20003af6:	f000 8130 	beq.w	20003d5a <vendor_setup_request_handler+0x68a>
20003afa:	f1a3 0117 	sub.w	r1, r3, #23
20003afe:	b2d8      	uxtb	r0, r3
20003b00:	2902      	cmp	r1, #2
20003b02:	4606      	mov	r6, r0
20003b04:	f240 8129 	bls.w	20003d5a <vendor_setup_request_handler+0x68a>
20003b08:	2b1d      	cmp	r3, #29
20003b0a:	f200 8126 	bhi.w	20003d5a <vendor_setup_request_handler+0x68a>
20003b0e:	b295      	uxth	r5, r2
20003b10:	2a00      	cmp	r2, #0
20003b12:	f000 8191 	beq.w	20003e38 <vendor_setup_request_handler+0x768>
20003b16:	4c6f      	ldr	r4, [pc, #444]	@ (20003cd4 <vendor_setup_request_handler+0x604>)
20003b18:	7821      	ldrb	r1, [r4, #0]
20003b1a:	4627      	mov	r7, r4
20003b1c:	4281      	cmp	r1, r0
20003b1e:	f000 8194 	beq.w	20003e4a <vendor_setup_request_handler+0x77a>
20003b22:	2d01      	cmp	r5, #1
20003b24:	f000 81c1 	beq.w	20003eaa <vendor_setup_request_handler+0x7da>
20003b28:	7861      	ldrb	r1, [r4, #1]
20003b2a:	4281      	cmp	r1, r0
20003b2c:	f000 818d 	beq.w	20003e4a <vendor_setup_request_handler+0x77a>
20003b30:	2d02      	cmp	r5, #2
20003b32:	f000 819c 	beq.w	20003e6e <vendor_setup_request_handler+0x79e>
20003b36:	78a1      	ldrb	r1, [r4, #2]
20003b38:	4281      	cmp	r1, r0
20003b3a:	f000 8186 	beq.w	20003e4a <vendor_setup_request_handler+0x77a>
20003b3e:	2d03      	cmp	r5, #3
20003b40:	d006      	beq.n	20003b50 <vendor_setup_request_handler+0x480>
20003b42:	78f9      	ldrb	r1, [r7, #3]
20003b44:	42b1      	cmp	r1, r6
20003b46:	f000 8180 	beq.w	20003e4a <vendor_setup_request_handler+0x77a>
20003b4a:	2d04      	cmp	r5, #4
20003b4c:	f000 817f 	beq.w	20003e4e <vendor_setup_request_handler+0x77e>
20003b50:	7939      	ldrb	r1, [r7, #4]
20003b52:	42b1      	cmp	r1, r6
20003b54:	f000 8179 	beq.w	20003e4a <vendor_setup_request_handler+0x77a>
20003b58:	5d79      	ldrb	r1, [r7, r5]
20003b5a:	42b1      	cmp	r1, r6
20003b5c:	d002      	beq.n	20003b64 <vendor_setup_request_handler+0x494>
20003b5e:	2a00      	cmp	r2, #0
20003b60:	f040 818f 	bne.w	20003e82 <vendor_setup_request_handler+0x7b2>
20003b64:	2200      	movs	r2, #0
20003b66:	e6cf      	b.n	20003908 <vendor_setup_request_handler+0x238>
20003b68:	788b      	ldrb	r3, [r1, #2]
20003b6a:	2b04      	cmp	r3, #4
20003b6c:	f63f adc4 	bhi.w	200036f8 <vendor_setup_request_handler+0x28>
20003b70:	4958      	ldr	r1, [pc, #352]	@ (20003cd4 <vendor_setup_request_handler+0x604>)
20003b72:	4a53      	ldr	r2, [pc, #332]	@ (20003cc0 <vendor_setup_request_handler+0x5f0>)
20003b74:	5ccb      	ldrb	r3, [r1, r3]
20003b76:	e774      	b.n	20003a62 <vendor_setup_request_handler+0x392>
20003b78:	4b57      	ldr	r3, [pc, #348]	@ (20003cd8 <vendor_setup_request_handler+0x608>)
20003b7a:	4c51      	ldr	r4, [pc, #324]	@ (20003cc0 <vendor_setup_request_handler+0x5f0>)
20003b7c:	681b      	ldr	r3, [r3, #0]
20003b7e:	6818      	ldr	r0, [r3, #0]
20003b80:	6859      	ldr	r1, [r3, #4]
20003b82:	689a      	ldr	r2, [r3, #8]
20003b84:	68db      	ldr	r3, [r3, #12]
20003b86:	c40f      	stmia	r4!, {r0, r1, r2, r3}
20003b88:	484e      	ldr	r0, [pc, #312]	@ (20003cc4 <vendor_setup_request_handler+0x5f4>)
20003b8a:	f006 fd37 	bl	2000a5fc <usb_current_in_packet_buffer>
20003b8e:	f8d0 e000 	ldr.w	lr, [r0]
20003b92:	f1a4 0c10 	sub.w	ip, r4, #16
20003b96:	4604      	mov	r4, r0
20003b98:	e8bc 000f 	ldmia.w	ip!, {r0, r1, r2, r3}
20003b9c:	f8ce 300c 	str.w	r3, [lr, #12]
20003ba0:	f04f 0310 	mov.w	r3, #16
20003ba4:	f8ce 0000 	str.w	r0, [lr]
20003ba8:	f8ce 1004 	str.w	r1, [lr, #4]
20003bac:	f8ce 2008 	str.w	r2, [lr, #8]
20003bb0:	80a3      	strh	r3, [r4, #4]
20003bb2:	f006 f9bd 	bl	20009f30 <usb_start_single_buffer_control_in_transfer>
20003bb6:	e626      	b.n	20003806 <vendor_setup_request_handler+0x136>
20003bb8:	230c      	movs	r3, #12
20003bba:	fb03 2301 	mla	r3, r3, r1, r2
20003bbe:	4847      	ldr	r0, [pc, #284]	@ (20003cdc <vendor_setup_request_handler+0x60c>)
20003bc0:	011b      	lsls	r3, r3, #4
20003bc2:	58c0      	ldr	r0, [r0, r3]
20003bc4:	2104      	movs	r1, #4
20003bc6:	f006 f985 	bl	20009ed4 <usb_start_tiny_control_in_transfer>
20003bca:	e61c      	b.n	20003806 <vendor_setup_request_handler+0x136>
20003bcc:	230c      	movs	r3, #12
20003bce:	fb03 2301 	mla	r3, r3, r1, r2
20003bd2:	4843      	ldr	r0, [pc, #268]	@ (20003ce0 <vendor_setup_request_handler+0x610>)
20003bd4:	011b      	lsls	r3, r3, #4
20003bd6:	58c0      	ldr	r0, [r0, r3]
20003bd8:	e7f4      	b.n	20003bc4 <vendor_setup_request_handler+0x4f4>
20003bda:	200c      	movs	r0, #12
20003bdc:	fb00 2201 	mla	r2, r0, r1, r2
20003be0:	4b40      	ldr	r3, [pc, #256]	@ (20003ce4 <vendor_setup_request_handler+0x614>)
20003be2:	eb03 1302 	add.w	r3, r3, r2, lsl #4
20003be6:	7898      	ldrb	r0, [r3, #2]
20003be8:	e7ec      	b.n	20003bc4 <vendor_setup_request_handler+0x4f4>
20003bea:	230c      	movs	r3, #12
20003bec:	fb03 2301 	mla	r3, r3, r1, r2
20003bf0:	483d      	ldr	r0, [pc, #244]	@ (20003ce8 <vendor_setup_request_handler+0x618>)
20003bf2:	011b      	lsls	r3, r3, #4
20003bf4:	58c0      	ldr	r0, [r0, r3]
20003bf6:	e7e5      	b.n	20003bc4 <vendor_setup_request_handler+0x4f4>
20003bf8:	2004      	movs	r0, #4
20003bfa:	4a3c      	ldr	r2, [pc, #240]	@ (20003cec <vendor_setup_request_handler+0x61c>)
20003bfc:	f8df c12c 	ldr.w	ip, [pc, #300]	@ 20003d2c <vendor_setup_request_handler+0x65c>
20003c00:	6813      	ldr	r3, [r2, #0]
20003c02:	493b      	ldr	r1, [pc, #236]	@ (20003cf0 <vendor_setup_request_handler+0x620>)
20003c04:	f483 4380 	eor.w	r3, r3, #16384	@ 0x4000
20003c08:	f403 4370 	and.w	r3, r3, #61440	@ 0xf000
20003c0c:	f8cc 3000 	str.w	r3, [ip]
20003c10:	6008      	str	r0, [r1, #0]
20003c12:	6813      	ldr	r3, [r2, #0]
20003c14:	05db      	lsls	r3, r3, #23
20003c16:	d5fc      	bpl.n	20003c12 <vendor_setup_request_handler+0x542>
20003c18:	6853      	ldr	r3, [r2, #4]
20003c1a:	ed9f 5a36 	vldr	s10, [pc, #216]	@ 20003cf4 <vendor_setup_request_handler+0x624>
20003c1e:	b29b      	uxth	r3, r3
20003c20:	ee07 3a90 	vmov	s15, r3
20003c24:	eddf 6a34 	vldr	s13, [pc, #208]	@ 20003cf8 <vendor_setup_request_handler+0x628>
20003c28:	eeb8 7ae7 	vcvt.f32.s32	s14, s15
20003c2c:	eddf 5a33 	vldr	s11, [pc, #204]	@ 20003cfc <vendor_setup_request_handler+0x62c>
20003c30:	eee7 6a05 	vfma.f32	s13, s14, s10
20003c34:	eef3 7a0b 	vmov.f32	s15, #59	@ 0x41d80000  27.0
20003c38:	ee86 7aa5 	vdiv.f32	s14, s13, s11
20003c3c:	ed9f 6a30 	vldr	s12, [pc, #192]	@ 20003d00 <vendor_setup_request_handler+0x630>
20003c40:	ee77 7ac7 	vsub.f32	s15, s15, s14
20003c44:	ee67 7a86 	vmul.f32	s15, s15, s12
20003c48:	eefd 7ae7 	vcvt.s32.f32	s15, s15
20003c4c:	ee17 3a90 	vmov	r3, s15
20003c50:	b218      	sxth	r0, r3
20003c52:	e7b7      	b.n	20003bc4 <vendor_setup_request_handler+0x4f4>
20003c54:	4b2b      	ldr	r3, [pc, #172]	@ (20003d04 <vendor_setup_request_handler+0x634>)
20003c56:	6818      	ldr	r0, [r3, #0]
20003c58:	e7b4      	b.n	20003bc4 <vendor_setup_request_handler+0x4f4>
20003c5a:	4b2b      	ldr	r3, [pc, #172]	@ (20003d08 <vendor_setup_request_handler+0x638>)
20003c5c:	6818      	ldr	r0, [r3, #0]
20003c5e:	e7b1      	b.n	20003bc4 <vendor_setup_request_handler+0x4f4>
20003c60:	4b2a      	ldr	r3, [pc, #168]	@ (20003d0c <vendor_setup_request_handler+0x63c>)
20003c62:	6818      	ldr	r0, [r3, #0]
20003c64:	e7ae      	b.n	20003bc4 <vendor_setup_request_handler+0x4f4>
20003c66:	4b2a      	ldr	r3, [pc, #168]	@ (20003d10 <vendor_setup_request_handler+0x640>)
20003c68:	6818      	ldr	r0, [r3, #0]
20003c6a:	e7ab      	b.n	20003bc4 <vendor_setup_request_handler+0x4f4>
20003c6c:	4b29      	ldr	r3, [pc, #164]	@ (20003d14 <vendor_setup_request_handler+0x644>)
20003c6e:	6818      	ldr	r0, [r3, #0]
20003c70:	e7a8      	b.n	20003bc4 <vendor_setup_request_handler+0x4f4>
20003c72:	4a29      	ldr	r2, [pc, #164]	@ (20003d18 <vendor_setup_request_handler+0x648>)
20003c74:	8913      	ldrh	r3, [r2, #8]
20003c76:	7a91      	ldrb	r1, [r2, #10]
20003c78:	7ad0      	ldrb	r0, [r2, #11]
20003c7a:	b29b      	uxth	r3, r3
20003c7c:	0600      	lsls	r0, r0, #24
20003c7e:	ea40 4001 	orr.w	r0, r0, r1, lsl #16
20003c82:	4318      	orrs	r0, r3
20003c84:	e79e      	b.n	20003bc4 <vendor_setup_request_handler+0x4f4>
20003c86:	4b24      	ldr	r3, [pc, #144]	@ (20003d18 <vendor_setup_request_handler+0x648>)
20003c88:	8898      	ldrh	r0, [r3, #4]
20003c8a:	88db      	ldrh	r3, [r3, #6]
20003c8c:	b280      	uxth	r0, r0
20003c8e:	ea40 4003 	orr.w	r0, r0, r3, lsl #16
20003c92:	e797      	b.n	20003bc4 <vendor_setup_request_handler+0x4f4>
20003c94:	4b20      	ldr	r3, [pc, #128]	@ (20003d18 <vendor_setup_request_handler+0x648>)
20003c96:	8818      	ldrh	r0, [r3, #0]
20003c98:	885b      	ldrh	r3, [r3, #2]
20003c9a:	b280      	uxth	r0, r0
20003c9c:	ea40 4003 	orr.w	r0, r0, r3, lsl #16
20003ca0:	e790      	b.n	20003bc4 <vendor_setup_request_handler+0x4f4>
20003ca2:	4b1e      	ldr	r3, [pc, #120]	@ (20003d1c <vendor_setup_request_handler+0x64c>)
20003ca4:	6818      	ldr	r0, [r3, #0]
20003ca6:	e78d      	b.n	20003bc4 <vendor_setup_request_handler+0x4f4>
20003ca8:	4b1d      	ldr	r3, [pc, #116]	@ (20003d20 <vendor_setup_request_handler+0x650>)
20003caa:	6818      	ldr	r0, [r3, #0]
20003cac:	e78a      	b.n	20003bc4 <vendor_setup_request_handler+0x4f4>
20003cae:	4b1d      	ldr	r3, [pc, #116]	@ (20003d24 <vendor_setup_request_handler+0x654>)
20003cb0:	6818      	ldr	r0, [r3, #0]
20003cb2:	e787      	b.n	20003bc4 <vendor_setup_request_handler+0x4f4>
20003cb4:	4b1c      	ldr	r3, [pc, #112]	@ (20003d28 <vendor_setup_request_handler+0x658>)
20003cb6:	6818      	ldr	r0, [r3, #0]
20003cb8:	e784      	b.n	20003bc4 <vendor_setup_request_handler+0x4f4>
20003cba:	bf00      	nop
20003cbc:	20012270 	.word	0x20012270
20003cc0:	20015358 	.word	0x20015358
20003cc4:	20061bd4 	.word	0x20061bd4
20003cc8:	2001234c 	.word	0x2001234c
20003ccc:	20012354 	.word	0x20012354
20003cd0:	20015f2e 	.word	0x20015f2e
20003cd4:	2000e300 	.word	0x2000e300
20003cd8:	2000e364 	.word	0x2000e364
20003cdc:	20017818 	.word	0x20017818
20003ce0:	20017814 	.word	0x20017814
20003ce4:	20017810 	.word	0x20017810
20003ce8:	2001781c 	.word	0x2001781c
20003cec:	400a0000 	.word	0x400a0000
20003cf0:	400a2000 	.word	0x400a2000
20003cf4:	3a534067 	.word	0x3a534067
20003cf8:	bf34bc6a 	.word	0xbf34bc6a
20003cfc:	3ae1932d 	.word	0x3ae1932d
20003d00:	42c80000 	.word	0x42c80000
20003d04:	2000e34c 	.word	0x2000e34c
20003d08:	20014b10 	.word	0x20014b10
20003d0c:	20014b0c 	.word	0x20014b0c
20003d10:	20015320 	.word	0x20015320
20003d14:	2001531c 	.word	0x2001531c
20003d18:	20014ac0 	.word	0x20014ac0
20003d1c:	20015ec0 	.word	0x20015ec0
20003d20:	20015ec8 	.word	0x20015ec8
20003d24:	20015510 	.word	0x20015510
20003d28:	2001550c 	.word	0x2001550c
20003d2c:	400a1000 	.word	0x400a1000
20003d30:	2005      	movs	r0, #5
20003d32:	f001 fa19 	bl	20005168 <clock_get_hz>
20003d36:	e745      	b.n	20003bc4 <vendor_setup_request_handler+0x4f4>
20003d38:	4b63      	ldr	r3, [pc, #396]	@ (20003ec8 <vendor_setup_request_handler+0x7f8>)
20003d3a:	6818      	ldr	r0, [r3, #0]
20003d3c:	e742      	b.n	20003bc4 <vendor_setup_request_handler+0x4f4>
20003d3e:	f001 faf7 	bl	20005330 <vreg_get_voltage>
20003d42:	281f      	cmp	r0, #31
20003d44:	bf96      	itet	ls
20003d46:	4b61      	ldrls	r3, [pc, #388]	@ (20003ecc <vendor_setup_request_handler+0x7fc>)
20003d48:	f240 404c 	movwhi	r0, #1100	@ 0x44c
20003d4c:	f833 0010 	ldrhls.w	r0, [r3, r0, lsl #1]
20003d50:	e738      	b.n	20003bc4 <vendor_setup_request_handler+0x4f4>
20003d52:	2000      	movs	r0, #0
20003d54:	e736      	b.n	20003bc4 <vendor_setup_request_handler+0x4f4>
20003d56:	2203      	movs	r2, #3
20003d58:	e5d6      	b.n	20003908 <vendor_setup_request_handler+0x238>
20003d5a:	2201      	movs	r2, #1
20003d5c:	e5d4      	b.n	20003908 <vendor_setup_request_handler+0x238>
20003d5e:	4a5c      	ldr	r2, [pc, #368]	@ (20003ed0 <vendor_setup_request_handler+0x800>)
20003d60:	9000      	str	r0, [sp, #0]
20003d62:	6810      	ldr	r0, [r2, #0]
20003d64:	ee07 0a90 	vmov	s15, r0
20003d68:	eef8 7a67 	vcvt.f32.u32	s15, s15
20003d6c:	ee17 0a90 	vmov	r0, s15
20003d70:	f7fc fea2 	bl	20000ab8 <dsp_recalculate_all_filters>
20003d74:	4a56      	ldr	r2, [pc, #344]	@ (20003ed0 <vendor_setup_request_handler+0x800>)
20003d76:	6810      	ldr	r0, [r2, #0]
20003d78:	ee07 0a90 	vmov	s15, r0
20003d7c:	eef8 7a67 	vcvt.f32.u32	s15, s15
20003d80:	ee17 0a90 	vmov	r0, s15
20003d84:	f7fc fd64 	bl	20000850 <dsp_update_delay_samples>
20003d88:	2101      	movs	r1, #1
20003d8a:	4a52      	ldr	r2, [pc, #328]	@ (20003ed4 <vendor_setup_request_handler+0x804>)
20003d8c:	9b00      	ldr	r3, [sp, #0]
20003d8e:	7011      	strb	r1, [r2, #0]
20003d90:	e5c8      	b.n	20003924 <vendor_setup_request_handler+0x254>
20003d92:	4a51      	ldr	r2, [pc, #324]	@ (20003ed8 <vendor_setup_request_handler+0x808>)
20003d94:	4b51      	ldr	r3, [pc, #324]	@ (20003edc <vendor_setup_request_handler+0x80c>)
20003d96:	8810      	ldrh	r0, [r2, #0]
20003d98:	8811      	ldrh	r1, [r2, #0]
20003d9a:	f8b2 c002 	ldrh.w	ip, [r2, #2]
20003d9e:	0a09      	lsrs	r1, r1, #8
20003da0:	7059      	strb	r1, [r3, #1]
20003da2:	8851      	ldrh	r1, [r2, #2]
20003da4:	7018      	strb	r0, [r3, #0]
20003da6:	0a09      	lsrs	r1, r1, #8
20003da8:	8890      	ldrh	r0, [r2, #4]
20003daa:	70d9      	strb	r1, [r3, #3]
20003dac:	8891      	ldrh	r1, [r2, #4]
20003dae:	f883 c002 	strb.w	ip, [r3, #2]
20003db2:	0a09      	lsrs	r1, r1, #8
20003db4:	f8b2 c006 	ldrh.w	ip, [r2, #6]
20003db8:	7159      	strb	r1, [r3, #5]
20003dba:	88d1      	ldrh	r1, [r2, #6]
20003dbc:	7118      	strb	r0, [r3, #4]
20003dbe:	0a09      	lsrs	r1, r1, #8
20003dc0:	8910      	ldrh	r0, [r2, #8]
20003dc2:	71d9      	strb	r1, [r3, #7]
20003dc4:	8911      	ldrh	r1, [r2, #8]
20003dc6:	f883 c006 	strb.w	ip, [r3, #6]
20003dca:	f892 e00a 	ldrb.w	lr, [r2, #10]
20003dce:	f892 c00b 	ldrb.w	ip, [r2, #11]
20003dd2:	7218      	strb	r0, [r3, #8]
20003dd4:	0a0a      	lsrs	r2, r1, #8
20003dd6:	4842      	ldr	r0, [pc, #264]	@ (20003ee0 <vendor_setup_request_handler+0x810>)
20003dd8:	725a      	strb	r2, [r3, #9]
20003dda:	f883 e00a 	strb.w	lr, [r3, #10]
20003dde:	f883 c00b 	strb.w	ip, [r3, #11]
20003de2:	f006 fc0b 	bl	2000a5fc <usb_current_in_packet_buffer>
20003de6:	4b3d      	ldr	r3, [pc, #244]	@ (20003edc <vendor_setup_request_handler+0x80c>)
20003de8:	f8d0 c000 	ldr.w	ip, [r0]
20003dec:	4686      	mov	lr, r0
20003dee:	cb07      	ldmia	r3!, {r0, r1, r2}
20003df0:	f04f 030c 	mov.w	r3, #12
20003df4:	f8cc 0000 	str.w	r0, [ip]
20003df8:	f8cc 1004 	str.w	r1, [ip, #4]
20003dfc:	f8cc 2008 	str.w	r2, [ip, #8]
20003e00:	f8ae 3004 	strh.w	r3, [lr, #4]
20003e04:	f006 f894 	bl	20009f30 <usb_start_single_buffer_control_in_transfer>
20003e08:	e4fd      	b.n	20003806 <vendor_setup_request_handler+0x136>
20003e0a:	4a36      	ldr	r2, [pc, #216]	@ (20003ee4 <vendor_setup_request_handler+0x814>)
20003e0c:	f892 3100 	ldrb.w	r3, [r2, #256]	@ 0x100
20003e10:	f892 c114 	ldrb.w	ip, [r2, #276]	@ 0x114
20003e14:	f892 1128 	ldrb.w	r1, [r2, #296]	@ 0x128
20003e18:	f892 013c 	ldrb.w	r0, [r2, #316]	@ 0x13c
20003e1c:	ea43 030c 	orr.w	r3, r3, ip
20003e20:	430b      	orrs	r3, r1
20003e22:	f892 1150 	ldrb.w	r1, [r2, #336]	@ 0x150
20003e26:	4303      	orrs	r3, r0
20003e28:	f892 2164 	ldrb.w	r2, [r2, #356]	@ 0x164
20003e2c:	430b      	orrs	r3, r1
20003e2e:	4313      	orrs	r3, r2
20003e30:	bf14      	ite	ne
20003e32:	2201      	movne	r2, #1
20003e34:	2200      	moveq	r2, #0
20003e36:	e567      	b.n	20003908 <vendor_setup_request_handler+0x238>
20003e38:	482b      	ldr	r0, [pc, #172]	@ (20003ee8 <vendor_setup_request_handler+0x818>)
20003e3a:	7841      	ldrb	r1, [r0, #1]
20003e3c:	4607      	mov	r7, r0
20003e3e:	42b1      	cmp	r1, r6
20003e40:	d003      	beq.n	20003e4a <vendor_setup_request_handler+0x77a>
20003e42:	7881      	ldrb	r1, [r0, #2]
20003e44:	42b1      	cmp	r1, r6
20003e46:	f47f ae7c 	bne.w	20003b42 <vendor_setup_request_handler+0x472>
20003e4a:	2202      	movs	r2, #2
20003e4c:	e55c      	b.n	20003908 <vendor_setup_request_handler+0x238>
20003e4e:	793b      	ldrb	r3, [r7, #4]
20003e50:	42b3      	cmp	r3, r6
20003e52:	f43f ae87 	beq.w	20003b64 <vendor_setup_request_handler+0x494>
20003e56:	4b25      	ldr	r3, [pc, #148]	@ (20003eec <vendor_setup_request_handler+0x81c>)
20003e58:	781b      	ldrb	r3, [r3, #0]
20003e5a:	bb9b      	cbnz	r3, 20003ec4 <vendor_setup_request_handler+0x7f4>
20003e5c:	4b24      	ldr	r3, [pc, #144]	@ (20003ef0 <vendor_setup_request_handler+0x820>)
20003e5e:	781b      	ldrb	r3, [r3, #0]
20003e60:	2b01      	cmp	r3, #1
20003e62:	d02f      	beq.n	20003ec4 <vendor_setup_request_handler+0x7f4>
20003e64:	4630      	mov	r0, r6
20003e66:	f7fe fb41 	bl	200024ec <pdm_change_pin>
20003e6a:	557e      	strb	r6, [r7, r5]
20003e6c:	e67a      	b.n	20003b64 <vendor_setup_request_handler+0x494>
20003e6e:	78e1      	ldrb	r1, [r4, #3]
20003e70:	4281      	cmp	r1, r0
20003e72:	d0ea      	beq.n	20003e4a <vendor_setup_request_handler+0x77a>
20003e74:	7921      	ldrb	r1, [r4, #4]
20003e76:	4281      	cmp	r1, r0
20003e78:	d0e7      	beq.n	20003e4a <vendor_setup_request_handler+0x77a>
20003e7a:	78a1      	ldrb	r1, [r4, #2]
20003e7c:	4281      	cmp	r1, r0
20003e7e:	f43f ae71 	beq.w	20003b64 <vendor_setup_request_handler+0x494>
20003e82:	2a04      	cmp	r2, #4
20003e84:	d0e7      	beq.n	20003e56 <vendor_setup_request_handler+0x786>
20003e86:	4a1b      	ldr	r2, [pc, #108]	@ (20003ef4 <vendor_setup_request_handler+0x824>)
20003e88:	2100      	movs	r1, #0
20003e8a:	f852 0025 	ldr.w	r0, [r2, r5, lsl #2]
20003e8e:	e9cd 0300 	strd	r0, r3, [sp]
20003e92:	f004 fdd7 	bl	20008a44 <audio_spdif_set_enabled>
20003e96:	e9dd 0100 	ldrd	r0, r1, [sp]
20003e9a:	f004 fd79 	bl	20008990 <audio_spdif_change_pin>
20003e9e:	2101      	movs	r1, #1
20003ea0:	9800      	ldr	r0, [sp, #0]
20003ea2:	f004 fdcf 	bl	20008a44 <audio_spdif_set_enabled>
20003ea6:	557e      	strb	r6, [r7, r5]
20003ea8:	e65c      	b.n	20003b64 <vendor_setup_request_handler+0x494>
20003eaa:	78a1      	ldrb	r1, [r4, #2]
20003eac:	4281      	cmp	r1, r0
20003eae:	d0cc      	beq.n	20003e4a <vendor_setup_request_handler+0x77a>
20003eb0:	78e1      	ldrb	r1, [r4, #3]
20003eb2:	4281      	cmp	r1, r0
20003eb4:	d0c9      	beq.n	20003e4a <vendor_setup_request_handler+0x77a>
20003eb6:	7939      	ldrb	r1, [r7, #4]
20003eb8:	42b1      	cmp	r1, r6
20003eba:	d0c6      	beq.n	20003e4a <vendor_setup_request_handler+0x77a>
20003ebc:	7879      	ldrb	r1, [r7, #1]
20003ebe:	42b1      	cmp	r1, r6
20003ec0:	d1df      	bne.n	20003e82 <vendor_setup_request_handler+0x7b2>
20003ec2:	e64f      	b.n	20003b64 <vendor_setup_request_handler+0x494>
20003ec4:	2204      	movs	r2, #4
20003ec6:	e51f      	b.n	20003908 <vendor_setup_request_handler+0x238>
20003ec8:	20015ec4 	.word	0x20015ec4
20003ecc:	2000df4c 	.word	0x2000df4c
20003ed0:	2000e34c 	.word	0x2000e34c
20003ed4:	20015f34 	.word	0x20015f34
20003ed8:	20014ac0 	.word	0x20014ac0
20003edc:	20015358 	.word	0x20015358
20003ee0:	20061bd4 	.word	0x20061bd4
20003ee4:	20012270 	.word	0x20012270
20003ee8:	2000e300 	.word	0x2000e300
20003eec:	20015f35 	.word	0x20015f35
20003ef0:	20015f2e 	.word	0x20015f2e
20003ef4:	20061730 	.word	0x20061730

20003ef8 <ac_setup_request_handler>:
20003ef8:	b508      	push	{r3, lr}
20003efa:	780a      	ldrb	r2, [r1, #0]
20003efc:	f002 0360 	and.w	r3, r2, #96	@ 0x60
20003f00:	2b40      	cmp	r3, #64	@ 0x40
20003f02:	d032      	beq.n	20003f6a <ac_setup_request_handler+0x72>
20003f04:	2b20      	cmp	r3, #32
20003f06:	d001      	beq.n	20003f0c <ac_setup_request_handler+0x14>
20003f08:	2000      	movs	r0, #0
20003f0a:	bd08      	pop	{r3, pc}
20003f0c:	784b      	ldrb	r3, [r1, #1]
20003f0e:	2b01      	cmp	r3, #1
20003f10:	d02f      	beq.n	20003f72 <ac_setup_request_handler+0x7a>
20003f12:	f103 007f 	add.w	r0, r3, #127	@ 0x7f
20003f16:	b2c0      	uxtb	r0, r0
20003f18:	2803      	cmp	r0, #3
20003f1a:	d8f5      	bhi.n	20003f08 <ac_setup_request_handler+0x10>
20003f1c:	3b82      	subs	r3, #130	@ 0x82
20003f1e:	f002 021f 	and.w	r2, r2, #31
20003f22:	2b02      	cmp	r3, #2
20003f24:	d843      	bhi.n	20003fae <ac_setup_request_handler+0xb6>
20003f26:	e8df f003 	tbb	[pc, r3]
20003f2a:	020a      	.short	0x020a
20003f2c:	14          	.byte	0x14
20003f2d:	00          	.byte	0x00
20003f2e:	2a01      	cmp	r2, #1
20003f30:	d1ea      	bne.n	20003f08 <ac_setup_request_handler+0x10>
20003f32:	8849      	ldrh	r1, [r1, #2]
20003f34:	2000      	movs	r0, #0
20003f36:	0a09      	lsrs	r1, r1, #8
20003f38:	2902      	cmp	r1, #2
20003f3a:	d012      	beq.n	20003f62 <ac_setup_request_handler+0x6a>
20003f3c:	bd08      	pop	{r3, pc}
20003f3e:	2a01      	cmp	r2, #1
20003f40:	d1e2      	bne.n	20003f08 <ac_setup_request_handler+0x10>
20003f42:	8849      	ldrh	r1, [r1, #2]
20003f44:	0a09      	lsrs	r1, r1, #8
20003f46:	2902      	cmp	r1, #2
20003f48:	d1de      	bne.n	20003f08 <ac_setup_request_handler+0x10>
20003f4a:	4828      	ldr	r0, [pc, #160]	@ (20003fec <ac_setup_request_handler+0xf4>)
20003f4c:	f005 ffc2 	bl	20009ed4 <usb_start_tiny_control_in_transfer>
20003f50:	e009      	b.n	20003f66 <ac_setup_request_handler+0x6e>
20003f52:	2a01      	cmp	r2, #1
20003f54:	d1d8      	bne.n	20003f08 <ac_setup_request_handler+0x10>
20003f56:	8849      	ldrh	r1, [r1, #2]
20003f58:	0a09      	lsrs	r1, r1, #8
20003f5a:	2902      	cmp	r1, #2
20003f5c:	d1d4      	bne.n	20003f08 <ac_setup_request_handler+0x10>
20003f5e:	f44f 7080 	mov.w	r0, #256	@ 0x100
20003f62:	f005 ffb7 	bl	20009ed4 <usb_start_tiny_control_in_transfer>
20003f66:	2001      	movs	r0, #1
20003f68:	bd08      	pop	{r3, pc}
20003f6a:	e8bd 4008 	ldmia.w	sp!, {r3, lr}
20003f6e:	f7ff bbaf 	b.w	200036d0 <vendor_setup_request_handler>
20003f72:	88c8      	ldrh	r0, [r1, #6]
20003f74:	f100 3cff 	add.w	ip, r0, #4294967295	@ 0xffffffff
20003f78:	f1bc 0f3e 	cmp.w	ip, #62	@ 0x3e
20003f7c:	d8c4      	bhi.n	20003f08 <ac_setup_request_handler+0x10>
20003f7e:	f8df c078 	ldr.w	ip, [pc, #120]	@ 20003ff8 <ac_setup_request_handler+0x100>
20003f82:	f8b1 e004 	ldrh.w	lr, [r1, #4]
20003f86:	f88c 3000 	strb.w	r3, [ip]
20003f8a:	884b      	ldrh	r3, [r1, #2]
20003f8c:	f002 021f 	and.w	r2, r2, #31
20003f90:	ea4f 211e 	mov.w	r1, lr, lsr #8
20003f94:	ba5b      	rev16	r3, r3
20003f96:	f88c 0005 	strb.w	r0, [ip, #5]
20003f9a:	4815      	ldr	r0, [pc, #84]	@ (20003ff0 <ac_setup_request_handler+0xf8>)
20003f9c:	f88c 2001 	strb.w	r2, [ip, #1]
20003fa0:	f88c 1004 	strb.w	r1, [ip, #4]
20003fa4:	f8ac 3002 	strh.w	r3, [ip, #2]
20003fa8:	f005 ffe0 	bl	20009f6c <usb_start_control_out_transfer>
20003fac:	e7db      	b.n	20003f66 <ac_setup_request_handler+0x6e>
20003fae:	2a01      	cmp	r2, #1
20003fb0:	d00b      	beq.n	20003fca <ac_setup_request_handler+0xd2>
20003fb2:	2a02      	cmp	r2, #2
20003fb4:	d1a8      	bne.n	20003f08 <ac_setup_request_handler+0x10>
20003fb6:	884b      	ldrh	r3, [r1, #2]
20003fb8:	0a1b      	lsrs	r3, r3, #8
20003fba:	2b01      	cmp	r3, #1
20003fbc:	d1a4      	bne.n	20003f08 <ac_setup_request_handler+0x10>
20003fbe:	4b0d      	ldr	r3, [pc, #52]	@ (20003ff4 <ac_setup_request_handler+0xfc>)
20003fc0:	2103      	movs	r1, #3
20003fc2:	6818      	ldr	r0, [r3, #0]
20003fc4:	f005 ff86 	bl	20009ed4 <usb_start_tiny_control_in_transfer>
20003fc8:	e7cd      	b.n	20003f66 <ac_setup_request_handler+0x6e>
20003fca:	8849      	ldrh	r1, [r1, #2]
20003fcc:	0a09      	lsrs	r1, r1, #8
20003fce:	2901      	cmp	r1, #1
20003fd0:	d007      	beq.n	20003fe2 <ac_setup_request_handler+0xea>
20003fd2:	2902      	cmp	r1, #2
20003fd4:	d198      	bne.n	20003f08 <ac_setup_request_handler+0x10>
20003fd6:	4b07      	ldr	r3, [pc, #28]	@ (20003ff4 <ac_setup_request_handler+0xfc>)
20003fd8:	8898      	ldrh	r0, [r3, #4]
20003fda:	b200      	sxth	r0, r0
20003fdc:	f005 ff7a 	bl	20009ed4 <usb_start_tiny_control_in_transfer>
20003fe0:	e7c1      	b.n	20003f66 <ac_setup_request_handler+0x6e>
20003fe2:	4b04      	ldr	r3, [pc, #16]	@ (20003ff4 <ac_setup_request_handler+0xfc>)
20003fe4:	7a18      	ldrb	r0, [r3, #8]
20003fe6:	f005 ff75 	bl	20009ed4 <usb_start_tiny_control_in_transfer>
20003fea:	e7bc      	b.n	20003f66 <ac_setup_request_handler+0x6e>
20003fec:	ffffc400 	.word	0xffffc400
20003ff0:	2000dfb4 	.word	0x2000dfb4
20003ff4:	2000e34c 	.word	0x2000e34c
20003ff8:	20012664 	.word	0x20012664

20003ffc <audio_set_volume>:
20003ffc:	b500      	push	{lr}
20003ffe:	f643 4eff 	movw	lr, #15615	@ 0x3cff
20004002:	f500 5370 	add.w	r3, r0, #15360	@ 0x3c00
20004006:	b21b      	sxth	r3, r3
20004008:	4573      	cmp	r3, lr
2000400a:	bfa8      	it	ge
2000400c:	4673      	movge	r3, lr
2000400e:	4a0c      	ldr	r2, [pc, #48]	@ (20004040 <audio_set_volume+0x44>)
20004010:	f8df c03c 	ldr.w	ip, [pc, #60]	@ 20004050 <audio_set_volume+0x54>
20004014:	ea23 73e3 	bic.w	r3, r3, r3, asr #31
20004018:	f3c3 2307 	ubfx	r3, r3, #8, #8
2000401c:	8090      	strh	r0, [r2, #4]
2000401e:	f93c 0013 	ldrsh.w	r0, [ip, r3, lsl #1]
20004022:	4908      	ldr	r1, [pc, #32]	@ (20004044 <audio_set_volume+0x48>)
20004024:	80d0      	strh	r0, [r2, #6]
20004026:	780a      	ldrb	r2, [r1, #0]
20004028:	b142      	cbz	r2, 2000403c <audio_set_volume+0x40>
2000402a:	4a07      	ldr	r2, [pc, #28]	@ (20004048 <audio_set_volume+0x4c>)
2000402c:	6812      	ldr	r2, [r2, #0]
2000402e:	b12a      	cbz	r2, 2000403c <audio_set_volume+0x40>
20004030:	4906      	ldr	r1, [pc, #24]	@ (2000404c <audio_set_volume+0x50>)
20004032:	eb03 0343 	add.w	r3, r3, r3, lsl #1
20004036:	eb02 1203 	add.w	r2, r2, r3, lsl #4
2000403a:	600a      	str	r2, [r1, #0]
2000403c:	bd00      	pop	{pc}
2000403e:	bf00      	nop
20004040:	2000e34c 	.word	0x2000e34c
20004044:	20015f33 	.word	0x20015f33
20004048:	20014ae8 	.word	0x20014ae8
2000404c:	20014930 	.word	0x20014930
20004050:	2000dfe4 	.word	0x2000dfe4

20004054 <usb_sound_card_init>:
20004054:	e92d 43f0 	stmdb	sp!, {r4, r5, r6, r7, r8, r9, lr}
20004058:	f44f 72c6 	mov.w	r2, #396	@ 0x18c
2000405c:	b087      	sub	sp, #28
2000405e:	2100      	movs	r1, #0
20004060:	4876      	ldr	r0, [pc, #472]	@ (2000423c <usb_sound_card_init+0x1e8>)
20004062:	f007 fabb 	bl	2000b5dc <memset>
20004066:	2501      	movs	r5, #1
20004068:	f04f 537e 	mov.w	r3, #1065353216	@ 0x3f800000
2000406c:	4c73      	ldr	r4, [pc, #460]	@ (2000423c <usb_sound_card_init+0x1e8>)
2000406e:	22c0      	movs	r2, #192	@ 0xc0
20004070:	2108      	movs	r1, #8
20004072:	4873      	ldr	r0, [pc, #460]	@ (20004240 <usb_sound_card_init+0x1ec>)
20004074:	60a3      	str	r3, [r4, #8]
20004076:	f8c4 3080 	str.w	r3, [r4, #128]	@ 0x80
2000407a:	f8c4 30e0 	str.w	r3, [r4, #224]	@ 0xe0
2000407e:	f8c4 30f4 	str.w	r3, [r4, #244]	@ 0xf4
20004082:	f8c4 3108 	str.w	r3, [r4, #264]	@ 0x108
20004086:	f8c4 311c 	str.w	r3, [r4, #284]	@ 0x11c
2000408a:	f8c4 3130 	str.w	r3, [r4, #304]	@ 0x130
2000408e:	f8c4 3144 	str.w	r3, [r4, #324]	@ 0x144
20004092:	f8c4 3158 	str.w	r3, [r4, #344]	@ 0x158
20004096:	f8c4 316c 	str.w	r3, [r4, #364]	@ 0x16c
2000409a:	f8c4 3180 	str.w	r3, [r4, #384]	@ 0x180
2000409e:	7025      	strb	r5, [r4, #0]
200040a0:	f884 5078 	strb.w	r5, [r4, #120]	@ 0x78
200040a4:	f884 50d8 	strb.w	r5, [r4, #216]	@ 0xd8
200040a8:	f884 50ec 	strb.w	r5, [r4, #236]	@ 0xec
200040ac:	f004 fff6 	bl	2000909c <audio_new_producer_pool>
200040b0:	f8df 823c 	ldr.w	r8, [pc, #572]	@ 200042f0 <usb_sound_card_init+0x29c>
200040b4:	22c0      	movs	r2, #192	@ 0xc0
200040b6:	f8c8 0000 	str.w	r0, [r8]
200040ba:	2108      	movs	r1, #8
200040bc:	4860      	ldr	r0, [pc, #384]	@ (20004240 <usb_sound_card_init+0x1ec>)
200040be:	f004 ffed 	bl	2000909c <audio_new_producer_pool>
200040c2:	4f60      	ldr	r7, [pc, #384]	@ (20004244 <usb_sound_card_init+0x1f0>)
200040c4:	22c0      	movs	r2, #192	@ 0xc0
200040c6:	6038      	str	r0, [r7, #0]
200040c8:	2108      	movs	r1, #8
200040ca:	485d      	ldr	r0, [pc, #372]	@ (20004240 <usb_sound_card_init+0x1ec>)
200040cc:	f004 ffe6 	bl	2000909c <audio_new_producer_pool>
200040d0:	4e5d      	ldr	r6, [pc, #372]	@ (20004248 <usb_sound_card_init+0x1f4>)
200040d2:	22c0      	movs	r2, #192	@ 0xc0
200040d4:	6030      	str	r0, [r6, #0]
200040d6:	2108      	movs	r1, #8
200040d8:	4859      	ldr	r0, [pc, #356]	@ (20004240 <usb_sound_card_init+0x1ec>)
200040da:	f004 ffdf 	bl	2000909c <audio_new_producer_pool>
200040de:	2400      	movs	r4, #0
200040e0:	f8df 9210 	ldr.w	r9, [pc, #528]	@ 200042f4 <usb_sound_card_init+0x2a0>
200040e4:	4959      	ldr	r1, [pc, #356]	@ (2000424c <usb_sound_card_init+0x1f8>)
200040e6:	f8c9 0000 	str.w	r0, [r9]
200040ea:	4859      	ldr	r0, [pc, #356]	@ (20004250 <usb_sound_card_init+0x1fc>)
200040ec:	f005 f8e4 	bl	200092b8 <audio_i2s_setup>
200040f0:	23c0      	movs	r3, #192	@ 0xc0
200040f2:	2204      	movs	r2, #4
200040f4:	4621      	mov	r1, r4
200040f6:	f8d8 0000 	ldr.w	r0, [r8]
200040fa:	f8df 81fc 	ldr.w	r8, [pc, #508]	@ 200042f8 <usb_sound_card_init+0x2a4>
200040fe:	9400      	str	r4, [sp, #0]
20004100:	f005 f990 	bl	20009424 <audio_i2s_connect_extra>
20004104:	4628      	mov	r0, r5
20004106:	f005 f9e3 	bl	200094d0 <audio_i2s_set_enabled>
2000410a:	4a52      	ldr	r2, [pc, #328]	@ (20004254 <usb_sound_card_init+0x200>)
2000410c:	4950      	ldr	r1, [pc, #320]	@ (20004250 <usb_sound_card_init+0x1fc>)
2000410e:	4640      	mov	r0, r8
20004110:	f004 fabc 	bl	2000868c <audio_spdif_setup>
20004114:	6839      	ldr	r1, [r7, #0]
20004116:	4f50      	ldr	r7, [pc, #320]	@ (20004258 <usb_sound_card_init+0x204>)
20004118:	2304      	movs	r3, #4
2000411a:	4622      	mov	r2, r4
2000411c:	4640      	mov	r0, r8
2000411e:	9400      	str	r4, [sp, #0]
20004120:	f004 fbd6 	bl	200088d0 <audio_spdif_connect_extra>
20004124:	4638      	mov	r0, r7
20004126:	4a4d      	ldr	r2, [pc, #308]	@ (2000425c <usb_sound_card_init+0x208>)
20004128:	4949      	ldr	r1, [pc, #292]	@ (20004250 <usb_sound_card_init+0x1fc>)
2000412a:	f004 faaf 	bl	2000868c <audio_spdif_setup>
2000412e:	6831      	ldr	r1, [r6, #0]
20004130:	4e4b      	ldr	r6, [pc, #300]	@ (20004260 <usb_sound_card_init+0x20c>)
20004132:	2304      	movs	r3, #4
20004134:	4622      	mov	r2, r4
20004136:	4638      	mov	r0, r7
20004138:	9400      	str	r4, [sp, #0]
2000413a:	f004 fbc9 	bl	200088d0 <audio_spdif_connect_extra>
2000413e:	4630      	mov	r0, r6
20004140:	4a48      	ldr	r2, [pc, #288]	@ (20004264 <usb_sound_card_init+0x210>)
20004142:	4943      	ldr	r1, [pc, #268]	@ (20004250 <usb_sound_card_init+0x1fc>)
20004144:	f004 faa2 	bl	2000868c <audio_spdif_setup>
20004148:	4622      	mov	r2, r4
2000414a:	f8d9 1000 	ldr.w	r1, [r9]
2000414e:	2304      	movs	r3, #4
20004150:	4630      	mov	r0, r6
20004152:	9400      	str	r4, [sp, #0]
20004154:	f004 fbbc 	bl	200088d0 <audio_spdif_connect_extra>
20004158:	4b43      	ldr	r3, [pc, #268]	@ (20004268 <usb_sound_card_init+0x214>)
2000415a:	4621      	mov	r1, r4
2000415c:	200b      	movs	r0, #11
2000415e:	609f      	str	r7, [r3, #8]
20004160:	60de      	str	r6, [r3, #12]
20004162:	e9c3 4800 	strd	r4, r8, [r3]
20004166:	f000 fb45 	bl	200047f4 <irq_set_priority>
2000416a:	4b40      	ldr	r3, [pc, #256]	@ (2000426c <usb_sound_card_init+0x218>)
2000416c:	4e40      	ldr	r6, [pc, #256]	@ (20004270 <usb_sound_card_init+0x21c>)
2000416e:	e893 0007 	ldmia.w	r3, {r0, r1, r2}
20004172:	ab03      	add	r3, sp, #12
20004174:	e883 0007 	stmia.w	r3, {r0, r1, r2}
20004178:	4f3e      	ldr	r7, [pc, #248]	@ (20004274 <usb_sound_card_init+0x220>)
2000417a:	4618      	mov	r0, r3
2000417c:	2103      	movs	r1, #3
2000417e:	f004 fcab 	bl	20008ad8 <audio_spdif_enable_sync>
20004182:	4623      	mov	r3, r4
20004184:	4622      	mov	r2, r4
20004186:	493c      	ldr	r1, [pc, #240]	@ (20004278 <usb_sound_card_init+0x224>)
20004188:	9500      	str	r5, [sp, #0]
2000418a:	483a      	ldr	r0, [pc, #232]	@ (20004274 <usb_sound_card_init+0x220>)
2000418c:	f005 fd8a 	bl	20009ca4 <usb_interface_init>
20004190:	9500      	str	r5, [sp, #0]
20004192:	2302      	movs	r3, #2
20004194:	4a39      	ldr	r2, [pc, #228]	@ (2000427c <usb_sound_card_init+0x228>)
20004196:	493a      	ldr	r1, [pc, #232]	@ (20004280 <usb_sound_card_init+0x22c>)
20004198:	60fe      	str	r6, [r7, #12]
2000419a:	483a      	ldr	r0, [pc, #232]	@ (20004284 <usb_sound_card_init+0x230>)
2000419c:	f005 fd82 	bl	20009ca4 <usb_interface_init>
200041a0:	4b39      	ldr	r3, [pc, #228]	@ (20004288 <usb_sound_card_init+0x234>)
200041a2:	4a38      	ldr	r2, [pc, #224]	@ (20004284 <usb_sound_card_init+0x230>)
200041a4:	4e39      	ldr	r6, [pc, #228]	@ (2000428c <usb_sound_card_init+0x238>)
200041a6:	6113      	str	r3, [r2, #16]
200041a8:	4a39      	ldr	r2, [pc, #228]	@ (20004290 <usb_sound_card_init+0x23c>)
200041aa:	4b3a      	ldr	r3, [pc, #232]	@ (20004294 <usb_sound_card_init+0x240>)
200041ac:	4610      	mov	r0, r2
200041ae:	6153      	str	r3, [r2, #20]
200041b0:	4a39      	ldr	r2, [pc, #228]	@ (20004298 <usb_sound_card_init+0x244>)
200041b2:	4b3a      	ldr	r3, [pc, #232]	@ (2000429c <usb_sound_card_init+0x248>)
200041b4:	4611      	mov	r1, r2
200041b6:	6013      	str	r3, [r2, #0]
200041b8:	f005 fcf2 	bl	20009ba0 <usb_set_default_transfer>
200041bc:	4b38      	ldr	r3, [pc, #224]	@ (200042a0 <usb_sound_card_init+0x24c>)
200041be:	4939      	ldr	r1, [pc, #228]	@ (200042a4 <usb_sound_card_init+0x250>)
200041c0:	4839      	ldr	r0, [pc, #228]	@ (200042a8 <usb_sound_card_init+0x254>)
200041c2:	600b      	str	r3, [r1, #0]
200041c4:	f005 fcec 	bl	20009ba0 <usb_set_default_transfer>
200041c8:	4623      	mov	r3, r4
200041ca:	4622      	mov	r2, r4
200041cc:	4937      	ldr	r1, [pc, #220]	@ (200042ac <usb_sound_card_init+0x258>)
200041ce:	9500      	str	r5, [sp, #0]
200041d0:	4837      	ldr	r0, [pc, #220]	@ (200042b0 <usb_sound_card_init+0x25c>)
200041d2:	f005 fd67 	bl	20009ca4 <usb_interface_init>
200041d6:	4d37      	ldr	r5, [pc, #220]	@ (200042b4 <usb_sound_card_init+0x260>)
200041d8:	9600      	str	r6, [sp, #0]
200041da:	4e35      	ldr	r6, [pc, #212]	@ (200042b0 <usb_sound_card_init+0x25c>)
200041dc:	4a36      	ldr	r2, [pc, #216]	@ (200042b8 <usb_sound_card_init+0x264>)
200041de:	4937      	ldr	r1, [pc, #220]	@ (200042bc <usb_sound_card_init+0x268>)
200041e0:	2303      	movs	r3, #3
200041e2:	4837      	ldr	r0, [pc, #220]	@ (200042c0 <usb_sound_card_init+0x26c>)
200041e4:	60f5      	str	r5, [r6, #12]
200041e6:	f005 fd95 	bl	20009d14 <usb_device_init>
200041ea:	4b36      	ldr	r3, [pc, #216]	@ (200042c4 <usb_sound_card_init+0x270>)
200041ec:	6043      	str	r3, [r0, #4]
200041ee:	f7fc f9c9 	bl	20000584 <dsp_init_default_filters>
200041f2:	4835      	ldr	r0, [pc, #212]	@ (200042c8 <usb_sound_card_init+0x274>)
200041f4:	f7fc fc60 	bl	20000ab8 <dsp_recalculate_all_filters>
200041f8:	f647 71ff 	movw	r1, #32767	@ 0x7fff
200041fc:	4b33      	ldr	r3, [pc, #204]	@ (200042cc <usb_sound_card_init+0x278>)
200041fe:	4a34      	ldr	r2, [pc, #208]	@ (200042d0 <usb_sound_card_init+0x27c>)
20004200:	809c      	strh	r4, [r3, #4]
20004202:	80d9      	strh	r1, [r3, #6]
20004204:	7812      	ldrb	r2, [r2, #0]
20004206:	b132      	cbz	r2, 20004216 <usb_sound_card_init+0x1c2>
20004208:	4a32      	ldr	r2, [pc, #200]	@ (200042d4 <usb_sound_card_init+0x280>)
2000420a:	6812      	ldr	r2, [r2, #0]
2000420c:	b11a      	cbz	r2, 20004216 <usb_sound_card_init+0x1c2>
2000420e:	4932      	ldr	r1, [pc, #200]	@ (200042d8 <usb_sound_card_init+0x284>)
20004210:	f502 6234 	add.w	r2, r2, #2880	@ 0xb40
20004214:	600a      	str	r2, [r1, #0]
20004216:	2001      	movs	r0, #1
20004218:	4930      	ldr	r1, [pc, #192]	@ (200042dc <usb_sound_card_init+0x288>)
2000421a:	4a31      	ldr	r2, [pc, #196]	@ (200042e0 <usb_sound_card_init+0x28c>)
2000421c:	7008      	strb	r0, [r1, #0]
2000421e:	681b      	ldr	r3, [r3, #0]
20004220:	4c30      	ldr	r4, [pc, #192]	@ (200042e4 <usb_sound_card_init+0x290>)
20004222:	4d31      	ldr	r5, [pc, #196]	@ (200042e8 <usb_sound_card_init+0x294>)
20004224:	6013      	str	r3, [r2, #0]
20004226:	6065      	str	r5, [r4, #4]
20004228:	f004 f98a 	bl	20008540 <adc_init>
2000422c:	2202      	movs	r2, #2
2000422e:	4b2f      	ldr	r3, [pc, #188]	@ (200042ec <usb_sound_card_init+0x298>)
20004230:	601a      	str	r2, [r3, #0]
20004232:	f005 fdd7 	bl	20009de4 <usb_device_start>
20004236:	b007      	add	sp, #28
20004238:	e8bd 83f0 	ldmia.w	sp!, {r4, r5, r6, r7, r8, r9, pc}
2000423c:	20012270 	.word	0x20012270
20004240:	2000e2e0 	.word	0x2000e2e0
20004244:	2001534c 	.word	0x2001534c
20004248:	20015350 	.word	0x20015350
2000424c:	2000dfa0 	.word	0x2000dfa0
20004250:	2000e308 	.word	0x2000e308
20004254:	2000e2f8 	.word	0x2000e2f8
20004258:	20015428 	.word	0x20015428
2000425c:	2000e2f0 	.word	0x2000e2f0
20004260:	20015490 	.word	0x20015490
20004264:	2000e2e8 	.word	0x2000e2e8
20004268:	20061730 	.word	0x20061730
2000426c:	2000e060 	.word	0x2000e060
20004270:	20003ef9 	.word	0x20003ef9
20004274:	2001260c 	.word	0x2001260c
20004278:	2000e155 	.word	0x2000e155
2000427c:	2000df98 	.word	0x2000df98
20004280:	2000e18f 	.word	0x2000e18f
20004284:	20012624 	.word	0x20012624
20004288:	20002e11 	.word	0x20002e11
2000428c:	20002e25 	.word	0x20002e25
20004290:	20014a3c 	.word	0x20014a3c
20004294:	20003531 	.word	0x20003531
20004298:	20012650 	.word	0x20012650
2000429c:	2000dfd4 	.word	0x2000dfd4
200042a0:	2000dfc4 	.word	0x2000dfc4
200042a4:	2001263c 	.word	0x2001263c
200042a8:	20014a70 	.word	0x20014a70
200042ac:	2000e1c9 	.word	0x2000e1c9
200042b0:	20015ecc 	.word	0x20015ecc
200042b4:	200036d1 	.word	0x200036d1
200042b8:	2000df8c 	.word	0x2000df8c
200042bc:	2000e14c 	.word	0x2000e14c
200042c0:	2000e138 	.word	0x2000e138
200042c4:	20003629 	.word	0x20003629
200042c8:	473b8000 	.word	0x473b8000
200042cc:	2000e34c 	.word	0x2000e34c
200042d0:	20015f33 	.word	0x20015f33
200042d4:	20014ae8 	.word	0x20014ae8
200042d8:	20014930 	.word	0x20014930
200042dc:	20015f38 	.word	0x20015f38
200042e0:	2000e348 	.word	0x2000e348
200042e4:	20014908 	.word	0x20014908
200042e8:	20012a70 	.word	0x20012a70
200042ec:	400a2000 	.word	0x400a2000
200042f0:	20015348 	.word	0x20015348
200042f4:	20015354 	.word	0x20015354
200042f8:	200153c0 	.word	0x200153c0

200042fc <gpio_set_function>:
200042fc:	f44f 7c80 	mov.w	ip, #256	@ 0x100
20004300:	4b0c      	ldr	r3, [pc, #48]	@ (20004334 <gpio_set_function+0x38>)
20004302:	b500      	push	{lr}
20004304:	f853 2020 	ldr.w	r2, [r3, r0, lsl #2]
20004308:	eb03 0380 	add.w	r3, r3, r0, lsl #2
2000430c:	00c0      	lsls	r0, r0, #3
2000430e:	f082 0240 	eor.w	r2, r2, #64	@ 0x40
20004312:	f100 4080 	add.w	r0, r0, #1073741824	@ 0x40000000
20004316:	f503 5e80 	add.w	lr, r3, #4096	@ 0x1000
2000431a:	f002 02c0 	and.w	r2, r2, #192	@ 0xc0
2000431e:	f500 3020 	add.w	r0, r0, #163840	@ 0x28000
20004322:	f503 5340 	add.w	r3, r3, #12288	@ 0x3000
20004326:	f8ce 2000 	str.w	r2, [lr]
2000432a:	6041      	str	r1, [r0, #4]
2000432c:	f8c3 c000 	str.w	ip, [r3]
20004330:	bd00      	pop	{pc}
20004332:	bf00      	nop
20004334:	40038004 	.word	0x40038004

20004338 <gpio_init>:
20004338:	f04f 0300 	mov.w	r3, #0
2000433c:	b500      	push	{lr}
2000433e:	ec43 0044 	gpioc_bit_oe_put r0, r3
20004342:	ec43 0040 	gpioc_bit_out_put r0, r3
20004346:	f04f 0e05 	mov.w	lr, #5
2000434a:	f44f 7c80 	mov.w	ip, #256	@ 0x100
2000434e:	4b0c      	ldr	r3, [pc, #48]	@ (20004380 <gpio_init+0x48>)
20004350:	00c2      	lsls	r2, r0, #3
20004352:	f853 1020 	ldr.w	r1, [r3, r0, lsl #2]
20004356:	eb03 0080 	add.w	r0, r3, r0, lsl #2
2000435a:	f081 0140 	eor.w	r1, r1, #64	@ 0x40
2000435e:	f102 4380 	add.w	r3, r2, #1073741824	@ 0x40000000
20004362:	f503 3320 	add.w	r3, r3, #163840	@ 0x28000
20004366:	f001 02c0 	and.w	r2, r1, #192	@ 0xc0
2000436a:	f500 5180 	add.w	r1, r0, #4096	@ 0x1000
2000436e:	f500 5040 	add.w	r0, r0, #12288	@ 0x3000
20004372:	600a      	str	r2, [r1, #0]
20004374:	f8c3 e004 	str.w	lr, [r3, #4]
20004378:	f8c0 c000 	str.w	ip, [r0]
2000437c:	bd00      	pop	{pc}
2000437e:	bf00      	nop
20004380:	40038004 	.word	0x40038004

20004384 <panic>:
20004384:	b40f      	push	{r0, r1, r2, r3}
20004386:	b500      	push	{lr}
20004388:	4808      	ldr	r0, [pc, #32]	@ (200043ac <panic+0x28>)
2000438a:	b083      	sub	sp, #12
2000438c:	f003 ffa0 	bl	200082d0 <__wrap_puts>
20004390:	9b04      	ldr	r3, [sp, #16]
20004392:	b13b      	cbz	r3, 200043a4 <panic+0x20>
20004394:	a905      	add	r1, sp, #20
20004396:	4618      	mov	r0, r3
20004398:	9101      	str	r1, [sp, #4]
2000439a:	f003 fe57 	bl	2000804c <weak_raw_vprintf>
2000439e:	4804      	ldr	r0, [pc, #16]	@ (200043b0 <panic+0x2c>)
200043a0:	f003 ff96 	bl	200082d0 <__wrap_puts>
200043a4:	2001      	movs	r0, #1
200043a6:	f003 fe69 	bl	2000807c <_exit>
200043aa:	bf00      	nop
200043ac:	2000d948 	.word	0x2000d948
200043b0:	2000dc6c 	.word	0x2000dc6c

200043b4 <panic_unsupported>:
200043b4:	b508      	push	{r3, lr}
200043b6:	4801      	ldr	r0, [pc, #4]	@ (200043bc <panic_unsupported+0x8>)
200043b8:	f7ff ffe4 	bl	20004384 <panic>
200043bc:	2000d958 	.word	0x2000d958

200043c0 <hw_claim_lock>:
200043c0:	f3ef 8010 	mrs	r0, PRIMASK
200043c4:	b672      	cpsid	i
200043c6:	4b06      	ldr	r3, [pc, #24]	@ (200043e0 <hw_claim_lock+0x20>)
200043c8:	e8d3 1fcf 	ldaexb	r1, [r3]
200043cc:	2201      	movs	r2, #1
200043ce:	2900      	cmp	r1, #0
200043d0:	d1fa      	bne.n	200043c8 <hw_claim_lock+0x8>
200043d2:	e8c3 2f41 	strexb	r1, r2, [r3]
200043d6:	2900      	cmp	r1, #0
200043d8:	d1f6      	bne.n	200043c8 <hw_claim_lock+0x8>
200043da:	f3bf 8f5f 	dmb	sy
200043de:	4770      	bx	lr
200043e0:	20061777 	.word	0x20061777

200043e4 <hw_claim_unlock>:
200043e4:	2300      	movs	r3, #0
200043e6:	4a03      	ldr	r2, [pc, #12]	@ (200043f4 <hw_claim_unlock+0x10>)
200043e8:	e8c2 3f8f 	stlb	r3, [r2]
200043ec:	f380 8810 	msr	PRIMASK, r0
200043f0:	4770      	bx	lr
200043f2:	bf00      	nop
200043f4:	20061777 	.word	0x20061777

200043f8 <hw_claim_or_assert>:
200043f8:	b570      	push	{r4, r5, r6, lr}
200043fa:	4616      	mov	r6, r2
200043fc:	f3ef 8410 	mrs	r4, PRIMASK
20004400:	b672      	cpsid	i
20004402:	f8df e048 	ldr.w	lr, [pc, #72]	@ 2000444c <hw_claim_or_assert+0x54>
20004406:	e8de 2fcf 	ldaexb	r2, [lr]
2000440a:	2301      	movs	r3, #1
2000440c:	2a00      	cmp	r2, #0
2000440e:	d1fa      	bne.n	20004406 <hw_claim_or_assert+0xe>
20004410:	e8ce 3f42 	strexb	r2, r3, [lr]
20004414:	2a00      	cmp	r2, #0
20004416:	d1f6      	bne.n	20004406 <hw_claim_or_assert+0xe>
20004418:	f3bf 8f5f 	dmb	sy
2000441c:	2301      	movs	r3, #1
2000441e:	f001 0c07 	and.w	ip, r1, #7
20004422:	08ca      	lsrs	r2, r1, #3
20004424:	fa03 f30c 	lsl.w	r3, r3, ip
20004428:	f810 c002 	ldrb.w	ip, [r0, r2]
2000442c:	ea1c 0503 	ands.w	r5, ip, r3
20004430:	d108      	bne.n	20004444 <hw_claim_or_assert+0x4c>
20004432:	ea4c 0c03 	orr.w	ip, ip, r3
20004436:	f800 c002 	strb.w	ip, [r0, r2]
2000443a:	e8ce 5f8f 	stlb	r5, [lr]
2000443e:	f384 8810 	msr	PRIMASK, r4
20004442:	bd70      	pop	{r4, r5, r6, pc}
20004444:	4630      	mov	r0, r6
20004446:	f7ff ff9d 	bl	20004384 <panic>
2000444a:	bf00      	nop
2000444c:	20061777 	.word	0x20061777

20004450 <hw_claim_unused_from_range>:
20004450:	b5f8      	push	{r3, r4, r5, r6, r7, lr}
20004452:	460f      	mov	r7, r1
20004454:	4619      	mov	r1, r3
20004456:	f3ef 8610 	mrs	r6, PRIMASK
2000445a:	b672      	cpsid	i
2000445c:	4d1c      	ldr	r5, [pc, #112]	@ (200044d0 <hw_claim_unused_from_range+0x80>)
2000445e:	e8d5 4fcf 	ldaexb	r4, [r5]
20004462:	2301      	movs	r3, #1
20004464:	2c00      	cmp	r4, #0
20004466:	d1fa      	bne.n	2000445e <hw_claim_unused_from_range+0xe>
20004468:	e8c5 3f44 	strexb	r4, r3, [r5]
2000446c:	2c00      	cmp	r4, #0
2000446e:	d1f6      	bne.n	2000445e <hw_claim_unused_from_range+0xe>
20004470:	f3bf 8f5f 	dmb	sy
20004474:	428a      	cmp	r2, r1
20004476:	d81b      	bhi.n	200044b0 <hw_claim_unused_from_range+0x60>
20004478:	2401      	movs	r4, #1
2000447a:	e002      	b.n	20004482 <hw_claim_unused_from_range+0x32>
2000447c:	3201      	adds	r2, #1
2000447e:	4291      	cmp	r1, r2
20004480:	d322      	bcc.n	200044c8 <hw_claim_unused_from_range+0x78>
20004482:	08d3      	lsrs	r3, r2, #3
20004484:	f810 e003 	ldrb.w	lr, [r0, r3]
20004488:	f002 0c07 	and.w	ip, r2, #7
2000448c:	fa04 fc0c 	lsl.w	ip, r4, ip
20004490:	ea1e 0f0c 	tst.w	lr, ip
20004494:	d1f2      	bne.n	2000447c <hw_claim_unused_from_range+0x2c>
20004496:	ea4e 0e0c 	orr.w	lr, lr, ip
2000449a:	f800 e003 	strb.w	lr, [r0, r3]
2000449e:	4610      	mov	r0, r2
200044a0:	2300      	movs	r3, #0
200044a2:	e8c5 3f8f 	stlb	r3, [r5]
200044a6:	f386 8810 	msr	PRIMASK, r6
200044aa:	4298      	cmp	r0, r3
200044ac:	db07      	blt.n	200044be <hw_claim_unused_from_range+0x6e>
200044ae:	bdf8      	pop	{r3, r4, r5, r6, r7, pc}
200044b0:	2300      	movs	r3, #0
200044b2:	e8c5 3f8f 	stlb	r3, [r5]
200044b6:	f386 8810 	msr	PRIMASK, r6
200044ba:	f04f 30ff 	mov.w	r0, #4294967295	@ 0xffffffff
200044be:	2f00      	cmp	r7, #0
200044c0:	d0f5      	beq.n	200044ae <hw_claim_unused_from_range+0x5e>
200044c2:	9806      	ldr	r0, [sp, #24]
200044c4:	f7ff ff5e 	bl	20004384 <panic>
200044c8:	f04f 30ff 	mov.w	r0, #4294967295	@ 0xffffffff
200044cc:	e7e8      	b.n	200044a0 <hw_claim_unused_from_range+0x50>
200044ce:	bf00      	nop
200044d0:	20061777 	.word	0x20061777

200044d4 <next_striped_spin_lock_num>:
200044d4:	4a04      	ldr	r2, [pc, #16]	@ (200044e8 <next_striped_spin_lock_num+0x14>)
200044d6:	7810      	ldrb	r0, [r2, #0]
200044d8:	1c43      	adds	r3, r0, #1
200044da:	b2db      	uxtb	r3, r3
200044dc:	2b18      	cmp	r3, #24
200044de:	bf28      	it	cs
200044e0:	2310      	movcs	r3, #16
200044e2:	7013      	strb	r3, [r2, #0]
200044e4:	4770      	bx	lr
200044e6:	bf00      	nop
200044e8:	2000e379 	.word	0x2000e379

200044ec <spinlock_set_extexclall>:
200044ec:	f04f 22e0 	mov.w	r2, #3758153728	@ 0xe000e000
200044f0:	6893      	ldr	r3, [r2, #8]
200044f2:	f043 5300 	orr.w	r3, r3, #536870912	@ 0x20000000
200044f6:	6093      	str	r3, [r2, #8]
200044f8:	4770      	bx	lr
200044fa:	bf00      	nop

200044fc <spin_locks_reset>:
200044fc:	2100      	movs	r1, #0
200044fe:	4b04      	ldr	r3, [pc, #16]	@ (20004510 <spin_locks_reset+0x14>)
20004500:	f103 0220 	add.w	r2, r3, #32
20004504:	e8c3 1f8f 	stlb	r1, [r3]
20004508:	3301      	adds	r3, #1
2000450a:	4293      	cmp	r3, r2
2000450c:	d1fa      	bne.n	20004504 <spin_locks_reset+0x8>
2000450e:	4770      	bx	lr
20004510:	2006176c 	.word	0x2006176c

20004514 <spin_lock_init>:
20004514:	4b02      	ldr	r3, [pc, #8]	@ (20004520 <spin_lock_init+0xc>)
20004516:	2200      	movs	r2, #0
20004518:	4418      	add	r0, r3
2000451a:	e8c0 2f8f 	stlb	r2, [r0]
2000451e:	4770      	bx	lr
20004520:	2006176c 	.word	0x2006176c

20004524 <runtime_init_per_core_irq_priorities>:
20004524:	f04f 3080 	mov.w	r0, #2155905152	@ 0x80808080
20004528:	4b04      	ldr	r3, [pc, #16]	@ (2000453c <runtime_init_per_core_irq_priorities+0x18>)
2000452a:	4905      	ldr	r1, [pc, #20]	@ (20004540 <runtime_init_per_core_irq_priorities+0x1c>)
2000452c:	461a      	mov	r2, r3
2000452e:	3304      	adds	r3, #4
20004530:	428b      	cmp	r3, r1
20004532:	6010      	str	r0, [r2, #0]
20004534:	d1fa      	bne.n	2000452c <runtime_init_per_core_irq_priorities+0x8>
20004536:	b662      	cpsie	i
20004538:	4770      	bx	lr
2000453a:	bf00      	nop
2000453c:	e000e400 	.word	0xe000e400
20004540:	e000e434 	.word	0xe000e434

20004544 <irq_set_enabled>:
20004544:	2301      	movs	r3, #1
20004546:	f000 021f 	and.w	r2, r0, #31
2000454a:	4093      	lsls	r3, r2
2000454c:	0940      	lsrs	r0, r0, #5
2000454e:	b141      	cbz	r1, 20004562 <irq_set_enabled+0x1e>
20004550:	0080      	lsls	r0, r0, #2
20004552:	f100 4060 	add.w	r0, r0, #3758096384	@ 0xe0000000
20004556:	f500 4061 	add.w	r0, r0, #57600	@ 0xe100
2000455a:	f8c0 3180 	str.w	r3, [r0, #384]	@ 0x180
2000455e:	6003      	str	r3, [r0, #0]
20004560:	4770      	bx	lr
20004562:	4a02      	ldr	r2, [pc, #8]	@ (2000456c <irq_set_enabled+0x28>)
20004564:	3020      	adds	r0, #32
20004566:	f842 3020 	str.w	r3, [r2, r0, lsl #2]
2000456a:	4770      	bx	lr
2000456c:	e000e100 	.word	0xe000e100

20004570 <irq_is_enabled>:
20004570:	2301      	movs	r3, #1
20004572:	4a06      	ldr	r2, [pc, #24]	@ (2000458c <irq_is_enabled+0x1c>)
20004574:	0941      	lsrs	r1, r0, #5
20004576:	f852 2021 	ldr.w	r2, [r2, r1, lsl #2]
2000457a:	f000 001f 	and.w	r0, r0, #31
2000457e:	4083      	lsls	r3, r0
20004580:	4213      	tst	r3, r2
20004582:	bf14      	ite	ne
20004584:	2001      	movne	r0, #1
20004586:	2000      	moveq	r0, #0
20004588:	4770      	bx	lr
2000458a:	bf00      	nop
2000458c:	e000e100 	.word	0xe000e100

20004590 <irq_set_exclusive_handler>:
20004590:	b510      	push	{r4, lr}
20004592:	b082      	sub	sp, #8
20004594:	f3ef 8410 	mrs	r4, PRIMASK
20004598:	b672      	cpsid	i
2000459a:	4b16      	ldr	r3, [pc, #88]	@ (200045f4 <irq_set_exclusive_handler+0x64>)
2000459c:	e8d3 cfcf 	ldaexb	ip, [r3]
200045a0:	2201      	movs	r2, #1
200045a2:	f1bc 0f00 	cmp.w	ip, #0
200045a6:	d1f9      	bne.n	2000459c <irq_set_exclusive_handler+0xc>
200045a8:	e8c3 2f4c 	strexb	ip, r2, [r3]
200045ac:	f1bc 0f00 	cmp.w	ip, #0
200045b0:	d1f4      	bne.n	2000459c <irq_set_exclusive_handler+0xc>
200045b2:	f3bf 8f5f 	dmb	sy
200045b6:	4a10      	ldr	r2, [pc, #64]	@ (200045f8 <irq_set_exclusive_handler+0x68>)
200045b8:	3010      	adds	r0, #16
200045ba:	6892      	ldr	r2, [r2, #8]
200045bc:	f8df c03c 	ldr.w	ip, [pc, #60]	@ 200045fc <irq_set_exclusive_handler+0x6c>
200045c0:	f852 2020 	ldr.w	r2, [r2, r0, lsl #2]
200045c4:	4562      	cmp	r2, ip
200045c6:	d008      	beq.n	200045da <irq_set_exclusive_handler+0x4a>
200045c8:	4291      	cmp	r1, r2
200045ca:	d006      	beq.n	200045da <irq_set_exclusive_handler+0x4a>
200045cc:	e9cd 0100 	strd	r0, r1, [sp]
200045d0:	f000 ff48 	bl	20005464 <hard_assertion_failure>
200045d4:	9901      	ldr	r1, [sp, #4]
200045d6:	4b07      	ldr	r3, [pc, #28]	@ (200045f4 <irq_set_exclusive_handler+0x64>)
200045d8:	9800      	ldr	r0, [sp, #0]
200045da:	4a07      	ldr	r2, [pc, #28]	@ (200045f8 <irq_set_exclusive_handler+0x68>)
200045dc:	6892      	ldr	r2, [r2, #8]
200045de:	f842 1020 	str.w	r1, [r2, r0, lsl #2]
200045e2:	f3bf 8f5f 	dmb	sy
200045e6:	2200      	movs	r2, #0
200045e8:	e8c3 2f8f 	stlb	r2, [r3]
200045ec:	f384 8810 	msr	PRIMASK, r4
200045f0:	b002      	add	sp, #8
200045f2:	bd10      	pop	{r4, pc}
200045f4:	20061775 	.word	0x20061775
200045f8:	e000ed00 	.word	0xe000ed00
200045fc:	10000111 	.word	0x10000111

20004600 <irq_add_shared_handler>:
20004600:	e92d 4ff0 	stmdb	sp!, {r4, r5, r6, r7, r8, r9, sl, fp, lr}
20004604:	4606      	mov	r6, r0
20004606:	468a      	mov	sl, r1
20004608:	4615      	mov	r5, r2
2000460a:	b083      	sub	sp, #12
2000460c:	f3ef 8810 	mrs	r8, PRIMASK
20004610:	b672      	cpsid	i
20004612:	4f71      	ldr	r7, [pc, #452]	@ (200047d8 <irq_add_shared_handler+0x1d8>)
20004614:	e8d7 2fcf 	ldaexb	r2, [r7]
20004618:	2301      	movs	r3, #1
2000461a:	2a00      	cmp	r2, #0
2000461c:	d1fa      	bne.n	20004614 <irq_add_shared_handler+0x14>
2000461e:	e8c7 3f42 	strexb	r2, r3, [r7]
20004622:	2a00      	cmp	r2, #0
20004624:	d1f6      	bne.n	20004614 <irq_add_shared_handler+0x14>
20004626:	f3bf 8f5f 	dmb	sy
2000462a:	496c      	ldr	r1, [pc, #432]	@ (200047dc <irq_add_shared_handler+0x1dc>)
2000462c:	f991 2000 	ldrsb.w	r2, [r1]
20004630:	2a00      	cmp	r2, #0
20004632:	db7b      	blt.n	2000472c <irq_add_shared_handler+0x12c>
20004634:	486a      	ldr	r0, [pc, #424]	@ (200047e0 <irq_add_shared_handler+0x1e0>)
20004636:	eb02 0442 	add.w	r4, r2, r2, lsl #1
2000463a:	eb00 0384 	add.w	r3, r0, r4, lsl #2
2000463e:	f893 c006 	ldrb.w	ip, [r3, #6]
20004642:	3610      	adds	r6, #16
20004644:	f881 c000 	strb.w	ip, [r1]
20004648:	4966      	ldr	r1, [pc, #408]	@ (200047e4 <irq_add_shared_handler+0x1e4>)
2000464a:	00a4      	lsls	r4, r4, #2
2000464c:	6889      	ldr	r1, [r1, #8]
2000464e:	ea4f 0b42 	mov.w	fp, r2, lsl #1
20004652:	f851 e026 	ldr.w	lr, [r1, r6, lsl #2]
20004656:	ebae 0100 	sub.w	r1, lr, r0
2000465a:	292f      	cmp	r1, #47	@ 0x2f
2000465c:	d92e      	bls.n	200046bc <irq_add_shared_handler+0xbc>
2000465e:	4962      	ldr	r1, [pc, #392]	@ (200047e8 <irq_add_shared_handler+0x1e8>)
20004660:	458e      	cmp	lr, r1
20004662:	f040 8084 	bne.w	2000476e <irq_add_shared_handler+0x16e>
20004666:	f043 0e01 	orr.w	lr, r3, #1
2000466a:	4b60      	ldr	r3, [pc, #384]	@ (200047ec <irq_add_shared_handler+0x1ec>)
2000466c:	3402      	adds	r4, #2
2000466e:	4404      	add	r4, r0
20004670:	3b04      	subs	r3, #4
20004672:	1b1b      	subs	r3, r3, r4
20004674:	f3c3 034a 	ubfx	r3, r3, #1, #11
20004678:	ea6f 43c3 	mvn.w	r3, r3, lsl #19
2000467c:	f44f 4121 	mov.w	r1, #41216	@ 0xa100
20004680:	ea6f 43d3 	mvn.w	r3, r3, lsr #19
20004684:	445a      	add	r2, fp
20004686:	f820 1022 	strh.w	r1, [r0, r2, lsl #2]
2000468a:	eb00 0282 	add.w	r2, r0, r2, lsl #2
2000468e:	8053      	strh	r3, [r2, #2]
20004690:	f64b 5301 	movw	r3, #48385	@ 0xbd01
20004694:	8093      	strh	r3, [r2, #4]
20004696:	23ff      	movs	r3, #255	@ 0xff
20004698:	71d5      	strb	r5, [r2, #7]
2000469a:	f8c2 a008 	str.w	sl, [r2, #8]
2000469e:	7193      	strb	r3, [r2, #6]
200046a0:	4b50      	ldr	r3, [pc, #320]	@ (200047e4 <irq_add_shared_handler+0x1e4>)
200046a2:	689b      	ldr	r3, [r3, #8]
200046a4:	f843 e026 	str.w	lr, [r3, r6, lsl #2]
200046a8:	f3bf 8f5f 	dmb	sy
200046ac:	2300      	movs	r3, #0
200046ae:	e8c7 3f8f 	stlb	r3, [r7]
200046b2:	f388 8810 	msr	PRIMASK, r8
200046b6:	b003      	add	sp, #12
200046b8:	e8bd 8ff0 	ldmia.w	sp!, {r4, r5, r6, r7, r8, r9, sl, fp, pc}
200046bc:	f02e 0c01 	bic.w	ip, lr, #1
200046c0:	f89c 1007 	ldrb.w	r1, [ip, #7]
200046c4:	42a9      	cmp	r1, r5
200046c6:	d95a      	bls.n	2000477e <irq_add_shared_handler+0x17e>
200046c8:	46b1      	mov	r9, r6
200046ca:	9401      	str	r4, [sp, #4]
200046cc:	461e      	mov	r6, r3
200046ce:	e003      	b.n	200046d8 <irq_add_shared_handler+0xd8>
200046d0:	79cb      	ldrb	r3, [r1, #7]
200046d2:	42ab      	cmp	r3, r5
200046d4:	d930      	bls.n	20004738 <irq_add_shared_handler+0x138>
200046d6:	468c      	mov	ip, r1
200046d8:	f99c 4006 	ldrsb.w	r4, [ip, #6]
200046dc:	eb04 0144 	add.w	r1, r4, r4, lsl #1
200046e0:	2c00      	cmp	r4, #0
200046e2:	eb00 0181 	add.w	r1, r0, r1, lsl #2
200046e6:	daf3      	bge.n	200046d0 <irq_add_shared_handler+0xd0>
200046e8:	9400      	str	r4, [sp, #0]
200046ea:	f64b 5401 	movw	r4, #48385	@ 0xbd01
200046ee:	4633      	mov	r3, r6
200046f0:	464e      	mov	r6, r9
200046f2:	f10c 0904 	add.w	r9, ip, #4
200046f6:	3b04      	subs	r3, #4
200046f8:	eba3 0309 	sub.w	r3, r3, r9
200046fc:	f3c3 034a 	ubfx	r3, r3, #1, #11
20004700:	ea6f 43c3 	mvn.w	r3, r3, lsl #19
20004704:	ea6f 43d3 	mvn.w	r3, r3, lsr #19
20004708:	f8ac 3004 	strh.w	r3, [ip, #4]
2000470c:	4b38      	ldr	r3, [pc, #224]	@ (200047f0 <irq_add_shared_handler+0x1f0>)
2000470e:	eb0b 0102 	add.w	r1, fp, r2
20004712:	f88c 2006 	strb.w	r2, [ip, #6]
20004716:	f840 3021 	str.w	r3, [r0, r1, lsl #2]
2000471a:	9b00      	ldr	r3, [sp, #0]
2000471c:	eb00 0281 	add.w	r2, r0, r1, lsl #2
20004720:	8094      	strh	r4, [r2, #4]
20004722:	7193      	strb	r3, [r2, #6]
20004724:	71d5      	strb	r5, [r2, #7]
20004726:	f8c2 a008 	str.w	sl, [r2, #8]
2000472a:	e7b9      	b.n	200046a0 <irq_add_shared_handler+0xa0>
2000472c:	f000 fe9a 	bl	20005464 <hard_assertion_failure>
20004730:	492a      	ldr	r1, [pc, #168]	@ (200047dc <irq_add_shared_handler+0x1dc>)
20004732:	f991 2000 	ldrsb.w	r2, [r1]
20004736:	e77d      	b.n	20004634 <irq_add_shared_handler+0x34>
20004738:	f06f 0107 	mvn.w	r1, #7
2000473c:	9400      	str	r4, [sp, #0]
2000473e:	9c01      	ldr	r4, [sp, #4]
20004740:	4633      	mov	r3, r6
20004742:	1b0c      	subs	r4, r1, r4
20004744:	4661      	mov	r1, ip
20004746:	1a24      	subs	r4, r4, r0
20004748:	9401      	str	r4, [sp, #4]
2000474a:	f831 4f04 	ldrh.w	r4, [r1, #4]!
2000474e:	464e      	mov	r6, r9
20004750:	f344 040a 	sbfx	r4, r4, #0, #11
20004754:	3402      	adds	r4, #2
20004756:	eb01 0444 	add.w	r4, r1, r4, lsl #1
2000475a:	4689      	mov	r9, r1
2000475c:	9901      	ldr	r1, [sp, #4]
2000475e:	440c      	add	r4, r1
20004760:	f3c4 044a 	ubfx	r4, r4, #1, #11
20004764:	ea6f 44c4 	mvn.w	r4, r4, lsl #19
20004768:	ea6f 44d4 	mvn.w	r4, r4, lsr #19
2000476c:	e7c3      	b.n	200046f6 <irq_add_shared_handler+0xf6>
2000476e:	e9cd 2300 	strd	r2, r3, [sp]
20004772:	f000 fe77 	bl	20005464 <hard_assertion_failure>
20004776:	e9dd 2300 	ldrd	r2, r3, [sp]
2000477a:	4819      	ldr	r0, [pc, #100]	@ (200047e0 <irq_add_shared_handler+0x1e0>)
2000477c:	e773      	b.n	20004666 <irq_add_shared_handler+0x66>
2000477e:	4a1b      	ldr	r2, [pc, #108]	@ (200047ec <irq_add_shared_handler+0x1ec>)
20004780:	1ca1      	adds	r1, r4, #2
20004782:	71dd      	strb	r5, [r3, #7]
20004784:	4401      	add	r1, r0
20004786:	3a04      	subs	r2, #4
20004788:	1d25      	adds	r5, r4, #4
2000478a:	1a52      	subs	r2, r2, r1
2000478c:	4405      	add	r5, r0
2000478e:	f1ac 0104 	sub.w	r1, ip, #4
20004792:	1b49      	subs	r1, r1, r5
20004794:	f3c1 014a 	ubfx	r1, r1, #1, #11
20004798:	ea6f 41c1 	mvn.w	r1, r1, lsl #19
2000479c:	f3c2 024a 	ubfx	r2, r2, #1, #11
200047a0:	ea6f 42c2 	mvn.w	r2, r2, lsl #19
200047a4:	ea6f 41d1 	mvn.w	r1, r1, lsr #19
200047a8:	f44f 4e21 	mov.w	lr, #41216	@ 0xa100
200047ac:	ea6f 42d2 	mvn.w	r2, r2, lsr #19
200047b0:	8099      	strh	r1, [r3, #4]
200047b2:	490f      	ldr	r1, [pc, #60]	@ (200047f0 <irq_add_shared_handler+0x1f0>)
200047b4:	f820 e004 	strh.w	lr, [r0, r4]
200047b8:	805a      	strh	r2, [r3, #2]
200047ba:	f64a 25aa 	movw	r5, #43690	@ 0xaaaa
200047be:	4662      	mov	r2, ip
200047c0:	1a12      	subs	r2, r2, r0
200047c2:	4152      	adcs	r2, r2
200047c4:	4355      	muls	r5, r2
200047c6:	0d2d      	lsrs	r5, r5, #20
200047c8:	f8c3 a008 	str.w	sl, [r3, #8]
200047cc:	719d      	strb	r5, [r3, #6]
200047ce:	f043 0e01 	orr.w	lr, r3, #1
200047d2:	f8cc 1000 	str.w	r1, [ip]
200047d6:	e763      	b.n	200046a0 <irq_add_shared_handler+0xa0>
200047d8:	20061775 	.word	0x20061775
200047dc:	20015f32 	.word	0x20015f32
200047e0:	2000e37c 	.word	0x2000e37c
200047e4:	e000ed00 	.word	0xe000ed00
200047e8:	10000111 	.word	0x10000111
200047ec:	2000e3ac 	.word	0x2000e3ac
200047f0:	47804801 	.word	0x47804801

200047f4 <irq_set_priority>:
200047f4:	f04f 0cff 	mov.w	ip, #255	@ 0xff
200047f8:	f020 0303 	bic.w	r3, r0, #3
200047fc:	f103 4360 	add.w	r3, r3, #3758096384	@ 0xe0000000
20004800:	f503 4364 	add.w	r3, r3, #58368	@ 0xe400
20004804:	f000 0003 	and.w	r0, r0, #3
20004808:	681a      	ldr	r2, [r3, #0]
2000480a:	00c0      	lsls	r0, r0, #3
2000480c:	fa0c fc00 	lsl.w	ip, ip, r0
20004810:	ea22 020c 	bic.w	r2, r2, ip
20004814:	4081      	lsls	r1, r0
20004816:	430a      	orrs	r2, r1
20004818:	601a      	str	r2, [r3, #0]
2000481a:	4770      	bx	lr

2000481c <irq_add_tail_to_free_list>:
2000481c:	b5f0      	push	{r4, r5, r6, r7, lr}
2000481e:	4604      	mov	r4, r0
20004820:	b083      	sub	sp, #12
20004822:	f3ef 8305 	mrs	r3, IPSR
20004826:	b2db      	uxtb	r3, r3
20004828:	469c      	mov	ip, r3
2000482a:	f3ef 8510 	mrs	r5, PRIMASK
2000482e:	b672      	cpsid	i
20004830:	f8df e094 	ldr.w	lr, [pc, #148]	@ 200048c8 <irq_add_tail_to_free_list+0xac>
20004834:	e8de 2fcf 	ldaexb	r2, [lr]
20004838:	2301      	movs	r3, #1
2000483a:	2a00      	cmp	r2, #0
2000483c:	d1fa      	bne.n	20004834 <irq_add_tail_to_free_list+0x18>
2000483e:	e8ce 3f42 	strexb	r2, r3, [lr]
20004842:	2a00      	cmp	r2, #0
20004844:	d1f6      	bne.n	20004834 <irq_add_tail_to_free_list+0x18>
20004846:	f3bf 8f5f 	dmb	sy
2000484a:	4e1b      	ldr	r6, [pc, #108]	@ (200048b8 <irq_add_tail_to_free_list+0x9c>)
2000484c:	f64a 23aa 	movw	r3, #43690	@ 0xaaaa
20004850:	68b2      	ldr	r2, [r6, #8]
20004852:	481a      	ldr	r0, [pc, #104]	@ (200048bc <irq_add_tail_to_free_list+0xa0>)
20004854:	f852 202c 	ldr.w	r2, [r2, ip, lsl #2]
20004858:	f044 0701 	orr.w	r7, r4, #1
2000485c:	9201      	str	r2, [sp, #4]
2000485e:	4622      	mov	r2, r4
20004860:	1a12      	subs	r2, r2, r0
20004862:	4152      	adcs	r2, r2
20004864:	4353      	muls	r3, r2
20004866:	0d1b      	lsrs	r3, r3, #20
20004868:	9a01      	ldr	r2, [sp, #4]
2000486a:	b259      	sxtb	r1, r3
2000486c:	42ba      	cmp	r2, r7
2000486e:	d014      	beq.n	2000489a <irq_add_tail_to_free_list+0x7e>
20004870:	4602      	mov	r2, r0
20004872:	2300      	movs	r3, #0
20004874:	f992 c006 	ldrsb.w	ip, [r2, #6]
20004878:	320c      	adds	r2, #12
2000487a:	458c      	cmp	ip, r1
2000487c:	d012      	beq.n	200048a4 <irq_add_tail_to_free_list+0x88>
2000487e:	3301      	adds	r3, #1
20004880:	2b04      	cmp	r3, #4
20004882:	d1f7      	bne.n	20004874 <irq_add_tail_to_free_list+0x58>
20004884:	4b0e      	ldr	r3, [pc, #56]	@ (200048c0 <irq_add_tail_to_free_list+0xa4>)
20004886:	2200      	movs	r2, #0
20004888:	7818      	ldrb	r0, [r3, #0]
2000488a:	7019      	strb	r1, [r3, #0]
2000488c:	71a0      	strb	r0, [r4, #6]
2000488e:	e8ce 2f8f 	stlb	r2, [lr]
20004892:	f385 8810 	msr	PRIMASK, r5
20004896:	b003      	add	sp, #12
20004898:	bdf0      	pop	{r4, r5, r6, r7, pc}
2000489a:	68b3      	ldr	r3, [r6, #8]
2000489c:	4a09      	ldr	r2, [pc, #36]	@ (200048c4 <irq_add_tail_to_free_list+0xa8>)
2000489e:	f843 202c 	str.w	r2, [r3, ip, lsl #2]
200048a2:	e7ef      	b.n	20004884 <irq_add_tail_to_free_list+0x68>
200048a4:	22ff      	movs	r2, #255	@ 0xff
200048a6:	eb03 0343 	add.w	r3, r3, r3, lsl #1
200048aa:	eb00 0383 	add.w	r3, r0, r3, lsl #2
200048ae:	719a      	strb	r2, [r3, #6]
200048b0:	f64b 5201 	movw	r2, #48385	@ 0xbd01
200048b4:	809a      	strh	r2, [r3, #4]
200048b6:	e7e5      	b.n	20004884 <irq_add_tail_to_free_list+0x68>
200048b8:	e000ed00 	.word	0xe000ed00
200048bc:	2000e37c 	.word	0x2000e37c
200048c0:	20015f32 	.word	0x20015f32
200048c4:	10000111 	.word	0x10000111
200048c8:	20061775 	.word	0x20061775

200048cc <lock_init>:
200048cc:	4b01      	ldr	r3, [pc, #4]	@ (200048d4 <lock_init+0x8>)
200048ce:	440b      	add	r3, r1
200048d0:	6003      	str	r3, [r0, #0]
200048d2:	4770      	bx	lr
200048d4:	2006176c 	.word	0x2006176c

200048d8 <runtime_init_mutex>:
200048d8:	b570      	push	{r4, r5, r6, lr}
200048da:	4c11      	ldr	r4, [pc, #68]	@ (20004920 <runtime_init_mutex+0x48>)
200048dc:	4d11      	ldr	r5, [pc, #68]	@ (20004924 <runtime_init_mutex+0x4c>)
200048de:	42ac      	cmp	r4, r5
200048e0:	d21c      	bcs.n	2000491c <runtime_init_mutex+0x44>
200048e2:	26ff      	movs	r6, #255	@ 0xff
200048e4:	e00b      	b.n	200048fe <runtime_init_mutex+0x26>
200048e6:	f7ff fdf5 	bl	200044d4 <next_striped_spin_lock_num>
200048ea:	4601      	mov	r1, r0
200048ec:	4620      	mov	r0, r4
200048ee:	f7ff ffed 	bl	200048cc <lock_init>
200048f2:	80a6      	strh	r6, [r4, #4]
200048f4:	f3bf 8f5f 	dmb	sy
200048f8:	3408      	adds	r4, #8
200048fa:	42ac      	cmp	r4, r5
200048fc:	d20e      	bcs.n	2000491c <runtime_init_mutex+0x44>
200048fe:	6823      	ldr	r3, [r4, #0]
20004900:	2b00      	cmp	r3, #0
20004902:	d1f0      	bne.n	200048e6 <runtime_init_mutex+0xe>
20004904:	f7ff fde6 	bl	200044d4 <next_striped_spin_lock_num>
20004908:	4601      	mov	r1, r0
2000490a:	4620      	mov	r0, r4
2000490c:	f7ff ffde 	bl	200048cc <lock_init>
20004910:	7126      	strb	r6, [r4, #4]
20004912:	f3bf 8f5f 	dmb	sy
20004916:	3408      	adds	r4, #8
20004918:	42ac      	cmp	r4, r5
2000491a:	d3f0      	bcc.n	200048fe <runtime_init_mutex+0x26>
2000491c:	bd70      	pop	{r4, r5, r6, pc}
2000491e:	bf00      	nop
20004920:	2000ea68 	.word	0x2000ea68
20004924:	2000ea78 	.word	0x2000ea78

20004928 <sleep_until_callback>:
20004928:	4b0d      	ldr	r3, [pc, #52]	@ (20004960 <sleep_until_callback+0x38>)
2000492a:	681a      	ldr	r2, [r3, #0]
2000492c:	f3ef 8110 	mrs	r1, PRIMASK
20004930:	b672      	cpsid	i
20004932:	e8d2 cfcf 	ldaexb	ip, [r2]
20004936:	2001      	movs	r0, #1
20004938:	f1bc 0f00 	cmp.w	ip, #0
2000493c:	d1f9      	bne.n	20004932 <sleep_until_callback+0xa>
2000493e:	e8c2 0f4c 	strexb	ip, r0, [r2]
20004942:	f1bc 0f00 	cmp.w	ip, #0
20004946:	d1f4      	bne.n	20004932 <sleep_until_callback+0xa>
20004948:	f3bf 8f5f 	dmb	sy
2000494c:	2200      	movs	r2, #0
2000494e:	681b      	ldr	r3, [r3, #0]
20004950:	e8c3 2f8f 	stlb	r2, [r3]
20004954:	f381 8810 	msr	PRIMASK, r1
20004958:	bf40      	sev
2000495a:	2000      	movs	r0, #0
2000495c:	2100      	movs	r1, #0
2000495e:	4770      	bx	lr
20004960:	200153b8 	.word	0x200153b8
20004964:	00000000 	.word	0x00000000

20004968 <alarm_pool_irq_handler>:
20004968:	e92d 4ff0 	stmdb	sp!, {r4, r5, r6, r7, r8, r9, sl, fp, lr}
2000496c:	ed2d 8b02 	vpush	{d8}
20004970:	b085      	sub	sp, #20
20004972:	f3ef 8305 	mrs	r3, IPSR
20004976:	b2db      	uxtb	r3, r3
20004978:	3b10      	subs	r3, #16
2000497a:	089a      	lsrs	r2, r3, #2
2000497c:	bf18      	it	ne
2000497e:	2201      	movne	r2, #1
20004980:	f04f 0101 	mov.w	r1, #1
20004984:	f003 0e03 	and.w	lr, r3, #3
20004988:	bf18      	it	ne
2000498a:	4ca9      	ldrne	r4, [pc, #676]	@ (20004c30 <alarm_pool_irq_handler+0x2c8>)
2000498c:	4ba9      	ldr	r3, [pc, #676]	@ (20004c34 <alarm_pool_irq_handler+0x2cc>)
2000498e:	bf08      	it	eq
20004990:	4ca9      	ldreq	r4, [pc, #676]	@ (20004c38 <alarm_pool_irq_handler+0x2d0>)
20004992:	eb0e 0282 	add.w	r2, lr, r2, lsl #2
20004996:	f853 5022 	ldr.w	r5, [r3, r2, lsl #2]
2000499a:	fa01 f20e 	lsl.w	r2, r1, lr
2000499e:	f504 5341 	add.w	r3, r4, #12352	@ 0x3040
200049a2:	ed9f 8ba1 	vldr	d8, [pc, #644]	@ 20004c28 <alarm_pool_irq_handler+0x2c0>
200049a6:	46f3      	mov	fp, lr
200049a8:	9202      	str	r2, [sp, #8]
200049aa:	605a      	str	r2, [r3, #4]
200049ac:	e02f      	b.n	20004a0e <alarm_pool_irq_handler+0xa6>
200049ae:	88ab      	ldrh	r3, [r5, #4]
200049b0:	0419      	lsls	r1, r3, #16
200049b2:	f140 8094 	bpl.w	20004ade <alarm_pool_irq_handler+0x176>
200049b6:	79ab      	ldrb	r3, [r5, #6]
200049b8:	2b00      	cmp	r3, #0
200049ba:	f040 80de 	bne.w	20004b7a <alarm_pool_irq_handler+0x212>
200049be:	f9b5 6008 	ldrsh.w	r6, [r5, #8]
200049c2:	2e00      	cmp	r6, #0
200049c4:	f2c0 811c 	blt.w	20004c00 <alarm_pool_irq_handler+0x298>
200049c8:	696b      	ldr	r3, [r5, #20]
200049ca:	eb06 0646 	add.w	r6, r6, r6, lsl #1
200049ce:	eb03 03c6 	add.w	r3, r3, r6, lsl #3
200049d2:	e9d3 6702 	ldrd	r6, r7, [r3, #8]
200049d6:	f1b7 3fff 	cmp.w	r7, #4294967295	@ 0xffffffff
200049da:	bf08      	it	eq
200049dc:	f1b6 3fff 	cmpeq.w	r6, #4294967295	@ 0xffffffff
200049e0:	d00e      	beq.n	20004a00 <alarm_pool_irq_handler+0x98>
200049e2:	eb04 018b 	add.w	r1, r4, fp, lsl #2
200049e6:	6aa3      	ldr	r3, [r4, #40]	@ 0x28
200049e8:	690a      	ldr	r2, [r1, #16]
200049ea:	1ad2      	subs	r2, r2, r3
200049ec:	1af3      	subs	r3, r6, r3
200049ee:	4293      	cmp	r3, r2
200049f0:	d305      	bcc.n	200049fe <alarm_pool_irq_handler+0x96>
200049f2:	2301      	movs	r3, #1
200049f4:	6a22      	ldr	r2, [r4, #32]
200049f6:	fa03 f30b 	lsl.w	r3, r3, fp
200049fa:	4213      	tst	r3, r2
200049fc:	d100      	bne.n	20004a00 <alarm_pool_irq_handler+0x98>
200049fe:	610e      	str	r6, [r1, #16]
20004a00:	4620      	mov	r0, r4
20004a02:	f000 faaf 	bl	20004f64 <timer_time_us_64>
20004a06:	42b0      	cmp	r0, r6
20004a08:	41b9      	sbcs	r1, r7
20004a0a:	f2c0 80f9 	blt.w	20004c00 <alarm_pool_irq_handler+0x298>
20004a0e:	f9b5 6008 	ldrsh.w	r6, [r5, #8]
20004a12:	9b02      	ldr	r3, [sp, #8]
20004a14:	2e00      	cmp	r6, #0
20004a16:	63e3      	str	r3, [r4, #60]	@ 0x3c
20004a18:	dbc9      	blt.n	200049ae <alarm_pool_irq_handler+0x46>
20004a1a:	f8d5 9014 	ldr.w	r9, [r5, #20]
20004a1e:	eb06 0a46 	add.w	sl, r6, r6, lsl #1
20004a22:	eb09 07ca 	add.w	r7, r9, sl, lsl #3
20004a26:	68bb      	ldr	r3, [r7, #8]
20004a28:	4620      	mov	r0, r4
20004a2a:	f8d7 800c 	ldr.w	r8, [r7, #12]
20004a2e:	9301      	str	r3, [sp, #4]
20004a30:	f000 fa98 	bl	20004f64 <timer_time_us_64>
20004a34:	9b01      	ldr	r3, [sp, #4]
20004a36:	4298      	cmp	r0, r3
20004a38:	eb71 0108 	sbcs.w	r1, r1, r8
20004a3c:	dbb7      	blt.n	200049ae <alarm_pool_irq_handler+0x46>
20004a3e:	f1b8 0f00 	cmp.w	r8, #0
20004a42:	f2c0 80c0 	blt.w	20004bc6 <alarm_pool_irq_handler+0x25e>
20004a46:	e9d7 3104 	ldrd	r3, r1, [r7, #16]
20004a4a:	4a7c      	ldr	r2, [pc, #496]	@ (20004c3c <alarm_pool_irq_handler+0x2d4>)
20004a4c:	4293      	cmp	r3, r2
20004a4e:	f000 80f7 	beq.w	20004c40 <alarm_pool_irq_handler+0x2d8>
20004a52:	887a      	ldrh	r2, [r7, #2]
20004a54:	f9b5 0008 	ldrsh.w	r0, [r5, #8]
20004a58:	b292      	uxth	r2, r2
20004a5a:	ea42 4000 	orr.w	r0, r2, r0, lsl #16
20004a5e:	4798      	blx	r3
20004a60:	4602      	mov	r2, r0
20004a62:	460b      	mov	r3, r1
20004a64:	ea52 0103 	orrs.w	r1, r2, r3
20004a68:	f000 80ad 	beq.w	20004bc6 <alarm_pool_irq_handler+0x25e>
20004a6c:	2b00      	cmp	r3, #0
20004a6e:	f280 80cd 	bge.w	20004c0c <alarm_pool_irq_handler+0x2a4>
20004a72:	9901      	ldr	r1, [sp, #4]
20004a74:	ebb1 0e02 	subs.w	lr, r1, r2
20004a78:	eb68 0803 	sbc.w	r8, r8, r3
20004a7c:	f939 303a 	ldrsh.w	r3, [r9, sl, lsl #3]
20004a80:	e9c7 e802 	strd	lr, r8, [r7, #8]
20004a84:	2b00      	cmp	r3, #0
20004a86:	db92      	blt.n	200049ae <alarm_pool_irq_handler+0x46>
20004a88:	6968      	ldr	r0, [r5, #20]
20004a8a:	eb03 0243 	add.w	r2, r3, r3, lsl #1
20004a8e:	eb00 02c2 	add.w	r2, r0, r2, lsl #3
20004a92:	e9d2 7102 	ldrd	r7, r1, [r2, #8]
20004a96:	45be      	cmp	lr, r7
20004a98:	eb78 0c01 	sbcs.w	ip, r8, r1
20004a9c:	ea4f 0243 	mov.w	r2, r3, lsl #1
20004aa0:	db85      	blt.n	200049ae <alarm_pool_irq_handler+0x46>
20004aa2:	46ac      	mov	ip, r5
20004aa4:	f82c 3f08 	strh.w	r3, [ip, #8]!
20004aa8:	e006      	b.n	20004ab8 <alarm_pool_irq_handler+0x150>
20004aaa:	eb03 0143 	add.w	r1, r3, r3, lsl #1
20004aae:	eb00 01c1 	add.w	r1, r0, r1, lsl #3
20004ab2:	005a      	lsls	r2, r3, #1
20004ab4:	e9d1 7102 	ldrd	r7, r1, [r1, #8]
20004ab8:	45be      	cmp	lr, r7
20004aba:	eb78 0101 	sbcs.w	r1, r8, r1
20004abe:	441a      	add	r2, r3
20004ac0:	db05      	blt.n	20004ace <alarm_pool_irq_handler+0x166>
20004ac2:	f930 3032 	ldrsh.w	r3, [r0, r2, lsl #3]
20004ac6:	eb00 0cc2 	add.w	ip, r0, r2, lsl #3
20004aca:	2b00      	cmp	r3, #0
20004acc:	daed      	bge.n	20004aaa <alarm_pool_irq_handler+0x142>
20004ace:	f829 303a 	strh.w	r3, [r9, sl, lsl #3]
20004ad2:	f8ac 6000 	strh.w	r6, [ip]
20004ad6:	88ab      	ldrh	r3, [r5, #4]
20004ad8:	0419      	lsls	r1, r3, #16
20004ada:	f53f af6c 	bmi.w	200049b6 <alarm_pool_irq_handler+0x4e>
20004ade:	692b      	ldr	r3, [r5, #16]
20004ae0:	f3ef 8210 	mrs	r2, PRIMASK
20004ae4:	b672      	cpsid	i
20004ae6:	e8d3 0fcf 	ldaexb	r0, [r3]
20004aea:	2101      	movs	r1, #1
20004aec:	2800      	cmp	r0, #0
20004aee:	d1fa      	bne.n	20004ae6 <alarm_pool_irq_handler+0x17e>
20004af0:	e8c3 1f40 	strexb	r0, r1, [r3]
20004af4:	2800      	cmp	r0, #0
20004af6:	d1f6      	bne.n	20004ae6 <alarm_pool_irq_handler+0x17e>
20004af8:	f3bf 8f5f 	dmb	sy
20004afc:	f64f 76ff 	movw	r6, #65535	@ 0xffff
20004b00:	88a8      	ldrh	r0, [r5, #4]
20004b02:	2300      	movs	r3, #0
20004b04:	6929      	ldr	r1, [r5, #16]
20004b06:	b200      	sxth	r0, r0
20004b08:	80ae      	strh	r6, [r5, #4]
20004b0a:	e8c1 3f8f 	stlb	r3, [r1]
20004b0e:	f382 8810 	msr	PRIMASK, r2
20004b12:	4298      	cmp	r0, r3
20004b14:	f6ff af4f 	blt.w	200049b6 <alarm_pool_irq_handler+0x4e>
20004b18:	4607      	mov	r7, r0
20004b1a:	46a1      	mov	r9, r4
20004b1c:	696e      	ldr	r6, [r5, #20]
20004b1e:	f105 0808 	add.w	r8, r5, #8
20004b22:	f9b5 3008 	ldrsh.w	r3, [r5, #8]
20004b26:	eb07 0e47 	add.w	lr, r7, r7, lsl #1
20004b2a:	2b00      	cmp	r3, #0
20004b2c:	46c4      	mov	ip, r8
20004b2e:	eb06 02ce 	add.w	r2, r6, lr, lsl #3
20004b32:	db15      	blt.n	20004b60 <alarm_pool_irq_handler+0x1f8>
20004b34:	e9d2 4002 	ldrd	r4, r0, [r2, #8]
20004b38:	46aa      	mov	sl, r5
20004b3a:	9701      	str	r7, [sp, #4]
20004b3c:	e004      	b.n	20004b48 <alarm_pool_irq_handler+0x1e0>
20004b3e:	f936 3035 	ldrsh.w	r3, [r6, r5, lsl #3]
20004b42:	4694      	mov	ip, r2
20004b44:	2b00      	cmp	r3, #0
20004b46:	db09      	blt.n	20004b5c <alarm_pool_irq_handler+0x1f4>
20004b48:	eb03 0543 	add.w	r5, r3, r3, lsl #1
20004b4c:	eb06 02c5 	add.w	r2, r6, r5, lsl #3
20004b50:	e9d2 7102 	ldrd	r7, r1, [r2, #8]
20004b54:	42bc      	cmp	r4, r7
20004b56:	eb70 0101 	sbcs.w	r1, r0, r1
20004b5a:	daf0      	bge.n	20004b3e <alarm_pool_irq_handler+0x1d6>
20004b5c:	4655      	mov	r5, sl
20004b5e:	9f01      	ldr	r7, [sp, #4]
20004b60:	f8ac 7000 	strh.w	r7, [ip]
20004b64:	f936 703e 	ldrsh.w	r7, [r6, lr, lsl #3]
20004b68:	f826 303e 	strh.w	r3, [r6, lr, lsl #3]
20004b6c:	2f00      	cmp	r7, #0
20004b6e:	dad8      	bge.n	20004b22 <alarm_pool_irq_handler+0x1ba>
20004b70:	79ab      	ldrb	r3, [r5, #6]
20004b72:	464c      	mov	r4, r9
20004b74:	2b00      	cmp	r3, #0
20004b76:	f43f af22 	beq.w	200049be <alarm_pool_irq_handler+0x56>
20004b7a:	2300      	movs	r3, #0
20004b7c:	71ab      	strb	r3, [r5, #6]
20004b7e:	f9b5 6008 	ldrsh.w	r6, [r5, #8]
20004b82:	1c72      	adds	r2, r6, #1
20004b84:	4633      	mov	r3, r6
20004b86:	d03b      	beq.n	20004c00 <alarm_pool_irq_handler+0x298>
20004b88:	6968      	ldr	r0, [r5, #20]
20004b8a:	f105 0e08 	add.w	lr, r5, #8
20004b8e:	e003      	b.n	20004b98 <alarm_pool_irq_handler+0x230>
20004b90:	468e      	mov	lr, r1
20004b92:	1c5a      	adds	r2, r3, #1
20004b94:	f43f af15 	beq.w	200049c2 <alarm_pool_irq_handler+0x5a>
20004b98:	eb03 0243 	add.w	r2, r3, r3, lsl #1
20004b9c:	eb00 01c2 	add.w	r1, r0, r2, lsl #3
20004ba0:	884f      	ldrh	r7, [r1, #2]
20004ba2:	469c      	mov	ip, r3
20004ba4:	043f      	lsls	r7, r7, #16
20004ba6:	f930 3032 	ldrsh.w	r3, [r0, r2, lsl #3]
20004baa:	d5f1      	bpl.n	20004b90 <alarm_pool_irq_handler+0x228>
20004bac:	4566      	cmp	r6, ip
20004bae:	ed81 8b02 	vstr	d8, [r1, #8]
20004bb2:	d0ee      	beq.n	20004b92 <alarm_pool_irq_handler+0x22a>
20004bb4:	f8ae 3000 	strh.w	r3, [lr]
20004bb8:	8929      	ldrh	r1, [r5, #8]
20004bba:	4666      	mov	r6, ip
20004bbc:	f820 1032 	strh.w	r1, [r0, r2, lsl #3]
20004bc0:	f8a5 c008 	strh.w	ip, [r5, #8]
20004bc4:	e7e5      	b.n	20004b92 <alarm_pool_irq_handler+0x22a>
20004bc6:	f839 303a 	ldrh.w	r3, [r9, sl, lsl #3]
20004bca:	812b      	strh	r3, [r5, #8]
20004bcc:	692b      	ldr	r3, [r5, #16]
20004bce:	f3ef 8210 	mrs	r2, PRIMASK
20004bd2:	b672      	cpsid	i
20004bd4:	e8d3 0fcf 	ldaexb	r0, [r3]
20004bd8:	2101      	movs	r1, #1
20004bda:	2800      	cmp	r0, #0
20004bdc:	d1fa      	bne.n	20004bd4 <alarm_pool_irq_handler+0x26c>
20004bde:	e8c3 1f40 	strexb	r0, r1, [r3]
20004be2:	2800      	cmp	r0, #0
20004be4:	d1f6      	bne.n	20004bd4 <alarm_pool_irq_handler+0x26c>
20004be6:	f3bf 8f5f 	dmb	sy
20004bea:	886b      	ldrh	r3, [r5, #2]
20004bec:	6929      	ldr	r1, [r5, #16]
20004bee:	f829 303a 	strh.w	r3, [r9, sl, lsl #3]
20004bf2:	2300      	movs	r3, #0
20004bf4:	806e      	strh	r6, [r5, #2]
20004bf6:	e8c1 3f8f 	stlb	r3, [r1]
20004bfa:	f382 8810 	msr	PRIMASK, r2
20004bfe:	e6d6      	b.n	200049ae <alarm_pool_irq_handler+0x46>
20004c00:	bf40      	sev
20004c02:	b005      	add	sp, #20
20004c04:	ecbd 8b02 	vpop	{d8}
20004c08:	e8bd 8ff0 	ldmia.w	sp!, {r4, r5, r6, r7, r8, r9, sl, fp, pc}
20004c0c:	4620      	mov	r0, r4
20004c0e:	9303      	str	r3, [sp, #12]
20004c10:	9201      	str	r2, [sp, #4]
20004c12:	f000 f9a7 	bl	20004f64 <timer_time_us_64>
20004c16:	9a01      	ldr	r2, [sp, #4]
20004c18:	9b03      	ldr	r3, [sp, #12]
20004c1a:	eb10 0e02 	adds.w	lr, r0, r2
20004c1e:	eb43 0801 	adc.w	r8, r3, r1
20004c22:	e72b      	b.n	20004a7c <alarm_pool_irq_handler+0x114>
20004c24:	f3af 8000 	nop.w
20004c28:	ffffffff 	.word	0xffffffff
20004c2c:	ffffffff 	.word	0xffffffff
20004c30:	400b8000 	.word	0x400b8000
20004c34:	20015328 	.word	0x20015328
20004c38:	400b0000 	.word	0x400b0000
20004c3c:	20004969 	.word	0x20004969
20004c40:	4608      	mov	r0, r1
20004c42:	690b      	ldr	r3, [r1, #16]
20004c44:	9103      	str	r1, [sp, #12]
20004c46:	4798      	blx	r3
20004c48:	2800      	cmp	r0, #0
20004c4a:	d0bc      	beq.n	20004bc6 <alarm_pool_irq_handler+0x25e>
20004c4c:	9903      	ldr	r1, [sp, #12]
20004c4e:	e9d1 2300 	ldrd	r2, r3, [r1]
20004c52:	e707      	b.n	20004a64 <alarm_pool_irq_handler+0xfc>

20004c54 <runtime_init_default_alarm_pool>:
20004c54:	b510      	push	{r4, lr}
20004c56:	4c20      	ldr	r4, [pc, #128]	@ (20004cd8 <runtime_init_default_alarm_pool+0x84>)
20004c58:	b082      	sub	sp, #8
20004c5a:	6923      	ldr	r3, [r4, #16]
20004c5c:	b133      	cbz	r3, 20004c6c <runtime_init_default_alarm_pool+0x18>
20004c5e:	210a      	movs	r1, #10
20004c60:	481e      	ldr	r0, [pc, #120]	@ (20004cdc <runtime_init_default_alarm_pool+0x88>)
20004c62:	b002      	add	sp, #8
20004c64:	e8bd 4010 	ldmia.w	sp!, {r4, lr}
20004c68:	f7ff be30 	b.w	200048cc <lock_init>
20004c6c:	2103      	movs	r1, #3
20004c6e:	481c      	ldr	r0, [pc, #112]	@ (20004ce0 <runtime_init_default_alarm_pool+0x8c>)
20004c70:	9301      	str	r3, [sp, #4]
20004c72:	f000 f965 	bl	20004f40 <timer_hardware_alarm_claim>
20004c76:	481a      	ldr	r0, [pc, #104]	@ (20004ce0 <runtime_init_default_alarm_pool+0x8c>)
20004c78:	60e0      	str	r0, [r4, #12]
20004c7a:	f7ff fc2b 	bl	200044d4 <next_striped_spin_lock_num>
20004c7e:	f04f 0c03 	mov.w	ip, #3
20004c82:	4918      	ldr	r1, [pc, #96]	@ (20004ce4 <runtime_init_default_alarm_pool+0x90>)
20004c84:	f884 c000 	strb.w	ip, [r4]
20004c88:	4401      	add	r1, r0
20004c8a:	f04f 4050 	mov.w	r0, #3489660928	@ 0xd0000000
20004c8e:	f64f 72ff 	movw	r2, #65535	@ 0xffff
20004c92:	f04f 0c0f 	mov.w	ip, #15
20004c96:	6121      	str	r1, [r4, #16]
20004c98:	4913      	ldr	r1, [pc, #76]	@ (20004ce8 <runtime_init_default_alarm_pool+0x94>)
20004c9a:	9b01      	ldr	r3, [sp, #4]
20004c9c:	60a1      	str	r1, [r4, #8]
20004c9e:	6800      	ldr	r0, [r0, #0]
20004ca0:	6961      	ldr	r1, [r4, #20]
20004ca2:	80a2      	strh	r2, [r4, #4]
20004ca4:	f8a4 c002 	strh.w	ip, [r4, #2]
20004ca8:	7060      	strb	r0, [r4, #1]
20004caa:	f821 2013 	strh.w	r2, [r1, r3, lsl #1]
20004cae:	330c      	adds	r3, #12
20004cb0:	2bc0      	cmp	r3, #192	@ 0xc0
20004cb2:	f102 0201 	add.w	r2, r2, #1
20004cb6:	d1f8      	bne.n	20004caa <runtime_init_default_alarm_pool+0x56>
20004cb8:	4b0c      	ldr	r3, [pc, #48]	@ (20004cec <runtime_init_default_alarm_pool+0x98>)
20004cba:	4a09      	ldr	r2, [pc, #36]	@ (20004ce0 <runtime_init_default_alarm_pool+0x8c>)
20004cbc:	60dc      	str	r4, [r3, #12]
20004cbe:	2408      	movs	r4, #8
20004cc0:	2003      	movs	r0, #3
20004cc2:	6214      	str	r4, [r2, #32]
20004cc4:	490a      	ldr	r1, [pc, #40]	@ (20004cf0 <runtime_init_default_alarm_pool+0x9c>)
20004cc6:	f7ff fc63 	bl	20004590 <irq_set_exclusive_handler>
20004cca:	2101      	movs	r1, #1
20004ccc:	2003      	movs	r0, #3
20004cce:	f7ff fc39 	bl	20004544 <irq_set_enabled>
20004cd2:	4a08      	ldr	r2, [pc, #32]	@ (20004cf4 <runtime_init_default_alarm_pool+0xa0>)
20004cd4:	6414      	str	r4, [r2, #64]	@ 0x40
20004cd6:	e7c2      	b.n	20004c5e <runtime_init_default_alarm_pool+0xa>
20004cd8:	2000e3c4 	.word	0x2000e3c4
20004cdc:	200153b8 	.word	0x200153b8
20004ce0:	400b0000 	.word	0x400b0000
20004ce4:	2006176c 	.word	0x2006176c
20004ce8:	0010ffff 	.word	0x0010ffff
20004cec:	20015328 	.word	0x20015328
20004cf0:	20004969 	.word	0x20004969
20004cf4:	400b2000 	.word	0x400b2000

20004cf8 <alarm_pool_add_alarm_at_force_in_context>:
20004cf8:	b5f0      	push	{r4, r5, r6, r7, lr}
20004cfa:	4616      	mov	r6, r2
20004cfc:	461f      	mov	r7, r3
20004cfe:	6902      	ldr	r2, [r0, #16]
20004d00:	4603      	mov	r3, r0
20004d02:	f3ef 8010 	mrs	r0, PRIMASK
20004d06:	b672      	cpsid	i
20004d08:	e8d2 4fcf 	ldaexb	r4, [r2]
20004d0c:	2101      	movs	r1, #1
20004d0e:	2c00      	cmp	r4, #0
20004d10:	d1fa      	bne.n	20004d08 <alarm_pool_add_alarm_at_force_in_context+0x10>
20004d12:	e8c2 1f44 	strexb	r4, r1, [r2]
20004d16:	2c00      	cmp	r4, #0
20004d18:	d1f6      	bne.n	20004d08 <alarm_pool_add_alarm_at_force_in_context+0x10>
20004d1a:	f3bf 8f5f 	dmb	sy
20004d1e:	f9b3 1002 	ldrsh.w	r1, [r3, #2]
20004d22:	691d      	ldr	r5, [r3, #16]
20004d24:	2900      	cmp	r1, #0
20004d26:	db45      	blt.n	20004db4 <alarm_pool_add_alarm_at_force_in_context+0xbc>
20004d28:	f8d3 e014 	ldr.w	lr, [r3, #20]
20004d2c:	eb01 0241 	add.w	r2, r1, r1, lsl #1
20004d30:	f83e 4032 	ldrh.w	r4, [lr, r2, lsl #3]
20004d34:	eb0e 0cc2 	add.w	ip, lr, r2, lsl #3
20004d38:	805c      	strh	r4, [r3, #2]
20004d3a:	2400      	movs	r4, #0
20004d3c:	e8c5 4f8f 	stlb	r4, [r5]
20004d40:	f380 8810 	msr	PRIMASK, r0
20004d44:	9805      	ldr	r0, [sp, #20]
20004d46:	4635      	mov	r5, r6
20004d48:	f8cc 0010 	str.w	r0, [ip, #16]
20004d4c:	9806      	ldr	r0, [sp, #24]
20004d4e:	463e      	mov	r6, r7
20004d50:	f8cc 0014 	str.w	r0, [ip, #20]
20004d54:	f8bc 0002 	ldrh.w	r0, [ip, #2]
20004d58:	e9cc 5602 	strd	r5, r6, [ip, #8]
20004d5c:	3001      	adds	r0, #1
20004d5e:	f3c0 000e 	ubfx	r0, r0, #0, #15
20004d62:	2801      	cmp	r0, #1
20004d64:	bf38      	it	cc
20004d66:	2001      	movcc	r0, #1
20004d68:	f8ac 0002 	strh.w	r0, [ip, #2]
20004d6c:	ea40 4001 	orr.w	r0, r0, r1, lsl #16
20004d70:	f8d3 c010 	ldr.w	ip, [r3, #16]
20004d74:	f3ef 8510 	mrs	r5, PRIMASK
20004d78:	b672      	cpsid	i
20004d7a:	e8dc 7fcf 	ldaexb	r7, [ip]
20004d7e:	2601      	movs	r6, #1
20004d80:	2f00      	cmp	r7, #0
20004d82:	d1fa      	bne.n	20004d7a <alarm_pool_add_alarm_at_force_in_context+0x82>
20004d84:	e8cc 6f47 	strexb	r7, r6, [ip]
20004d88:	2f00      	cmp	r7, #0
20004d8a:	d1f6      	bne.n	20004d7a <alarm_pool_add_alarm_at_force_in_context+0x82>
20004d8c:	f3bf 8f5f 	dmb	sy
20004d90:	f8b3 c004 	ldrh.w	ip, [r3, #4]
20004d94:	f82e c032 	strh.w	ip, [lr, r2, lsl #3]
20004d98:	8099      	strh	r1, [r3, #4]
20004d9a:	691a      	ldr	r2, [r3, #16]
20004d9c:	e8c2 4f8f 	stlb	r4, [r2]
20004da0:	f385 8810 	msr	PRIMASK, r5
20004da4:	2101      	movs	r1, #1
20004da6:	781c      	ldrb	r4, [r3, #0]
20004da8:	68da      	ldr	r2, [r3, #12]
20004daa:	40a1      	lsls	r1, r4
20004dac:	f502 5301 	add.w	r3, r2, #8256	@ 0x2040
20004db0:	6059      	str	r1, [r3, #4]
20004db2:	bdf0      	pop	{r4, r5, r6, r7, pc}
20004db4:	2300      	movs	r3, #0
20004db6:	e8c5 3f8f 	stlb	r3, [r5]
20004dba:	f380 8810 	msr	PRIMASK, r0
20004dbe:	f04f 30ff 	mov.w	r0, #4294967295	@ 0xffffffff
20004dc2:	bdf0      	pop	{r4, r5, r6, r7, pc}

20004dc4 <alarm_pool_cancel_alarm>:
20004dc4:	4603      	mov	r3, r0
20004dc6:	8940      	ldrh	r0, [r0, #10]
20004dc8:	ebb0 4f21 	cmp.w	r0, r1, asr #16
20004dcc:	dd3a      	ble.n	20004e44 <alarm_pool_cancel_alarm+0x80>
20004dce:	6958      	ldr	r0, [r3, #20]
20004dd0:	140a      	asrs	r2, r1, #16
20004dd2:	eb02 0242 	add.w	r2, r2, r2, lsl #1
20004dd6:	b510      	push	{r4, lr}
20004dd8:	f8d3 c010 	ldr.w	ip, [r3, #16]
20004ddc:	eb00 00c2 	add.w	r0, r0, r2, lsl #3
20004de0:	f3ef 8e10 	mrs	lr, PRIMASK
20004de4:	b672      	cpsid	i
20004de6:	e8dc 4fcf 	ldaexb	r4, [ip]
20004dea:	2201      	movs	r2, #1
20004dec:	2c00      	cmp	r4, #0
20004dee:	d1fa      	bne.n	20004de6 <alarm_pool_cancel_alarm+0x22>
20004df0:	e8cc 2f44 	strexb	r4, r2, [ip]
20004df4:	2c00      	cmp	r4, #0
20004df6:	d1f6      	bne.n	20004de6 <alarm_pool_cancel_alarm+0x22>
20004df8:	f3bf 8f5f 	dmb	sy
20004dfc:	8842      	ldrh	r2, [r0, #2]
20004dfe:	b289      	uxth	r1, r1
20004e00:	b292      	uxth	r2, r2
20004e02:	428a      	cmp	r2, r1
20004e04:	d007      	beq.n	20004e16 <alarm_pool_cancel_alarm+0x52>
20004e06:	2200      	movs	r2, #0
20004e08:	691b      	ldr	r3, [r3, #16]
20004e0a:	e8c3 2f8f 	stlb	r2, [r3]
20004e0e:	f38e 8810 	msr	PRIMASK, lr
20004e12:	2000      	movs	r0, #0
20004e14:	bd10      	pop	{r4, pc}
20004e16:	ea6f 4242 	mvn.w	r2, r2, lsl #17
20004e1a:	ea6f 4252 	mvn.w	r2, r2, lsr #17
20004e1e:	8042      	strh	r2, [r0, #2]
20004e20:	2101      	movs	r1, #1
20004e22:	2200      	movs	r2, #0
20004e24:	6918      	ldr	r0, [r3, #16]
20004e26:	7199      	strb	r1, [r3, #6]
20004e28:	e8c0 2f8f 	stlb	r2, [r0]
20004e2c:	f38e 8810 	msr	PRIMASK, lr
20004e30:	f893 c000 	ldrb.w	ip, [r3]
20004e34:	68da      	ldr	r2, [r3, #12]
20004e36:	4608      	mov	r0, r1
20004e38:	f502 5301 	add.w	r3, r2, #8256	@ 0x2040
20004e3c:	fa01 f10c 	lsl.w	r1, r1, ip
20004e40:	6059      	str	r1, [r3, #4]
20004e42:	bd10      	pop	{r4, pc}
20004e44:	2000      	movs	r0, #0
20004e46:	4770      	bx	lr

20004e48 <best_effort_wfe_or_timeout>:
20004e48:	f3ef 8205 	mrs	r2, IPSR
20004e4c:	b2d2      	uxtb	r2, r2
20004e4e:	b182      	cbz	r2, 20004e72 <best_effort_wfe_or_timeout+0x2a>
20004e50:	4b38      	ldr	r3, [pc, #224]	@ (20004f34 <best_effort_wfe_or_timeout+0xec>)
20004e52:	6a5a      	ldr	r2, [r3, #36]	@ 0x24
20004e54:	428a      	cmp	r2, r1
20004e56:	d202      	bcs.n	20004e5e <best_effort_wfe_or_timeout+0x16>
20004e58:	2200      	movs	r2, #0
20004e5a:	4610      	mov	r0, r2
20004e5c:	4770      	bx	lr
20004e5e:	bf14      	ite	ne
20004e60:	2201      	movne	r2, #1
20004e62:	2200      	moveq	r2, #0
20004e64:	6a9b      	ldr	r3, [r3, #40]	@ 0x28
20004e66:	4283      	cmp	r3, r0
20004e68:	bf28      	it	cs
20004e6a:	f042 0201 	orrcs.w	r2, r2, #1
20004e6e:	4610      	mov	r0, r2
20004e70:	4770      	bx	lr
20004e72:	b570      	push	{r4, r5, r6, lr}
20004e74:	b084      	sub	sp, #16
20004e76:	9203      	str	r2, [sp, #12]
20004e78:	4a2f      	ldr	r2, [pc, #188]	@ (20004f38 <best_effort_wfe_or_timeout+0xf0>)
20004e7a:	4606      	mov	r6, r0
20004e7c:	68d3      	ldr	r3, [r2, #12]
20004e7e:	7815      	ldrb	r5, [r2, #0]
20004e80:	4618      	mov	r0, r3
20004e82:	460c      	mov	r4, r1
20004e84:	9302      	str	r3, [sp, #8]
20004e86:	f000 f86d 	bl	20004f64 <timer_time_us_64>
20004e8a:	9b02      	ldr	r3, [sp, #8]
20004e8c:	f105 0c04 	add.w	ip, r5, #4
20004e90:	f853 c02c 	ldr.w	ip, [r3, ip, lsl #2]
20004e94:	9a03      	ldr	r2, [sp, #12]
20004e96:	ebac 0c00 	sub.w	ip, ip, r0
20004e9a:	1a30      	subs	r0, r6, r0
20004e9c:	eb64 0101 	sbc.w	r1, r4, r1
20004ea0:	4560      	cmp	r0, ip
20004ea2:	f171 0100 	sbcs.w	r1, r1, #0
20004ea6:	db0f      	blt.n	20004ec8 <best_effort_wfe_or_timeout+0x80>
20004ea8:	bf20      	wfe
20004eaa:	4b22      	ldr	r3, [pc, #136]	@ (20004f34 <best_effort_wfe_or_timeout+0xec>)
20004eac:	6a59      	ldr	r1, [r3, #36]	@ 0x24
20004eae:	42a1      	cmp	r1, r4
20004eb0:	d307      	bcc.n	20004ec2 <best_effort_wfe_or_timeout+0x7a>
20004eb2:	bf14      	ite	ne
20004eb4:	2201      	movne	r2, #1
20004eb6:	2200      	moveq	r2, #0
20004eb8:	6a9b      	ldr	r3, [r3, #40]	@ 0x28
20004eba:	42b3      	cmp	r3, r6
20004ebc:	bf28      	it	cs
20004ebe:	f042 0201 	orrcs.w	r2, r2, #1
20004ec2:	4610      	mov	r0, r2
20004ec4:	b004      	add	sp, #16
20004ec6:	bd70      	pop	{r4, r5, r6, pc}
20004ec8:	9202      	str	r2, [sp, #8]
20004eca:	f000 f853 	bl	20004f74 <time_us_64>
20004ece:	4286      	cmp	r6, r0
20004ed0:	eb64 0101 	sbc.w	r1, r4, r1
20004ed4:	2900      	cmp	r1, #0
20004ed6:	9a02      	ldr	r2, [sp, #8]
20004ed8:	db1b      	blt.n	20004f12 <best_effort_wfe_or_timeout+0xca>
20004eda:	4918      	ldr	r1, [pc, #96]	@ (20004f3c <best_effort_wfe_or_timeout+0xf4>)
20004edc:	4623      	mov	r3, r4
20004ede:	e9cd 1200 	strd	r1, r2, [sp]
20004ee2:	4815      	ldr	r0, [pc, #84]	@ (20004f38 <best_effort_wfe_or_timeout+0xf0>)
20004ee4:	4632      	mov	r2, r6
20004ee6:	f7ff ff07 	bl	20004cf8 <alarm_pool_add_alarm_at_force_in_context>
20004eea:	1e01      	subs	r1, r0, #0
20004eec:	dd11      	ble.n	20004f12 <best_effort_wfe_or_timeout+0xca>
20004eee:	4b11      	ldr	r3, [pc, #68]	@ (20004f34 <best_effort_wfe_or_timeout+0xec>)
20004ef0:	6a5a      	ldr	r2, [r3, #36]	@ 0x24
20004ef2:	42a2      	cmp	r2, r4
20004ef4:	d31c      	bcc.n	20004f30 <best_effort_wfe_or_timeout+0xe8>
20004ef6:	6a9b      	ldr	r3, [r3, #40]	@ 0x28
20004ef8:	42b3      	cmp	r3, r6
20004efa:	d317      	bcc.n	20004f2c <best_effort_wfe_or_timeout+0xe4>
20004efc:	480e      	ldr	r0, [pc, #56]	@ (20004f38 <best_effort_wfe_or_timeout+0xf0>)
20004efe:	f7ff ff61 	bl	20004dc4 <alarm_pool_cancel_alarm>
20004f02:	4b0c      	ldr	r3, [pc, #48]	@ (20004f34 <best_effort_wfe_or_timeout+0xec>)
20004f04:	6a5a      	ldr	r2, [r3, #36]	@ 0x24
20004f06:	42a2      	cmp	r2, r4
20004f08:	d2d3      	bcs.n	20004eb2 <best_effort_wfe_or_timeout+0x6a>
20004f0a:	2200      	movs	r2, #0
20004f0c:	4610      	mov	r0, r2
20004f0e:	b004      	add	sp, #16
20004f10:	bd70      	pop	{r4, r5, r6, pc}
20004f12:	4b08      	ldr	r3, [pc, #32]	@ (20004f34 <best_effort_wfe_or_timeout+0xec>)
20004f14:	6a5a      	ldr	r2, [r3, #36]	@ 0x24
20004f16:	42a2      	cmp	r2, r4
20004f18:	d3f7      	bcc.n	20004f0a <best_effort_wfe_or_timeout+0xc2>
20004f1a:	1b12      	subs	r2, r2, r4
20004f1c:	bf18      	it	ne
20004f1e:	2201      	movne	r2, #1
20004f20:	6a9b      	ldr	r3, [r3, #40]	@ 0x28
20004f22:	42b3      	cmp	r3, r6
20004f24:	bf28      	it	cs
20004f26:	f042 0201 	orrcs.w	r2, r2, #1
20004f2a:	e7ca      	b.n	20004ec2 <best_effort_wfe_or_timeout+0x7a>
20004f2c:	42a2      	cmp	r2, r4
20004f2e:	d1e5      	bne.n	20004efc <best_effort_wfe_or_timeout+0xb4>
20004f30:	bf20      	wfe
20004f32:	e7e3      	b.n	20004efc <best_effort_wfe_or_timeout+0xb4>
20004f34:	400b0000 	.word	0x400b0000
20004f38:	2000e3c4 	.word	0x2000e3c4
20004f3c:	20004929 	.word	0x20004929

20004f40 <timer_hardware_alarm_claim>:
20004f40:	b410      	push	{r4}
20004f42:	4b05      	ldr	r3, [pc, #20]	@ (20004f58 <timer_hardware_alarm_claim+0x18>)
20004f44:	4c05      	ldr	r4, [pc, #20]	@ (20004f5c <timer_hardware_alarm_claim+0x1c>)
20004f46:	4a06      	ldr	r2, [pc, #24]	@ (20004f60 <timer_hardware_alarm_claim+0x20>)
20004f48:	42a0      	cmp	r0, r4
20004f4a:	bf14      	ite	ne
20004f4c:	4618      	movne	r0, r3
20004f4e:	1c58      	addeq	r0, r3, #1
20004f50:	bc10      	pop	{r4}
20004f52:	f7ff ba51 	b.w	200043f8 <hw_claim_or_assert>
20004f56:	bf00      	nop
20004f58:	200148d8 	.word	0x200148d8
20004f5c:	400b8000 	.word	0x400b8000
20004f60:	2000d968 	.word	0x2000d968

20004f64 <timer_time_us_64>:
20004f64:	4603      	mov	r3, r0
20004f66:	6a41      	ldr	r1, [r0, #36]	@ 0x24
20004f68:	460a      	mov	r2, r1
20004f6a:	6a98      	ldr	r0, [r3, #40]	@ 0x28
20004f6c:	6a59      	ldr	r1, [r3, #36]	@ 0x24
20004f6e:	428a      	cmp	r2, r1
20004f70:	d1fa      	bne.n	20004f68 <timer_time_us_64+0x4>
20004f72:	4770      	bx	lr

20004f74 <time_us_64>:
20004f74:	4b03      	ldr	r3, [pc, #12]	@ (20004f84 <time_us_64+0x10>)
20004f76:	6a59      	ldr	r1, [r3, #36]	@ 0x24
20004f78:	460a      	mov	r2, r1
20004f7a:	6a98      	ldr	r0, [r3, #40]	@ 0x28
20004f7c:	6a59      	ldr	r1, [r3, #36]	@ 0x24
20004f7e:	4291      	cmp	r1, r2
20004f80:	d1fa      	bne.n	20004f78 <time_us_64+0x4>
20004f82:	4770      	bx	lr
20004f84:	400b0000 	.word	0x400b0000

20004f88 <busy_wait_us>:
20004f88:	b500      	push	{lr}
20004f8a:	468e      	mov	lr, r1
20004f8c:	4a15      	ldr	r2, [pc, #84]	@ (20004fe4 <busy_wait_us+0x5c>)
20004f8e:	6a53      	ldr	r3, [r2, #36]	@ 0x24
20004f90:	469c      	mov	ip, r3
20004f92:	6a91      	ldr	r1, [r2, #40]	@ 0x28
20004f94:	6a53      	ldr	r3, [r2, #36]	@ 0x24
20004f96:	4563      	cmp	r3, ip
20004f98:	d1fa      	bne.n	20004f90 <busy_wait_us+0x8>
20004f9a:	1840      	adds	r0, r0, r1
20004f9c:	eb53 030e 	adcs.w	r3, r3, lr
20004fa0:	f04f 0200 	mov.w	r2, #0
20004fa4:	bf28      	it	cs
20004fa6:	2201      	movcs	r2, #1
20004fa8:	b1ba      	cbz	r2, 20004fda <busy_wait_us+0x52>
20004faa:	4b0e      	ldr	r3, [pc, #56]	@ (20004fe4 <busy_wait_us+0x5c>)
20004fac:	6a5b      	ldr	r3, [r3, #36]	@ 0x24
20004fae:	1c5a      	adds	r2, r3, #1
20004fb0:	bf08      	it	eq
20004fb2:	4618      	moveq	r0, r3
20004fb4:	d008      	beq.n	20004fc8 <busy_wait_us+0x40>
20004fb6:	f04f 33ff 	mov.w	r3, #4294967295	@ 0xffffffff
20004fba:	4618      	mov	r0, r3
20004fbc:	4909      	ldr	r1, [pc, #36]	@ (20004fe4 <busy_wait_us+0x5c>)
20004fbe:	6a4a      	ldr	r2, [r1, #36]	@ 0x24
20004fc0:	429a      	cmp	r2, r3
20004fc2:	d3fc      	bcc.n	20004fbe <busy_wait_us+0x36>
20004fc4:	429a      	cmp	r2, r3
20004fc6:	d107      	bne.n	20004fd8 <busy_wait_us+0x50>
20004fc8:	4a06      	ldr	r2, [pc, #24]	@ (20004fe4 <busy_wait_us+0x5c>)
20004fca:	e002      	b.n	20004fd2 <busy_wait_us+0x4a>
20004fcc:	6a51      	ldr	r1, [r2, #36]	@ 0x24
20004fce:	4299      	cmp	r1, r3
20004fd0:	d102      	bne.n	20004fd8 <busy_wait_us+0x50>
20004fd2:	6a91      	ldr	r1, [r2, #40]	@ 0x28
20004fd4:	4281      	cmp	r1, r0
20004fd6:	d3f9      	bcc.n	20004fcc <busy_wait_us+0x44>
20004fd8:	bd00      	pop	{pc}
20004fda:	4a02      	ldr	r2, [pc, #8]	@ (20004fe4 <busy_wait_us+0x5c>)
20004fdc:	6a52      	ldr	r2, [r2, #36]	@ 0x24
20004fde:	4293      	cmp	r3, r2
20004fe0:	d8ec      	bhi.n	20004fbc <busy_wait_us+0x34>
20004fe2:	e7ef      	b.n	20004fc4 <busy_wait_us+0x3c>
20004fe4:	400b0000 	.word	0x400b0000

20004fe8 <busy_wait_ms>:
20004fe8:	4b22      	ldr	r3, [pc, #136]	@ (20005074 <busy_wait_ms+0x8c>)
20004fea:	4298      	cmp	r0, r3
20004fec:	d80a      	bhi.n	20005004 <busy_wait_ms+0x1c>
20004fee:	f44f 737a 	mov.w	r3, #1000	@ 0x3e8
20004ff2:	4a21      	ldr	r2, [pc, #132]	@ (20005078 <busy_wait_ms+0x90>)
20004ff4:	fb03 f000 	mul.w	r0, r3, r0
20004ff8:	6a91      	ldr	r1, [r2, #40]	@ 0x28
20004ffa:	6a93      	ldr	r3, [r2, #40]	@ 0x28
20004ffc:	1a5b      	subs	r3, r3, r1
20004ffe:	4298      	cmp	r0, r3
20005000:	d8fb      	bhi.n	20004ffa <busy_wait_ms+0x12>
20005002:	4770      	bx	lr
20005004:	f44f 737a 	mov.w	r3, #1000	@ 0x3e8
20005008:	b500      	push	{lr}
2000500a:	f8df c06c 	ldr.w	ip, [pc, #108]	@ 20005078 <busy_wait_ms+0x90>
2000500e:	fba0 0103 	umull	r0, r1, r0, r3
20005012:	f8dc 2024 	ldr.w	r2, [ip, #36]	@ 0x24
20005016:	4613      	mov	r3, r2
20005018:	f8dc e028 	ldr.w	lr, [ip, #40]	@ 0x28
2000501c:	f8dc 2024 	ldr.w	r2, [ip, #36]	@ 0x24
20005020:	429a      	cmp	r2, r3
20005022:	d1f8      	bne.n	20005016 <busy_wait_ms+0x2e>
20005024:	eb10 030e 	adds.w	r3, r0, lr
20005028:	414a      	adcs	r2, r1
2000502a:	f04f 0c00 	mov.w	ip, #0
2000502e:	bf28      	it	cs
20005030:	f04f 0c01 	movcs.w	ip, #1
20005034:	f1bc 0f00 	cmp.w	ip, #0
20005038:	d112      	bne.n	20005060 <busy_wait_ms+0x78>
2000503a:	490f      	ldr	r1, [pc, #60]	@ (20005078 <busy_wait_ms+0x90>)
2000503c:	6a49      	ldr	r1, [r1, #36]	@ 0x24
2000503e:	428a      	cmp	r2, r1
20005040:	d903      	bls.n	2000504a <busy_wait_ms+0x62>
20005042:	480d      	ldr	r0, [pc, #52]	@ (20005078 <busy_wait_ms+0x90>)
20005044:	6a41      	ldr	r1, [r0, #36]	@ 0x24
20005046:	4291      	cmp	r1, r2
20005048:	d3fc      	bcc.n	20005044 <busy_wait_ms+0x5c>
2000504a:	4291      	cmp	r1, r2
2000504c:	d107      	bne.n	2000505e <busy_wait_ms+0x76>
2000504e:	490a      	ldr	r1, [pc, #40]	@ (20005078 <busy_wait_ms+0x90>)
20005050:	e002      	b.n	20005058 <busy_wait_ms+0x70>
20005052:	6a48      	ldr	r0, [r1, #36]	@ 0x24
20005054:	4290      	cmp	r0, r2
20005056:	d102      	bne.n	2000505e <busy_wait_ms+0x76>
20005058:	6a88      	ldr	r0, [r1, #40]	@ 0x28
2000505a:	4298      	cmp	r0, r3
2000505c:	d3f9      	bcc.n	20005052 <busy_wait_ms+0x6a>
2000505e:	bd00      	pop	{pc}
20005060:	4b05      	ldr	r3, [pc, #20]	@ (20005078 <busy_wait_ms+0x90>)
20005062:	6a5a      	ldr	r2, [r3, #36]	@ 0x24
20005064:	1c53      	adds	r3, r2, #1
20005066:	bf08      	it	eq
20005068:	4613      	moveq	r3, r2
2000506a:	d0f0      	beq.n	2000504e <busy_wait_ms+0x66>
2000506c:	f04f 32ff 	mov.w	r2, #4294967295	@ 0xffffffff
20005070:	4613      	mov	r3, r2
20005072:	e7e6      	b.n	20005042 <busy_wait_ms+0x5a>
20005074:	0020c49b 	.word	0x0020c49b
20005078:	400b0000 	.word	0x400b0000

2000507c <clock_configure_internal>:
2000507c:	eb00 0c40 	add.w	ip, r0, r0, lsl #1
20005080:	ea4f 0c8c 	mov.w	ip, ip, lsl #2
20005084:	f10c 4c80 	add.w	ip, ip, #1073741824	@ 0x40000000
20005088:	b570      	push	{r4, r5, r6, lr}
2000508a:	f50c 3c80 	add.w	ip, ip, #65536	@ 0x10000
2000508e:	9c04      	ldr	r4, [sp, #16]
20005090:	461e      	mov	r6, r3
20005092:	f8dc 3004 	ldr.w	r3, [ip, #4]
20005096:	42a3      	cmp	r3, r4
20005098:	bf38      	it	cc
2000509a:	4623      	movcc	r3, r4
2000509c:	f1a0 0404 	sub.w	r4, r0, #4
200050a0:	b2e4      	uxtb	r4, r4
200050a2:	bf38      	it	cc
200050a4:	f8cc 3004 	strcc.w	r3, [ip, #4]
200050a8:	2c01      	cmp	r4, #1
200050aa:	d92d      	bls.n	20005108 <clock_configure_internal+0x8c>
200050ac:	f44f 6500 	mov.w	r5, #2048	@ 0x800
200050b0:	4b27      	ldr	r3, [pc, #156]	@ (20005150 <clock_configure_internal+0xd4>)
200050b2:	f50c 5e40 	add.w	lr, ip, #12288	@ 0x3000
200050b6:	f8ce 5000 	str.w	r5, [lr]
200050ba:	f853 e020 	ldr.w	lr, [r3, r0, lsl #2]
200050be:	f1be 0f00 	cmp.w	lr, #0
200050c2:	d116      	bne.n	200050f2 <clock_configure_internal+0x76>
200050c4:	f8dc e000 	ldr.w	lr, [ip]
200050c8:	2c01      	cmp	r4, #1
200050ca:	ea8e 1242 	eor.w	r2, lr, r2, lsl #5
200050ce:	f002 02e0 	and.w	r2, r2, #224	@ 0xe0
200050d2:	f50c 5e80 	add.w	lr, ip, #4096	@ 0x1000
200050d6:	f8ce 2000 	str.w	r2, [lr]
200050da:	d92a      	bls.n	20005132 <clock_configure_internal+0xb6>
200050dc:	f44f 6200 	mov.w	r2, #2048	@ 0x800
200050e0:	f843 6020 	str.w	r6, [r3, r0, lsl #2]
200050e4:	f50c 5300 	add.w	r3, ip, #8192	@ 0x2000
200050e8:	601a      	str	r2, [r3, #0]
200050ea:	9b04      	ldr	r3, [sp, #16]
200050ec:	f8cc 3004 	str.w	r3, [ip, #4]
200050f0:	bd70      	pop	{r4, r5, r6, pc}
200050f2:	695d      	ldr	r5, [r3, #20]
200050f4:	fbb5 fefe 	udiv	lr, r5, lr
200050f8:	f10e 0e01 	add.w	lr, lr, #1
200050fc:	eb0e 0e4e 	add.w	lr, lr, lr, lsl #1
20005100:	f1be 0e03 	subs.w	lr, lr, #3
20005104:	d2fc      	bcs.n	20005100 <clock_configure_internal+0x84>
20005106:	e7dd      	b.n	200050c4 <clock_configure_internal+0x48>
20005108:	2901      	cmp	r1, #1
2000510a:	d1cf      	bne.n	200050ac <clock_configure_internal+0x30>
2000510c:	2403      	movs	r4, #3
2000510e:	f50c 5340 	add.w	r3, ip, #12288	@ 0x3000
20005112:	601c      	str	r4, [r3, #0]
20005114:	f8dc 3008 	ldr.w	r3, [ip, #8]
20005118:	07db      	lsls	r3, r3, #31
2000511a:	d5fb      	bpl.n	20005114 <clock_configure_internal+0x98>
2000511c:	f8dc 3000 	ldr.w	r3, [ip]
20005120:	f50c 5e80 	add.w	lr, ip, #4096	@ 0x1000
20005124:	ea83 1342 	eor.w	r3, r3, r2, lsl #5
20005128:	f003 03e0 	and.w	r3, r3, #224	@ 0xe0
2000512c:	f8ce 3000 	str.w	r3, [lr]
20005130:	4b07      	ldr	r3, [pc, #28]	@ (20005150 <clock_configure_internal+0xd4>)
20005132:	2201      	movs	r2, #1
20005134:	f8dc 4000 	ldr.w	r4, [ip]
20005138:	404c      	eors	r4, r1
2000513a:	f004 0403 	and.w	r4, r4, #3
2000513e:	f8ce 4000 	str.w	r4, [lr]
20005142:	fa02 f101 	lsl.w	r1, r2, r1
20005146:	f8dc 2008 	ldr.w	r2, [ip, #8]
2000514a:	420a      	tst	r2, r1
2000514c:	d0fb      	beq.n	20005146 <clock_configure_internal+0xca>
2000514e:	e7c5      	b.n	200050dc <clock_configure_internal+0x60>
20005150:	200148e0 	.word	0x200148e0

20005154 <clock_configure_undivided>:
20005154:	f44f 3c80 	mov.w	ip, #65536	@ 0x10000
20005158:	b500      	push	{lr}
2000515a:	b083      	sub	sp, #12
2000515c:	f8cd c000 	str.w	ip, [sp]
20005160:	f7ff ff8c 	bl	2000507c <clock_configure_internal>
20005164:	b003      	add	sp, #12
20005166:	bd00      	pop	{pc}

20005168 <clock_get_hz>:
20005168:	4b01      	ldr	r3, [pc, #4]	@ (20005170 <clock_get_hz+0x8>)
2000516a:	f853 0020 	ldr.w	r0, [r3, r0, lsl #2]
2000516e:	4770      	bx	lr
20005170:	200148e0 	.word	0x200148e0

20005174 <set_sys_clock_pll>:
20005174:	b5f0      	push	{r4, r5, r6, r7, lr}
20005176:	f44f 3480 	mov.w	r4, #65536	@ 0x10000
2000517a:	4617      	mov	r7, r2
2000517c:	2201      	movs	r2, #1
2000517e:	460e      	mov	r6, r1
20005180:	4605      	mov	r5, r0
20005182:	b083      	sub	sp, #12
20005184:	4611      	mov	r1, r2
20005186:	2005      	movs	r0, #5
20005188:	4b12      	ldr	r3, [pc, #72]	@ (200051d4 <set_sys_clock_pll+0x60>)
2000518a:	9400      	str	r4, [sp, #0]
2000518c:	f7ff ff76 	bl	2000507c <clock_configure_internal>
20005190:	4633      	mov	r3, r6
20005192:	fb07 f606 	mul.w	r6, r7, r6
20005196:	462a      	mov	r2, r5
20005198:	2101      	movs	r1, #1
2000519a:	480f      	ldr	r0, [pc, #60]	@ (200051d8 <set_sys_clock_pll+0x64>)
2000519c:	9700      	str	r7, [sp, #0]
2000519e:	f000 f85d 	bl	2000525c <pll_init>
200051a2:	fbb5 f5f6 	udiv	r5, r5, r6
200051a6:	2200      	movs	r2, #0
200051a8:	2102      	movs	r1, #2
200051aa:	2004      	movs	r0, #4
200051ac:	4b0b      	ldr	r3, [pc, #44]	@ (200051dc <set_sys_clock_pll+0x68>)
200051ae:	9400      	str	r4, [sp, #0]
200051b0:	f7ff ff64 	bl	2000507c <clock_configure_internal>
200051b4:	462b      	mov	r3, r5
200051b6:	2200      	movs	r2, #0
200051b8:	2101      	movs	r1, #1
200051ba:	2005      	movs	r0, #5
200051bc:	9400      	str	r4, [sp, #0]
200051be:	f7ff ff5d 	bl	2000507c <clock_configure_internal>
200051c2:	2202      	movs	r2, #2
200051c4:	2100      	movs	r1, #0
200051c6:	2006      	movs	r0, #6
200051c8:	4b02      	ldr	r3, [pc, #8]	@ (200051d4 <set_sys_clock_pll+0x60>)
200051ca:	9400      	str	r4, [sp, #0]
200051cc:	f7ff ff56 	bl	2000507c <clock_configure_internal>
200051d0:	b003      	add	sp, #12
200051d2:	bdf0      	pop	{r4, r5, r6, r7, pc}
200051d4:	02dc6c00 	.word	0x02dc6c00
200051d8:	40050000 	.word	0x40050000
200051dc:	00b71b00 	.word	0x00b71b00

200051e0 <check_sys_clock_hz>:
200051e0:	e92d 47f0 	stmdb	sp!, {r4, r5, r6, r7, r8, r9, sl, lr}
200051e4:	4688      	mov	r8, r1
200051e6:	4691      	mov	r9, r2
200051e8:	469a      	mov	sl, r3
200051ea:	4d18      	ldr	r5, [pc, #96]	@ (2000524c <check_sys_clock_hz+0x6c>)
200051ec:	4e18      	ldr	r6, [pc, #96]	@ (20005250 <check_sys_clock_hz+0x70>)
200051ee:	4f19      	ldr	r7, [pc, #100]	@ (20005254 <check_sys_clock_hz+0x74>)
200051f0:	4c19      	ldr	r4, [pc, #100]	@ (20005258 <check_sys_clock_hz+0x78>)
200051f2:	42b5      	cmp	r5, r6
200051f4:	d907      	bls.n	20005206 <check_sys_clock_hz+0x26>
200051f6:	f5a5 0537 	sub.w	r5, r5, #11993088	@ 0xb70000
200051fa:	f5a5 55d8 	sub.w	r5, r5, #6912	@ 0x1b00
200051fe:	42bd      	cmp	r5, r7
20005200:	d1f7      	bne.n	200051f2 <check_sys_clock_hz+0x12>
20005202:	2000      	movs	r0, #0
20005204:	e019      	b.n	2000523a <check_sys_clock_hz+0x5a>
20005206:	2207      	movs	r2, #7
20005208:	1929      	adds	r1, r5, r4
2000520a:	4696      	mov	lr, r2
2000520c:	fb02 fc02 	mul.w	ip, r2, r2
20005210:	e004      	b.n	2000521c <check_sys_clock_hz+0x3c>
20005212:	f1be 0e01 	subs.w	lr, lr, #1
20005216:	ebac 0c02 	sub.w	ip, ip, r2
2000521a:	d010      	beq.n	2000523e <check_sys_clock_hz+0x5e>
2000521c:	fbb1 f3fc 	udiv	r3, r1, ip
20005220:	4283      	cmp	r3, r0
20005222:	d1f6      	bne.n	20005212 <check_sys_clock_hz+0x32>
20005224:	fb0c 1310 	mls	r3, ip, r0, r1
20005228:	2b00      	cmp	r3, #0
2000522a:	d1f2      	bne.n	20005212 <check_sys_clock_hz+0x32>
2000522c:	2001      	movs	r0, #1
2000522e:	f8c8 1000 	str.w	r1, [r8]
20005232:	f8c9 2000 	str.w	r2, [r9]
20005236:	f8ca e000 	str.w	lr, [sl]
2000523a:	e8bd 87f0 	ldmia.w	sp!, {r4, r5, r6, r7, r8, r9, sl, pc}
2000523e:	3a01      	subs	r2, #1
20005240:	d1e3      	bne.n	2000520a <check_sys_clock_hz+0x2a>
20005242:	f5a5 0537 	sub.w	r5, r5, #11993088	@ 0xb70000
20005246:	f5a5 55d8 	sub.w	r5, r5, #6912	@ 0x1b00
2000524a:	e7d2      	b.n	200051f2 <check_sys_clock_hz+0x12>
2000524c:	b82da880 	.word	0xb82da880
20005250:	32a9f880 	.word	0x32a9f880
20005254:	de067d80 	.word	0xde067d80
20005258:	2cb41780 	.word	0x2cb41780

2000525c <pll_init>:
2000525c:	b510      	push	{r4, lr}
2000525e:	9c02      	ldr	r4, [sp, #8]
20005260:	468e      	mov	lr, r1
20005262:	ea4f 3c04 	mov.w	ip, r4, lsl #12
20005266:	ea4c 4c03 	orr.w	ip, ip, r3, lsl #16
2000526a:	4b1c      	ldr	r3, [pc, #112]	@ (200052dc <pll_init+0x80>)
2000526c:	fbb3 f3f1 	udiv	r3, r3, r1
20005270:	6801      	ldr	r1, [r0, #0]
20005272:	fbb2 f4f3 	udiv	r4, r2, r3
20005276:	2900      	cmp	r1, #0
20005278:	db20      	blt.n	200052bc <pll_init+0x60>
2000527a:	4a19      	ldr	r2, [pc, #100]	@ (200052e0 <pll_init+0x84>)
2000527c:	4b19      	ldr	r3, [pc, #100]	@ (200052e4 <pll_init+0x88>)
2000527e:	4290      	cmp	r0, r2
20005280:	bf14      	ite	ne
20005282:	f44f 4280 	movne.w	r2, #16384	@ 0x4000
20005286:	f44f 4200 	moveq.w	r2, #32768	@ 0x8000
2000528a:	4917      	ldr	r1, [pc, #92]	@ (200052e8 <pll_init+0x8c>)
2000528c:	601a      	str	r2, [r3, #0]
2000528e:	f503 5380 	add.w	r3, r3, #4096	@ 0x1000
20005292:	601a      	str	r2, [r3, #0]
20005294:	688b      	ldr	r3, [r1, #8]
20005296:	ea32 0303 	bics.w	r3, r2, r3
2000529a:	d1fb      	bne.n	20005294 <pll_init+0x38>
2000529c:	2221      	movs	r2, #33	@ 0x21
2000529e:	f500 5340 	add.w	r3, r0, #12288	@ 0x3000
200052a2:	3304      	adds	r3, #4
200052a4:	f8c0 e000 	str.w	lr, [r0]
200052a8:	6084      	str	r4, [r0, #8]
200052aa:	601a      	str	r2, [r3, #0]
200052ac:	6802      	ldr	r2, [r0, #0]
200052ae:	2a00      	cmp	r2, #0
200052b0:	dafc      	bge.n	200052ac <pll_init+0x50>
200052b2:	2208      	movs	r2, #8
200052b4:	f8c0 c00c 	str.w	ip, [r0, #12]
200052b8:	601a      	str	r2, [r3, #0]
200052ba:	bd10      	pop	{r4, pc}
200052bc:	6803      	ldr	r3, [r0, #0]
200052be:	f003 033f 	and.w	r3, r3, #63	@ 0x3f
200052c2:	4573      	cmp	r3, lr
200052c4:	d1d9      	bne.n	2000527a <pll_init+0x1e>
200052c6:	6883      	ldr	r3, [r0, #8]
200052c8:	f3c3 030b 	ubfx	r3, r3, #0, #12
200052cc:	42a3      	cmp	r3, r4
200052ce:	d1d4      	bne.n	2000527a <pll_init+0x1e>
200052d0:	68c3      	ldr	r3, [r0, #12]
200052d2:	f403 23ee 	and.w	r3, r3, #487424	@ 0x77000
200052d6:	4563      	cmp	r3, ip
200052d8:	d1cf      	bne.n	2000527a <pll_init+0x1e>
200052da:	bd10      	pop	{r4, pc}
200052dc:	00b71b00 	.word	0x00b71b00
200052e0:	40058000 	.word	0x40058000
200052e4:	40022000 	.word	0x40022000
200052e8:	40020000 	.word	0x40020000

200052ec <vreg_set_voltage>:
200052ec:	4b0a      	ldr	r3, [pc, #40]	@ (20005318 <vreg_set_voltage+0x2c>)
200052ee:	490b      	ldr	r1, [pc, #44]	@ (2000531c <vreg_set_voltage+0x30>)
200052f0:	4a0b      	ldr	r2, [pc, #44]	@ (20005320 <vreg_set_voltage+0x34>)
200052f2:	6059      	str	r1, [r3, #4]
200052f4:	68d3      	ldr	r3, [r2, #12]
200052f6:	0419      	lsls	r1, r3, #16
200052f8:	d4fc      	bmi.n	200052f4 <vreg_set_voltage+0x8>
200052fa:	4b0a      	ldr	r3, [pc, #40]	@ (20005324 <vreg_set_voltage+0x38>)
200052fc:	68d2      	ldr	r2, [r2, #12]
200052fe:	ea43 1300 	orr.w	r3, r3, r0, lsl #4
20005302:	4909      	ldr	r1, [pc, #36]	@ (20005328 <vreg_set_voltage+0x3c>)
20005304:	4053      	eors	r3, r2
20005306:	4809      	ldr	r0, [pc, #36]	@ (2000532c <vreg_set_voltage+0x40>)
20005308:	4019      	ands	r1, r3
2000530a:	4a05      	ldr	r2, [pc, #20]	@ (20005320 <vreg_set_voltage+0x34>)
2000530c:	60c1      	str	r1, [r0, #12]
2000530e:	68d3      	ldr	r3, [r2, #12]
20005310:	041b      	lsls	r3, r3, #16
20005312:	d4fc      	bmi.n	2000530e <vreg_set_voltage+0x22>
20005314:	4770      	bx	lr
20005316:	bf00      	nop
20005318:	40102000 	.word	0x40102000
2000531c:	5afe2000 	.word	0x5afe2000
20005320:	40100000 	.word	0x40100000
20005324:	5afe0000 	.word	0x5afe0000
20005328:	5afe01f0 	.word	0x5afe01f0
2000532c:	40101000 	.word	0x40101000

20005330 <vreg_get_voltage>:
20005330:	4b02      	ldr	r3, [pc, #8]	@ (2000533c <vreg_get_voltage+0xc>)
20005332:	68d8      	ldr	r0, [r3, #12]
20005334:	f3c0 1004 	ubfx	r0, r0, #4, #5
20005338:	4770      	bx	lr
2000533a:	bf00      	nop
2000533c:	40100000 	.word	0x40100000

20005340 <watchdog_update>:
20005340:	4a02      	ldr	r2, [pc, #8]	@ (2000534c <watchdog_update+0xc>)
20005342:	4b03      	ldr	r3, [pc, #12]	@ (20005350 <watchdog_update+0x10>)
20005344:	6812      	ldr	r2, [r2, #0]
20005346:	605a      	str	r2, [r3, #4]
20005348:	4770      	bx	lr
2000534a:	bf00      	nop
2000534c:	20014ae0 	.word	0x20014ae0
20005350:	400d8000 	.word	0x400d8000

20005354 <watchdog_enable>:
20005354:	b500      	push	{lr}
20005356:	f04f 4e80 	mov.w	lr, #1073741824	@ 0x40000000
2000535a:	4b18      	ldr	r3, [pc, #96]	@ (200053bc <watchdog_enable+0x68>)
2000535c:	4a18      	ldr	r2, [pc, #96]	@ (200053c0 <watchdog_enable+0x6c>)
2000535e:	f8df c06c 	ldr.w	ip, [pc, #108]	@ 200053cc <watchdog_enable+0x78>
20005362:	61da      	str	r2, [r3, #28]
20005364:	4a17      	ldr	r2, [pc, #92]	@ (200053c4 <watchdog_enable+0x70>)
20005366:	f503 5340 	add.w	r3, r3, #12288	@ 0x3000
2000536a:	f8c3 e000 	str.w	lr, [r3]
2000536e:	f8c2 c008 	str.w	ip, [r2, #8]
20005372:	f04f 62e0 	mov.w	r2, #117440512	@ 0x7000000
20005376:	b1f1      	cbz	r1, 200053b6 <watchdog_enable+0x62>
20005378:	f5a3 5380 	sub.w	r3, r3, #4096	@ 0x1000
2000537c:	601a      	str	r2, [r3, #0]
2000537e:	b920      	cbnz	r0, 2000538a <watchdog_enable+0x36>
20005380:	f04f 4200 	mov.w	r2, #2147483648	@ 0x80000000
20005384:	4b10      	ldr	r3, [pc, #64]	@ (200053c8 <watchdog_enable+0x74>)
20005386:	601a      	str	r2, [r3, #0]
20005388:	bd00      	pop	{pc}
2000538a:	f44f 737a 	mov.w	r3, #1000	@ 0x3e8
2000538e:	fb03 f000 	mul.w	r0, r3, r0
20005392:	f1b0 7f80 	cmp.w	r0, #16777216	@ 0x1000000
20005396:	bf2a      	itet	cs
20005398:	f06f 437f 	mvncs.w	r3, #4278190080	@ 0xff000000
2000539c:	4603      	movcc	r3, r0
2000539e:	4618      	movcs	r0, r3
200053a0:	f04f 4280 	mov.w	r2, #1073741824	@ 0x40000000
200053a4:	f8df c028 	ldr.w	ip, [pc, #40]	@ 200053d0 <watchdog_enable+0x7c>
200053a8:	4904      	ldr	r1, [pc, #16]	@ (200053bc <watchdog_enable+0x68>)
200053aa:	f8cc 3000 	str.w	r3, [ip]
200053ae:	4b06      	ldr	r3, [pc, #24]	@ (200053c8 <watchdog_enable+0x74>)
200053b0:	6048      	str	r0, [r1, #4]
200053b2:	601a      	str	r2, [r3, #0]
200053b4:	bd00      	pop	{pc}
200053b6:	601a      	str	r2, [r3, #0]
200053b8:	e7e1      	b.n	2000537e <watchdog_enable+0x2a>
200053ba:	bf00      	nop
200053bc:	400d8000 	.word	0x400d8000
200053c0:	6ab73121 	.word	0x6ab73121
200053c4:	4001a000 	.word	0x4001a000
200053c8:	400da000 	.word	0x400da000
200053cc:	01fffff3 	.word	0x01fffff3
200053d0:	20014ae0 	.word	0x20014ae0

200053d4 <tick_start>:
200053d4:	2301      	movs	r3, #1
200053d6:	eb00 0040 	add.w	r0, r0, r0, lsl #1
200053da:	0080      	lsls	r0, r0, #2
200053dc:	f100 4080 	add.w	r0, r0, #1073741824	@ 0x40000000
200053e0:	f500 1084 	add.w	r0, r0, #1081344	@ 0x108000
200053e4:	6041      	str	r1, [r0, #4]
200053e6:	6003      	str	r3, [r0, #0]
200053e8:	4770      	bx	lr
200053ea:	bf00      	nop

200053ec <rom_func_lookup>:
200053ec:	2300      	movs	r3, #0
200053ee:	8adb      	ldrh	r3, [r3, #22]
200053f0:	2200      	movs	r2, #0
200053f2:	e842 f200 	tt	r2, r2
200053f6:	0252      	lsls	r2, r2, #9
200053f8:	d401      	bmi.n	200053fe <rom_func_lookup+0x12>
200053fa:	2110      	movs	r1, #16
200053fc:	4718      	bx	r3
200053fe:	2104      	movs	r1, #4
20005400:	4718      	bx	r3
20005402:	bf00      	nop

20005404 <runtime_init_bootrom_locking_enable>:
20005404:	4a03      	ldr	r2, [pc, #12]	@ (20005414 <runtime_init_bootrom_locking_enable+0x10>)
20005406:	f8d2 3828 	ldr.w	r3, [r2, #2088]	@ 0x828
2000540a:	2b00      	cmp	r3, #0
2000540c:	d0fb      	beq.n	20005406 <runtime_init_bootrom_locking_enable+0x2>
2000540e:	f3bf 8f5f 	dmb	sy
20005412:	4770      	bx	lr
20005414:	400e0000 	.word	0x400e0000

20005418 <runtime_init_boot_locks_reset>:
20005418:	2100      	movs	r1, #0
2000541a:	4b04      	ldr	r3, [pc, #16]	@ (2000542c <runtime_init_boot_locks_reset+0x14>)
2000541c:	4a04      	ldr	r2, [pc, #16]	@ (20005430 <runtime_init_boot_locks_reset+0x18>)
2000541e:	f3bf 8f5f 	dmb	sy
20005422:	f843 1b04 	str.w	r1, [r3], #4
20005426:	4293      	cmp	r3, r2
20005428:	d1f9      	bne.n	2000541e <runtime_init_boot_locks_reset+0x6>
2000542a:	4770      	bx	lr
2000542c:	400e080c 	.word	0x400e080c
20005430:	400e082c 	.word	0x400e082c

20005434 <xosc_init>:
20005434:	f44f 6c2a 	mov.w	ip, #2720	@ 0xaa0
20005438:	f44f 708d 	mov.w	r0, #282	@ 0x11a
2000543c:	4a05      	ldr	r2, [pc, #20]	@ (20005454 <xosc_init+0x20>)
2000543e:	4b06      	ldr	r3, [pc, #24]	@ (20005458 <xosc_init+0x24>)
20005440:	4906      	ldr	r1, [pc, #24]	@ (2000545c <xosc_init+0x28>)
20005442:	f8c2 c000 	str.w	ip, [r2]
20005446:	60d0      	str	r0, [r2, #12]
20005448:	6019      	str	r1, [r3, #0]
2000544a:	6853      	ldr	r3, [r2, #4]
2000544c:	2b00      	cmp	r3, #0
2000544e:	dafc      	bge.n	2000544a <xosc_init+0x16>
20005450:	4770      	bx	lr
20005452:	bf00      	nop
20005454:	40048000 	.word	0x40048000
20005458:	4004a000 	.word	0x4004a000
2000545c:	00fab000 	.word	0x00fab000

20005460 <first_per_core_initializer>:
20005460:	4770      	bx	lr
20005462:	bf00      	nop

20005464 <hard_assertion_failure>:
20005464:	b508      	push	{r3, lr}
20005466:	4801      	ldr	r0, [pc, #4]	@ (2000546c <hard_assertion_failure+0x8>)
20005468:	f7fe ff8c 	bl	20004384 <panic>
2000546c:	2000d98c 	.word	0x2000d98c

20005470 <runtime_run_initializers>:
20005470:	b538      	push	{r3, r4, r5, lr}
20005472:	4c05      	ldr	r4, [pc, #20]	@ (20005488 <runtime_run_initializers+0x18>)
20005474:	4d05      	ldr	r5, [pc, #20]	@ (2000548c <runtime_run_initializers+0x1c>)
20005476:	42ac      	cmp	r4, r5
20005478:	d204      	bcs.n	20005484 <runtime_run_initializers+0x14>
2000547a:	f854 3b04 	ldr.w	r3, [r4], #4
2000547e:	4798      	blx	r3
20005480:	42ac      	cmp	r4, r5
20005482:	d3fa      	bcc.n	2000547a <runtime_run_initializers+0xa>
20005484:	bd38      	pop	{r3, r4, r5, pc}
20005486:	bf00      	nop
20005488:	2000ea78 	.word	0x2000ea78
2000548c:	2000eab8 	.word	0x2000eab8

20005490 <runtime_run_per_core_initializers>:
20005490:	b538      	push	{r3, r4, r5, lr}
20005492:	4c05      	ldr	r4, [pc, #20]	@ (200054a8 <runtime_run_per_core_initializers+0x18>)
20005494:	4d05      	ldr	r5, [pc, #20]	@ (200054ac <runtime_run_per_core_initializers+0x1c>)
20005496:	42ac      	cmp	r4, r5
20005498:	d204      	bcs.n	200054a4 <runtime_run_per_core_initializers+0x14>
2000549a:	f854 3b04 	ldr.w	r3, [r4], #4
2000549e:	4798      	blx	r3
200054a0:	42ac      	cmp	r4, r5
200054a2:	d3fa      	bcc.n	2000549a <runtime_run_per_core_initializers+0xa>
200054a4:	bd38      	pop	{r3, r4, r5, pc}
200054a6:	bf00      	nop
200054a8:	2000eaa4 	.word	0x2000eaa4
200054ac:	2000eab8 	.word	0x2000eab8

200054b0 <runtime_init_early_resets>:
200054b0:	4806      	ldr	r0, [pc, #24]	@ (200054cc <runtime_init_early_resets+0x1c>)
200054b2:	f8df c028 	ldr.w	ip, [pc, #40]	@ 200054dc <runtime_init_early_resets+0x2c>
200054b6:	4b06      	ldr	r3, [pc, #24]	@ (200054d0 <runtime_init_early_resets+0x20>)
200054b8:	4a06      	ldr	r2, [pc, #24]	@ (200054d4 <runtime_init_early_resets+0x24>)
200054ba:	4907      	ldr	r1, [pc, #28]	@ (200054d8 <runtime_init_early_resets+0x28>)
200054bc:	f8c0 c000 	str.w	ip, [r0]
200054c0:	601a      	str	r2, [r3, #0]
200054c2:	688b      	ldr	r3, [r1, #8]
200054c4:	ea32 0303 	bics.w	r3, r2, r3
200054c8:	d1fb      	bne.n	200054c2 <runtime_init_early_resets+0x12>
200054ca:	4770      	bx	lr
200054cc:	40022000 	.word	0x40022000
200054d0:	40023000 	.word	0x40023000
200054d4:	03f3fff6 	.word	0x03f3fff6
200054d8:	40020000 	.word	0x40020000
200054dc:	efef3b7f 	.word	0xefef3b7f

200054e0 <runtime_init_usb_power_down>:
200054e0:	4b04      	ldr	r3, [pc, #16]	@ (200054f4 <runtime_init_usb_power_down+0x14>)
200054e2:	6cdb      	ldr	r3, [r3, #76]	@ 0x4c
200054e4:	f5b3 4f00 	cmp.w	r3, #32768	@ 0x8000
200054e8:	d103      	bne.n	200054f2 <runtime_init_usb_power_down+0x12>
200054ea:	f44f 2280 	mov.w	r2, #262144	@ 0x40000
200054ee:	4b02      	ldr	r3, [pc, #8]	@ (200054f8 <runtime_init_usb_power_down+0x18>)
200054f0:	64da      	str	r2, [r3, #76]	@ 0x4c
200054f2:	4770      	bx	lr
200054f4:	50110000 	.word	0x50110000
200054f8:	50112000 	.word	0x50112000

200054fc <runtime_init_per_core_enable_coprocessors>:
200054fc:	f04f 22e0 	mov.w	r2, #3758153728	@ 0xe000e000
20005500:	4b04      	ldr	r3, [pc, #16]	@ (20005514 <runtime_init_per_core_enable_coprocessors+0x18>)
20005502:	f8d2 1d88 	ldr.w	r1, [r2, #3464]	@ 0xd88
20005506:	430b      	orrs	r3, r1
20005508:	f8c2 3d88 	str.w	r3, [r2, #3464]	@ 0xd88
2000550c:	ee10 0430 			dcp_rcmp r0
20005510:	4770      	bx	lr
20005512:	bf00      	nop
20005514:	00300303 	.word	0x00300303

20005518 <runtime_init_post_clock_resets>:
20005518:	f06f 4160 	mvn.w	r1, #3758096384	@ 0xe0000000
2000551c:	4b04      	ldr	r3, [pc, #16]	@ (20005530 <runtime_init_post_clock_resets+0x18>)
2000551e:	4a05      	ldr	r2, [pc, #20]	@ (20005534 <runtime_init_post_clock_resets+0x1c>)
20005520:	6019      	str	r1, [r3, #0]
20005522:	6893      	ldr	r3, [r2, #8]
20005524:	43db      	mvns	r3, r3
20005526:	f033 4360 	bics.w	r3, r3, #3758096384	@ 0xe0000000
2000552a:	d1fa      	bne.n	20005522 <runtime_init_post_clock_resets+0xa>
2000552c:	4770      	bx	lr
2000552e:	bf00      	nop
20005530:	40023000 	.word	0x40023000
20005534:	40020000 	.word	0x40020000

20005538 <runtime_init_bootrom_reset>:
20005538:	b510      	push	{r4, lr}
2000553a:	f245 2053 	movw	r0, #21075	@ 0x5253
2000553e:	f7ff ff55 	bl	200053ec <rom_func_lookup>
20005542:	e8bd 4010 	ldmia.w	sp!, {r4, lr}
20005546:	4603      	mov	r3, r0
20005548:	2004      	movs	r0, #4
2000554a:	4718      	bx	r3

2000554c <runtime_init_per_core_bootrom_reset>:
2000554c:	b510      	push	{r4, lr}
2000554e:	f245 2053 	movw	r0, #21075	@ 0x5253
20005552:	f7ff ff4b 	bl	200053ec <rom_func_lookup>
20005556:	e8bd 4010 	ldmia.w	sp!, {r4, lr}
2000555a:	4603      	mov	r3, r0
2000555c:	2001      	movs	r0, #1
2000555e:	4718      	bx	r3

20005560 <runtime_init_spin_locks_reset>:
20005560:	f7fe bfcc 	b.w	200044fc <spin_locks_reset>

20005564 <runtime_init_install_ram_vector_table>:
20005564:	b570      	push	{r4, r5, r6, lr}
20005566:	490d      	ldr	r1, [pc, #52]	@ (2000559c <runtime_init_install_ram_vector_table+0x38>)
20005568:	4d0d      	ldr	r5, [pc, #52]	@ (200055a0 <runtime_init_install_ram_vector_table+0x3c>)
2000556a:	4e0e      	ldr	r6, [pc, #56]	@ (200055a4 <runtime_init_install_ram_vector_table+0x40>)
2000556c:	1a6d      	subs	r5, r5, r1
2000556e:	10ac      	asrs	r4, r5, #2
20005570:	2c44      	cmp	r4, #68	@ 0x44
20005572:	4622      	mov	r2, r4
20005574:	bf28      	it	cs
20005576:	2244      	movcs	r2, #68	@ 0x44
20005578:	4630      	mov	r0, r6
2000557a:	0092      	lsls	r2, r2, #2
2000557c:	f006 f89c 	bl	2000b6b8 <memcpy>
20005580:	f5b5 7f86 	cmp.w	r5, #268	@ 0x10c
20005584:	d807      	bhi.n	20005596 <runtime_init_install_ram_vector_table+0x32>
20005586:	1f33      	subs	r3, r6, #4
20005588:	4a07      	ldr	r2, [pc, #28]	@ (200055a8 <runtime_init_install_ram_vector_table+0x44>)
2000558a:	442b      	add	r3, r5
2000558c:	3401      	adds	r4, #1
2000558e:	2c44      	cmp	r4, #68	@ 0x44
20005590:	f843 2f04 	str.w	r2, [r3, #4]!
20005594:	d1fa      	bne.n	2000558c <runtime_init_install_ram_vector_table+0x28>
20005596:	4b05      	ldr	r3, [pc, #20]	@ (200055ac <runtime_init_install_ram_vector_table+0x48>)
20005598:	609e      	str	r6, [r3, #8]
2000559a:	bd70      	pop	{r4, r5, r6, pc}
2000559c:	10000000 	.word	0x10000000
200055a0:	10000110 	.word	0x10000110
200055a4:	20000000 	.word	0x20000000
200055a8:	10000111 	.word	0x10000111
200055ac:	e000ed00 	.word	0xe000ed00

200055b0 <runtime_init_clocks>:
200055b0:	2300      	movs	r3, #0
200055b2:	b570      	push	{r4, r5, r6, lr}
200055b4:	4c2b      	ldr	r4, [pc, #172]	@ (20005664 <runtime_init_clocks+0xb4>)
200055b6:	b082      	sub	sp, #8
200055b8:	f8c4 3084 	str.w	r3, [r4, #132]	@ 0x84
200055bc:	f7ff ff3a 	bl	20005434 <xosc_init>
200055c0:	2201      	movs	r2, #1
200055c2:	4b29      	ldr	r3, [pc, #164]	@ (20005668 <runtime_init_clocks+0xb8>)
200055c4:	63da      	str	r2, [r3, #60]	@ 0x3c
200055c6:	6c63      	ldr	r3, [r4, #68]	@ 0x44
200055c8:	2b01      	cmp	r3, #1
200055ca:	d1fc      	bne.n	200055c6 <runtime_init_clocks+0x16>
200055cc:	2103      	movs	r1, #3
200055ce:	4a26      	ldr	r2, [pc, #152]	@ (20005668 <runtime_init_clocks+0xb8>)
200055d0:	4b24      	ldr	r3, [pc, #144]	@ (20005664 <runtime_init_clocks+0xb4>)
200055d2:	6311      	str	r1, [r2, #48]	@ 0x30
200055d4:	6b9c      	ldr	r4, [r3, #56]	@ 0x38
200055d6:	2c01      	cmp	r4, #1
200055d8:	d1fc      	bne.n	200055d4 <runtime_init_clocks+0x24>
200055da:	2602      	movs	r6, #2
200055dc:	2505      	movs	r5, #5
200055de:	4621      	mov	r1, r4
200055e0:	2305      	movs	r3, #5
200055e2:	4a22      	ldr	r2, [pc, #136]	@ (2000566c <runtime_init_clocks+0xbc>)
200055e4:	4822      	ldr	r0, [pc, #136]	@ (20005670 <runtime_init_clocks+0xc0>)
200055e6:	9600      	str	r6, [sp, #0]
200055e8:	f7ff fe38 	bl	2000525c <pll_init>
200055ec:	4621      	mov	r1, r4
200055ee:	462b      	mov	r3, r5
200055f0:	4a20      	ldr	r2, [pc, #128]	@ (20005674 <runtime_init_clocks+0xc4>)
200055f2:	4821      	ldr	r0, [pc, #132]	@ (20005678 <runtime_init_clocks+0xc8>)
200055f4:	9500      	str	r5, [sp, #0]
200055f6:	f7ff fe31 	bl	2000525c <pll_init>
200055fa:	2200      	movs	r2, #0
200055fc:	2004      	movs	r0, #4
200055fe:	4631      	mov	r1, r6
20005600:	4b1e      	ldr	r3, [pc, #120]	@ (2000567c <runtime_init_clocks+0xcc>)
20005602:	f7ff fda7 	bl	20005154 <clock_configure_undivided>
20005606:	4621      	mov	r1, r4
20005608:	4628      	mov	r0, r5
2000560a:	2200      	movs	r2, #0
2000560c:	4b1c      	ldr	r3, [pc, #112]	@ (20005680 <runtime_init_clocks+0xd0>)
2000560e:	f7ff fda1 	bl	20005154 <clock_configure_undivided>
20005612:	2200      	movs	r2, #0
20005614:	2008      	movs	r0, #8
20005616:	4611      	mov	r1, r2
20005618:	4b1a      	ldr	r3, [pc, #104]	@ (20005684 <runtime_init_clocks+0xd4>)
2000561a:	f7ff fd9b 	bl	20005154 <clock_configure_undivided>
2000561e:	2200      	movs	r2, #0
20005620:	2009      	movs	r0, #9
20005622:	4611      	mov	r1, r2
20005624:	4b17      	ldr	r3, [pc, #92]	@ (20005684 <runtime_init_clocks+0xd4>)
20005626:	f7ff fd95 	bl	20005154 <clock_configure_undivided>
2000562a:	2200      	movs	r2, #0
2000562c:	2006      	movs	r0, #6
2000562e:	4611      	mov	r1, r2
20005630:	4b13      	ldr	r3, [pc, #76]	@ (20005680 <runtime_init_clocks+0xd0>)
20005632:	f7ff fd8f 	bl	20005154 <clock_configure_undivided>
20005636:	2200      	movs	r2, #0
20005638:	4b11      	ldr	r3, [pc, #68]	@ (20005680 <runtime_init_clocks+0xd0>)
2000563a:	2007      	movs	r0, #7
2000563c:	4611      	mov	r1, r2
2000563e:	f7ff fd89 	bl	20005154 <clock_configure_undivided>
20005642:	2004      	movs	r0, #4
20005644:	f7ff fd90 	bl	20005168 <clock_get_hz>
20005648:	2400      	movs	r4, #0
2000564a:	4b0f      	ldr	r3, [pc, #60]	@ (20005688 <runtime_init_clocks+0xd8>)
2000564c:	fba3 3500 	umull	r3, r5, r3, r0
20005650:	0cad      	lsrs	r5, r5, #18
20005652:	b2e0      	uxtb	r0, r4
20005654:	4629      	mov	r1, r5
20005656:	3401      	adds	r4, #1
20005658:	f7ff febc 	bl	200053d4 <tick_start>
2000565c:	2c06      	cmp	r4, #6
2000565e:	d1f8      	bne.n	20005652 <runtime_init_clocks+0xa2>
20005660:	b002      	add	sp, #8
20005662:	bd70      	pop	{r4, r5, r6, pc}
20005664:	40010000 	.word	0x40010000
20005668:	40013000 	.word	0x40013000
2000566c:	59682f00 	.word	0x59682f00
20005670:	40050000 	.word	0x40050000
20005674:	47868c00 	.word	0x47868c00
20005678:	40058000 	.word	0x40058000
2000567c:	00b71b00 	.word	0x00b71b00
20005680:	08f0d180 	.word	0x08f0d180
20005684:	02dc6c00 	.word	0x02dc6c00
20005688:	431bde83 	.word	0x431bde83

2000568c <generic_save_state>:
2000568c:	b086      	sub	sp, #24
2000568e:	b403      	push	{r0, r1}
20005690:	fc51 0408 	dcp_pxmd r0, r1
20005694:	e9cd 0102 	strd	r0, r1, [sp, #8]
20005698:	fc51 0409 	dcp_pymd r0, r1
2000569c:	e9cd 0104 	strd	r0, r1, [sp, #16]
200056a0:	ec51 040a 	dcp_refd r0, r1
200056a4:	e9cd 0106 	strd	r0, r1, [sp, #24]
200056a8:	bc03      	pop	{r0, r1}
200056aa:	47f0      	blx	lr

200056ac <generic_restore_state>:
200056ac:	e8bd 5000 	ldmia.w	sp!, {ip, lr}
200056b0:	ec4e c400 	dcp_wxmd ip, lr
200056b4:	e8bd 5000 	ldmia.w	sp!, {ip, lr}
200056b8:	ec4e c401 	dcp_wymd ip, lr
200056bc:	e8bd 5000 	ldmia.w	sp!, {ip, lr}
200056c0:	ec4e c402 	dcp_wefd ip, lr
200056c4:	bd00      	pop	{pc}
200056c6:	0000      	movs	r0, r0
200056c8:	b500      	push	{lr}
200056ca:	f7ff ffdf 	bl	2000568c <generic_save_state>
200056ce:	e002      	b.n	200056d6 <__wrap___aeabi_dadd+0x6>

200056d0 <__wrap___aeabi_dadd>:
200056d0:	fe10 f430 	dcp_pcmp APSR_nzcv
200056d4:	d4f8      	bmi.n	200056c8 <generic_restore_state+0x1c>
200056d6:	ec41 0410 	dcp_wxup r0, r1
200056da:	ec43 2411 	dcp_wyup r2, r3
200056de:	ee00 0401 			dcp_add0
200056e2:	ee10 0401 			dcp_add1
200056e6:	ee80 0420 			dcp_nrdd
200056ea:	ec51 0410 	dcp_rdda r0, r1
200056ee:	4770      	bx	lr
200056f0:	b500      	push	{lr}
200056f2:	f7ff ffcb 	bl	2000568c <generic_save_state>
200056f6:	e002      	b.n	200056fe <__wrap___aeabi_dsub+0x6>

200056f8 <__wrap___aeabi_dsub>:
200056f8:	fe10 f430 	dcp_pcmp APSR_nzcv
200056fc:	d4f8      	bmi.n	200056f0 <__wrap___aeabi_dadd+0x20>
200056fe:	ec41 0410 	dcp_wxup r0, r1
20005702:	ec43 2411 	dcp_wyup r2, r3
20005706:	ee00 0401 			dcp_add0
2000570a:	ee10 0421 			dcp_sub1
2000570e:	ee80 0420 			dcp_nrdd
20005712:	ec51 0430 	dcp_rdds r0, r1
20005716:	4770      	bx	lr
20005718:	b500      	push	{lr}
2000571a:	f7ff ffb7 	bl	2000568c <generic_save_state>
2000571e:	e002      	b.n	20005726 <__wrap___aeabi_dmul+0x6>

20005720 <__wrap___aeabi_dmul>:
20005720:	fe10 f430 	dcp_pcmp APSR_nzcv
20005724:	d4f8      	bmi.n	20005718 <__wrap___aeabi_dsub+0x20>
20005726:	b510      	push	{r4, lr}
20005728:	ec41 0410 	dcp_wxup r0, r1
2000572c:	ec43 2411 	dcp_wyup r2, r3
20005730:	ec51 0404 	dcp_rxms r0, r1, #0x0
20005734:	ec53 2405 	dcp_ryms r2, r3, #0x0
20005738:	fba0 4c02 	umull	r4, ip, r0, r2
2000573c:	f05f 0e00 	movs.w	lr, #0
20005740:	fbe0 ce03 	umlal	ip, lr, r0, r3
20005744:	fbe1 ce02 	umlal	ip, lr, r1, r2
20005748:	ec4c 4420 	dcp_wxms r4, ip
2000574c:	2400      	movs	r4, #0
2000574e:	fbe1 e403 	umlal	lr, r4, r1, r3
20005752:	ec44 e430 	dcp_wxmo lr, r4
20005756:	ee80 0420 			dcp_nrdd
2000575a:	ec51 0450 	dcp_rddm r0, r1
2000575e:	e8bd 4010 	ldmia.w	sp!, {r4, lr}
20005762:	4770      	bx	lr
20005764:	b500      	push	{lr}
20005766:	f7ff ff91 	bl	2000568c <generic_save_state>
2000576a:	e002      	b.n	20005772 <__wrap___aeabi_ddiv+0x6>

2000576c <__wrap___aeabi_ddiv>:
2000576c:	fe10 f430 	dcp_pcmp APSR_nzcv
20005770:	d4f8      	bmi.n	20005764 <__wrap___aeabi_dmul+0x44>
20005772:	ec41 0410 	dcp_wxup r0, r1
20005776:	ec43 2411 	dcp_wyup r2, r3
2000577a:	ec51 0421 	dcp_rymr r0, r1
2000577e:	fba0 1201 	umull	r1, r2, r0, r1
20005782:	ea6f 0282 	mvn.w	r2, r2, lsl #2
20005786:	fb52 0010 	smmlar	r0, r2, r0, r0
2000578a:	fb52 f212 	smmulr	r2, r2, r2
2000578e:	fb52 0010 	smmlar	r0, r2, r0, r0
20005792:	eba0 7cd0 	sub.w	ip, r0, r0, lsr #31
20005796:	ec53 2404 	dcp_rxms r2, r3, #0x0
2000579a:	fb5c f113 	smmulr	r1, ip, r3
2000579e:	ec53 2415 	dcp_ryms r2, r3, #0x1
200057a2:	fba1 2002 	umull	r2, r0, r1, r2
200057a6:	fb01 0003 	mla	r0, r1, r3, r0
200057aa:	ec53 2444 	dcp_rxms r2, r3, #0x4
200057ae:	eba2 0000 	sub.w	r0, r2, r0
200057b2:	fb50 f21c 	smmulr	r2, r0, ip
200057b6:	ea4f 1311 	mov.w	r3, r1, lsr #4
200057ba:	eb12 7001 	adds.w	r0, r2, r1, lsl #28
200057be:	eb43 71e2 	adc.w	r1, r3, r2, asr #31
200057c2:	ea40 5051 	orr.w	r0, r0, r1, lsr #21
200057c6:	ea20 5091 	bic.w	r0, r0, r1, lsr #22
200057ca:	f020 0007 	bic.w	r0, r0, #7
200057ce:	ec53 2475 	dcp_ryms r2, r3, #0x7
200057d2:	fba0 3c02 	umull	r3, ip, r0, r2
200057d6:	ec53 2475 	dcp_ryms r2, r3, #0x7
200057da:	fb00 cc03 	mla	ip, r0, r3, ip
200057de:	fb01 cc02 	mla	ip, r1, r2, ip
200057e2:	ec53 2404 	dcp_rxms r2, r3, #0x0
200057e6:	ebac 4c82 	sub.w	ip, ip, r2, lsl #18
200057ea:	ea40 705c 	orr.w	r0, r0, ip, lsr #29
200057ee:	f1a0 0001 	sub.w	r0, r0, #1
200057f2:	ec41 0440 	dcp_wxdd r0, r1
200057f6:	ee80 0420 			dcp_nrdd
200057fa:	ec51 0470 	dcp_rddd r0, r1
200057fe:	4770      	bx	lr
20005800:	b500      	push	{lr}
20005802:	f7ff ff43 	bl	2000568c <generic_save_state>
20005806:	e002      	b.n	2000580e <__wrap___aeabi_d2f+0x6>

20005808 <__wrap___aeabi_d2f>:
20005808:	fe10 f430 	dcp_pcmp APSR_nzcv
2000580c:	d4f8      	bmi.n	20005800 <__wrap___aeabi_ddiv+0x94>
2000580e:	ec41 0410 	dcp_wxup r0, r1
20005812:	ee80 0422 			dcp_nrdf
20005816:	ee10 04b2 			dcp_rdfg r0
2000581a:	4770      	bx	lr
2000581c:	b500      	push	{lr}
2000581e:	f7ff ff35 	bl	2000568c <generic_save_state>
20005822:	e002      	b.n	2000582a <__wrap___aeabi_i2d+0x6>

20005824 <__wrap___aeabi_i2d>:
20005824:	fe10 f430 	dcp_pcmp APSR_nzcv
20005828:	d4f8      	bmi.n	2000581c <__wrap___aeabi_d2f+0x14>
2000582a:	ec40 0470 	dcp_wxic r0, r0
2000582e:	ee00 0401 			dcp_add0
20005832:	ee10 0421 			dcp_sub1
20005836:	ee80 0420 			dcp_nrdd
2000583a:	ec51 0430 	dcp_rdds r0, r1
2000583e:	4770      	bx	lr
20005840:	b500      	push	{lr}
20005842:	f7ff ff23 	bl	2000568c <generic_save_state>
20005846:	e002      	b.n	2000584e <__wrap___aeabi_ui2d+0x6>

20005848 <__wrap___aeabi_ui2d>:
20005848:	fe10 f430 	dcp_pcmp APSR_nzcv
2000584c:	d4f8      	bmi.n	20005840 <__wrap___aeabi_i2d+0x1c>
2000584e:	ec40 0460 	dcp_wxuc r0, r0
20005852:	ee00 0401 			dcp_add0
20005856:	ee10 0421 			dcp_sub1
2000585a:	ee80 0420 			dcp_nrdd
2000585e:	ec51 0430 	dcp_rdds r0, r1
20005862:	4770      	bx	lr
20005864:	b500      	push	{lr}
20005866:	f7ff ff11 	bl	2000568c <generic_save_state>
2000586a:	e002      	b.n	20005872 <double2int_z_entry>

2000586c <__wrap___aeabi_d2iz>:
2000586c:	fe10 f430 	dcp_pcmp APSR_nzcv
20005870:	d4f8      	bmi.n	20005864 <__wrap___aeabi_ui2d+0x1c>

20005872 <double2int_z_entry>:
20005872:	ec41 0480 	dcp_wxdc r0, r1
20005876:	ee00 0401 			dcp_add0
2000587a:	ee10 0401 			dcp_add1
2000587e:	ee80 0440 			dcp_ntdc
20005882:	ee10 0413 			dcp_rdic r0
20005886:	4770      	bx	lr
20005888:	b500      	push	{lr}
2000588a:	f7ff feff 	bl	2000568c <generic_save_state>
2000588e:	e002      	b.n	20005896 <double2uint_z_entry>

20005890 <__wrap___aeabi_d2uiz>:
20005890:	fe10 f430 	dcp_pcmp APSR_nzcv
20005894:	d4f8      	bmi.n	20005888 <double2int_z_entry+0x16>

20005896 <double2uint_z_entry>:
20005896:	ec41 0480 	dcp_wxdc r0, r1
2000589a:	ee00 0401 			dcp_add0
2000589e:	ee10 0401 			dcp_add1
200058a2:	ee80 0440 			dcp_ntdc
200058a6:	ee10 0433 			dcp_rduc r0
200058aa:	4770      	bx	lr
200058ac:	b500      	push	{lr}
200058ae:	f7ff feed 	bl	2000568c <generic_save_state>
200058b2:	e002      	b.n	200058ba <__wrap___aeabi_dcmpun+0x6>

200058b4 <__wrap___aeabi_dcmpun>:
200058b4:	fe10 f430 	dcp_pcmp APSR_nzcv
200058b8:	d4f8      	bmi.n	200058ac <double2uint_z_entry+0x16>
200058ba:	ec41 0410 	dcp_wxup r0, r1
200058be:	ec43 2411 	dcp_wyup r2, r3
200058c2:	ee00 0401 			dcp_add0
200058c6:	ee10 0430 			dcp_rcmp r0
200058ca:	f3c0 7000 	ubfx	r0, r0, #28, #1
200058ce:	4770      	bx	lr
200058d0:	b500      	push	{lr}
200058d2:	f7ff fedb 	bl	2000568c <generic_save_state>
200058d6:	e002      	b.n	200058de <__wrap___aeabi_dcmplt+0x6>

200058d8 <__wrap___aeabi_dcmplt>:
200058d8:	fe10 f430 	dcp_pcmp APSR_nzcv
200058dc:	d4f8      	bmi.n	200058d0 <__wrap___aeabi_dcmpun+0x1c>
200058de:	ec43 2410 	dcp_wxup r2, r3
200058e2:	ec41 0411 	dcp_wyup r0, r1
200058e6:	ee00 0401 			dcp_add0
200058ea:	ee10 f430 			dcp_rcmp APSR_nzcv
200058ee:	bf8c      	ite	hi
200058f0:	2001      	movhi	r0, #1
200058f2:	2000      	movls	r0, #0
200058f4:	4770      	bx	lr
200058f6:	bf00      	nop
200058f8:	b500      	push	{lr}
200058fa:	f7ff fec7 	bl	2000568c <generic_save_state>
200058fe:	e002      	b.n	20005906 <__wrap___aeabi_dcmple+0x6>

20005900 <__wrap___aeabi_dcmple>:
20005900:	fe10 f430 	dcp_pcmp APSR_nzcv
20005904:	d4f8      	bmi.n	200058f8 <__wrap___aeabi_dcmplt+0x20>
20005906:	ec43 2410 	dcp_wxup r2, r3
2000590a:	ec41 0411 	dcp_wyup r0, r1
2000590e:	ee00 0401 			dcp_add0
20005912:	ee10 f430 			dcp_rcmp APSR_nzcv
20005916:	bf2c      	ite	cs
20005918:	2001      	movcs	r0, #1
2000591a:	2000      	movcc	r0, #0
2000591c:	4770      	bx	lr
2000591e:	bf00      	nop
20005920:	b500      	push	{lr}
20005922:	f7ff feb3 	bl	2000568c <generic_save_state>
20005926:	e002      	b.n	2000592e <__wrap___aeabi_dcmpge+0x6>

20005928 <__wrap___aeabi_dcmpge>:
20005928:	fe10 f430 	dcp_pcmp APSR_nzcv
2000592c:	d4f8      	bmi.n	20005920 <__wrap___aeabi_dcmple+0x20>
2000592e:	ec41 0410 	dcp_wxup r0, r1
20005932:	ec43 2411 	dcp_wyup r2, r3
20005936:	ee00 0401 			dcp_add0
2000593a:	ee10 f430 			dcp_rcmp APSR_nzcv
2000593e:	bf2c      	ite	cs
20005940:	2001      	movcs	r0, #1
20005942:	2000      	movcc	r0, #0
20005944:	4770      	bx	lr
20005946:	bf00      	nop
20005948:	b500      	push	{lr}
2000594a:	f7ff fe9f 	bl	2000568c <generic_save_state>
2000594e:	e002      	b.n	20005956 <__wrap___aeabi_dcmpgt+0x6>

20005950 <__wrap___aeabi_dcmpgt>:
20005950:	fe10 f430 	dcp_pcmp APSR_nzcv
20005954:	d4f8      	bmi.n	20005948 <__wrap___aeabi_dcmpge+0x20>
20005956:	ec41 0410 	dcp_wxup r0, r1
2000595a:	ec43 2411 	dcp_wyup r2, r3
2000595e:	ee00 0401 			dcp_add0
20005962:	ee10 f430 			dcp_rcmp APSR_nzcv
20005966:	bf8c      	ite	hi
20005968:	2001      	movhi	r0, #1
2000596a:	2000      	movls	r0, #0
2000596c:	4770      	bx	lr
2000596e:	bf00      	nop

20005970 <dnegpack_q63>:
20005970:	4240      	negs	r0, r0
20005972:	eb61 0141 	sbc.w	r1, r1, r1, lsl #1

20005976 <dpack_q63>:
20005976:	f240 34f3 	movw	r4, #1011	@ 0x3f3

2000597a <dpack_q>:
2000597a:	fab1 f281 	clz	r2, r1
2000597e:	2a0c      	cmp	r2, #12
20005980:	d20c      	bcs.n	2000599c <dpack_q+0x22>
20005982:	3215      	adds	r2, #21
20005984:	fa11 f302 	lsls.w	r3, r1, r2
20005988:	f1c2 0220 	rsb	r2, r2, #32
2000598c:	40d0      	lsrs	r0, r2
2000598e:	fa21 f102 	lsr.w	r1, r1, r2
20005992:	4422      	add	r2, r4
20005994:	4158      	adcs	r0, r3
20005996:	eb41 5102 	adc.w	r1, r1, r2, lsl #20
2000599a:	4770      	bx	lr
2000599c:	b169      	cbz	r1, 200059ba <dpack_q+0x40>
2000599e:	f1c2 022b 	rsb	r2, r2, #43	@ 0x2b
200059a2:	fa30 f302 	lsrs.w	r3, r0, r2
200059a6:	f1c2 0220 	rsb	r2, r2, #32
200059aa:	4091      	lsls	r1, r2
200059ac:	4090      	lsls	r0, r2
200059ae:	4319      	orrs	r1, r3
200059b0:	eba4 0202 	sub.w	r2, r4, r2
200059b4:	eb01 5102 	add.w	r1, r1, r2, lsl #20
200059b8:	4770      	bx	lr
200059ba:	0001      	movs	r1, r0
200059bc:	f04f 0000 	mov.w	r0, #0
200059c0:	f1a4 0420 	sub.w	r4, r4, #32
200059c4:	d1d9      	bne.n	2000597a <dpack_q>
200059c6:	4770      	bx	lr

200059c8 <dreduce>:
200059c8:	2701      	movs	r7, #1
200059ca:	f367 511f 	bfi	r1, r7, #20, #12
200059ce:	fa17 f803 	lsls.w	r8, r7, r3
200059d2:	d017      	beq.n	20005a04 <dreduce+0x3c>
200059d4:	fba0 0708 	umull	r0, r7, r0, r8
200059d8:	fb01 7108 	mla	r1, r1, r8, r7
200059dc:	fba1 7806 	umull	r7, r8, r1, r6
200059e0:	ea5f 46d8 	movs.w	r6, r8, lsr #19
200059e4:	1992      	adds	r2, r2, r6
200059e6:	fba6 7804 	umull	r7, r8, r6, r4
200059ea:	fb06 8805 	mla	r8, r6, r5, r8
200059ee:	0309      	lsls	r1, r1, #12
200059f0:	ea51 5110 	orrs.w	r1, r1, r0, lsr #20
200059f4:	ebd7 3000 	rsbs	r0, r7, r0, lsl #12
200059f8:	eb61 0108 	sbc.w	r1, r1, r8
200059fc:	42a9      	cmp	r1, r5
200059fe:	bf38      	it	cc
20005a00:	4770      	bxcc	lr
20005a02:	e00b      	b.n	20005a1c <dreduce+0x54>
20005a04:	330c      	adds	r3, #12
20005a06:	2701      	movs	r7, #1
20005a08:	fa17 f803 	lsls.w	r8, r7, r3
20005a0c:	d00f      	beq.n	20005a2e <dreduce+0x66>
20005a0e:	fba0 0708 	umull	r0, r7, r0, r8
20005a12:	fb01 7108 	mla	r1, r1, r8, r7
20005a16:	42a9      	cmp	r1, r5
20005a18:	bf38      	it	cc
20005a1a:	4770      	bxcc	lr
20005a1c:	bf08      	it	eq
20005a1e:	42a0      	cmpeq	r0, r4
20005a20:	bf38      	it	cc
20005a22:	4770      	bxcc	lr
20005a24:	1b00      	subs	r0, r0, r4
20005a26:	eb61 0105 	sbc.w	r1, r1, r5
20005a2a:	3201      	adds	r2, #1
20005a2c:	4770      	bx	lr
20005a2e:	f103 0320 	add.w	r3, r3, #32
20005a32:	fa11 f603 	lsls.w	r6, r1, r3
20005a36:	f1d3 0320 	rsbs	r3, r3, #32
20005a3a:	40d8      	lsrs	r0, r3
20005a3c:	40d9      	lsrs	r1, r3
20005a3e:	4330      	orrs	r0, r6
20005a40:	4770      	bx	lr
	...

20005a44 <exptab0>:
	...
20005a4c:	08b15304 	.word	0x08b15304
20005a50:	0f851860 	.word	0x0f851860
20005a54:	2af2e5c8 	.word	0x2af2e5c8
20005a58:	1e27076e 	.word	0x1e27076e
20005a5c:	21b2120d 	.word	0x21b2120d
20005a60:	2f571204 	.word	0x2f571204
20005a64:	bc7c5512 	.word	0xbc7c5512
20005a68:	3f7230da 	.word	0x3f7230da
20005a6c:	a517a717 	.word	0xa517a717
20005a70:	4e993155 	.word	0x4e993155
20005a74:	0abf0d9d 	.word	0x0abf0d9d
20005a78:	5fabe0ee 	.word	0x5fabe0ee
20005a7c:	9c6defe3 	.word	0x9c6defe3
20005a80:	6fad3676 	.word	0x6fad3676
20005a84:	e3cc7b69 	.word	0xe3cc7b69
20005a88:	7ebd623d 	.word	0x7ebd623d
20005a8c:	820681f0 	.word	0x820681f0
20005a90:	8f42faf3 	.word	0x8f42faf3
20005a94:	8ab7d537 	.word	0x8ab7d537
20005a98:	9ec81353 	.word	0x9ec81353
20005a9c:	20b3ab7f 	.word	0x20b3ab7f
20005aa0:	af701549 	.word	0xaf701549

20005aa4 <exptab1>:
	...
20005aac:	15885e02 	.word	0x15885e02
20005ab0:	00ff8055 	.word	0x00ff8055
20005ab4:	b1067890 	.word	0xb1067890
20005ab8:	01fe02a6 	.word	0x01fe02a6
20005abc:	f0214edc 	.word	0xf0214edc
20005ac0:	02fb88eb 	.word	0x02fb88eb
20005ac4:	1f807c7a 	.word	0x1f807c7a
20005ac8:	03f81516 	.word	0x03f81516
20005acc:	d1a95d3c 	.word	0xd1a95d3c
20005ad0:	04f3a910 	.word	0x04f3a910
20005ad4:	f56c46aa 	.word	0xf56c46aa
20005ad8:	05ee46c1 	.word	0x05ee46c1
20005adc:	ebe465ff 	.word	0xebe465ff
20005ae0:	06e7f009 	.word	0x06e7f009
20005ae4:	9e0cc013 	.word	0x9e0cc013
20005ae8:	07e0a6c3 	.word	0x07e0a6c3
20005aec:	91ecbfe1 	.word	0x91ecbfe1
20005af0:	08d86cc4 	.word	0x08d86cc4
20005af4:	ff5eafd5 	.word	0xff5eafd5
20005af8:	09cf43dc 	.word	0x09cf43dc
20005afc:	e4726a46 	.word	0xe4726a46
20005b00:	0ac52dd7 	.word	0x0ac52dd7
20005b04:	196e7e23 	.word	0x196e7e23
20005b08:	0bba2c7b 	.word	0x0bba2c7b
20005b0c:	6471f5bf 	.word	0x6471f5bf
20005b10:	0cae4187 	.word	0x0cae4187
20005b14:	8cb8df61 	.word	0x8cb8df61
20005b18:	0da16eb8 	.word	0x0da16eb8
20005b1c:	6d85a909 	.word	0x6d85a909
20005b20:	0e93b5c5 	.word	0x0e93b5c5
20005b24:	08b15331 	.word	0x08b15331
20005b28:	0f851860 	.word	0x0f851860
20005b2c:	98e47130 	.word	0x98e47130
20005b30:	10759835 	.word	0x10759835

20005b34 <exptab2>:
20005b34:	05551559 	.word	0x05551559
20005b38:	000fff80 	.word	0x000fff80
20005b3c:	8febc309 	.word	0x8febc309
20005b40:	002ffb80 	.word	0x002ffb80
20005b44:	9a0e91b1 	.word	0x9a0e91b1
20005b48:	004ff382 	.word	0x004ff382
20005b4c:	22fde71f 	.word	0x22fde71f
20005b50:	006fe787 	.word	0x006fe787
20005b54:	299aa0c3 	.word	0x299aa0c3
20005b58:	008fd78f 	.word	0x008fd78f
20005b5c:	ac66434f 	.word	0xac66434f
20005b60:	00afc39b 	.word	0x00afc39b
20005b64:	a9832a41 	.word	0xa9832a41
20005b68:	00cfabad 	.word	0x00cfabad
20005b6c:	1eb4b74f 	.word	0x1eb4b74f
20005b70:	00ef8fc6 	.word	0x00ef8fc6
20005b74:	095f81b6 	.word	0x095f81b6
20005b78:	010f6fe6 	.word	0x010f6fe6
20005b7c:	66898567 	.word	0x66898567
20005b80:	012f4c0e 	.word	0x012f4c0e
20005b84:	32da521a 	.word	0x32da521a
20005b88:	014f2440 	.word	0x014f2440
20005b8c:	6a9b3a48 	.word	0x6a9b3a48
20005b90:	016ef87c 	.word	0x016ef87c
20005b94:	09b781ff 	.word	0x09b781ff
20005b98:	018ec8c4 	.word	0x018ec8c4
20005b9c:	0bbc8d9c 	.word	0x0bbc8d9c
20005ba0:	01ae9518 	.word	0x01ae9518
20005ba4:	6bda1070 	.word	0x6bda1070
20005ba8:	01ce5d79 	.word	0x01ce5d79
20005bac:	24e23b3a 	.word	0x24e23b3a
20005bb0:	01ee21e9 	.word	0x01ee21e9

20005bb4 <logtab0>:
20005bb4:	33957338 	.word	0x33957338
20005bb8:	a0ec7f42 	.word	0xa0ec7f42
20005bbc:	f5fa1431 	.word	0xf5fa1431
20005bc0:	918986bd 	.word	0x918986bd
20005bc4:	e6fa026b 	.word	0xe6fa026b
20005bc8:	8391f2e0 	.word	0x8391f2e0
20005bcc:	071282e6 	.word	0x071282e6
20005bd0:	7751a813 	.word	0x7751a813
20005bd4:	68212621 	.word	0x68212621
20005bd8:	6a73b26a 	.word	0x6a73b26a
20005bdc:	0abf0d9d 	.word	0x0abf0d9d
20005be0:	5fabe0ee 	.word	0x5fabe0ee
20005be4:	b7e0b419 	.word	0xb7e0b419
20005be8:	546ab61c 	.word	0x546ab61c
20005bec:	3de59695 	.word	0x3de59695
20005bf0:	48a507ef 	.word	0x48a507ef
20005bf4:	55e5cbd1 	.word	0x55e5cbd1
20005bf8:	3c4e0edc 	.word	0x3c4e0edc
20005bfc:	e8ad68ce 	.word	0xe8ad68ce
20005c00:	32a4b539 	.word	0x32a4b539
20005c04:	96fa3ccb 	.word	0x96fa3ccb
20005c08:	289a56d9 	.word	0x289a56d9
20005c0c:	a11cb2c9 	.word	0xa11cb2c9
20005c10:	21aefcf9 	.word	0x21aefcf9
20005c14:	e56b4b86 	.word	0xe56b4b86
20005c18:	16f0d28a 	.word	0x16f0d28a
20005c1c:	08b15304 	.word	0x08b15304
20005c20:	0f851860 	.word	0x0f851860
20005c24:	9e0cc002 	.word	0x9e0cc002
20005c28:	07e0a6c3 	.word	0x07e0a6c3
	...

20005c34 <exprrdata>:
20005c34:	d1cf79ac 	.word	0xd1cf79ac
20005c38:	b17217f7 	.word	0xb17217f7
20005c3c:	b8aa3b29 	.word	0xb8aa3b29
20005c40:	ea4f 20c1 	mov.w	r0, r1, lsl #11
20005c44:	f040 4000 	orr.w	r0, r0, #2147483648	@ 0x80000000
20005c48:	0049      	lsls	r1, r1, #1
20005c4a:	f143 0320 	adc.w	r3, r3, #32
20005c4e:	f240 0100 	movw	r1, #0
20005c52:	f6c3 71f0 	movt	r1, #16368	@ 0x3ff0
20005c56:	f1c3 030b 	rsb	r3, r3, #11
20005c5a:	fa20 f003 	lsr.w	r0, r0, r3
20005c5e:	bf38      	it	cc
20005c60:	4770      	bxcc	lr
20005c62:	4240      	negs	r0, r0
20005c64:	f161 0100 	sbc.w	r1, r1, #0
20005c68:	4770      	bx	lr

20005c6a <__wrap_exp>:
20005c6a:	ea5f 7cd1 	movs.w	ip, r1, lsr #31
20005c6e:	f3c1 530a 	ubfx	r3, r1, #20, #11
20005c72:	f2a3 33ff 	subw	r3, r3, #1023	@ 0x3ff
20005c76:	2b0c      	cmp	r3, #12
20005c78:	da62      	bge.n	20005d40 <__wrap_exp+0xd6>
20005c7a:	f113 0f20 	cmn.w	r3, #32
20005c7e:	dddf      	ble.n	20005c40 <exprrdata+0xc>
20005c80:	e92d 41f0 	stmdb	sp!, {r4, r5, r6, r7, r8, lr}
20005c84:	4c3c      	ldr	r4, [pc, #240]	@ (20005d78 <__wrap_exp+0x10e>)
20005c86:	cc70      	ldmia	r4, {r4, r5, r6}
20005c88:	f04f 0200 	mov.w	r2, #0
20005c8c:	f7ff fe9c 	bl	200059c8 <dreduce>
20005c90:	f01c 0f01 	tst.w	ip, #1
20005c94:	d004      	beq.n	20005ca0 <__wrap_exp+0x36>
20005c96:	ea6f 0202 	mvn.w	r2, r2
20005c9a:	1a20      	subs	r0, r4, r0
20005c9c:	eb65 0101 	sbc.w	r1, r5, r1
20005ca0:	f202 3cfe 	addw	ip, r2, #1022	@ 0x3fe
20005ca4:	f240 73fe 	movw	r3, #2046	@ 0x7fe
20005ca8:	459c      	cmp	ip, r3
20005caa:	d25c      	bcs.n	20005d66 <__wrap_exp+0xfc>
20005cac:	0f0a      	lsrs	r2, r1, #28
20005cae:	4b33      	ldr	r3, [pc, #204]	@ (20005d7c <__wrap_exp+0x112>)
20005cb0:	eb03 03c2 	add.w	r3, r3, r2, lsl #3
20005cb4:	cb0c      	ldmia	r3, {r2, r3}
20005cb6:	f002 053f 	and.w	r5, r2, #63	@ 0x3f
20005cba:	f045 0540 	orr.w	r5, r5, #64	@ 0x40
20005cbe:	1a80      	subs	r0, r0, r2
20005cc0:	4199      	sbcs	r1, r3
20005cc2:	0e0a      	lsrs	r2, r1, #24
20005cc4:	4b2e      	ldr	r3, [pc, #184]	@ (20005d80 <__wrap_exp+0x116>)
20005cc6:	eb03 03c2 	add.w	r3, r3, r2, lsl #3
20005cca:	cb18      	ldmia	r3, {r3, r4}
20005ccc:	f502 7280 	add.w	r2, r2, #256	@ 0x100
20005cd0:	4355      	muls	r5, r2
20005cd2:	1ac0      	subs	r0, r0, r3
20005cd4:	41a1      	sbcs	r1, r4
20005cd6:	0d4a      	lsrs	r2, r1, #21
20005cd8:	4b2a      	ldr	r3, [pc, #168]	@ (20005d84 <__wrap_exp+0x11a>)
20005cda:	eb03 03c2 	add.w	r3, r3, r2, lsl #3
20005cde:	cb18      	ldmia	r3, {r3, r4}
20005ce0:	4412      	add	r2, r2
20005ce2:	f502 5280 	add.w	r2, r2, #4096	@ 0x1000
20005ce6:	fb05 5502 	mla	r5, r5, r2, r5
20005cea:	1ac0      	subs	r0, r0, r3
20005cec:	41a1      	sbcs	r1, r4
20005cee:	028a      	lsls	r2, r1, #10
20005cf0:	ea52 5290 	orrs.w	r2, r2, r0, lsr #22
20005cf4:	f142 0200 	adc.w	r2, r2, #0
20005cf8:	fb82 3402 	smull	r3, r4, r2, r2
20005cfc:	0d5b      	lsrs	r3, r3, #21
20005cfe:	ea53 23c4 	orrs.w	r3, r3, r4, lsl #11
20005d02:	18c0      	adds	r0, r0, r3
20005d04:	eb41 5154 	adc.w	r1, r1, r4, lsr #21
20005d08:	fb84 3402 	smull	r3, r4, r4, r2
20005d0c:	f04f 3355 	mov.w	r3, #1431655765	@ 0x55555555
20005d10:	fb83 3404 	smull	r3, r4, r3, r4
20005d14:	fb54 f311 	smmulr	r3, r4, r1
20005d18:	eb04 0493 	add.w	r4, r4, r3, lsr #2
20005d1c:	eb10 0244 	adds.w	r2, r0, r4, lsl #1
20005d20:	eb41 73e4 	adc.w	r3, r1, r4, asr #31
20005d24:	00e9      	lsls	r1, r5, #3
20005d26:	fba1 4002 	umull	r4, r0, r1, r2
20005d2a:	fbc1 0103 	smlal	r0, r1, r1, r3
20005d2e:	0a40      	lsrs	r0, r0, #9
20005d30:	eb50 50c1 	adcs.w	r0, r0, r1, lsl #23
20005d34:	ea4f 2151 	mov.w	r1, r1, lsr #9
20005d38:	eb51 510c 	adcs.w	r1, r1, ip, lsl #20
20005d3c:	e8bd 81f0 	ldmia.w	sp!, {r4, r5, r6, r7, r8, pc}
20005d40:	f5b3 6f80 	cmp.w	r3, #1024	@ 0x400
20005d44:	d107      	bne.n	20005d56 <__wrap_exp+0xec>
20005d46:	ea50 3201 	orrs.w	r2, r0, r1, lsl #12
20005d4a:	bf0c      	ite	eq
20005d4c:	ea21 71e1 	biceq.w	r1, r1, r1, asr #31
20005d50:	f441 2100 	orrne.w	r1, r1, #524288	@ 0x80000
20005d54:	4770      	bx	lr
20005d56:	2000      	movs	r0, #0
20005d58:	2100      	movs	r1, #0
20005d5a:	f01c 0f01 	tst.w	ip, #1
20005d5e:	bf08      	it	eq
20005d60:	f6c7 71f0 	movteq	r1, #32752	@ 0x7ff0
20005d64:	4770      	bx	lr
20005d66:	f04f 0000 	mov.w	r0, #0
20005d6a:	f04f 0100 	mov.w	r1, #0
20005d6e:	bfa8      	it	ge
20005d70:	f6c7 71f0 	movtge	r1, #32752	@ 0x7ff0
20005d74:	e8bd 81f0 	ldmia.w	sp!, {r4, r5, r6, r7, r8, pc}
20005d78:	20005c34 	.word	0x20005c34
20005d7c:	20005a44 	.word	0x20005a44
20005d80:	20005aa4 	.word	0x20005aa4
20005d84:	20005b34 	.word	0x20005b34
20005d88:	f240 0100 	movw	r1, #0
20005d8c:	f6cf 71f0 	movt	r1, #65520	@ 0xfff0
20005d90:	2000      	movs	r0, #0
20005d92:	4770      	bx	lr
20005d94:	ea50 3201 	orrs.w	r2, r0, r1, lsl #12
20005d98:	bf18      	it	ne
20005d9a:	f441 2100 	orrne.w	r1, r1, #524288	@ 0x80000
20005d9e:	4770      	bx	lr
20005da0:	ea7f 55a6 	mvns.w	r5, r6, asr #22
20005da4:	f040 8119 	bne.w	20005fda <__wrap_log+0x74>
20005da8:	f44f 5480 	mov.w	r4, #4096	@ 0x1000
20005dac:	e120      	b.n	20005ff0 <__wrap_log+0x8a>
20005dae:	ea8c 3311 	eor.w	r3, ip, r1, lsr #12
20005db2:	061b      	lsls	r3, r3, #24
20005db4:	f040 80ee 	bne.w	20005f94 <__wrap_log+0x2e>
20005db8:	f1bc 0f00 	cmp.w	ip, #0
20005dbc:	d167      	bne.n	20005e8e <__wrap_exp+0x224>
20005dbe:	04c9      	lsls	r1, r1, #19
20005dc0:	ea51 3150 	orrs.w	r1, r1, r0, lsr #13
20005dc4:	04c0      	lsls	r0, r0, #19
20005dc6:	fab1 f481 	clz	r4, r1
20005dca:	2c20      	cmp	r4, #32
20005dcc:	d24b      	bcs.n	20005e66 <__wrap_exp+0x1fc>
20005dce:	2501      	movs	r5, #1
20005dd0:	40a5      	lsls	r5, r4
20005dd2:	fba0 2305 	umull	r2, r3, r0, r5
20005dd6:	fb01 3305 	mla	r3, r1, r5, r3
20005dda:	fba0 c503 	umull	ip, r5, r0, r3
20005dde:	fba1 c602 	umull	ip, r6, r1, r2
20005de2:	fbe1 5663 	umaal	r5, r6, r1, r3
20005de6:	ebb2 2215 	subs.w	r2, r2, r5, lsr #8
20005dea:	f163 0300 	sbc.w	r3, r3, #0
20005dee:	ebb2 6206 	subs.w	r2, r2, r6, lsl #24
20005df2:	eb73 2316 	sbcs.w	r3, r3, r6, lsr #8
20005df6:	fba0 c706 	umull	ip, r7, r0, r6
20005dfa:	fba1 c805 	umull	ip, r8, r1, r5
20005dfe:	fbe1 7866 	umaal	r7, r8, r1, r6
20005e02:	f04f 3555 	mov.w	r5, #1431655765	@ 0x55555555
20005e06:	fba7 c605 	umull	ip, r6, r7, r5
20005e0a:	f05f 0c00 	movs.w	ip, #0
20005e0e:	fbe8 6c05 	umlal	r6, ip, r8, r5
20005e12:	eb16 060c 	adds.w	r6, r6, ip
20005e16:	f14c 0c00 	adc.w	ip, ip, #0
20005e1a:	eb12 3296 	adds.w	r2, r2, r6, lsr #14
20005e1e:	f143 0300 	adc.w	r3, r3, #0
20005e22:	eb12 428c 	adds.w	r2, r2, ip, lsl #18
20005e26:	eb43 339c 	adc.w	r3, r3, ip, lsr #14
20005e2a:	fb58 f511 	smmulr	r5, r8, r1
20005e2e:	f05f 3733 	movs.w	r7, #858993459	@ 0x33333333
20005e32:	fb55 f611 	smmulr	r6, r5, r1
20005e36:	fb56 f817 	smmulr	r8, r6, r7
20005e3a:	eba5 1758 	sub.w	r7, r5, r8, lsr #5
20005e3e:	fb56 f511 	smmulr	r5, r6, r1
20005e42:	f6c2 2680 	movt	r6, #10880	@ 0x2a80
20005e46:	fb56 f515 	smmulr	r5, r6, r5
20005e4a:	eb07 3715 	add.w	r7, r7, r5, lsr #12
20005e4e:	ebb2 2047 	subs.w	r0, r2, r7, lsl #9
20005e52:	eb63 51d7 	sbc.w	r1, r3, r7, lsr #23
20005e56:	f5c4 6480 	rsb	r4, r4, #1024	@ 0x400
20005e5a:	f1a4 0415 	sub.w	r4, r4, #21
20005e5e:	f7ff fd8c 	bl	2000597a <dpack_q>
20005e62:	e8bd 81f0 	ldmia.w	sp!, {r4, r5, r6, r7, r8, pc}
20005e66:	fab0 f480 	clz	r4, r0
20005e6a:	fa10 f104 	lsls.w	r1, r0, r4
20005e6e:	fba0 2301 	umull	r2, r3, r0, r1
20005e72:	f04f 0000 	mov.w	r0, #0
20005e76:	ebb0 2013 	subs.w	r0, r0, r3, lsr #8
20005e7a:	f161 0100 	sbc.w	r1, r1, #0
20005e7e:	f5c4 6480 	rsb	r4, r4, #1024	@ 0x400
20005e82:	f1a4 0435 	sub.w	r4, r4, #53	@ 0x35
20005e86:	f7ff fd78 	bl	2000597a <dpack_q>
20005e8a:	e8bd 81f0 	ldmia.w	sp!, {r4, r5, r6, r7, r8, pc}
20005e8e:	0489      	lsls	r1, r1, #18
20005e90:	ea51 3190 	orrs.w	r1, r1, r0, lsr #14
20005e94:	0480      	lsls	r0, r0, #18
20005e96:	4240      	negs	r0, r0
20005e98:	eb61 0141 	sbc.w	r1, r1, r1, lsl #1
20005e9c:	fab1 f481 	clz	r4, r1
20005ea0:	2c20      	cmp	r4, #32
20005ea2:	d24e      	bcs.n	20005f42 <__wrap_exp+0x2d8>
20005ea4:	3c01      	subs	r4, #1
20005ea6:	2501      	movs	r5, #1
20005ea8:	40a5      	lsls	r5, r4
20005eaa:	fba0 2305 	umull	r2, r3, r0, r5
20005eae:	fb01 3305 	mla	r3, r1, r5, r3
20005eb2:	fba0 c503 	umull	ip, r5, r0, r3
20005eb6:	fba1 c602 	umull	ip, r6, r1, r2
20005eba:	fbe1 5663 	umaal	r5, r6, r1, r3
20005ebe:	eb12 2215 	adds.w	r2, r2, r5, lsr #8
20005ec2:	f143 0300 	adc.w	r3, r3, #0
20005ec6:	eb12 6206 	adds.w	r2, r2, r6, lsl #24
20005eca:	eb53 2316 	adcs.w	r3, r3, r6, lsr #8
20005ece:	fba0 c706 	umull	ip, r7, r0, r6
20005ed2:	fba1 c805 	umull	ip, r8, r1, r5
20005ed6:	fbe1 7866 	umaal	r7, r8, r1, r6
20005eda:	f04f 3555 	mov.w	r5, #1431655765	@ 0x55555555
20005ede:	fba7 c605 	umull	ip, r6, r7, r5
20005ee2:	f05f 0c00 	movs.w	ip, #0
20005ee6:	fbe8 6c05 	umlal	r6, ip, r8, r5
20005eea:	eb16 060c 	adds.w	r6, r6, ip
20005eee:	f14c 0c00 	adc.w	ip, ip, #0
20005ef2:	eb12 3296 	adds.w	r2, r2, r6, lsr #14
20005ef6:	f143 0300 	adc.w	r3, r3, #0
20005efa:	eb12 428c 	adds.w	r2, r2, ip, lsl #18
20005efe:	eb43 339c 	adc.w	r3, r3, ip, lsr #14
20005f02:	fb58 f511 	smmulr	r5, r8, r1
20005f06:	f05f 3733 	movs.w	r7, #858993459	@ 0x33333333
20005f0a:	fb55 f611 	smmulr	r6, r5, r1
20005f0e:	fb56 f817 	smmulr	r8, r6, r7
20005f12:	eb05 1758 	add.w	r7, r5, r8, lsr #5
20005f16:	fb56 f511 	smmulr	r5, r6, r1
20005f1a:	f6c2 2680 	movt	r6, #10880	@ 0x2a80
20005f1e:	fb56 f515 	smmulr	r5, r6, r5
20005f22:	eb07 3715 	add.w	r7, r7, r5, lsr #12
20005f26:	eb12 2047 	adds.w	r0, r2, r7, lsl #9
20005f2a:	eb43 51d7 	adc.w	r1, r3, r7, lsr #23
20005f2e:	f5c4 6480 	rsb	r4, r4, #1024	@ 0x400
20005f32:	f1a4 0415 	sub.w	r4, r4, #21
20005f36:	f7ff fd20 	bl	2000597a <dpack_q>
20005f3a:	f041 4100 	orr.w	r1, r1, #2147483648	@ 0x80000000
20005f3e:	e8bd 81f0 	ldmia.w	sp!, {r4, r5, r6, r7, r8, pc}
20005f42:	fab0 f480 	clz	r4, r0
20005f46:	fa10 f104 	lsls.w	r1, r0, r4
20005f4a:	fba0 2301 	umull	r2, r3, r0, r1
20005f4e:	ea4f 2013 	mov.w	r0, r3, lsr #8
20005f52:	f5c4 6480 	rsb	r4, r4, #1024	@ 0x400
20005f56:	f1a4 0435 	sub.w	r4, r4, #53	@ 0x35
20005f5a:	f7ff fd0e 	bl	2000597a <dpack_q>
20005f5e:	f091 4100 	eors.w	r1, r1, #2147483648	@ 0x80000000
20005f62:	e8bd 81f0 	ldmia.w	sp!, {r4, r5, r6, r7, r8, pc}

20005f66 <__wrap_log>:
20005f66:	ea5f 0c41 	movs.w	ip, r1, lsl #1
20005f6a:	f4bf af0d 	bcs.w	20005d88 <__wrap_exp+0x11e>
20005f6e:	ea5f 5c5c 	movs.w	ip, ip, lsr #21
20005f72:	f43f af09 	beq.w	20005d88 <__wrap_exp+0x11e>
20005f76:	f2ac 3cff 	subw	ip, ip, #1023	@ 0x3ff
20005f7a:	f5bc 6f80 	cmp.w	ip, #1024	@ 0x400
20005f7e:	f43f af09 	beq.w	20005d94 <__wrap_exp+0x12a>
20005f82:	2201      	movs	r2, #1
20005f84:	f362 511f 	bfi	r1, r2, #20, #12
20005f88:	e92d 41f0 	stmdb	sp!, {r4, r5, r6, r7, r8, lr}
20005f8c:	ebbc 7fec 	cmp.w	ip, ip, asr #31
20005f90:	f43f af0d 	beq.w	20005dae <__wrap_exp+0x144>
20005f94:	0c0c      	lsrs	r4, r1, #16
20005f96:	4d4e      	ldr	r5, [pc, #312]	@ (200060d0 <__wrap_log+0x16a>)
20005f98:	eb05 05c4 	add.w	r5, r5, r4, lsl #3
20005f9c:	e895 000c 	ldmia.w	r5, {r2, r3}
20005fa0:	f002 053f 	and.w	r5, r2, #63	@ 0x3f
20005fa4:	f105 0540 	add.w	r5, r5, #64	@ 0x40
20005fa8:	fba5 0600 	umull	r0, r6, r5, r0
20005fac:	fb05 6101 	mla	r1, r5, r1, r6
20005fb0:	ea6f 44e1 	mvn.w	r4, r1, asr #19
20005fb4:	f004 041f 	and.w	r4, r4, #31
20005fb8:	4d46      	ldr	r5, [pc, #280]	@ (200060d4 <__wrap_log+0x16e>)
20005fba:	eb05 05c4 	add.w	r5, r5, r4, lsl #3
20005fbe:	cd60      	ldmia	r5, {r5, r6}
20005fc0:	1952      	adds	r2, r2, r5
20005fc2:	eb43 0306 	adc.w	r3, r3, r6
20005fc6:	f504 7480 	add.w	r4, r4, #256	@ 0x100
20005fca:	fba4 0600 	umull	r0, r6, r4, r0
20005fce:	fb04 6601 	mla	r6, r4, r1, r6
20005fd2:	ea7f 6426 	mvns.w	r4, r6, asr #24
20005fd6:	f43f aee3 	beq.w	20005da0 <__wrap_exp+0x136>
20005fda:	4d3f      	ldr	r5, [pc, #252]	@ (200060d8 <__wrap_log+0x172>)
20005fdc:	eb05 05c4 	add.w	r5, r5, r4, lsl #3
20005fe0:	cd22      	ldmia	r5, {r1, r5}
20005fe2:	1852      	adds	r2, r2, r1
20005fe4:	eb43 0305 	adc.w	r3, r3, r5
20005fe8:	f241 0501 	movw	r5, #4097	@ 0x1001
20005fec:	eb05 0444 	add.w	r4, r5, r4, lsl #1
20005ff0:	0464      	lsls	r4, r4, #17
20005ff2:	fba4 5000 	umull	r5, r0, r4, r0
20005ff6:	ebc4 01c4 	rsb	r1, r4, r4, lsl #3
20005ffa:	fbe4 0106 	umlal	r0, r1, r4, r6
20005ffe:	ea80 74e1 	eor.w	r4, r0, r1, asr #31
20006002:	ea81 75e1 	eor.w	r5, r1, r1, asr #31
20006006:	fba5 6705 	umull	r6, r7, r5, r5
2000600a:	fba4 4805 	umull	r4, r8, r4, r5
2000600e:	087f      	lsrs	r7, r7, #1
20006010:	ea4f 0636 	mov.w	r6, r6, rrx
20006014:	eb16 0608 	adds.w	r6, r6, r8
20006018:	f147 0700 	adc.w	r7, r7, #0
2000601c:	028c      	lsls	r4, r1, #10
2000601e:	ea54 5490 	orrs.w	r4, r4, r0, lsr #22
20006022:	f144 0400 	adc.w	r4, r4, #0
20006026:	1b80      	subs	r0, r0, r6
20006028:	eb61 0107 	sbc.w	r1, r1, r7
2000602c:	fb54 f514 	smmulr	r5, r4, r4
20006030:	fb55 f614 	smmulr	r6, r5, r4
20006034:	fb55 f715 	smmulr	r7, r5, r5
20006038:	f04f 3455 	mov.w	r4, #1431655765	@ 0x55555555
2000603c:	fb56 f614 	smmulr	r6, r6, r4
20006040:	ebb6 3617 	subs.w	r6, r6, r7, lsr #12
20006044:	eb10 0086 	adds.w	r0, r0, r6, lsl #2
20006048:	eb41 71a6 	adc.w	r1, r1, r6, asr #30
2000604c:	1a10      	subs	r0, r2, r0
2000604e:	eb63 0101 	sbc.w	r1, r3, r1
20006052:	4a22      	ldr	r2, [pc, #136]	@ (200060dc <__wrap_log+0x176>)
20006054:	ca24      	ldmia	r2, {r2, r5}
20006056:	f11c 0c01 	adds.w	ip, ip, #1
2000605a:	dd0b      	ble.n	20006074 <__wrap_log+0x10e>
2000605c:	fba2 230c 	umull	r2, r3, r2, ip
20006060:	2400      	movs	r4, #0
20006062:	fbe5 340c 	umlal	r3, r4, r5, ip
20006066:	1a12      	subs	r2, r2, r0
20006068:	418b      	sbcs	r3, r1
2000606a:	f164 0400 	sbc.w	r4, r4, #0
2000606e:	f05f 4180 	movs.w	r1, #1073741824	@ 0x40000000
20006072:	e00c      	b.n	2000608e <__wrap_log+0x128>
20006074:	f1dc 0c00 	rsbs	ip, ip, #0
20006078:	fba2 230c 	umull	r2, r3, r2, ip
2000607c:	2400      	movs	r4, #0
2000607e:	fbe5 340c 	umlal	r3, r4, r5, ip
20006082:	1882      	adds	r2, r0, r2
20006084:	414b      	adcs	r3, r1
20006086:	f144 0400 	adc.w	r4, r4, #0
2000608a:	f05f 4140 	movs.w	r1, #3221225472	@ 0xc0000000
2000608e:	b94c      	cbnz	r4, 200060a4 <__wrap_log+0x13e>
20006090:	001c      	movs	r4, r3
20006092:	0013      	movs	r3, r2
20006094:	2200      	movs	r2, #0
20006096:	f1b1 7100 	subs.w	r1, r1, #33554432	@ 0x2000000
2000609a:	b91c      	cbnz	r4, 200060a4 <__wrap_log+0x13e>
2000609c:	001c      	movs	r4, r3
2000609e:	2300      	movs	r3, #0
200060a0:	f1b1 7100 	subs.w	r1, r1, #33554432	@ 0x2000000
200060a4:	fab4 f584 	clz	r5, r4
200060a8:	f1a5 061d 	sub.w	r6, r5, #29
200060ac:	eba1 5106 	sub.w	r1, r1, r6, lsl #20
200060b0:	40ac      	lsls	r4, r5
200060b2:	fa13 f005 	lsls.w	r0, r3, r5
200060b6:	f1c5 0520 	rsb	r5, r5, #32
200060ba:	40eb      	lsrs	r3, r5
200060bc:	431c      	orrs	r4, r3
200060be:	40ea      	lsrs	r2, r5
200060c0:	4310      	orrs	r0, r2
200060c2:	0ac0      	lsrs	r0, r0, #11
200060c4:	eb50 5044 	adcs.w	r0, r0, r4, lsl #21
200060c8:	eb41 21d4 	adc.w	r1, r1, r4, lsr #11
200060cc:	e8bd 81f0 	ldmia.w	sp!, {r4, r5, r6, r7, r8, pc}
200060d0:	20005b34 	.word	0x20005b34
200060d4:	20005aa4 	.word	0x20005aa4
200060d8:	20005b34 	.word	0x20005b34
200060dc:	20005c34 	.word	0x20005c34

200060e0 <fpow_int2>:
200060e0:	2901      	cmp	r1, #1
200060e2:	d056      	beq.n	20006192 <fpow_int2+0xb2>
200060e4:	eb01 72d1 	add.w	r2, r1, r1, lsr #31
200060e8:	1052      	asrs	r2, r2, #1
200060ea:	2a01      	cmp	r2, #1
200060ec:	ee07 0a10 	vmov	s14, r0
200060f0:	460b      	mov	r3, r1
200060f2:	d045      	beq.n	20006180 <fpow_int2+0xa0>
200060f4:	b5f0      	push	{r4, r5, r6, r7, lr}
200060f6:	2900      	cmp	r1, #0
200060f8:	bfb8      	it	lt
200060fa:	3103      	addlt	r1, #3
200060fc:	1089      	asrs	r1, r1, #2
200060fe:	2901      	cmp	r1, #1
20006100:	460c      	mov	r4, r1
20006102:	b085      	sub	sp, #20
20006104:	d062      	beq.n	200061cc <fpow_int2+0xec>
20006106:	4619      	mov	r1, r3
20006108:	2b00      	cmp	r3, #0
2000610a:	bfb8      	it	lt
2000610c:	1dd9      	addlt	r1, r3, #7
2000610e:	10c9      	asrs	r1, r1, #3
20006110:	2901      	cmp	r1, #1
20006112:	460d      	mov	r5, r1
20006114:	d042      	beq.n	2000619c <fpow_int2+0xbc>
20006116:	4619      	mov	r1, r3
20006118:	2b00      	cmp	r3, #0
2000611a:	bfb8      	it	lt
2000611c:	f103 010f 	addlt.w	r1, r3, #15
20006120:	1109      	asrs	r1, r1, #4
20006122:	2901      	cmp	r1, #1
20006124:	460e      	mov	r6, r1
20006126:	d054      	beq.n	200061d2 <fpow_int2+0xf2>
20006128:	4619      	mov	r1, r3
2000612a:	2b00      	cmp	r3, #0
2000612c:	bfb8      	it	lt
2000612e:	f103 011f 	addlt.w	r1, r3, #31
20006132:	1149      	asrs	r1, r1, #5
20006134:	2901      	cmp	r1, #1
20006136:	460f      	mov	r7, r1
20006138:	d051      	beq.n	200061de <fpow_int2+0xfe>
2000613a:	4619      	mov	r1, r3
2000613c:	2b00      	cmp	r3, #0
2000613e:	bfb8      	it	lt
20006140:	f103 013f 	addlt.w	r1, r3, #63	@ 0x3f
20006144:	1189      	asrs	r1, r1, #6
20006146:	e9cd 2302 	strd	r2, r3, [sp, #8]
2000614a:	9001      	str	r0, [sp, #4]
2000614c:	f7ff ffc8 	bl	200060e0 <fpow_int2>
20006150:	e9dd 2302 	ldrd	r2, r3, [sp, #8]
20006154:	ee07 0a90 	vmov	s15, r0
20006158:	f017 0f01 	tst.w	r7, #1
2000615c:	ee67 7aa7 	vmul.f32	s15, s15, s15
20006160:	ed9d 7a01 	vldr	s14, [sp, #4]
20006164:	d138      	bne.n	200061d8 <fpow_int2+0xf8>
20006166:	07f6      	lsls	r6, r6, #31
20006168:	ee67 7aa7 	vmul.f32	s15, s15, s15
2000616c:	d501      	bpl.n	20006172 <fpow_int2+0x92>
2000616e:	ee67 7a87 	vmul.f32	s15, s15, s14
20006172:	07ed      	lsls	r5, r5, #31
20006174:	ee67 7aa7 	vmul.f32	s15, s15, s15
20006178:	d512      	bpl.n	200061a0 <fpow_int2+0xc0>
2000617a:	ee67 7a87 	vmul.f32	s15, s15, s14
2000617e:	e00f      	b.n	200061a0 <fpow_int2+0xc0>
20006180:	ee67 7a07 	vmul.f32	s15, s14, s14
20006184:	07db      	lsls	r3, r3, #31
20006186:	bf48      	it	mi
20006188:	ee67 7a87 	vmulmi.f32	s15, s15, s14
2000618c:	ee17 0a90 	vmov	r0, s15
20006190:	4770      	bx	lr
20006192:	ee07 0a90 	vmov	s15, r0
20006196:	ee17 0a90 	vmov	r0, s15
2000619a:	4770      	bx	lr
2000619c:	eef0 7a47 	vmov.f32	s15, s14
200061a0:	07e0      	lsls	r0, r4, #31
200061a2:	ee67 7aa7 	vmul.f32	s15, s15, s15
200061a6:	d501      	bpl.n	200061ac <fpow_int2+0xcc>
200061a8:	ee67 7a87 	vmul.f32	s15, s15, s14
200061ac:	ee67 7aa7 	vmul.f32	s15, s15, s15
200061b0:	07d1      	lsls	r1, r2, #31
200061b2:	bf48      	it	mi
200061b4:	ee67 7a87 	vmulmi.f32	s15, s15, s14
200061b8:	07da      	lsls	r2, r3, #31
200061ba:	ee67 7aa7 	vmul.f32	s15, s15, s15
200061be:	d501      	bpl.n	200061c4 <fpow_int2+0xe4>
200061c0:	ee67 7a87 	vmul.f32	s15, s15, s14
200061c4:	ee17 0a90 	vmov	r0, s15
200061c8:	b005      	add	sp, #20
200061ca:	bdf0      	pop	{r4, r5, r6, r7, pc}
200061cc:	eef0 7a47 	vmov.f32	s15, s14
200061d0:	e7ec      	b.n	200061ac <fpow_int2+0xcc>
200061d2:	eef0 7a47 	vmov.f32	s15, s14
200061d6:	e7cc      	b.n	20006172 <fpow_int2+0x92>
200061d8:	ee67 7a87 	vmul.f32	s15, s15, s14
200061dc:	e7c3      	b.n	20006166 <fpow_int2+0x86>
200061de:	eef0 7a47 	vmov.f32	s15, s14
200061e2:	e7c0      	b.n	20006166 <fpow_int2+0x86>

200061e4 <fpow_0>:
200061e4:	b510      	push	{r4, lr}
200061e6:	1e02      	subs	r2, r0, #0
200061e8:	460c      	mov	r4, r1
200061ea:	b082      	sub	sp, #8
200061ec:	da14      	bge.n	20006218 <fpow_0+0x34>
200061ee:	f3c1 53c7 	ubfx	r3, r1, #23, #8
200061f2:	3b7f      	subs	r3, #127	@ 0x7f
200061f4:	2b17      	cmp	r3, #23
200061f6:	d80c      	bhi.n	20006212 <fpow_0+0x2e>
200061f8:	2001      	movs	r0, #1
200061fa:	f1c3 0c17 	rsb	ip, r3, #23
200061fe:	fa00 f00c 	lsl.w	r0, r0, ip
20006202:	3801      	subs	r0, #1
20006204:	4208      	tst	r0, r1
20006206:	d104      	bne.n	20006212 <fpow_0+0x2e>
20006208:	b383      	cbz	r3, 2000626c <fpow_0+0x88>
2000620a:	fa21 f10c 	lsr.w	r1, r1, ip
2000620e:	07cb      	lsls	r3, r1, #31
20006210:	d42c      	bmi.n	2000626c <fpow_0+0x88>
20006212:	f102 4200 	add.w	r2, r2, #2147483648	@ 0x80000000
20006216:	4610      	mov	r0, r2
20006218:	ee07 4a90 	vmov	s15, r4
2000621c:	eefd 7ae7 	vcvt.s32.f32	s15, s15
20006220:	f012 43ff 	ands.w	r3, r2, #2139095040	@ 0x7f800000
20006224:	ee17 1a90 	vmov	r1, s15
20006228:	d005      	beq.n	20006236 <fpow_0+0x52>
2000622a:	f1b3 4fff 	cmp.w	r3, #2139095040	@ 0x7f800000
2000622e:	d002      	beq.n	20006236 <fpow_0+0x52>
20006230:	f3c2 0316 	ubfx	r3, r2, #0, #23
20006234:	b39b      	cbz	r3, 2000629e <fpow_0+0xba>
20006236:	2900      	cmp	r1, #0
20006238:	d040      	beq.n	200062bc <fpow_0+0xd8>
2000623a:	f101 0320 	add.w	r3, r1, #32
2000623e:	2b40      	cmp	r3, #64	@ 0x40
20006240:	d91d      	bls.n	2000627e <fpow_0+0x9a>
20006242:	f004 fc83 	bl	2000ab4c <__aeabi_f2d>
20006246:	f7ff fe8e 	bl	20005f66 <__wrap_log>
2000624a:	4602      	mov	r2, r0
2000624c:	460b      	mov	r3, r1
2000624e:	4620      	mov	r0, r4
20006250:	e9cd 2300 	strd	r2, r3, [sp]
20006254:	f004 fc7a 	bl	2000ab4c <__aeabi_f2d>
20006258:	e9dd 2300 	ldrd	r2, r3, [sp]
2000625c:	f7ff fa60 	bl	20005720 <__wrap___aeabi_dmul>
20006260:	f7ff fd03 	bl	20005c6a <__wrap_exp>
20006264:	f7ff fad0 	bl	20005808 <__wrap___aeabi_d2f>
20006268:	b002      	add	sp, #8
2000626a:	bd10      	pop	{r4, pc}
2000626c:	4621      	mov	r1, r4
2000626e:	f102 4000 	add.w	r0, r2, #2147483648	@ 0x80000000
20006272:	f7ff ffb7 	bl	200061e4 <fpow_0>
20006276:	f100 4000 	add.w	r0, r0, #2147483648	@ 0x80000000
2000627a:	b002      	add	sp, #8
2000627c:	bd10      	pop	{r4, pc}
2000627e:	2900      	cmp	r1, #0
20006280:	da08      	bge.n	20006294 <fpow_0+0xb0>
20006282:	ee07 0a10 	vmov	s14, r0
20006286:	eef7 7a00 	vmov.f32	s15, #112	@ 0x3f800000  1.0
2000628a:	eec7 7a87 	vdiv.f32	s15, s15, s14
2000628e:	ee17 0a90 	vmov	r0, s15
20006292:	4249      	negs	r1, r1
20006294:	b002      	add	sp, #8
20006296:	e8bd 4010 	ldmia.w	sp!, {r4, lr}
2000629a:	f7ff bf21 	b.w	200060e0 <fpow_int2>
2000629e:	0dd2      	lsrs	r2, r2, #23
200062a0:	3a7f      	subs	r2, #127	@ 0x7f
200062a2:	f301 0108 	ssat	r1, #9, r1
200062a6:	fb01 f302 	mul.w	r3, r1, r2
200062aa:	f103 027f 	add.w	r2, r3, #127	@ 0x7f
200062ae:	2a00      	cmp	r2, #0
200062b0:	dd0c      	ble.n	200062cc <fpow_0+0xe8>
200062b2:	2afe      	cmp	r2, #254	@ 0xfe
200062b4:	dd06      	ble.n	200062c4 <fpow_0+0xe0>
200062b6:	f04f 40ff 	mov.w	r0, #2139095040	@ 0x7f800000
200062ba:	e7de      	b.n	2000627a <fpow_0+0x96>
200062bc:	f04f 507e 	mov.w	r0, #1065353216	@ 0x3f800000
200062c0:	b002      	add	sp, #8
200062c2:	bd10      	pop	{r4, pc}
200062c4:	05db      	lsls	r3, r3, #23
200062c6:	f103 507e 	add.w	r0, r3, #1065353216	@ 0x3f800000
200062ca:	e7d6      	b.n	2000627a <fpow_0+0x96>
200062cc:	2000      	movs	r0, #0
200062ce:	e7d4      	b.n	2000627a <fpow_0+0x96>

200062d0 <__wrap_log10f>:
200062d0:	b508      	push	{r3, lr}
200062d2:	f000 f9b9 	bl	20006648 <__wrap_logf>
200062d6:	eddf 7a04 	vldr	s15, [pc, #16]	@ 200062e8 <__wrap_log10f+0x18>
200062da:	ee07 0a10 	vmov	s14, r0
200062de:	ee67 7a27 	vmul.f32	s15, s14, s15
200062e2:	ee17 0a90 	vmov	r0, s15
200062e6:	bd08      	pop	{r3, pc}
200062e8:	3ede5bd9 	.word	0x3ede5bd9

200062ec <__wrap_powf>:
200062ec:	ee07 0a90 	vmov	s15, r0
200062f0:	eeb7 7a00 	vmov.f32	s14, #112	@ 0x3f800000  1.0
200062f4:	eef4 7a47 	vcmp.f32	s15, s14
200062f8:	eef1 fa10 	vmrs	APSR_nzcv, fpscr
200062fc:	d02d      	beq.n	2000635a <__wrap_powf+0x6e>
200062fe:	f011 42ff 	ands.w	r2, r1, #2139095040	@ 0x7f800000
20006302:	460b      	mov	r3, r1
20006304:	d026      	beq.n	20006354 <__wrap_powf+0x68>
20006306:	eeff 6a00 	vmov.f32	s13, #240	@ 0xbf800000 -1.0
2000630a:	eef4 7a66 	vcmp.f32	s15, s13
2000630e:	eef1 fa10 	vmrs	APSR_nzcv, fpscr
20006312:	b510      	push	{r4, lr}
20006314:	b082      	sub	sp, #8
20006316:	d121      	bne.n	2000635c <__wrap_powf+0x70>
20006318:	f1b2 4fff 	cmp.w	r2, #2139095040	@ 0x7f800000
2000631c:	d063      	beq.n	200063e6 <__wrap_powf+0xfa>
2000631e:	0dca      	lsrs	r2, r1, #23
20006320:	2aff      	cmp	r2, #255	@ 0xff
20006322:	d03f      	beq.n	200063a4 <__wrap_powf+0xb8>
20006324:	4859      	ldr	r0, [pc, #356]	@ (2000648c <__wrap_powf+0x1a0>)
20006326:	f012 02ff 	ands.w	r2, r2, #255	@ 0xff
2000632a:	d00c      	beq.n	20006346 <__wrap_powf+0x5a>
2000632c:	3a7f      	subs	r2, #127	@ 0x7f
2000632e:	d45d      	bmi.n	200063ec <__wrap_powf+0x100>
20006330:	2a16      	cmp	r2, #22
20006332:	dc08      	bgt.n	20006346 <__wrap_powf+0x5a>
20006334:	f04f 0c01 	mov.w	ip, #1
20006338:	f1c2 0217 	rsb	r2, r2, #23
2000633c:	fa0c f202 	lsl.w	r2, ip, r2
20006340:	3a01      	subs	r2, #1
20006342:	421a      	tst	r2, r3
20006344:	d152      	bne.n	200063ec <__wrap_powf+0x100>
20006346:	ee17 0a90 	vmov	r0, s15
2000634a:	b002      	add	sp, #8
2000634c:	e8bd 4010 	ldmia.w	sp!, {r4, lr}
20006350:	f7ff bf48 	b.w	200061e4 <fpow_0>
20006354:	ee17 0a10 	vmov	r0, s14
20006358:	4770      	bx	lr
2000635a:	4770      	bx	lr
2000635c:	f010 4fff 	tst.w	r0, #2139095040	@ 0x7f800000
20006360:	d115      	bne.n	2000638e <__wrap_powf+0xa2>
20006362:	2900      	cmp	r1, #0
20006364:	ea4f 52d1 	mov.w	r2, r1, lsr #23
20006368:	db26      	blt.n	200063b8 <__wrap_powf+0xcc>
2000636a:	3a7f      	subs	r2, #127	@ 0x7f
2000636c:	2a17      	cmp	r2, #23
2000636e:	d820      	bhi.n	200063b2 <__wrap_powf+0xc6>
20006370:	2101      	movs	r1, #1
20006372:	f1c2 0017 	rsb	r0, r2, #23
20006376:	4081      	lsls	r1, r0
20006378:	3901      	subs	r1, #1
2000637a:	4219      	tst	r1, r3
2000637c:	d119      	bne.n	200063b2 <__wrap_powf+0xc6>
2000637e:	b11a      	cbz	r2, 20006388 <__wrap_powf+0x9c>
20006380:	fa23 f000 	lsr.w	r0, r3, r0
20006384:	07c1      	lsls	r1, r0, #31
20006386:	d514      	bpl.n	200063b2 <__wrap_powf+0xc6>
20006388:	ee17 0a90 	vmov	r0, s15
2000638c:	e008      	b.n	200063a0 <__wrap_powf+0xb4>
2000638e:	ea4f 5cd0 	mov.w	ip, r0, lsr #23
20006392:	f1bc 0fff 	cmp.w	ip, #255	@ 0xff
20006396:	d142      	bne.n	2000641e <__wrap_powf+0x132>
20006398:	2b00      	cmp	r3, #0
2000639a:	db0a      	blt.n	200063b2 <__wrap_powf+0xc6>
2000639c:	f04f 40ff 	mov.w	r0, #2139095040	@ 0x7f800000
200063a0:	b002      	add	sp, #8
200063a2:	bd10      	pop	{r4, pc}
200063a4:	f240 1c7f 	movw	ip, #383	@ 0x17f
200063a8:	fa5f fc8c 	uxtb.w	ip, ip
200063ac:	f1bc 0f7e 	cmp.w	ip, #126	@ 0x7e
200063b0:	d8f4      	bhi.n	2000639c <__wrap_powf+0xb0>
200063b2:	2000      	movs	r0, #0
200063b4:	b002      	add	sp, #8
200063b6:	bd10      	pop	{r4, pc}
200063b8:	b2d2      	uxtb	r2, r2
200063ba:	3a7f      	subs	r2, #127	@ 0x7f
200063bc:	2a17      	cmp	r2, #23
200063be:	d8ed      	bhi.n	2000639c <__wrap_powf+0xb0>
200063c0:	2101      	movs	r1, #1
200063c2:	f1c2 0c17 	rsb	ip, r2, #23
200063c6:	fa01 f10c 	lsl.w	r1, r1, ip
200063ca:	3901      	subs	r1, #1
200063cc:	4219      	tst	r1, r3
200063ce:	d1e5      	bne.n	2000639c <__wrap_powf+0xb0>
200063d0:	b122      	cbz	r2, 200063dc <__wrap_powf+0xf0>
200063d2:	fa23 fc0c 	lsr.w	ip, r3, ip
200063d6:	f01c 0f01 	tst.w	ip, #1
200063da:	d0df      	beq.n	2000639c <__wrap_powf+0xb0>
200063dc:	f000 4000 	and.w	r0, r0, #2147483648	@ 0x80000000
200063e0:	f040 40ff 	orr.w	r0, r0, #2139095040	@ 0x7f800000
200063e4:	e7dc      	b.n	200063a0 <__wrap_powf+0xb4>
200063e6:	ee17 0a10 	vmov	r0, s14
200063ea:	e7d9      	b.n	200063a0 <__wrap_powf+0xb4>
200063ec:	2800      	cmp	r0, #0
200063ee:	dbd5      	blt.n	2000639c <__wrap_powf+0xb0>
200063f0:	ee17 0a90 	vmov	r0, s15
200063f4:	460c      	mov	r4, r1
200063f6:	f004 fba9 	bl	2000ab4c <__aeabi_f2d>
200063fa:	f7ff fdb4 	bl	20005f66 <__wrap_log>
200063fe:	4602      	mov	r2, r0
20006400:	460b      	mov	r3, r1
20006402:	4620      	mov	r0, r4
20006404:	e9cd 2300 	strd	r2, r3, [sp]
20006408:	f004 fba0 	bl	2000ab4c <__aeabi_f2d>
2000640c:	e9dd 2300 	ldrd	r2, r3, [sp]
20006410:	f7ff f986 	bl	20005720 <__wrap___aeabi_dmul>
20006414:	f7ff fc29 	bl	20005c6a <__wrap_exp>
20006418:	f7ff f9f6 	bl	20005808 <__wrap___aeabi_d2f>
2000641c:	e7c0      	b.n	200063a0 <__wrap_powf+0xb4>
2000641e:	f240 1eff 	movw	lr, #511	@ 0x1ff
20006422:	45f4      	cmp	ip, lr
20006424:	ea4f 52d3 	mov.w	r2, r3, lsr #23
20006428:	d00a      	beq.n	20006440 <__wrap_powf+0x154>
2000642a:	2aff      	cmp	r2, #255	@ 0xff
2000642c:	d0bc      	beq.n	200063a8 <__wrap_powf+0xbc>
2000642e:	4572      	cmp	r2, lr
20006430:	f47f af79 	bne.w	20006326 <__wrap_powf+0x3a>
20006434:	fa5f fc8c 	uxtb.w	ip, ip
20006438:	f1bc 0f7e 	cmp.w	ip, #126	@ 0x7e
2000643c:	d9ae      	bls.n	2000639c <__wrap_powf+0xb0>
2000643e:	e7b8      	b.n	200063b2 <__wrap_powf+0xc6>
20006440:	2b00      	cmp	r3, #0
20006442:	db10      	blt.n	20006466 <__wrap_powf+0x17a>
20006444:	3a7f      	subs	r2, #127	@ 0x7f
20006446:	2a17      	cmp	r2, #23
20006448:	d8a8      	bhi.n	2000639c <__wrap_powf+0xb0>
2000644a:	2101      	movs	r1, #1
2000644c:	f1c2 0017 	rsb	r0, r2, #23
20006450:	4081      	lsls	r1, r0
20006452:	3901      	subs	r1, #1
20006454:	4219      	tst	r1, r3
20006456:	d1a1      	bne.n	2000639c <__wrap_powf+0xb0>
20006458:	b11a      	cbz	r2, 20006462 <__wrap_powf+0x176>
2000645a:	fa23 f000 	lsr.w	r0, r3, r0
2000645e:	07c2      	lsls	r2, r0, #31
20006460:	d59c      	bpl.n	2000639c <__wrap_powf+0xb0>
20006462:	480b      	ldr	r0, [pc, #44]	@ (20006490 <__wrap_powf+0x1a4>)
20006464:	e79c      	b.n	200063a0 <__wrap_powf+0xb4>
20006466:	b2d2      	uxtb	r2, r2
20006468:	3a7f      	subs	r2, #127	@ 0x7f
2000646a:	2a17      	cmp	r2, #23
2000646c:	d8a1      	bhi.n	200063b2 <__wrap_powf+0xc6>
2000646e:	2101      	movs	r1, #1
20006470:	f1c2 0017 	rsb	r0, r2, #23
20006474:	4081      	lsls	r1, r0
20006476:	3901      	subs	r1, #1
20006478:	4219      	tst	r1, r3
2000647a:	d19a      	bne.n	200063b2 <__wrap_powf+0xc6>
2000647c:	b11a      	cbz	r2, 20006486 <__wrap_powf+0x19a>
2000647e:	fa23 f000 	lsr.w	r0, r3, r0
20006482:	07c3      	lsls	r3, r0, #31
20006484:	d595      	bpl.n	200063b2 <__wrap_powf+0xc6>
20006486:	f04f 4000 	mov.w	r0, #2147483648	@ 0x80000000
2000648a:	e789      	b.n	200063a0 <__wrap_powf+0xb4>
2000648c:	bf800000 	.word	0xbf800000
20006490:	ff800000 	.word	0xff800000
20006494:	00000000 	.word	0x00000000

20006498 <rtwopi>:
	...
200064a0:	28be60db 	.word	0x28be60db
200064a4:	9391054a 	.word	0x9391054a
200064a8:	7f09d5f4 	.word	0x7f09d5f4
200064ac:	7d4d3770 	.word	0x7d4d3770
200064b0:	36d8a566 	.word	0x36d8a566
200064b4:	4f10e410 	.word	0x4f10e410

200064b8 <frr_core>:
200064b8:	f2af 0224 	subw	r2, pc, #36	@ 0x24
200064bc:	114b      	asrs	r3, r1, #5
200064be:	eb02 0283 	add.w	r2, r2, r3, lsl #2
200064c2:	f001 031f 	and.w	r3, r1, #31
200064c6:	f04f 0401 	mov.w	r4, #1
200064ca:	409c      	lsls	r4, r3
200064cc:	fba4 3400 	umull	r3, r4, r4, r0
200064d0:	68d5      	ldr	r5, [r2, #12]
200064d2:	fba5 5604 	umull	r5, r6, r5, r4
200064d6:	6895      	ldr	r5, [r2, #8]
200064d8:	fb05 6604 	mla	r6, r5, r4, r6
200064dc:	fbe5 5603 	umlal	r5, r6, r5, r3
200064e0:	6855      	ldr	r5, [r2, #4]
200064e2:	fb05 6603 	mla	r6, r5, r3, r6
200064e6:	4770      	bx	lr

200064e8 <__wrap_expf>:
200064e8:	15c1      	asrs	r1, r0, #23
200064ea:	d445      	bmi.n	20006578 <__wrap_expf+0x90>
200064ec:	2985      	cmp	r1, #133	@ 0x85
200064ee:	da32      	bge.n	20006556 <__wrap_expf+0x6e>
200064f0:	2201      	movs	r2, #1
200064f2:	f362 50df 	bfi	r0, r2, #23, #9
200064f6:	397e      	subs	r1, #126	@ 0x7e
200064f8:	d42a      	bmi.n	20006550 <__wrap_expf+0x68>
200064fa:	fa00 f001 	lsl.w	r0, r0, r1
200064fe:	f641 5395 	movw	r3, #7573	@ 0x1d95
20006502:	f6c5 4355 	movt	r3, #23637	@ 0x5c55
20006506:	fb80 0103 	smull	r0, r1, r0, r3
2000650a:	a22b      	add	r2, pc, #172	@ (adr r2, 200065b8 <k_exp2>)
2000650c:	ec92 4a03 	vldmia	r2, {s8-s10}
20006510:	0d82      	lsrs	r2, r0, #22
20006512:	f361 229a 	bfi	r2, r1, #10, #17
20006516:	ee00 2a10 	vmov	s0, r2
2000651a:	eebb 0ac0 	vcvt.f32.u32	s0, s0, #32
2000651e:	ee60 0a00 	vmul.f32	s1, s0, s0
20006522:	f3c1 4244 	ubfx	r2, r1, #17, #5
20006526:	ee20 2a04 	vmul.f32	s4, s0, s8
2000652a:	a326      	add	r3, pc, #152	@ (adr r3, 200065c4 <exptab3>)
2000652c:	ee20 1a20 	vmul.f32	s2, s0, s1
20006530:	f853 2022 	ldr.w	r2, [r3, r2, lsl #2]
20006534:	ee00 2aa4 	vmla.f32	s4, s1, s9
20006538:	1589      	asrs	r1, r1, #22
2000653a:	ee01 2a05 	vmla.f32	s4, s2, s10
2000653e:	eb02 52c1 	add.w	r2, r2, r1, lsl #23
20006542:	ee00 2a10 	vmov	s0, r2
20006546:	ee00 0a02 	vmla.f32	s0, s0, s4
2000654a:	ee10 0a10 	vmov	r0, s0
2000654e:	4770      	bx	lr
20006550:	4249      	negs	r1, r1
20006552:	40c8      	lsrs	r0, r1
20006554:	e7d3      	b.n	200064fe <__wrap_expf+0x16>
20006556:	f247 2218 	movw	r2, #29208	@ 0x7218
2000655a:	f2c4 22b1 	movt	r2, #17073	@ 0x42b1
2000655e:	4290      	cmp	r0, r2
20006560:	d3c6      	bcc.n	200064f0 <__wrap_expf+0x8>
20006562:	f1b0 4fff 	cmp.w	r0, #2139095040	@ 0x7f800000
20006566:	d902      	bls.n	2000656e <__wrap_expf+0x86>
20006568:	f450 0080 	orrs.w	r0, r0, #4194304	@ 0x400000
2000656c:	4770      	bx	lr
2000656e:	f240 0000 	movw	r0, #0
20006572:	f6c7 7080 	movt	r0, #32640	@ 0x7f80
20006576:	4770      	bx	lr
20006578:	f111 0f7b 	cmn.w	r1, #123	@ 0x7b
2000657c:	da0c      	bge.n	20006598 <__wrap_expf+0xb0>
2000657e:	2201      	movs	r2, #1
20006580:	f362 50df 	bfi	r0, r2, #23, #9
20006584:	3182      	adds	r1, #130	@ 0x82
20006586:	d505      	bpl.n	20006594 <__wrap_expf+0xac>
20006588:	4249      	negs	r1, r1
2000658a:	40c8      	lsrs	r0, r1
2000658c:	f140 0000 	adc.w	r0, r0, #0
20006590:	4240      	negs	r0, r0
20006592:	e7b4      	b.n	200064fe <__wrap_expf+0x16>
20006594:	4088      	lsls	r0, r1
20006596:	e7fb      	b.n	20006590 <__wrap_expf+0xa8>
20006598:	f64a 424f 	movw	r2, #44111	@ 0xac4f
2000659c:	f2cc 22ae 	movt	r2, #49838	@ 0xc2ae
200065a0:	4290      	cmp	r0, r2
200065a2:	d9ec      	bls.n	2000657e <__wrap_expf+0x96>
200065a4:	f510 0f00 	cmn.w	r0, #8388608	@ 0x800000
200065a8:	d902      	bls.n	200065b0 <__wrap_expf+0xc8>
200065aa:	f450 0080 	orrs.w	r0, r0, #4194304	@ 0x400000
200065ae:	4770      	bx	lr
200065b0:	f04f 0000 	mov.w	r0, #0
200065b4:	4770      	bx	lr
200065b6:	bf00      	nop

200065b8 <k_exp2>:
200065b8:	3f317218 	.word	0x3f317218
200065bc:	3e75fdf0 	.word	0x3e75fdf0
200065c0:	3d635847 	.word	0x3d635847

200065c4 <exptab3>:
200065c4:	3f800000 	.word	0x3f800000
200065c8:	3f82cd87 	.word	0x3f82cd87
200065cc:	3f85aac3 	.word	0x3f85aac3
200065d0:	3f88980f 	.word	0x3f88980f
200065d4:	3f8b95c2 	.word	0x3f8b95c2
200065d8:	3f8ea43a 	.word	0x3f8ea43a
200065dc:	3f91c3d3 	.word	0x3f91c3d3
200065e0:	3f94f4f0 	.word	0x3f94f4f0
200065e4:	3f9837f0 	.word	0x3f9837f0
200065e8:	3f9b8d3a 	.word	0x3f9b8d3a
200065ec:	3f9ef532 	.word	0x3f9ef532
200065f0:	3fa27043 	.word	0x3fa27043
200065f4:	3fa5fed7 	.word	0x3fa5fed7
200065f8:	3fa9a15b 	.word	0x3fa9a15b
200065fc:	3fad583f 	.word	0x3fad583f
20006600:	3fb123f6 	.word	0x3fb123f6
20006604:	3fb504f3 	.word	0x3fb504f3
20006608:	3fb8fbaf 	.word	0x3fb8fbaf
2000660c:	3fbd08a4 	.word	0x3fbd08a4
20006610:	3fc12c4d 	.word	0x3fc12c4d
20006614:	3fc5672a 	.word	0x3fc5672a
20006618:	3fc9b9be 	.word	0x3fc9b9be
2000661c:	3fce248c 	.word	0x3fce248c
20006620:	3fd2a81e 	.word	0x3fd2a81e
20006624:	3fd744fd 	.word	0x3fd744fd
20006628:	3fdbfbb8 	.word	0x3fdbfbb8
2000662c:	3fe0ccdf 	.word	0x3fe0ccdf
20006630:	3fe5b907 	.word	0x3fe5b907
20006634:	3feac0c7 	.word	0x3feac0c7
20006638:	3fefe4ba 	.word	0x3fefe4ba
2000663c:	3ff5257d 	.word	0x3ff5257d
20006640:	3ffa83b3 	.word	0x3ffa83b3
20006644:	00000000 	.word	0x00000000

20006648 <__wrap_logf>:
20006648:	f1b0 4fff 	cmp.w	r0, #2139095040	@ 0x7f800000
2000664c:	d23e      	bcs.n	200066cc <__wrap_logf+0x84>
2000664e:	15c1      	asrs	r1, r0, #23
20006650:	d03e      	beq.n	200066d0 <__wrap_logf+0x88>
20006652:	f04f 0201 	mov.w	r2, #1
20006656:	f362 50df 	bfi	r0, r2, #23, #9
2000665a:	bf38      	it	cc
2000665c:	0040      	lslcc	r0, r0, #1
2000665e:	a326      	add	r3, pc, #152	@ (adr r3, 200066f8 <k_log3>)
20006660:	ec93 4a03 	vldmia	r3, {s8-s10}
20006664:	f2af 031c 	subw	r3, pc, #28
20006668:	eb03 4310 	add.w	r3, r3, r0, lsr #16
2000666c:	f023 0307 	bic.w	r3, r3, #7
20006670:	e9d3 2300 	ldrd	r2, r3, [r3]
20006674:	fb00 f002 	mul.w	r0, r0, r2
20006678:	ec40 3a10 	vmov	s0, s1, r3, r0
2000667c:	eefa 0ac0 	vcvt.f32.s32	s1, s1, #32
20006680:	ee20 1aa0 	vmul.f32	s2, s1, s1
20006684:	f161 017e 	sbc.w	r1, r1, #126	@ 0x7e
20006688:	ee60 1a81 	vmul.f32	s3, s1, s2
2000668c:	05c9      	lsls	r1, r1, #23
2000668e:	ee21 2a01 	vmul.f32	s4, s2, s2
20006692:	f640 32fc 	movw	r2, #3068	@ 0xbfc
20006696:	ee21 1a04 	vmul.f32	s2, s2, s8
2000669a:	f6c5 02b9 	movt	r2, #22713	@ 0x58b9
2000669e:	ee61 1aa4 	vmul.f32	s3, s3, s9
200066a2:	fb51 f112 	smmulr	r1, r1, r2
200066a6:	ee22 2a05 	vmul.f32	s4, s4, s10
200066aa:	ee03 1a90 	vmov	s7, r1
200066ae:	ee71 1ac2 	vsub.f32	s3, s3, s4
200066b2:	eefa 3ac5 	vcvt.f32.s32	s7, s7, #22
200066b6:	ee31 1a61 	vsub.f32	s2, s2, s3
200066ba:	ee70 0ac1 	vsub.f32	s1, s1, s2
200066be:	ee30 0a20 	vadd.f32	s0, s0, s1
200066c2:	ee30 0a23 	vadd.f32	s0, s0, s7
200066c6:	ee10 0a10 	vmov	r0, s0
200066ca:	4770      	bx	lr
200066cc:	dc05      	bgt.n	200066da <__wrap_logf+0x92>
200066ce:	d00b      	beq.n	200066e8 <__wrap_logf+0xa0>
200066d0:	f110 4fff 	cmn.w	r0, #2139095040	@ 0x7f800000
200066d4:	d309      	bcc.n	200066ea <__wrap_logf+0xa2>
200066d6:	f510 0f00 	cmn.w	r0, #8388608	@ 0x800000
200066da:	f440 0080 	orr.w	r0, r0, #4194304	@ 0x400000
200066de:	d803      	bhi.n	200066e8 <__wrap_logf+0xa0>
200066e0:	f240 0000 	movw	r0, #0
200066e4:	f6cf 70c0 	movt	r0, #65472	@ 0xffc0
200066e8:	4770      	bx	lr
200066ea:	f240 0000 	movw	r0, #0
200066ee:	f6cf 7080 	movt	r0, #65408	@ 0xff80
200066f2:	4770      	bx	lr
200066f4:	f3af 8000 	nop.w

200066f8 <k_log3>:
200066f8:	3f000000 	.word	0x3f000000
200066fc:	3eaaaaab 	.word	0x3eaaaaab
20006700:	3e800000 	.word	0x3e800000
20006704:	00000000 	.word	0x00000000

20006708 <logtab3>:
20006708:	00000155 	.word	0x00000155
2000670c:	be92cb01 	.word	0xbe92cb01
20006710:	00000148 	.word	0x00000148
20006714:	be7dc8c3 	.word	0xbe7dc8c3
20006718:	0000013b 	.word	0x0000013b
2000671c:	be545f68 	.word	0xbe545f68
20006720:	0000012f 	.word	0x0000012f
20006724:	be2c99c7 	.word	0xbe2c99c7
20006728:	00000125 	.word	0x00000125
2000672c:	be0a3c2c 	.word	0xbe0a3c2c
20006730:	0000011a 	.word	0x0000011a
20006734:	bdc61a2f 	.word	0xbdc61a2f
20006738:	00000111 	.word	0x00000111
2000673c:	bd83acc2 	.word	0xbd83acc2
20006740:	00000108 	.word	0x00000108
20006744:	bcfc14d8 	.word	0xbcfc14d8
20006748:	00000100 	.word	0x00000100
2000674c:	00000000 	.word	0x00000000
20006750:	000000f8 	.word	0x000000f8
20006754:	3d020aec 	.word	0x3d020aec
20006758:	000000f1 	.word	0x000000f1
2000675c:	3d77518e 	.word	0x3d77518e
20006760:	000000ea 	.word	0x000000ea
20006764:	3db80698 	.word	0x3db80698
20006768:	000000e4 	.word	0x000000e4
2000676c:	3ded393b 	.word	0x3ded393b
20006770:	000000dd 	.word	0x000000dd
20006774:	3e168b08 	.word	0x3e168b08
20006778:	000000d8 	.word	0x000000d8
2000677c:	3e2dfa03 	.word	0x3e2dfa03
20006780:	000000d2 	.word	0x000000d2
20006784:	3e4ad2d7 	.word	0x3e4ad2d7
20006788:	000000cd 	.word	0x000000cd
2000678c:	3e637fde 	.word	0x3e637fde
20006790:	000000c8 	.word	0x000000c8
20006794:	3e7cc8e3 	.word	0x3e7cc8e3
20006798:	000000c3 	.word	0x000000c3
2000679c:	3e8b5ae6 	.word	0x3e8b5ae6
200067a0:	000000bf 	.word	0x000000bf
200067a4:	3e95f784 	.word	0x3e95f784
200067a8:	000000ba 	.word	0x000000ba
200067ac:	3ea38c6e 	.word	0x3ea38c6e
200067b0:	000000b6 	.word	0x000000b6
200067b4:	3eaeadef 	.word	0x3eaeadef
200067b8:	000000b2 	.word	0x000000b2
200067bc:	3eba0ec4 	.word	0x3eba0ec4
200067c0:	000000ae 	.word	0x000000ae
200067c4:	3ec5b1cd 	.word	0x3ec5b1cd
200067c8:	000000ab 	.word	0x000000ab
200067cc:	3ece995f 	.word	0x3ece995f
200067d0:	0241      	lsls	r1, r0, #9
200067d2:	d101      	bne.n	200067d8 <logtab3+0xd0>
200067d4:	f050 4000 	orrs.w	r0, r0, #2147483648	@ 0x80000000
200067d8:	f450 0080 	orrs.w	r0, r0, #4194304	@ 0x400000
200067dc:	4770      	bx	lr
200067de:	b5f0      	push	{r4, r5, r6, r7, lr}
200067e0:	2301      	movs	r3, #1
200067e2:	f363 50df 	bfi	r0, r3, #23, #9
200067e6:	f1c1 0109 	rsb	r1, r1, #9
200067ea:	f04f 077e 	mov.w	r7, #126	@ 0x7e
200067ee:	f7ff fe63 	bl	200064b8 <frr_core>
200067f2:	0fb3      	lsrs	r3, r6, #30
200067f4:	f153 0300 	adcs.w	r3, r3, #0
200067f8:	449c      	add	ip, r3
200067fa:	ebb6 7683 	subs.w	r6, r6, r3, lsl #30
200067fe:	00b2      	lsls	r2, r6, #2
20006800:	bf28      	it	cs
20006802:	4252      	negcs	r2, r2
20006804:	f1b2 5f80 	cmp.w	r2, #268435456	@ 0x10000000
20006808:	d20b      	bcs.n	20006822 <logtab3+0x11a>
2000680a:	3102      	adds	r1, #2
2000680c:	f7ff fe54 	bl	200064b8 <frr_core>
20006810:	ea96 0226 	eors.w	r2, r6, r6, asr #32
20006814:	f142 0200 	adc.w	r2, r2, #0
20006818:	f1b2 5f80 	cmp.w	r2, #268435456	@ 0x10000000
2000681c:	d201      	bcs.n	20006822 <logtab3+0x11a>
2000681e:	3f02      	subs	r7, #2
20006820:	d5f3      	bpl.n	2000680a <logtab3+0x102>
20006822:	4c0a      	ldr	r4, [pc, #40]	@ (2000684c <logtab3+0x144>)
20006824:	fba2 2404 	umull	r2, r4, r2, r4
20006828:	fab4 f284 	clz	r2, r4
2000682c:	4094      	lsls	r4, r2
2000682e:	0a24      	lsrs	r4, r4, #8
20006830:	eba7 0202 	sub.w	r2, r7, r2
20006834:	eb44 50c2 	adc.w	r0, r4, r2, lsl #23
20006838:	0dc1      	lsrs	r1, r0, #23
2000683a:	f1d1 017f 	rsbs	r1, r1, #127	@ 0x7f
2000683e:	0ff6      	lsrs	r6, r6, #31
20006840:	eb00 73c6 	add.w	r3, r0, r6, lsl #31
20006844:	e8bd 40f0 	ldmia.w	sp!, {r4, r5, r6, r7, lr}
20006848:	e073      	b.n	20006932 <__wrap_cosf+0x14>
2000684a:	0000      	.short	0x0000
2000684c:	c90fdaa2 	.word	0xc90fdaa2
20006850:	f111 0f80 	cmn.w	r1, #128	@ 0x80
20006854:	d0bc      	beq.n	200067d0 <logtab3+0xc8>
20006856:	ea30 72cc 	bics.w	r2, r0, ip, lsl #31
2000685a:	bf48      	it	mi
2000685c:	f10c 0c02 	addmi.w	ip, ip, #2
20006860:	f020 4000 	bic.w	r0, r0, #2147483648	@ 0x80000000
20006864:	ee00 0a10 	vmov	s0, r0
20006868:	a20d      	add	r2, pc, #52	@ (adr r2, 200068a0 <k_sc4>)
2000686a:	ecf2 2a03 	vldmia	r2!, {s5-s7}
2000686e:	ee22 2a80 	vmul.f32	s4, s5, s0
20006872:	f111 0f08 	cmn.w	r1, #8
20006876:	feb9 2a42 	vrintn.f32	s4, s4
2000687a:	ddb0      	ble.n	200067de <logtab3+0xd6>
2000687c:	eea2 0a63 	vfms.f32	s0, s4, s7
20006880:	eea2 0a43 	vfms.f32	s0, s4, s6
20006884:	ee10 3a10 	vmov	r3, s0
20006888:	eefd 1ac2 	vcvt.s32.f32	s3, s4
2000688c:	f3c3 52c7 	ubfx	r2, r3, #23, #8
20006890:	2a78      	cmp	r2, #120	@ 0x78
20006892:	d3a4      	bcc.n	200067de <logtab3+0xd6>
20006894:	f1d2 017f 	rsbs	r1, r2, #127	@ 0x7f
20006898:	ee11 2a90 	vmov	r2, s3
2000689c:	4494      	add	ip, r2
2000689e:	e048      	b.n	20006932 <__wrap_cosf+0x14>

200068a0 <k_sc4>:
200068a0:	3f22f983 	.word	0x3f22f983
200068a4:	b695777a 	.word	0xb695777a
200068a8:	3fc91000 	.word	0x3fc91000

200068ac <__wrap_sincosf>:
200068ac:	b507      	push	{r0, r1, r2, lr}
200068ae:	f3c0 51c7 	ubfx	r1, r0, #23, #8
200068b2:	29ff      	cmp	r1, #255	@ 0xff
200068b4:	d025      	beq.n	20006902 <__wrap_sincosf+0x56>
200068b6:	f000 f832 	bl	2000691e <__wrap_cosf>
200068ba:	e8bd 4006 	ldmia.w	sp!, {r1, r2, lr}
200068be:	f8ce 0000 	str.w	r0, [lr]
200068c2:	d20e      	bcs.n	200068e2 <__wrap_sincosf+0x36>
200068c4:	43c9      	mvns	r1, r1
200068c6:	ea8c 7cd1 	eor.w	ip, ip, r1, lsr #31
200068ca:	ee63 2aa0 	vmul.f32	s5, s7, s1
200068ce:	eee1 2a03 	vfma.f32	s5, s2, s6
200068d2:	ee73 2a62 	vsub.f32	s5, s6, s5
200068d6:	ee12 0a90 	vmov	r0, s5
200068da:	ea80 70cc 	eor.w	r0, r0, ip, lsl #31
200068de:	6010      	str	r0, [r2, #0]
200068e0:	bd00      	pop	{pc}
200068e2:	ea8c 7cd1 	eor.w	ip, ip, r1, lsr #31
200068e6:	ee21 2a23 	vmul.f32	s4, s2, s7
200068ea:	eea3 2a60 	vfms.f32	s4, s6, s1
200068ee:	ea8c 71d3 	eor.w	r1, ip, r3, lsr #31
200068f2:	ee33 2ac2 	vsub.f32	s4, s7, s4
200068f6:	ee12 0a10 	vmov	r0, s4
200068fa:	ea80 70c1 	eor.w	r0, r0, r1, lsl #31
200068fe:	6010      	str	r0, [r2, #0]
20006900:	bd00      	pop	{pc}
20006902:	0241      	lsls	r1, r0, #9
20006904:	e8bd 400e 	ldmia.w	sp!, {r1, r2, r3, lr}
20006908:	d101      	bne.n	2000690e <__wrap_sincosf+0x62>
2000690a:	f050 4000 	orrs.w	r0, r0, #2147483648	@ 0x80000000
2000690e:	f450 0080 	orrs.w	r0, r0, #4194304	@ 0x400000
20006912:	6010      	str	r0, [r2, #0]
20006914:	6018      	str	r0, [r3, #0]
20006916:	4770      	bx	lr

20006918 <__wrap_sinf>:
20006918:	f05f 0c00 	movs.w	ip, #0
2000691c:	e001      	b.n	20006922 <__wrap_cosf+0x4>

2000691e <__wrap_cosf>:
2000691e:	f05f 0c01 	movs.w	ip, #1
20006922:	f3c0 51c7 	ubfx	r1, r0, #23, #8
20006926:	b3a1      	cbz	r1, 20006992 <fsc_sintail+0x1a>
20006928:	f1d1 017f 	rsbs	r1, r1, #127	@ 0x7f
2000692c:	d990      	bls.n	20006850 <logtab3+0x148>
2000692e:	ea20 73cc 	bic.w	r3, r0, ip, lsl #31
20006932:	f023 4000 	bic.w	r0, r3, #2147483648	@ 0x80000000
20006936:	ee00 0a10 	vmov	s0, r0
2000693a:	f3c0 4084 	ubfx	r0, r0, #18, #5
2000693e:	3020      	adds	r0, #32
20006940:	fa30 f101 	lsrs.w	r1, r0, r1
20006944:	4a83      	ldr	r2, [pc, #524]	@ (20006b54 <trigtab2+0x18c>)
20006946:	f151 0100 	adcs.w	r1, r1, #0
2000694a:	ecb2 4a02 	vldmia	r2!, {s8-s9}
2000694e:	eb02 0281 	add.w	r2, r2, r1, lsl #2
20006952:	eb02 02c1 	add.w	r2, r2, r1, lsl #3
20006956:	ecd2 2a03 	vldmia	r2, {s5-s7}
2000695a:	ee70 0a62 	vsub.f32	s1, s0, s5
2000695e:	ee20 1aa0 	vmul.f32	s2, s1, s1
20006962:	ea5f 0c5c 	movs.w	ip, ip, lsr #1
20006966:	ee61 1a20 	vmul.f32	s3, s2, s1
2000696a:	d215      	bcs.n	20006998 <fsc_sintail+0x20>
2000696c:	ee21 1a04 	vmul.f32	s2, s2, s8
20006970:	ee61 1aa4 	vmul.f32	s3, s3, s9
20006974:	ee70 0ae1 	vsub.f32	s1, s1, s3

20006978 <fsc_sintail>:
20006978:	ee21 2a23 	vmul.f32	s4, s2, s7
2000697c:	eea3 2a60 	vfms.f32	s4, s6, s1
20006980:	ea8c 71d3 	eor.w	r1, ip, r3, lsr #31
20006984:	ee33 2ac2 	vsub.f32	s4, s7, s4
20006988:	ee12 0a10 	vmov	r0, s4
2000698c:	ea80 70c1 	eor.w	r0, r0, r1, lsl #31
20006990:	4770      	bx	lr
20006992:	f000 4000 	and.w	r0, r0, #2147483648	@ 0x80000000
20006996:	e7c7      	b.n	20006928 <__wrap_cosf+0xa>
20006998:	ee61 1aa4 	vmul.f32	s3, s3, s9
2000699c:	ee70 0ae1 	vsub.f32	s1, s1, s3
200069a0:	ee21 1a04 	vmul.f32	s2, s2, s8

200069a4 <fsc_costail>:
200069a4:	ee63 2aa0 	vmul.f32	s5, s7, s1
200069a8:	eee1 2a03 	vfma.f32	s5, s2, s6
200069ac:	ee73 2a62 	vsub.f32	s5, s6, s5
200069b0:	ee12 0a90 	vmov	r0, s5
200069b4:	ea80 70cc 	eor.w	r0, r0, ip, lsl #31
200069b8:	4770      	bx	lr
200069ba:	bf00      	nop
200069bc:	f3af 8000 	nop.w

200069c0 <k_sc3>:
200069c0:	3efffec1 	.word	0x3efffec1
200069c4:	3e2aaa25 	.word	0x3e2aaa25

200069c8 <trigtab2>:
200069c8:	00000000 	.word	0x00000000
200069cc:	3f800000 	.word	0x3f800000
200069d0:	00000000 	.word	0x00000000
200069d4:	3cfcc961 	.word	0x3cfcc961
200069d8:	3f7fe0cd 	.word	0x3f7fe0cd
200069dc:	3cfcbf1c 	.word	0x3cfcbf1c
200069e0:	3d810576 	.word	0x3d810576
200069e4:	3f7f7dfe 	.word	0x3f7f7dfe
200069e8:	3d80ef9e 	.word	0x3d80ef9e
200069ec:	3dbf0c09 	.word	0x3dbf0c09
200069f0:	3f7ee30f 	.word	0x3f7ee30f
200069f4:	3dbec522 	.word	0x3dbec522
200069f8:	3dff24b6 	.word	0x3dff24b6
200069fc:	3f7e0414 	.word	0x3f7e0414
20006a00:	3dfe7be2 	.word	0x3dfe7be2
20006a04:	3e1f0713 	.word	0x3e1f0713
20006a08:	3f7ceb48 	.word	0x3f7ceb48
20006a0c:	3e1e63a0 	.word	0x3e1e63a0
20006a10:	3e40306d 	.word	0x3e40306d
20006a14:	3f7b811d 	.word	0x3f7b811d
20006a18:	3e3f1015 	.word	0x3e3f1015
20006a1c:	3e60ada2 	.word	0x3e60ada2
20006a20:	3f79dccf 	.word	0x3f79dccf
20006a24:	3e5ee13e 	.word	0x3e5ee13e
20006a28:	3e800d7b 	.word	0x3e800d7b
20006a2c:	3f7808fa 	.word	0x3f7808fa
20006a30:	3e7d7196 	.word	0x3e7d7196
20006a34:	3e8f986e 	.word	0x3e8f986e
20006a38:	3f75ff65 	.word	0x3f75ff65
20006a3c:	3e8db868 	.word	0x3e8db868
20006a40:	3e9fe1f4 	.word	0x3e9fe1f4
20006a44:	3f739e93 	.word	0x3f739e93
20006a48:	3e9d4bfd 	.word	0x3e9d4bfd
20006a4c:	3eb054c6 	.word	0x3eb054c6
20006a50:	3f70f7ae 	.word	0x3f70f7ae
20006a54:	3eacddb3 	.word	0x3eacddb3
20006a58:	3ebf89c5 	.word	0x3ebf89c5
20006a5c:	3f6e4b60 	.word	0x3f6e4b60
20006a60:	3ebb1a0a 	.word	0x3ebb1a0a
20006a64:	3ecfc426 	.word	0x3ecfc426
20006a68:	3f6b35ca 	.word	0x3f6b35ca
20006a6c:	3eca1c63 	.word	0x3eca1c63
20006a70:	3ee054f2 	.word	0x3ee054f2
20006a74:	3f67d166 	.word	0x3f67d166
20006a78:	3ed93907 	.word	0x3ed93907
20006a7c:	3eeff0dd 	.word	0x3eeff0dd
20006a80:	3f64664b 	.word	0x3f64664b
20006a84:	3ee74116 	.word	0x3ee74116
20006a88:	3f002b31 	.word	0x3f002b31
20006a8c:	3f609488 	.word	0x3f609488
20006a90:	3ef5c30f 	.word	0x3ef5c30f
20006a94:	3f07e407 	.word	0x3f07e407
20006a98:	3f5cc5a2 	.word	0x3f5cc5a2
20006a9c:	3f01992b 	.word	0x3f01992b
20006aa0:	3f101fc5 	.word	0x3f101fc5
20006aa4:	3f587d8f 	.word	0x3f587d8f
20006aa8:	3f08a165 	.word	0x3f08a165
20006aac:	3f17f68a 	.word	0x3f17f68a
20006ab0:	3f5434b5 	.word	0x3f5434b5
20006ab4:	3f0f31ca 	.word	0x3f0f31ca
20006ab8:	3f1fffe2 	.word	0x3f1fffe2
20006abc:	3f4f9b59 	.word	0x3f4f9b59
20006ac0:	3f15c8d7 	.word	0x3f15c8d7
20006ac4:	3f280646 	.word	0x3f280646
20006ac8:	3f4acf6b 	.word	0x3f4acf6b
20006acc:	3f1c37c4 	.word	0x3f1c37c4
20006ad0:	3f303041 	.word	0x3f303041
20006ad4:	3f45b9e0 	.word	0x3f45b9e0
20006ad8:	3f229ae4 	.word	0x3f229ae4
20006adc:	3f381da7 	.word	0x3f381da7
20006ae0:	3f4098ca 	.word	0x3f4098ca
20006ae4:	3f28a620 	.word	0x3f28a620
20006ae8:	3f3fc72f 	.word	0x3f3fc72f
20006aec:	3f3b76ac 	.word	0x3f3b76ac
20006af0:	3f2e564a 	.word	0x3f2e564a
20006af4:	3f4813db 	.word	0x3f4813db
20006af8:	3f35b6cc 	.word	0x3f35b6cc
20006afc:	3f34526b 	.word	0x3f34526b
20006b00:	3f4fc779 	.word	0x3f4fc779
20006b04:	3f30352f 	.word	0x3f30352f
20006b08:	3f39b4d0 	.word	0x3f39b4d0
20006b0c:	3f57dd52 	.word	0x3f57dd52
20006b10:	3f2a4170 	.word	0x3f2a4170
20006b14:	3f3f2d91 	.word	0x3f3f2d91
20006b18:	3f5fce26 	.word	0x3f5fce26
20006b1c:	3f243e9f 	.word	0x3f243e9f
20006b20:	3f445dc3 	.word	0x3f445dc3
20006b24:	3f6825f1 	.word	0x3f6825f1
20006b28:	3f1dc250 	.word	0x3f1dc250
20006b2c:	3f499d1c 	.word	0x3f499d1c
20006b30:	3f703be1 	.word	0x3f703be1
20006b34:	3f175041 	.word	0x3f175041
20006b38:	3f4e7ebf 	.word	0x3f4e7ebf
20006b3c:	3f781078 	.word	0x3f781078
20006b40:	3f10ed71 	.word	0x3f10ed71
20006b44:	3f5306af 	.word	0x3f5306af
20006b48:	3f7ff4d4 	.word	0x3f7ff4d4
20006b4c:	3f0a5aa7 	.word	0x3f0a5aa7
20006b50:	3f57649b 	.word	0x3f57649b
20006b54:	200069c0 	.word	0x200069c0

20006b58 <__wrap_malloc>:
20006b58:	b538      	push	{r3, r4, r5, lr}
20006b5a:	4604      	mov	r4, r0
20006b5c:	4809      	ldr	r0, [pc, #36]	@ (20006b84 <__wrap_malloc+0x2c>)
20006b5e:	f006 f9df 	bl	2000cf20 <mutex_enter_blocking>
20006b62:	4620      	mov	r0, r4
20006b64:	f004 fa4a 	bl	2000affc <malloc>
20006b68:	4605      	mov	r5, r0
20006b6a:	4806      	ldr	r0, [pc, #24]	@ (20006b84 <__wrap_malloc+0x2c>)
20006b6c:	f006 fa82 	bl	2000d074 <mutex_exit>
20006b70:	b12d      	cbz	r5, 20006b7e <__wrap_malloc+0x26>
20006b72:	4b05      	ldr	r3, [pc, #20]	@ (20006b88 <__wrap_malloc+0x30>)
20006b74:	442c      	add	r4, r5
20006b76:	429c      	cmp	r4, r3
20006b78:	d801      	bhi.n	20006b7e <__wrap_malloc+0x26>
20006b7a:	4628      	mov	r0, r5
20006b7c:	bd38      	pop	{r3, r4, r5, pc}
20006b7e:	4803      	ldr	r0, [pc, #12]	@ (20006b8c <__wrap_malloc+0x34>)
20006b80:	f7fd fc00 	bl	20004384 <panic>
20006b84:	2000ea68 	.word	0x2000ea68
20006b88:	20080000 	.word	0x20080000
20006b8c:	2000d998 	.word	0x2000d998

20006b90 <__wrap_calloc>:
20006b90:	b570      	push	{r4, r5, r6, lr}
20006b92:	4604      	mov	r4, r0
20006b94:	460e      	mov	r6, r1
20006b96:	480b      	ldr	r0, [pc, #44]	@ (20006bc4 <__wrap_calloc+0x34>)
20006b98:	f006 f9c2 	bl	2000cf20 <mutex_enter_blocking>
20006b9c:	4631      	mov	r1, r6
20006b9e:	4620      	mov	r0, r4
20006ba0:	f004 f9e6 	bl	2000af70 <calloc>
20006ba4:	4605      	mov	r5, r0
20006ba6:	4807      	ldr	r0, [pc, #28]	@ (20006bc4 <__wrap_calloc+0x34>)
20006ba8:	f006 fa64 	bl	2000d074 <mutex_exit>
20006bac:	b135      	cbz	r5, 20006bbc <__wrap_calloc+0x2c>
20006bae:	fb06 5404 	mla	r4, r6, r4, r5
20006bb2:	4b05      	ldr	r3, [pc, #20]	@ (20006bc8 <__wrap_calloc+0x38>)
20006bb4:	429c      	cmp	r4, r3
20006bb6:	d801      	bhi.n	20006bbc <__wrap_calloc+0x2c>
20006bb8:	4628      	mov	r0, r5
20006bba:	bd70      	pop	{r4, r5, r6, pc}
20006bbc:	4803      	ldr	r0, [pc, #12]	@ (20006bcc <__wrap_calloc+0x3c>)
20006bbe:	f7fd fbe1 	bl	20004384 <panic>
20006bc2:	bf00      	nop
20006bc4:	2000ea68 	.word	0x2000ea68
20006bc8:	20080000 	.word	0x20080000
20006bcc:	2000d998 	.word	0x2000d998

20006bd0 <__wrap_free>:
20006bd0:	b510      	push	{r4, lr}
20006bd2:	4604      	mov	r4, r0
20006bd4:	4805      	ldr	r0, [pc, #20]	@ (20006bec <__wrap_free+0x1c>)
20006bd6:	f006 f9a3 	bl	2000cf20 <mutex_enter_blocking>
20006bda:	4620      	mov	r0, r4
20006bdc:	f004 fa16 	bl	2000b00c <free>
20006be0:	e8bd 4010 	ldmia.w	sp!, {r4, lr}
20006be4:	4801      	ldr	r0, [pc, #4]	@ (20006bec <__wrap_free+0x1c>)
20006be6:	f006 ba45 	b.w	2000d074 <mutex_exit>
20006bea:	bf00      	nop
20006bec:	2000ea68 	.word	0x2000ea68

20006bf0 <_out_null>:
20006bf0:	4770      	bx	lr
20006bf2:	bf00      	nop

20006bf4 <_out_rev>:
20006bf4:	e92d 4ff0 	stmdb	sp!, {r4, r5, r6, r7, r8, r9, sl, fp, lr}
20006bf8:	b083      	sub	sp, #12
20006bfa:	460f      	mov	r7, r1
20006bfc:	4611      	mov	r1, r2
20006bfe:	e9dd b20e 	ldrd	fp, r2, [sp, #56]	@ 0x38
20006c02:	0792      	lsls	r2, r2, #30
20006c04:	4698      	mov	r8, r3
20006c06:	e9dd 930c 	ldrd	r9, r3, [sp, #48]	@ 0x30
20006c0a:	4606      	mov	r6, r0
20006c0c:	d029      	beq.n	20006c62 <_out_rev+0x6e>
20006c0e:	460d      	mov	r5, r1
20006c10:	b19b      	cbz	r3, 20006c3a <_out_rev+0x46>
20006c12:	eb09 0403 	add.w	r4, r9, r3
20006c16:	eb05 0a04 	add.w	sl, r5, r4
20006c1a:	9501      	str	r5, [sp, #4]
20006c1c:	460d      	mov	r5, r1
20006c1e:	930d      	str	r3, [sp, #52]	@ 0x34
20006c20:	ebaa 0204 	sub.w	r2, sl, r4
20006c24:	f814 0d01 	ldrb.w	r0, [r4, #-1]!
20006c28:	4643      	mov	r3, r8
20006c2a:	4639      	mov	r1, r7
20006c2c:	47b0      	blx	r6
20006c2e:	45a1      	cmp	r9, r4
20006c30:	d1f6      	bne.n	20006c20 <_out_rev+0x2c>
20006c32:	4629      	mov	r1, r5
20006c34:	9b0d      	ldr	r3, [sp, #52]	@ 0x34
20006c36:	9d01      	ldr	r5, [sp, #4]
20006c38:	441d      	add	r5, r3
20006c3a:	9b0f      	ldr	r3, [sp, #60]	@ 0x3c
20006c3c:	079b      	lsls	r3, r3, #30
20006c3e:	d50c      	bpl.n	20006c5a <_out_rev+0x66>
20006c40:	1a6c      	subs	r4, r5, r1
20006c42:	45a3      	cmp	fp, r4
20006c44:	d909      	bls.n	20006c5a <_out_rev+0x66>
20006c46:	462a      	mov	r2, r5
20006c48:	4643      	mov	r3, r8
20006c4a:	4639      	mov	r1, r7
20006c4c:	2020      	movs	r0, #32
20006c4e:	3401      	adds	r4, #1
20006c50:	47b0      	blx	r6
20006c52:	455c      	cmp	r4, fp
20006c54:	f105 0501 	add.w	r5, r5, #1
20006c58:	d3f5      	bcc.n	20006c46 <_out_rev+0x52>
20006c5a:	4628      	mov	r0, r5
20006c5c:	b003      	add	sp, #12
20006c5e:	e8bd 8ff0 	ldmia.w	sp!, {r4, r5, r6, r7, r8, r9, sl, fp, pc}
20006c62:	455b      	cmp	r3, fp
20006c64:	d215      	bcs.n	20006c92 <_out_rev+0x9e>
20006c66:	468a      	mov	sl, r1
20006c68:	461c      	mov	r4, r3
20006c6a:	4689      	mov	r9, r1
20006c6c:	ebab 0503 	sub.w	r5, fp, r3
20006c70:	440d      	add	r5, r1
20006c72:	4652      	mov	r2, sl
20006c74:	4643      	mov	r3, r8
20006c76:	4639      	mov	r1, r7
20006c78:	2020      	movs	r0, #32
20006c7a:	f10a 0a01 	add.w	sl, sl, #1
20006c7e:	47b0      	blx	r6
20006c80:	45aa      	cmp	sl, r5
20006c82:	d1f6      	bne.n	20006c72 <_out_rev+0x7e>
20006c84:	4649      	mov	r1, r9
20006c86:	4623      	mov	r3, r4
20006c88:	f8dd 9030 	ldr.w	r9, [sp, #48]	@ 0x30
20006c8c:	2c00      	cmp	r4, #0
20006c8e:	d1c0      	bne.n	20006c12 <_out_rev+0x1e>
20006c90:	e7e3      	b.n	20006c5a <_out_rev+0x66>
20006c92:	460d      	mov	r5, r1
20006c94:	2b00      	cmp	r3, #0
20006c96:	d1bc      	bne.n	20006c12 <_out_rev+0x1e>
20006c98:	e7df      	b.n	20006c5a <_out_rev+0x66>
20006c9a:	bf00      	nop

20006c9c <_ntoa_format>:
20006c9c:	e92d 4ff0 	stmdb	sp!, {r4, r5, r6, r7, r8, r9, sl, fp, lr}
20006ca0:	460f      	mov	r7, r1
20006ca2:	990f      	ldr	r1, [sp, #60]	@ 0x3c
20006ca4:	4606      	mov	r6, r0
20006ca6:	f89d 002c 	ldrb.w	r0, [sp, #44]	@ 0x2c
20006caa:	078d      	lsls	r5, r1, #30
20006cac:	4690      	mov	r8, r2
20006cae:	e9dd a20c 	ldrd	sl, r2, [sp, #48]	@ 0x30
20006cb2:	4699      	mov	r9, r3
20006cb4:	4683      	mov	fp, r0
20006cb6:	9c09      	ldr	r4, [sp, #36]	@ 0x24
20006cb8:	f8dd c028 	ldr.w	ip, [sp, #40]	@ 0x28
20006cbc:	9b0e      	ldr	r3, [sp, #56]	@ 0x38
20006cbe:	d449      	bmi.n	20006d54 <_ntoa_format+0xb8>
20006cc0:	2b00      	cmp	r3, #0
20006cc2:	d142      	bne.n	20006d4a <_ntoa_format+0xae>
20006cc4:	4594      	cmp	ip, r2
20006cc6:	d245      	bcs.n	20006d54 <_ntoa_format+0xb8>
20006cc8:	f001 0501 	and.w	r5, r1, #1
20006ccc:	f104 3eff 	add.w	lr, r4, #4294967295	@ 0xffffffff
20006cd0:	2030      	movs	r0, #48	@ 0x30
20006cd2:	44e6      	add	lr, ip
20006cd4:	e005      	b.n	20006ce2 <_ntoa_format+0x46>
20006cd6:	f10c 0c01 	add.w	ip, ip, #1
20006cda:	4562      	cmp	r2, ip
20006cdc:	f80e 0f01 	strb.w	r0, [lr, #1]!
20006ce0:	d902      	bls.n	20006ce8 <_ntoa_format+0x4c>
20006ce2:	f1bc 0f20 	cmp.w	ip, #32
20006ce6:	d1f6      	bne.n	20006cd6 <_ntoa_format+0x3a>
20006ce8:	2d00      	cmp	r5, #0
20006cea:	f000 8087 	beq.w	20006dfc <_ntoa_format+0x160>
20006cee:	4563      	cmp	r3, ip
20006cf0:	d930      	bls.n	20006d54 <_ntoa_format+0xb8>
20006cf2:	1e60      	subs	r0, r4, #1
20006cf4:	f04f 0e30 	mov.w	lr, #48	@ 0x30
20006cf8:	4460      	add	r0, ip
20006cfa:	e005      	b.n	20006d08 <_ntoa_format+0x6c>
20006cfc:	f10c 0c01 	add.w	ip, ip, #1
20006d00:	459c      	cmp	ip, r3
20006d02:	f800 ef01 	strb.w	lr, [r0, #1]!
20006d06:	d025      	beq.n	20006d54 <_ntoa_format+0xb8>
20006d08:	f1bc 0f20 	cmp.w	ip, #32
20006d0c:	d1f6      	bne.n	20006cfc <_ntoa_format+0x60>
20006d0e:	06cd      	lsls	r5, r1, #27
20006d10:	d50e      	bpl.n	20006d30 <_ntoa_format+0x94>
20006d12:	0548      	lsls	r0, r1, #21
20006d14:	d451      	bmi.n	20006dba <_ntoa_format+0x11e>
20006d16:	4562      	cmp	r2, ip
20006d18:	d064      	beq.n	20006de4 <_ntoa_format+0x148>
20006d1a:	4563      	cmp	r3, ip
20006d1c:	d062      	beq.n	20006de4 <_ntoa_format+0x148>
20006d1e:	f1ba 0f10 	cmp.w	sl, #16
20006d22:	d04d      	beq.n	20006dc0 <_ntoa_format+0x124>
20006d24:	f1ba 0f02 	cmp.w	sl, #2
20006d28:	d055      	beq.n	20006dd6 <_ntoa_format+0x13a>
20006d2a:	f1bc 0f20 	cmp.w	ip, #32
20006d2e:	d12d      	bne.n	20006d8c <_ntoa_format+0xf0>
20006d30:	2220      	movs	r2, #32
20006d32:	e9cd 310b 	strd	r3, r1, [sp, #44]	@ 0x2c
20006d36:	920a      	str	r2, [sp, #40]	@ 0x28
20006d38:	464b      	mov	r3, r9
20006d3a:	4642      	mov	r2, r8
20006d3c:	4639      	mov	r1, r7
20006d3e:	4630      	mov	r0, r6
20006d40:	9409      	str	r4, [sp, #36]	@ 0x24
20006d42:	e8bd 4ff0 	ldmia.w	sp!, {r4, r5, r6, r7, r8, r9, sl, fp, lr}
20006d46:	f7ff bf55 	b.w	20006bf4 <_out_rev>
20006d4a:	f011 0501 	ands.w	r5, r1, #1
20006d4e:	d12e      	bne.n	20006dae <_ntoa_format+0x112>
20006d50:	4594      	cmp	ip, r2
20006d52:	d3bb      	bcc.n	20006ccc <_ntoa_format+0x30>
20006d54:	06cd      	lsls	r5, r1, #27
20006d56:	d51e      	bpl.n	20006d96 <_ntoa_format+0xfa>
20006d58:	0548      	lsls	r0, r1, #21
20006d5a:	d4e0      	bmi.n	20006d1e <_ntoa_format+0x82>
20006d5c:	f1bc 0f00 	cmp.w	ip, #0
20006d60:	d1d9      	bne.n	20006d16 <_ntoa_format+0x7a>
20006d62:	f1ba 0f10 	cmp.w	sl, #16
20006d66:	d05f      	beq.n	20006e28 <_ntoa_format+0x18c>
20006d68:	f1ba 0f02 	cmp.w	sl, #2
20006d6c:	d074      	beq.n	20006e58 <_ntoa_format+0x1bc>
20006d6e:	2230      	movs	r2, #48	@ 0x30
20006d70:	f04f 0c01 	mov.w	ip, #1
20006d74:	7022      	strb	r2, [r4, #0]
20006d76:	f1bb 0f00 	cmp.w	fp, #0
20006d7a:	d112      	bne.n	20006da2 <_ntoa_format+0x106>
20006d7c:	0748      	lsls	r0, r1, #29
20006d7e:	d542      	bpl.n	20006e06 <_ntoa_format+0x16a>
20006d80:	222b      	movs	r2, #43	@ 0x2b
20006d82:	f804 200c 	strb.w	r2, [r4, ip]
20006d86:	f10c 0201 	add.w	r2, ip, #1
20006d8a:	e7d2      	b.n	20006d32 <_ntoa_format+0x96>
20006d8c:	4662      	mov	r2, ip
20006d8e:	f10c 0c01 	add.w	ip, ip, #1
20006d92:	2030      	movs	r0, #48	@ 0x30
20006d94:	54a0      	strb	r0, [r4, r2]
20006d96:	f1bc 0f20 	cmp.w	ip, #32
20006d9a:	d0c9      	beq.n	20006d30 <_ntoa_format+0x94>
20006d9c:	f1bb 0f00 	cmp.w	fp, #0
20006da0:	d0ec      	beq.n	20006d7c <_ntoa_format+0xe0>
20006da2:	222d      	movs	r2, #45	@ 0x2d
20006da4:	f804 200c 	strb.w	r2, [r4, ip]
20006da8:	f10c 0201 	add.w	r2, ip, #1
20006dac:	e7c1      	b.n	20006d32 <_ntoa_format+0x96>
20006dae:	b398      	cbz	r0, 20006e18 <_ntoa_format+0x17c>
20006db0:	4594      	cmp	ip, r2
20006db2:	f103 33ff 	add.w	r3, r3, #4294967295	@ 0xffffffff
20006db6:	d389      	bcc.n	20006ccc <_ntoa_format+0x30>
20006db8:	e799      	b.n	20006cee <_ntoa_format+0x52>
20006dba:	f1ba 0f10 	cmp.w	sl, #16
20006dbe:	d1b7      	bne.n	20006d30 <_ntoa_format+0x94>
20006dc0:	068d      	lsls	r5, r1, #26
20006dc2:	d53d      	bpl.n	20006e40 <_ntoa_format+0x1a4>
20006dc4:	f1bc 0f20 	cmp.w	ip, #32
20006dc8:	d0b2      	beq.n	20006d30 <_ntoa_format+0x94>
20006dca:	2258      	movs	r2, #88	@ 0x58
20006dcc:	f804 200c 	strb.w	r2, [r4, ip]
20006dd0:	f10c 0c01 	add.w	ip, ip, #1
20006dd4:	e7a9      	b.n	20006d2a <_ntoa_format+0x8e>
20006dd6:	f1bc 0f20 	cmp.w	ip, #32
20006dda:	d0a9      	beq.n	20006d30 <_ntoa_format+0x94>
20006ddc:	4662      	mov	r2, ip
20006dde:	f10c 0c01 	add.w	ip, ip, #1
20006de2:	e008      	b.n	20006df6 <_ntoa_format+0x15a>
20006de4:	f1bc 0201 	subs.w	r2, ip, #1
20006de8:	d0bb      	beq.n	20006d62 <_ntoa_format+0xc6>
20006dea:	f1ba 0f10 	cmp.w	sl, #16
20006dee:	d035      	beq.n	20006e5c <_ntoa_format+0x1c0>
20006df0:	f1ba 0f02 	cmp.w	sl, #2
20006df4:	d1cd      	bne.n	20006d92 <_ntoa_format+0xf6>
20006df6:	2062      	movs	r0, #98	@ 0x62
20006df8:	54a0      	strb	r0, [r4, r2]
20006dfa:	e796      	b.n	20006d2a <_ntoa_format+0x8e>
20006dfc:	06cd      	lsls	r5, r1, #27
20006dfe:	d5ca      	bpl.n	20006d96 <_ntoa_format+0xfa>
20006e00:	0548      	lsls	r0, r1, #21
20006e02:	d588      	bpl.n	20006d16 <_ntoa_format+0x7a>
20006e04:	e78b      	b.n	20006d1e <_ntoa_format+0x82>
20006e06:	070a      	lsls	r2, r1, #28
20006e08:	bf49      	itett	mi
20006e0a:	2220      	movmi	r2, #32
20006e0c:	4662      	movpl	r2, ip
20006e0e:	f804 200c 	strbmi.w	r2, [r4, ip]
20006e12:	f10c 0201 	addmi.w	r2, ip, #1
20006e16:	e78c      	b.n	20006d32 <_ntoa_format+0x96>
20006e18:	f011 0f0c 	tst.w	r1, #12
20006e1c:	d000      	beq.n	20006e20 <_ntoa_format+0x184>
20006e1e:	3b01      	subs	r3, #1
20006e20:	4594      	cmp	ip, r2
20006e22:	f4ff af53 	bcc.w	20006ccc <_ntoa_format+0x30>
20006e26:	e762      	b.n	20006cee <_ntoa_format+0x52>
20006e28:	068a      	lsls	r2, r1, #26
20006e2a:	d413      	bmi.n	20006e54 <_ntoa_format+0x1b8>
20006e2c:	2278      	movs	r2, #120	@ 0x78
20006e2e:	7022      	strb	r2, [r4, #0]
20006e30:	2230      	movs	r2, #48	@ 0x30
20006e32:	f04f 0c02 	mov.w	ip, #2
20006e36:	7062      	strb	r2, [r4, #1]
20006e38:	f1bb 0f00 	cmp.w	fp, #0
20006e3c:	d09e      	beq.n	20006d7c <_ntoa_format+0xe0>
20006e3e:	e7b0      	b.n	20006da2 <_ntoa_format+0x106>
20006e40:	f1bc 0f20 	cmp.w	ip, #32
20006e44:	f43f af74 	beq.w	20006d30 <_ntoa_format+0x94>
20006e48:	2278      	movs	r2, #120	@ 0x78
20006e4a:	f804 200c 	strb.w	r2, [r4, ip]
20006e4e:	f10c 0c01 	add.w	ip, ip, #1
20006e52:	e76a      	b.n	20006d2a <_ntoa_format+0x8e>
20006e54:	2258      	movs	r2, #88	@ 0x58
20006e56:	e7ea      	b.n	20006e2e <_ntoa_format+0x192>
20006e58:	2262      	movs	r2, #98	@ 0x62
20006e5a:	e7e8      	b.n	20006e2e <_ntoa_format+0x192>
20006e5c:	068d      	lsls	r5, r1, #26
20006e5e:	f1ac 0002 	sub.w	r0, ip, #2
20006e62:	d504      	bpl.n	20006e6e <_ntoa_format+0x1d2>
20006e64:	f04f 0e58 	mov.w	lr, #88	@ 0x58
20006e68:	f804 e000 	strb.w	lr, [r4, r0]
20006e6c:	e791      	b.n	20006d92 <_ntoa_format+0xf6>
20006e6e:	f04f 0e78 	mov.w	lr, #120	@ 0x78
20006e72:	f804 e000 	strb.w	lr, [r4, r0]
20006e76:	e78c      	b.n	20006d92 <_ntoa_format+0xf6>

20006e78 <_ntoa_long>:
20006e78:	e92d 4ff0 	stmdb	sp!, {r4, r5, r6, r7, r8, r9, sl, fp, lr}
20006e7c:	b091      	sub	sp, #68	@ 0x44
20006e7e:	f8dd e068 	ldr.w	lr, [sp, #104]	@ 0x68
20006e82:	4699      	mov	r9, r3
20006e84:	460f      	mov	r7, r1
20006e86:	4690      	mov	r8, r2
20006e88:	f89d 606c 	ldrb.w	r6, [sp, #108]	@ 0x6c
20006e8c:	9b1c      	ldr	r3, [sp, #112]	@ 0x70
20006e8e:	f8dd c07c 	ldr.w	ip, [sp, #124]	@ 0x7c
20006e92:	f1be 0f00 	cmp.w	lr, #0
20006e96:	d104      	bne.n	20006ea2 <_ntoa_long+0x2a>
20006e98:	f41c 6f80 	tst.w	ip, #1024	@ 0x400
20006e9c:	d132      	bne.n	20006f04 <_ntoa_long+0x8c>
20006e9e:	f02c 0c10 	bic.w	ip, ip, #16
20006ea2:	f01c 0f20 	tst.w	ip, #32
20006ea6:	bf14      	ite	ne
20006ea8:	2441      	movne	r4, #65	@ 0x41
20006eaa:	2461      	moveq	r4, #97	@ 0x61
20006eac:	2200      	movs	r2, #0
20006eae:	f1a4 050a 	sub.w	r5, r4, #10
20006eb2:	4683      	mov	fp, r0
20006eb4:	ac08      	add	r4, sp, #32
20006eb6:	e002      	b.n	20006ebe <_ntoa_long+0x46>
20006eb8:	2a20      	cmp	r2, #32
20006eba:	4686      	mov	lr, r0
20006ebc:	d00e      	beq.n	20006edc <_ntoa_long+0x64>
20006ebe:	fbbe f0f3 	udiv	r0, lr, r3
20006ec2:	fb03 e110 	mls	r1, r3, r0, lr
20006ec6:	2909      	cmp	r1, #9
20006ec8:	bf94      	ite	ls
20006eca:	3130      	addls	r1, #48	@ 0x30
20006ecc:	1949      	addhi	r1, r1, r5
20006ece:	459e      	cmp	lr, r3
20006ed0:	7021      	strb	r1, [r4, #0]
20006ed2:	f102 0201 	add.w	r2, r2, #1
20006ed6:	f104 0401 	add.w	r4, r4, #1
20006eda:	d2ed      	bcs.n	20006eb8 <_ntoa_long+0x40>
20006edc:	4658      	mov	r0, fp
20006ede:	ad08      	add	r5, sp, #32
20006ee0:	991e      	ldr	r1, [sp, #120]	@ 0x78
20006ee2:	e9cd 2601 	strd	r2, r6, [sp, #4]
20006ee6:	9105      	str	r1, [sp, #20]
20006ee8:	991d      	ldr	r1, [sp, #116]	@ 0x74
20006eea:	4642      	mov	r2, r8
20006eec:	e9cd 3103 	strd	r3, r1, [sp, #12]
20006ef0:	f8cd c018 	str.w	ip, [sp, #24]
20006ef4:	464b      	mov	r3, r9
20006ef6:	4639      	mov	r1, r7
20006ef8:	9500      	str	r5, [sp, #0]
20006efa:	f7ff fecf 	bl	20006c9c <_ntoa_format>
20006efe:	b011      	add	sp, #68	@ 0x44
20006f00:	e8bd 8ff0 	ldmia.w	sp!, {r4, r5, r6, r7, r8, r9, sl, fp, pc}
20006f04:	4672      	mov	r2, lr
20006f06:	f02c 0c10 	bic.w	ip, ip, #16
20006f0a:	ad08      	add	r5, sp, #32
20006f0c:	e7e8      	b.n	20006ee0 <_ntoa_long+0x68>
20006f0e:	bf00      	nop

20006f10 <_ntoa_long_long>:
20006f10:	e92d 4ff0 	stmdb	sp!, {r4, r5, r6, r7, r8, r9, sl, fp, lr}
20006f14:	b097      	sub	sp, #92	@ 0x5c
20006f16:	9e20      	ldr	r6, [sp, #128]	@ 0x80
20006f18:	9c21      	ldr	r4, [sp, #132]	@ 0x84
20006f1a:	9109      	str	r1, [sp, #36]	@ 0x24
20006f1c:	ea56 0104 	orrs.w	r1, r6, r4
20006f20:	f89d b088 	ldrb.w	fp, [sp, #136]	@ 0x88
20006f24:	f8dd e0a0 	ldr.w	lr, [sp, #160]	@ 0xa0
20006f28:	e9dd 8924 	ldrd	r8, r9, [sp, #144]	@ 0x90
20006f2c:	d104      	bne.n	20006f38 <_ntoa_long_long+0x28>
20006f2e:	f41e 6f80 	tst.w	lr, #1024	@ 0x400
20006f32:	f02e 0e10 	bic.w	lr, lr, #16
20006f36:	d142      	bne.n	20006fbe <_ntoa_long_long+0xae>
20006f38:	f01e 0f20 	tst.w	lr, #32
20006f3c:	bf14      	ite	ne
20006f3e:	f04f 0a41 	movne.w	sl, #65	@ 0x41
20006f42:	f04f 0a61 	moveq.w	sl, #97	@ 0x61
20006f46:	f10d 0c38 	add.w	ip, sp, #56	@ 0x38
20006f4a:	4667      	mov	r7, ip
20006f4c:	2500      	movs	r5, #0
20006f4e:	e9cd c00a 	strd	ip, r0, [sp, #40]	@ 0x28
20006f52:	e9cd 230c 	strd	r2, r3, [sp, #48]	@ 0x30
20006f56:	f1aa 0a0a 	sub.w	sl, sl, #10
20006f5a:	f8cd e0a0 	str.w	lr, [sp, #160]	@ 0xa0
20006f5e:	e003      	b.n	20006f68 <_ntoa_long_long+0x58>
20006f60:	2d20      	cmp	r5, #32
20006f62:	4606      	mov	r6, r0
20006f64:	460c      	mov	r4, r1
20006f66:	d013      	beq.n	20006f90 <_ntoa_long_long+0x80>
20006f68:	4621      	mov	r1, r4
20006f6a:	4642      	mov	r2, r8
20006f6c:	464b      	mov	r3, r9
20006f6e:	4630      	mov	r0, r6
20006f70:	f003 fe44 	bl	2000abfc <__aeabi_uldivmod>
20006f74:	b2d2      	uxtb	r2, r2
20006f76:	2a09      	cmp	r2, #9
20006f78:	bf94      	ite	ls
20006f7a:	3230      	addls	r2, #48	@ 0x30
20006f7c:	4452      	addhi	r2, sl
20006f7e:	4546      	cmp	r6, r8
20006f80:	eb74 0409 	sbcs.w	r4, r4, r9
20006f84:	703a      	strb	r2, [r7, #0]
20006f86:	f105 0501 	add.w	r5, r5, #1
20006f8a:	f107 0701 	add.w	r7, r7, #1
20006f8e:	d2e7      	bcs.n	20006f60 <_ntoa_long_long+0x50>
20006f90:	f8dd e0a0 	ldr.w	lr, [sp, #160]	@ 0xa0
20006f94:	e9dd c00a 	ldrd	ip, r0, [sp, #40]	@ 0x28
20006f98:	e9dd 230c 	ldrd	r2, r3, [sp, #48]	@ 0x30
20006f9c:	9927      	ldr	r1, [sp, #156]	@ 0x9c
20006f9e:	e9cd 5b01 	strd	r5, fp, [sp, #4]
20006fa2:	9105      	str	r1, [sp, #20]
20006fa4:	9926      	ldr	r1, [sp, #152]	@ 0x98
20006fa6:	f8cd e018 	str.w	lr, [sp, #24]
20006faa:	e9cd 8103 	strd	r8, r1, [sp, #12]
20006fae:	f8cd c000 	str.w	ip, [sp]
20006fb2:	9909      	ldr	r1, [sp, #36]	@ 0x24
20006fb4:	f7ff fe72 	bl	20006c9c <_ntoa_format>
20006fb8:	b017      	add	sp, #92	@ 0x5c
20006fba:	e8bd 8ff0 	ldmia.w	sp!, {r4, r5, r6, r7, r8, r9, sl, fp, pc}
20006fbe:	2500      	movs	r5, #0
20006fc0:	f10d 0c38 	add.w	ip, sp, #56	@ 0x38
20006fc4:	e7ea      	b.n	20006f9c <_ntoa_long_long+0x8c>
20006fc6:	bf00      	nop

20006fc8 <_etoa>:
20006fc8:	e92d 4ff0 	stmdb	sp!, {r4, r5, r6, r7, r8, r9, sl, fp, lr}
20006fcc:	b095      	sub	sp, #84	@ 0x54
20006fce:	461e      	mov	r6, r3
20006fd0:	e9dd ab1e 	ldrd	sl, fp, [sp, #120]	@ 0x78
20006fd4:	e9dd 8721 	ldrd	r8, r7, [sp, #132]	@ 0x84
20006fd8:	9b20      	ldr	r3, [sp, #128]	@ 0x80
20006fda:	460d      	mov	r5, r1
20006fdc:	900a      	str	r0, [sp, #40]	@ 0x28
20006fde:	920b      	str	r2, [sp, #44]	@ 0x2c
20006fe0:	9309      	str	r3, [sp, #36]	@ 0x24
20006fe2:	4652      	mov	r2, sl
20006fe4:	465b      	mov	r3, fp
20006fe6:	4650      	mov	r0, sl
20006fe8:	4659      	mov	r1, fp
20006fea:	f7fe fc63 	bl	200058b4 <__wrap___aeabi_dcmpun>
20006fee:	2800      	cmp	r0, #0
20006ff0:	f040 8094 	bne.w	2000711c <_etoa+0x154>
20006ff4:	4650      	mov	r0, sl
20006ff6:	4659      	mov	r1, fp
20006ff8:	f04f 32ff 	mov.w	r2, #4294967295	@ 0xffffffff
20006ffc:	4b62      	ldr	r3, [pc, #392]	@ (20007188 <_etoa+0x1c0>)
20006ffe:	f7fe fca7 	bl	20005950 <__wrap___aeabi_dcmpgt>
20007002:	2800      	cmp	r0, #0
20007004:	f040 808a 	bne.w	2000711c <_etoa+0x154>
20007008:	4650      	mov	r0, sl
2000700a:	4659      	mov	r1, fp
2000700c:	f04f 32ff 	mov.w	r2, #4294967295	@ 0xffffffff
20007010:	f46f 1380 	mvn.w	r3, #1048576	@ 0x100000
20007014:	f7fe fc60 	bl	200058d8 <__wrap___aeabi_dcmplt>
20007018:	2800      	cmp	r0, #0
2000701a:	d17f      	bne.n	2000711c <_etoa+0x154>
2000701c:	4650      	mov	r0, sl
2000701e:	4659      	mov	r1, fp
20007020:	2200      	movs	r2, #0
20007022:	2300      	movs	r3, #0
20007024:	f7fe fc58 	bl	200058d8 <__wrap___aeabi_dcmplt>
20007028:	2800      	cmp	r0, #0
2000702a:	f040 8194 	bne.w	20007356 <_etoa+0x38e>
2000702e:	e9cd ab06 	strd	sl, fp, [sp, #24]
20007032:	e9dd 1206 	ldrd	r1, r2, [sp, #24]
20007036:	f417 6080 	ands.w	r0, r7, #1024	@ 0x400
2000703a:	460b      	mov	r3, r1
2000703c:	460c      	mov	r4, r1
2000703e:	f407 6100 	and.w	r1, r7, #2048	@ 0x800
20007042:	920c      	str	r2, [sp, #48]	@ 0x30
20007044:	9112      	str	r1, [sp, #72]	@ 0x48
20007046:	9013      	str	r0, [sp, #76]	@ 0x4c
20007048:	d177      	bne.n	2000713a <_etoa+0x172>
2000704a:	4313      	orrs	r3, r2
2000704c:	f040 809e 	bne.w	2000718c <_etoa+0x1c4>
20007050:	2900      	cmp	r1, #0
20007052:	f040 8199 	bne.w	20007388 <_etoa+0x3c0>
20007056:	2306      	movs	r3, #6
20007058:	9309      	str	r3, [sp, #36]	@ 0x24
2000705a:	f017 0202 	ands.w	r2, r7, #2
2000705e:	920c      	str	r2, [sp, #48]	@ 0x30
20007060:	f040 8194 	bne.w	2000738c <_etoa+0x3c4>
20007064:	4643      	mov	r3, r8
20007066:	2b04      	cmp	r3, #4
20007068:	bf38      	it	cc
2000706a:	2304      	movcc	r3, #4
2000706c:	2104      	movs	r1, #4
2000706e:	4691      	mov	r9, r2
20007070:	3b04      	subs	r3, #4
20007072:	910e      	str	r1, [sp, #56]	@ 0x38
20007074:	9312      	str	r3, [sp, #72]	@ 0x48
20007076:	4650      	mov	r0, sl
20007078:	4659      	mov	r1, fp
2000707a:	2200      	movs	r2, #0
2000707c:	2300      	movs	r3, #0
2000707e:	f7fe fc2b 	bl	200058d8 <__wrap___aeabi_dcmplt>
20007082:	2800      	cmp	r0, #0
20007084:	f040 81fc 	bne.w	20007480 <_etoa+0x4b8>
20007088:	ed9d 7b06 	vldr	d7, [sp, #24]
2000708c:	9b12      	ldr	r3, [sp, #72]	@ 0x48
2000708e:	9a0b      	ldr	r2, [sp, #44]	@ 0x2c
20007090:	9303      	str	r3, [sp, #12]
20007092:	9b09      	ldr	r3, [sp, #36]	@ 0x24
20007094:	ed8d 7b00 	vstr	d7, [sp]
20007098:	9302      	str	r3, [sp, #8]
2000709a:	f427 6300 	bic.w	r3, r7, #2048	@ 0x800
2000709e:	9304      	str	r3, [sp, #16]
200070a0:	4629      	mov	r1, r5
200070a2:	4633      	mov	r3, r6
200070a4:	980a      	ldr	r0, [sp, #40]	@ 0x28
200070a6:	f000 fa3b 	bl	20007520 <_ftoa>
200070aa:	4602      	mov	r2, r0
200070ac:	f017 0f20 	tst.w	r7, #32
200070b0:	bf0c      	ite	eq
200070b2:	2065      	moveq	r0, #101	@ 0x65
200070b4:	2045      	movne	r0, #69	@ 0x45
200070b6:	4633      	mov	r3, r6
200070b8:	4629      	mov	r1, r5
200070ba:	9c0a      	ldr	r4, [sp, #40]	@ 0x28
200070bc:	1c57      	adds	r7, r2, #1
200070be:	47a0      	blx	r4
200070c0:	2305      	movs	r3, #5
200070c2:	9305      	str	r3, [sp, #20]
200070c4:	9b0e      	ldr	r3, [sp, #56]	@ 0x38
200070c6:	2000      	movs	r0, #0
200070c8:	3b01      	subs	r3, #1
200070ca:	9304      	str	r3, [sp, #16]
200070cc:	230a      	movs	r3, #10
200070ce:	e9cd 3002 	strd	r3, r0, [sp, #8]
200070d2:	ea89 73e9 	eor.w	r3, r9, r9, asr #31
200070d6:	eba3 73e9 	sub.w	r3, r3, r9, asr #31
200070da:	ea4f 71d9 	mov.w	r1, r9, lsr #31
200070de:	e9cd 3100 	strd	r3, r1, [sp]
200070e2:	463a      	mov	r2, r7
200070e4:	4633      	mov	r3, r6
200070e6:	4629      	mov	r1, r5
200070e8:	4620      	mov	r0, r4
200070ea:	f7ff fec5 	bl	20006e78 <_ntoa_long>
200070ee:	9b0c      	ldr	r3, [sp, #48]	@ 0x30
200070f0:	4607      	mov	r7, r0
200070f2:	b17b      	cbz	r3, 20007114 <_etoa+0x14c>
200070f4:	9b0b      	ldr	r3, [sp, #44]	@ 0x2c
200070f6:	eba0 0a03 	sub.w	sl, r0, r3
200070fa:	45d0      	cmp	r8, sl
200070fc:	d90a      	bls.n	20007114 <_etoa+0x14c>
200070fe:	463a      	mov	r2, r7
20007100:	4633      	mov	r3, r6
20007102:	4629      	mov	r1, r5
20007104:	2020      	movs	r0, #32
20007106:	f10a 0a01 	add.w	sl, sl, #1
2000710a:	47a0      	blx	r4
2000710c:	45d0      	cmp	r8, sl
2000710e:	f107 0701 	add.w	r7, r7, #1
20007112:	d8f4      	bhi.n	200070fe <_etoa+0x136>
20007114:	4638      	mov	r0, r7
20007116:	b015      	add	sp, #84	@ 0x54
20007118:	e8bd 8ff0 	ldmia.w	sp!, {r4, r5, r6, r7, r8, r9, sl, fp, pc}
2000711c:	4633      	mov	r3, r6
2000711e:	e9dd 4009 	ldrd	r4, r0, [sp, #36]	@ 0x24
20007122:	4629      	mov	r1, r5
20007124:	e9cd ab1e 	strd	sl, fp, [sp, #120]	@ 0x78
20007128:	e9cd 8721 	strd	r8, r7, [sp, #132]	@ 0x84
2000712c:	9a0b      	ldr	r2, [sp, #44]	@ 0x2c
2000712e:	9420      	str	r4, [sp, #128]	@ 0x80
20007130:	b015      	add	sp, #84	@ 0x54
20007132:	e8bd 4ff0 	ldmia.w	sp!, {r4, r5, r6, r7, r8, r9, sl, fp, lr}
20007136:	f000 b9f3 	b.w	20007520 <_ftoa>
2000713a:	9a0c      	ldr	r2, [sp, #48]	@ 0x30
2000713c:	ea54 0302 	orrs.w	r3, r4, r2
20007140:	d126      	bne.n	20007190 <_etoa+0x1c8>
20007142:	9b12      	ldr	r3, [sp, #72]	@ 0x48
20007144:	2b00      	cmp	r3, #0
20007146:	d088      	beq.n	2000705a <_etoa+0x92>
20007148:	f04f 0900 	mov.w	r9, #0
2000714c:	9b09      	ldr	r3, [sp, #36]	@ 0x24
2000714e:	454b      	cmp	r3, r9
20007150:	f300 81d2 	bgt.w	200074f8 <_etoa+0x530>
20007154:	2400      	movs	r4, #0
20007156:	4650      	mov	r0, sl
20007158:	4659      	mov	r1, fp
2000715a:	2200      	movs	r2, #0
2000715c:	2300      	movs	r3, #0
2000715e:	f7fe fbbb 	bl	200058d8 <__wrap___aeabi_dcmplt>
20007162:	2800      	cmp	r0, #0
20007164:	f040 80fd 	bne.w	20007362 <_etoa+0x39a>
20007168:	ed9d 7b06 	vldr	d7, [sp, #24]
2000716c:	f427 6300 	bic.w	r3, r7, #2048	@ 0x800
20007170:	f443 6380 	orr.w	r3, r3, #1024	@ 0x400
20007174:	9322      	str	r3, [sp, #136]	@ 0x88
20007176:	ed8d 7b1e 	vstr	d7, [sp, #120]	@ 0x78
2000717a:	4633      	mov	r3, r6
2000717c:	4629      	mov	r1, r5
2000717e:	e9cd 4820 	strd	r4, r8, [sp, #128]	@ 0x80
20007182:	9a0b      	ldr	r2, [sp, #44]	@ 0x2c
20007184:	980a      	ldr	r0, [sp, #40]	@ 0x28
20007186:	e7d3      	b.n	20007130 <_etoa+0x168>
20007188:	7fefffff 	.word	0x7fefffff
2000718c:	2306      	movs	r3, #6
2000718e:	9309      	str	r3, [sp, #36]	@ 0x24
20007190:	9b0c      	ldr	r3, [sp, #48]	@ 0x30
20007192:	f3c3 500a 	ubfx	r0, r3, #20, #11
20007196:	f2a0 30ff 	subw	r0, r0, #1023	@ 0x3ff
2000719a:	f7fe fb43 	bl	20005824 <__wrap___aeabi_i2d>
2000719e:	a3b4      	add	r3, pc, #720	@ (adr r3, 20007470 <_etoa+0x4a8>)
200071a0:	e9d3 2300 	ldrd	r2, r3, [r3]
200071a4:	f7fe fabc 	bl	20005720 <__wrap___aeabi_dmul>
200071a8:	a3b3      	add	r3, pc, #716	@ (adr r3, 20007478 <_etoa+0x4b0>)
200071aa:	e9d3 2300 	ldrd	r2, r3, [r3]
200071ae:	f7fe fa8f 	bl	200056d0 <__wrap___aeabi_dadd>
200071b2:	9b0c      	ldr	r3, [sp, #48]	@ 0x30
200071b4:	e9cd 010e 	strd	r0, r1, [sp, #56]	@ 0x38
200071b8:	f3c3 0313 	ubfx	r3, r3, #0, #20
200071bc:	f043 517f 	orr.w	r1, r3, #1069547520	@ 0x3fc00000
200071c0:	4620      	mov	r0, r4
200071c2:	2200      	movs	r2, #0
200071c4:	4ba4      	ldr	r3, [pc, #656]	@ (20007458 <_etoa+0x490>)
200071c6:	f441 1140 	orr.w	r1, r1, #3145728	@ 0x300000
200071ca:	f7fe fa95 	bl	200056f8 <__wrap___aeabi_dsub>
200071ce:	a396      	add	r3, pc, #600	@ (adr r3, 20007428 <_etoa+0x460>)
200071d0:	e9d3 2300 	ldrd	r2, r3, [r3]
200071d4:	f7fe faa4 	bl	20005720 <__wrap___aeabi_dmul>
200071d8:	4602      	mov	r2, r0
200071da:	460b      	mov	r3, r1
200071dc:	e9dd 010e 	ldrd	r0, r1, [sp, #56]	@ 0x38
200071e0:	f7fe fa76 	bl	200056d0 <__wrap___aeabi_dadd>
200071e4:	f7fe fb42 	bl	2000586c <__wrap___aeabi_d2iz>
200071e8:	4681      	mov	r9, r0
200071ea:	f7fe fb1b 	bl	20005824 <__wrap___aeabi_i2d>
200071ee:	a390      	add	r3, pc, #576	@ (adr r3, 20007430 <_etoa+0x468>)
200071f0:	e9d3 2300 	ldrd	r2, r3, [r3]
200071f4:	e9cd 010c 	strd	r0, r1, [sp, #48]	@ 0x30
200071f8:	f7fe fa92 	bl	20005720 <__wrap___aeabi_dmul>
200071fc:	2200      	movs	r2, #0
200071fe:	4b97      	ldr	r3, [pc, #604]	@ (2000745c <_etoa+0x494>)
20007200:	f7fe fa66 	bl	200056d0 <__wrap___aeabi_dadd>
20007204:	f7fe fb32 	bl	2000586c <__wrap___aeabi_d2iz>
20007208:	a38b      	add	r3, pc, #556	@ (adr r3, 20007438 <_etoa+0x470>)
2000720a:	e9d3 2300 	ldrd	r2, r3, [r3]
2000720e:	4604      	mov	r4, r0
20007210:	e9dd 010c 	ldrd	r0, r1, [sp, #48]	@ 0x30
20007214:	f7fe fa84 	bl	20005720 <__wrap___aeabi_dmul>
20007218:	e9cd 010c 	strd	r0, r1, [sp, #48]	@ 0x30
2000721c:	4620      	mov	r0, r4
2000721e:	f7fe fb01 	bl	20005824 <__wrap___aeabi_i2d>
20007222:	a387      	add	r3, pc, #540	@ (adr r3, 20007440 <_etoa+0x478>)
20007224:	e9d3 2300 	ldrd	r2, r3, [r3]
20007228:	f7fe fa7a 	bl	20005720 <__wrap___aeabi_dmul>
2000722c:	4602      	mov	r2, r0
2000722e:	460b      	mov	r3, r1
20007230:	e9dd 010c 	ldrd	r0, r1, [sp, #48]	@ 0x30
20007234:	f7fe fa60 	bl	200056f8 <__wrap___aeabi_dsub>
20007238:	4602      	mov	r2, r0
2000723a:	460b      	mov	r3, r1
2000723c:	e9cd 230c 	strd	r2, r3, [sp, #48]	@ 0x30
20007240:	f7fe fa6e 	bl	20005720 <__wrap___aeabi_dmul>
20007244:	e9cd 010e 	strd	r0, r1, [sp, #56]	@ 0x38
20007248:	e9dd 010c 	ldrd	r0, r1, [sp, #48]	@ 0x30
2000724c:	4602      	mov	r2, r0
2000724e:	460b      	mov	r3, r1
20007250:	f7fe fa3e 	bl	200056d0 <__wrap___aeabi_dadd>
20007254:	2200      	movs	r2, #0
20007256:	e9cd 0110 	strd	r0, r1, [sp, #64]	@ 0x40
2000725a:	e9dd 010e 	ldrd	r0, r1, [sp, #56]	@ 0x38
2000725e:	4b80      	ldr	r3, [pc, #512]	@ (20007460 <_etoa+0x498>)
20007260:	f7fe fa84 	bl	2000576c <__wrap___aeabi_ddiv>
20007264:	2200      	movs	r2, #0
20007266:	4b7f      	ldr	r3, [pc, #508]	@ (20007464 <_etoa+0x49c>)
20007268:	f7fe fa32 	bl	200056d0 <__wrap___aeabi_dadd>
2000726c:	4602      	mov	r2, r0
2000726e:	460b      	mov	r3, r1
20007270:	e9dd 010e 	ldrd	r0, r1, [sp, #56]	@ 0x38
20007274:	f7fe fa7a 	bl	2000576c <__wrap___aeabi_ddiv>
20007278:	2200      	movs	r2, #0
2000727a:	4b7b      	ldr	r3, [pc, #492]	@ (20007468 <_etoa+0x4a0>)
2000727c:	f7fe fa28 	bl	200056d0 <__wrap___aeabi_dadd>
20007280:	4602      	mov	r2, r0
20007282:	460b      	mov	r3, r1
20007284:	e9dd 010e 	ldrd	r0, r1, [sp, #56]	@ 0x38
20007288:	f7fe fa70 	bl	2000576c <__wrap___aeabi_ddiv>
2000728c:	e9cd 010e 	strd	r0, r1, [sp, #56]	@ 0x38
20007290:	e9dd 230c 	ldrd	r2, r3, [sp, #48]	@ 0x30
20007294:	2000      	movs	r0, #0
20007296:	f04f 4180 	mov.w	r1, #1073741824	@ 0x40000000
2000729a:	f7fe fa2d 	bl	200056f8 <__wrap___aeabi_dsub>
2000729e:	4602      	mov	r2, r0
200072a0:	460b      	mov	r3, r1
200072a2:	e9dd 010e 	ldrd	r0, r1, [sp, #56]	@ 0x38
200072a6:	f7fe fa13 	bl	200056d0 <__wrap___aeabi_dadd>
200072aa:	4602      	mov	r2, r0
200072ac:	460b      	mov	r3, r1
200072ae:	e9dd 0110 	ldrd	r0, r1, [sp, #64]	@ 0x40
200072b2:	f7fe fa5b 	bl	2000576c <__wrap___aeabi_ddiv>
200072b6:	2200      	movs	r2, #0
200072b8:	4b6c      	ldr	r3, [pc, #432]	@ (2000746c <_etoa+0x4a4>)
200072ba:	f7fe fa09 	bl	200056d0 <__wrap___aeabi_dadd>
200072be:	f204 3cff 	addw	ip, r4, #1023	@ 0x3ff
200072c2:	2200      	movs	r2, #0
200072c4:	ea4f 530c 	mov.w	r3, ip, lsl #20
200072c8:	f7fe fa2a 	bl	20005720 <__wrap___aeabi_dmul>
200072cc:	4602      	mov	r2, r0
200072ce:	460b      	mov	r3, r1
200072d0:	e9cd 230c 	strd	r2, r3, [sp, #48]	@ 0x30
200072d4:	e9dd 2306 	ldrd	r2, r3, [sp, #24]
200072d8:	f7fe fb3a 	bl	20005950 <__wrap___aeabi_dcmpgt>
200072dc:	b148      	cbz	r0, 200072f2 <_etoa+0x32a>
200072de:	e9dd 010c 	ldrd	r0, r1, [sp, #48]	@ 0x30
200072e2:	2200      	movs	r2, #0
200072e4:	4b5f      	ldr	r3, [pc, #380]	@ (20007464 <_etoa+0x49c>)
200072e6:	f7fe fa41 	bl	2000576c <__wrap___aeabi_ddiv>
200072ea:	e9cd 010c 	strd	r0, r1, [sp, #48]	@ 0x30
200072ee:	f109 39ff 	add.w	r9, r9, #4294967295	@ 0xffffffff
200072f2:	e9dd 340c 	ldrd	r3, r4, [sp, #48]	@ 0x30
200072f6:	e9cd 3410 	strd	r3, r4, [sp, #64]	@ 0x40
200072fa:	f109 0363 	add.w	r3, r9, #99	@ 0x63
200072fe:	2bc6      	cmp	r3, #198	@ 0xc6
20007300:	f007 0302 	and.w	r3, r7, #2
20007304:	9a12      	ldr	r2, [sp, #72]	@ 0x48
20007306:	930c      	str	r3, [sp, #48]	@ 0x30
20007308:	d810      	bhi.n	2000732c <_etoa+0x364>
2000730a:	2a00      	cmp	r2, #0
2000730c:	d175      	bne.n	200073fa <_etoa+0x432>
2000730e:	f1b8 0f04 	cmp.w	r8, #4
20007312:	f240 8083 	bls.w	2000741c <_etoa+0x454>
20007316:	2b00      	cmp	r3, #0
20007318:	f000 80e4 	beq.w	200074e4 <_etoa+0x51c>
2000731c:	2304      	movs	r3, #4
2000731e:	930e      	str	r3, [sp, #56]	@ 0x38
20007320:	2302      	movs	r3, #2
20007322:	930c      	str	r3, [sp, #48]	@ 0x30
20007324:	f1b9 0f00 	cmp.w	r9, #0
20007328:	d10c      	bne.n	20007344 <_etoa+0x37c>
2000732a:	e6a4      	b.n	20007076 <_etoa+0xae>
2000732c:	2a00      	cmp	r2, #0
2000732e:	d135      	bne.n	2000739c <_etoa+0x3d4>
20007330:	f1b8 0f05 	cmp.w	r8, #5
20007334:	d904      	bls.n	20007340 <_etoa+0x378>
20007336:	2b00      	cmp	r3, #0
20007338:	f000 80e2 	beq.w	20007500 <_etoa+0x538>
2000733c:	2302      	movs	r3, #2
2000733e:	930c      	str	r3, [sp, #48]	@ 0x30
20007340:	2305      	movs	r3, #5
20007342:	930e      	str	r3, [sp, #56]	@ 0x38
20007344:	e9dd 0106 	ldrd	r0, r1, [sp, #24]
20007348:	e9dd 2310 	ldrd	r2, r3, [sp, #64]	@ 0x40
2000734c:	f7fe fa0e 	bl	2000576c <__wrap___aeabi_ddiv>
20007350:	e9cd 0106 	strd	r0, r1, [sp, #24]
20007354:	e68f      	b.n	20007076 <_etoa+0xae>
20007356:	f10b 4300 	add.w	r3, fp, #2147483648	@ 0x80000000
2000735a:	f8cd a018 	str.w	sl, [sp, #24]
2000735e:	9307      	str	r3, [sp, #28]
20007360:	e667      	b.n	20007032 <_etoa+0x6a>
20007362:	f427 6300 	bic.w	r3, r7, #2048	@ 0x800
20007366:	f443 6380 	orr.w	r3, r3, #1024	@ 0x400
2000736a:	e9cd 4820 	strd	r4, r8, [sp, #128]	@ 0x80
2000736e:	9322      	str	r3, [sp, #136]	@ 0x88
20007370:	4633      	mov	r3, r6
20007372:	e9dd 6706 	ldrd	r6, r7, [sp, #24]
20007376:	4634      	mov	r4, r6
20007378:	4629      	mov	r1, r5
2000737a:	f107 4500 	add.w	r5, r7, #2147483648	@ 0x80000000
2000737e:	e9cd 451e 	strd	r4, r5, [sp, #120]	@ 0x78
20007382:	9a0b      	ldr	r2, [sp, #44]	@ 0x2c
20007384:	980a      	ldr	r0, [sp, #40]	@ 0x28
20007386:	e6d3      	b.n	20007130 <_etoa+0x168>
20007388:	2405      	movs	r4, #5
2000738a:	e6e4      	b.n	20007156 <_etoa+0x18e>
2000738c:	2204      	movs	r2, #4
2000738e:	2300      	movs	r3, #0
20007390:	920e      	str	r2, [sp, #56]	@ 0x38
20007392:	2202      	movs	r2, #2
20007394:	4699      	mov	r9, r3
20007396:	9312      	str	r3, [sp, #72]	@ 0x48
20007398:	920c      	str	r2, [sp, #48]	@ 0x30
2000739a:	e66c      	b.n	20007076 <_etoa+0xae>
2000739c:	2305      	movs	r3, #5
2000739e:	930e      	str	r3, [sp, #56]	@ 0x38
200073a0:	e9dd 1210 	ldrd	r1, r2, [sp, #64]	@ 0x40
200073a4:	ea51 0302 	orrs.w	r3, r1, r2
200073a8:	f43f aed0 	beq.w	2000714c <_etoa+0x184>
200073ac:	e9dd 0106 	ldrd	r0, r1, [sp, #24]
200073b0:	a325      	add	r3, pc, #148	@ (adr r3, 20007448 <_etoa+0x480>)
200073b2:	e9d3 2300 	ldrd	r2, r3, [r3]
200073b6:	f7fe fab7 	bl	20005928 <__wrap___aeabi_dcmpge>
200073ba:	b148      	cbz	r0, 200073d0 <_etoa+0x408>
200073bc:	e9dd 0106 	ldrd	r0, r1, [sp, #24]
200073c0:	a323      	add	r3, pc, #140	@ (adr r3, 20007450 <_etoa+0x488>)
200073c2:	e9d3 2300 	ldrd	r2, r3, [r3]
200073c6:	f7fe fa87 	bl	200058d8 <__wrap___aeabi_dcmplt>
200073ca:	2800      	cmp	r0, #0
200073cc:	f47f aebe 	bne.w	2000714c <_etoa+0x184>
200073d0:	9b09      	ldr	r3, [sp, #36]	@ 0x24
200073d2:	b1ab      	cbz	r3, 20007400 <_etoa+0x438>
200073d4:	9a13      	ldr	r2, [sp, #76]	@ 0x4c
200073d6:	2a00      	cmp	r2, #0
200073d8:	d067      	beq.n	200074aa <_etoa+0x4e2>
200073da:	3b01      	subs	r3, #1
200073dc:	9309      	str	r3, [sp, #36]	@ 0x24
200073de:	9b0e      	ldr	r3, [sp, #56]	@ 0x38
200073e0:	4598      	cmp	r8, r3
200073e2:	d904      	bls.n	200073ee <_etoa+0x426>
200073e4:	9a0c      	ldr	r2, [sp, #48]	@ 0x30
200073e6:	2a00      	cmp	r2, #0
200073e8:	d06d      	beq.n	200074c6 <_etoa+0x4fe>
200073ea:	2302      	movs	r3, #2
200073ec:	930c      	str	r3, [sp, #48]	@ 0x30
200073ee:	2300      	movs	r3, #0
200073f0:	9312      	str	r3, [sp, #72]	@ 0x48
200073f2:	f1b9 0f00 	cmp.w	r9, #0
200073f6:	d1a5      	bne.n	20007344 <_etoa+0x37c>
200073f8:	e63d      	b.n	20007076 <_etoa+0xae>
200073fa:	2304      	movs	r3, #4
200073fc:	930e      	str	r3, [sp, #56]	@ 0x38
200073fe:	e7cf      	b.n	200073a0 <_etoa+0x3d8>
20007400:	9b0e      	ldr	r3, [sp, #56]	@ 0x38
20007402:	4598      	cmp	r8, r3
20007404:	d967      	bls.n	200074d6 <_etoa+0x50e>
20007406:	9a0c      	ldr	r2, [sp, #48]	@ 0x30
20007408:	2a00      	cmp	r2, #0
2000740a:	d05c      	beq.n	200074c6 <_etoa+0x4fe>
2000740c:	9b09      	ldr	r3, [sp, #36]	@ 0x24
2000740e:	9312      	str	r3, [sp, #72]	@ 0x48
20007410:	2302      	movs	r3, #2
20007412:	930c      	str	r3, [sp, #48]	@ 0x30
20007414:	f1b9 0f00 	cmp.w	r9, #0
20007418:	d194      	bne.n	20007344 <_etoa+0x37c>
2000741a:	e62c      	b.n	20007076 <_etoa+0xae>
2000741c:	2304      	movs	r3, #4
2000741e:	930e      	str	r3, [sp, #56]	@ 0x38
20007420:	f1b9 0f00 	cmp.w	r9, #0
20007424:	d18e      	bne.n	20007344 <_etoa+0x37c>
20007426:	e626      	b.n	20007076 <_etoa+0xae>
20007428:	636f4361 	.word	0x636f4361
2000742c:	3fd287a7 	.word	0x3fd287a7
20007430:	0979a371 	.word	0x0979a371
20007434:	400a934f 	.word	0x400a934f
20007438:	bbb55516 	.word	0xbbb55516
2000743c:	40026bb1 	.word	0x40026bb1
20007440:	fefa39ef 	.word	0xfefa39ef
20007444:	3fe62e42 	.word	0x3fe62e42
20007448:	eb1c432d 	.word	0xeb1c432d
2000744c:	3f1a36e2 	.word	0x3f1a36e2
20007450:	00000000 	.word	0x00000000
20007454:	412e8480 	.word	0x412e8480
20007458:	3ff80000 	.word	0x3ff80000
2000745c:	3fe00000 	.word	0x3fe00000
20007460:	402c0000 	.word	0x402c0000
20007464:	40240000 	.word	0x40240000
20007468:	40180000 	.word	0x40180000
2000746c:	3ff00000 	.word	0x3ff00000
20007470:	509f79fb 	.word	0x509f79fb
20007474:	3fd34413 	.word	0x3fd34413
20007478:	8b60c8b3 	.word	0x8b60c8b3
2000747c:	3fc68a28 	.word	0x3fc68a28
20007480:	9b12      	ldr	r3, [sp, #72]	@ 0x48
20007482:	e9dd a406 	ldrd	sl, r4, [sp, #24]
20007486:	9303      	str	r3, [sp, #12]
20007488:	9b09      	ldr	r3, [sp, #36]	@ 0x24
2000748a:	f104 4b00 	add.w	fp, r4, #2147483648	@ 0x80000000
2000748e:	9302      	str	r3, [sp, #8]
20007490:	f427 6300 	bic.w	r3, r7, #2048	@ 0x800
20007494:	9a0b      	ldr	r2, [sp, #44]	@ 0x2c
20007496:	9304      	str	r3, [sp, #16]
20007498:	4629      	mov	r1, r5
2000749a:	4633      	mov	r3, r6
2000749c:	e9cd ab00 	strd	sl, fp, [sp]
200074a0:	980a      	ldr	r0, [sp, #40]	@ 0x28
200074a2:	f000 f83d 	bl	20007520 <_ftoa>
200074a6:	4602      	mov	r2, r0
200074a8:	e600      	b.n	200070ac <_etoa+0xe4>
200074aa:	9b0e      	ldr	r3, [sp, #56]	@ 0x38
200074ac:	4598      	cmp	r8, r3
200074ae:	d92d      	bls.n	2000750c <_etoa+0x544>
200074b0:	9a0c      	ldr	r2, [sp, #48]	@ 0x30
200074b2:	b142      	cbz	r2, 200074c6 <_etoa+0x4fe>
200074b4:	9b13      	ldr	r3, [sp, #76]	@ 0x4c
200074b6:	9312      	str	r3, [sp, #72]	@ 0x48
200074b8:	2302      	movs	r3, #2
200074ba:	930c      	str	r3, [sp, #48]	@ 0x30
200074bc:	f1b9 0f00 	cmp.w	r9, #0
200074c0:	f47f af40 	bne.w	20007344 <_etoa+0x37c>
200074c4:	e5d7      	b.n	20007076 <_etoa+0xae>
200074c6:	eba8 0303 	sub.w	r3, r8, r3
200074ca:	9312      	str	r3, [sp, #72]	@ 0x48
200074cc:	f1b9 0f00 	cmp.w	r9, #0
200074d0:	f47f af38 	bne.w	20007344 <_etoa+0x37c>
200074d4:	e5cf      	b.n	20007076 <_etoa+0xae>
200074d6:	9b09      	ldr	r3, [sp, #36]	@ 0x24
200074d8:	9312      	str	r3, [sp, #72]	@ 0x48
200074da:	f1b9 0f00 	cmp.w	r9, #0
200074de:	f47f af31 	bne.w	20007344 <_etoa+0x37c>
200074e2:	e5c8      	b.n	20007076 <_etoa+0xae>
200074e4:	2304      	movs	r3, #4
200074e6:	930e      	str	r3, [sp, #56]	@ 0x38
200074e8:	f1a8 0304 	sub.w	r3, r8, #4
200074ec:	9312      	str	r3, [sp, #72]	@ 0x48
200074ee:	f1b9 0f00 	cmp.w	r9, #0
200074f2:	f47f af27 	bne.w	20007344 <_etoa+0x37c>
200074f6:	e5be      	b.n	20007076 <_etoa+0xae>
200074f8:	eba3 0309 	sub.w	r3, r3, r9
200074fc:	1e5c      	subs	r4, r3, #1
200074fe:	e62a      	b.n	20007156 <_etoa+0x18e>
20007500:	2305      	movs	r3, #5
20007502:	930e      	str	r3, [sp, #56]	@ 0x38
20007504:	f1a8 0305 	sub.w	r3, r8, #5
20007508:	9312      	str	r3, [sp, #72]	@ 0x48
2000750a:	e71b      	b.n	20007344 <_etoa+0x37c>
2000750c:	9b13      	ldr	r3, [sp, #76]	@ 0x4c
2000750e:	9312      	str	r3, [sp, #72]	@ 0x48
20007510:	f1b9 0f00 	cmp.w	r9, #0
20007514:	f47f af16 	bne.w	20007344 <_etoa+0x37c>
20007518:	e5ad      	b.n	20007076 <_etoa+0xae>
2000751a:	bf00      	nop
2000751c:	0000      	movs	r0, r0
	...

20007520 <_ftoa>:
20007520:	e92d 4ff0 	stmdb	sp!, {r4, r5, r6, r7, r8, r9, sl, fp, lr}
20007524:	b097      	sub	sp, #92	@ 0x5c
20007526:	e9dd 8920 	ldrd	r8, r9, [sp, #128]	@ 0x80
2000752a:	e9cd 0105 	strd	r0, r1, [sp, #20]
2000752e:	e9dd 5b22 	ldrd	r5, fp, [sp, #136]	@ 0x88
20007532:	9207      	str	r2, [sp, #28]
20007534:	930c      	str	r3, [sp, #48]	@ 0x30
20007536:	4642      	mov	r2, r8
20007538:	464b      	mov	r3, r9
2000753a:	4640      	mov	r0, r8
2000753c:	4649      	mov	r1, r9
2000753e:	f8dd a090 	ldr.w	sl, [sp, #144]	@ 0x90
20007542:	f7fe f9b7 	bl	200058b4 <__wrap___aeabi_dcmpun>
20007546:	2800      	cmp	r0, #0
20007548:	f040 81a7 	bne.w	2000789a <_ftoa+0x37a>
2000754c:	4640      	mov	r0, r8
2000754e:	4649      	mov	r1, r9
20007550:	f04f 32ff 	mov.w	r2, #4294967295	@ 0xffffffff
20007554:	f46f 1380 	mvn.w	r3, #1048576	@ 0x100000
20007558:	f7fe f9be 	bl	200058d8 <__wrap___aeabi_dcmplt>
2000755c:	2800      	cmp	r0, #0
2000755e:	f040 80c0 	bne.w	200076e2 <_ftoa+0x1c2>
20007562:	4640      	mov	r0, r8
20007564:	4649      	mov	r1, r9
20007566:	f04f 32ff 	mov.w	r2, #4294967295	@ 0xffffffff
2000756a:	4bb1      	ldr	r3, [pc, #708]	@ (20007830 <_ftoa+0x310>)
2000756c:	f7fe f9f0 	bl	20005950 <__wrap___aeabi_dcmpgt>
20007570:	2800      	cmp	r0, #0
20007572:	f040 8096 	bne.w	200076a2 <_ftoa+0x182>
20007576:	a3aa      	add	r3, pc, #680	@ (adr r3, 20007820 <_ftoa+0x300>)
20007578:	e9d3 2300 	ldrd	r2, r3, [r3]
2000757c:	4640      	mov	r0, r8
2000757e:	4649      	mov	r1, r9
20007580:	f7fe f9e6 	bl	20005950 <__wrap___aeabi_dcmpgt>
20007584:	2800      	cmp	r0, #0
20007586:	d17e      	bne.n	20007686 <_ftoa+0x166>
20007588:	a3a7      	add	r3, pc, #668	@ (adr r3, 20007828 <_ftoa+0x308>)
2000758a:	e9d3 2300 	ldrd	r2, r3, [r3]
2000758e:	4640      	mov	r0, r8
20007590:	4649      	mov	r1, r9
20007592:	f7fe f9a1 	bl	200058d8 <__wrap___aeabi_dcmplt>
20007596:	2800      	cmp	r0, #0
20007598:	d175      	bne.n	20007686 <_ftoa+0x166>
2000759a:	4640      	mov	r0, r8
2000759c:	4649      	mov	r1, r9
2000759e:	2200      	movs	r2, #0
200075a0:	2300      	movs	r3, #0
200075a2:	f7fe f999 	bl	200058d8 <__wrap___aeabi_dcmplt>
200075a6:	2800      	cmp	r0, #0
200075a8:	f040 8090 	bne.w	200076cc <_ftoa+0x1ac>
200075ac:	900d      	str	r0, [sp, #52]	@ 0x34
200075ae:	f41a 6f80 	tst.w	sl, #1024	@ 0x400
200075b2:	bf08      	it	eq
200075b4:	2506      	moveq	r5, #6
200075b6:	2130      	movs	r1, #48	@ 0x30
200075b8:	462b      	mov	r3, r5
200075ba:	aa0e      	add	r2, sp, #56	@ 0x38
200075bc:	f1a5 0620 	sub.w	r6, r5, #32
200075c0:	e005      	b.n	200075ce <_ftoa+0xae>
200075c2:	3b01      	subs	r3, #1
200075c4:	42b3      	cmp	r3, r6
200075c6:	f802 1b01 	strb.w	r1, [r2], #1
200075ca:	f000 8126 	beq.w	2000781a <_ftoa+0x2fa>
200075ce:	2b09      	cmp	r3, #9
200075d0:	d8f7      	bhi.n	200075c2 <_ftoa+0xa2>
200075d2:	461e      	mov	r6, r3
200075d4:	1aed      	subs	r5, r5, r3
200075d6:	4649      	mov	r1, r9
200075d8:	4640      	mov	r0, r8
200075da:	f7fe f947 	bl	2000586c <__wrap___aeabi_d2iz>
200075de:	4b95      	ldr	r3, [pc, #596]	@ (20007834 <_ftoa+0x314>)
200075e0:	4604      	mov	r4, r0
200075e2:	eb03 03c6 	add.w	r3, r3, r6, lsl #3
200075e6:	ed93 7b00 	vldr	d7, [r3]
200075ea:	ed8d 7b08 	vstr	d7, [sp, #32]
200075ee:	f7fe f919 	bl	20005824 <__wrap___aeabi_i2d>
200075f2:	4602      	mov	r2, r0
200075f4:	460b      	mov	r3, r1
200075f6:	4640      	mov	r0, r8
200075f8:	4649      	mov	r1, r9
200075fa:	f7fe f87d 	bl	200056f8 <__wrap___aeabi_dsub>
200075fe:	e9dd 2308 	ldrd	r2, r3, [sp, #32]
20007602:	f7fe f88d 	bl	20005720 <__wrap___aeabi_dmul>
20007606:	e9cd 010a 	strd	r0, r1, [sp, #40]	@ 0x28
2000760a:	f7fe f941 	bl	20005890 <__wrap___aeabi_d2uiz>
2000760e:	4607      	mov	r7, r0
20007610:	f7fe f91a 	bl	20005848 <__wrap___aeabi_ui2d>
20007614:	4602      	mov	r2, r0
20007616:	460b      	mov	r3, r1
20007618:	e9dd 010a 	ldrd	r0, r1, [sp, #40]	@ 0x28
2000761c:	f7fe f86c 	bl	200056f8 <__wrap___aeabi_dsub>
20007620:	2200      	movs	r2, #0
20007622:	4b85      	ldr	r3, [pc, #532]	@ (20007838 <_ftoa+0x318>)
20007624:	e9cd 010a 	strd	r0, r1, [sp, #40]	@ 0x28
20007628:	f7fe f992 	bl	20005950 <__wrap___aeabi_dcmpgt>
2000762c:	2800      	cmp	r0, #0
2000762e:	d069      	beq.n	20007704 <_ftoa+0x1e4>
20007630:	3701      	adds	r7, #1
20007632:	4638      	mov	r0, r7
20007634:	f7fe f908 	bl	20005848 <__wrap___aeabi_ui2d>
20007638:	4602      	mov	r2, r0
2000763a:	460b      	mov	r3, r1
2000763c:	e9dd 0108 	ldrd	r0, r1, [sp, #32]
20007640:	f7fe f95e 	bl	20005900 <__wrap___aeabi_dcmple>
20007644:	b108      	cbz	r0, 2000764a <_ftoa+0x12a>
20007646:	2700      	movs	r7, #0
20007648:	3401      	adds	r4, #1
2000764a:	2e00      	cmp	r6, #0
2000764c:	d068      	beq.n	20007720 <_ftoa+0x200>
2000764e:	f10d 0337 	add.w	r3, sp, #55	@ 0x37
20007652:	f8df c1f8 	ldr.w	ip, [pc, #504]	@ 2000784c <_ftoa+0x32c>
20007656:	1958      	adds	r0, r3, r5
20007658:	e00d      	b.n	20007676 <_ftoa+0x156>
2000765a:	fbac 2107 	umull	r2, r1, ip, r7
2000765e:	08c9      	lsrs	r1, r1, #3
20007660:	eb01 0281 	add.w	r2, r1, r1, lsl #2
20007664:	eba7 0242 	sub.w	r2, r7, r2, lsl #1
20007668:	3230      	adds	r2, #48	@ 0x30
2000766a:	2f09      	cmp	r7, #9
2000766c:	f800 2f01 	strb.w	r2, [r0, #1]!
20007670:	f240 80be 	bls.w	200077f0 <_ftoa+0x2d0>
20007674:	460f      	mov	r7, r1
20007676:	2d20      	cmp	r5, #32
20007678:	f106 36ff 	add.w	r6, r6, #4294967295	@ 0xffffffff
2000767c:	f105 0501 	add.w	r5, r5, #1
20007680:	d1eb      	bne.n	2000765a <_ftoa+0x13a>
20007682:	2520      	movs	r5, #32
20007684:	e067      	b.n	20007756 <_ftoa+0x236>
20007686:	9b0c      	ldr	r3, [sp, #48]	@ 0x30
20007688:	9805      	ldr	r0, [sp, #20]
2000768a:	e9cd 8920 	strd	r8, r9, [sp, #128]	@ 0x80
2000768e:	e9dd 1206 	ldrd	r1, r2, [sp, #24]
20007692:	e9cd ba23 	strd	fp, sl, [sp, #140]	@ 0x8c
20007696:	9522      	str	r5, [sp, #136]	@ 0x88
20007698:	b017      	add	sp, #92	@ 0x5c
2000769a:	e8bd 4ff0 	ldmia.w	sp!, {r4, r5, r6, r7, r8, r9, sl, fp, lr}
2000769e:	f7ff bc93 	b.w	20006fc8 <_etoa>
200076a2:	f01a 0f04 	tst.w	sl, #4
200076a6:	bf18      	it	ne
200076a8:	2304      	movne	r3, #4
200076aa:	e9dd 1206 	ldrd	r1, r2, [sp, #24]
200076ae:	bf0a      	itet	eq
200076b0:	2303      	moveq	r3, #3
200076b2:	4c62      	ldrne	r4, [pc, #392]	@ (2000783c <_ftoa+0x31c>)
200076b4:	4c62      	ldreq	r4, [pc, #392]	@ (20007840 <_ftoa+0x320>)
200076b6:	9321      	str	r3, [sp, #132]	@ 0x84
200076b8:	9805      	ldr	r0, [sp, #20]
200076ba:	9b0c      	ldr	r3, [sp, #48]	@ 0x30
200076bc:	e9cd ba22 	strd	fp, sl, [sp, #136]	@ 0x88
200076c0:	9420      	str	r4, [sp, #128]	@ 0x80
200076c2:	b017      	add	sp, #92	@ 0x5c
200076c4:	e8bd 4ff0 	ldmia.w	sp!, {r4, r5, r6, r7, r8, r9, sl, fp, lr}
200076c8:	f7ff ba94 	b.w	20006bf4 <_out_rev>
200076cc:	464b      	mov	r3, r9
200076ce:	4642      	mov	r2, r8
200076d0:	2000      	movs	r0, #0
200076d2:	2100      	movs	r1, #0
200076d4:	f7fe f810 	bl	200056f8 <__wrap___aeabi_dsub>
200076d8:	2301      	movs	r3, #1
200076da:	4680      	mov	r8, r0
200076dc:	4689      	mov	r9, r1
200076de:	930d      	str	r3, [sp, #52]	@ 0x34
200076e0:	e765      	b.n	200075ae <_ftoa+0x8e>
200076e2:	2404      	movs	r4, #4
200076e4:	e9dd 1206 	ldrd	r1, r2, [sp, #24]
200076e8:	9b0c      	ldr	r3, [sp, #48]	@ 0x30
200076ea:	9805      	ldr	r0, [sp, #20]
200076ec:	4d55      	ldr	r5, [pc, #340]	@ (20007844 <_ftoa+0x324>)
200076ee:	f8cd a08c 	str.w	sl, [sp, #140]	@ 0x8c
200076f2:	f8cd b088 	str.w	fp, [sp, #136]	@ 0x88
200076f6:	e9cd 5420 	strd	r5, r4, [sp, #128]	@ 0x80
200076fa:	b017      	add	sp, #92	@ 0x5c
200076fc:	e8bd 4ff0 	ldmia.w	sp!, {r4, r5, r6, r7, r8, r9, sl, fp, lr}
20007700:	f7ff ba78 	b.w	20006bf4 <_out_rev>
20007704:	2200      	movs	r2, #0
20007706:	e9dd 010a 	ldrd	r0, r1, [sp, #40]	@ 0x28
2000770a:	4b4b      	ldr	r3, [pc, #300]	@ (20007838 <_ftoa+0x318>)
2000770c:	f7fe f8e4 	bl	200058d8 <__wrap___aeabi_dcmplt>
20007710:	2800      	cmp	r0, #0
20007712:	d19a      	bne.n	2000764a <_ftoa+0x12a>
20007714:	2f00      	cmp	r7, #0
20007716:	f040 80bc 	bne.w	20007892 <_ftoa+0x372>
2000771a:	3701      	adds	r7, #1
2000771c:	2e00      	cmp	r6, #0
2000771e:	d196      	bne.n	2000764e <_ftoa+0x12e>
20007720:	4620      	mov	r0, r4
20007722:	f7fe f87f 	bl	20005824 <__wrap___aeabi_i2d>
20007726:	4602      	mov	r2, r0
20007728:	460b      	mov	r3, r1
2000772a:	4640      	mov	r0, r8
2000772c:	4649      	mov	r1, r9
2000772e:	f7fd ffe3 	bl	200056f8 <__wrap___aeabi_dsub>
20007732:	2200      	movs	r2, #0
20007734:	4b40      	ldr	r3, [pc, #256]	@ (20007838 <_ftoa+0x318>)
20007736:	4606      	mov	r6, r0
20007738:	460f      	mov	r7, r1
2000773a:	f7fe f8cd 	bl	200058d8 <__wrap___aeabi_dcmplt>
2000773e:	b940      	cbnz	r0, 20007752 <_ftoa+0x232>
20007740:	4630      	mov	r0, r6
20007742:	4639      	mov	r1, r7
20007744:	2200      	movs	r2, #0
20007746:	4b3c      	ldr	r3, [pc, #240]	@ (20007838 <_ftoa+0x318>)
20007748:	f7fe f902 	bl	20005950 <__wrap___aeabi_dcmpgt>
2000774c:	2800      	cmp	r0, #0
2000774e:	f000 809c 	beq.w	2000788a <_ftoa+0x36a>
20007752:	f10d 0337 	add.w	r3, sp, #55	@ 0x37
20007756:	483c      	ldr	r0, [pc, #240]	@ (20007848 <_ftoa+0x328>)
20007758:	1959      	adds	r1, r3, r5
2000775a:	e00e      	b.n	2000777a <_ftoa+0x25a>
2000775c:	fb80 7604 	smull	r7, r6, r0, r4
20007760:	ebc2 02a6 	rsb	r2, r2, r6, asr #2
20007764:	eb02 0682 	add.w	r6, r2, r2, lsl #2
20007768:	eba4 0446 	sub.w	r4, r4, r6, lsl #1
2000776c:	f104 0630 	add.w	r6, r4, #48	@ 0x30
20007770:	3501      	adds	r5, #1
20007772:	4614      	mov	r4, r2
20007774:	f801 6f01 	strb.w	r6, [r1, #1]!
20007778:	b352      	cbz	r2, 200077d0 <_ftoa+0x2b0>
2000777a:	2d20      	cmp	r5, #32
2000777c:	ea4f 72e4 	mov.w	r2, r4, asr #31
20007780:	d1ec      	bne.n	2000775c <_ftoa+0x23c>
20007782:	f00a 0203 	and.w	r2, sl, #3
20007786:	2a01      	cmp	r2, #1
20007788:	d114      	bne.n	200077b4 <_ftoa+0x294>
2000778a:	f1bb 0f00 	cmp.w	fp, #0
2000778e:	d011      	beq.n	200077b4 <_ftoa+0x294>
20007790:	9a0d      	ldr	r2, [sp, #52]	@ 0x34
20007792:	2a00      	cmp	r2, #0
20007794:	d05c      	beq.n	20007850 <_ftoa+0x330>
20007796:	f10b 3bff 	add.w	fp, fp, #4294967295	@ 0xffffffff
2000779a:	f1bb 0f20 	cmp.w	fp, #32
2000779e:	d909      	bls.n	200077b4 <_ftoa+0x294>
200077a0:	2230      	movs	r2, #48	@ 0x30
200077a2:	442b      	add	r3, r5
200077a4:	e004      	b.n	200077b0 <_ftoa+0x290>
200077a6:	3501      	adds	r5, #1
200077a8:	455d      	cmp	r5, fp
200077aa:	f803 2f01 	strb.w	r2, [r3, #1]!
200077ae:	d213      	bcs.n	200077d8 <_ftoa+0x2b8>
200077b0:	2d20      	cmp	r5, #32
200077b2:	d1f8      	bne.n	200077a6 <_ftoa+0x286>
200077b4:	ac0e      	add	r4, sp, #56	@ 0x38
200077b6:	e9cd ba02 	strd	fp, sl, [sp, #8]
200077ba:	e9dd 1206 	ldrd	r1, r2, [sp, #24]
200077be:	9b0c      	ldr	r3, [sp, #48]	@ 0x30
200077c0:	9805      	ldr	r0, [sp, #20]
200077c2:	9501      	str	r5, [sp, #4]
200077c4:	9400      	str	r4, [sp, #0]
200077c6:	f7ff fa15 	bl	20006bf4 <_out_rev>
200077ca:	b017      	add	sp, #92	@ 0x5c
200077cc:	e8bd 8ff0 	ldmia.w	sp!, {r4, r5, r6, r7, r8, r9, sl, fp, pc}
200077d0:	f00a 0203 	and.w	r2, sl, #3
200077d4:	2a01      	cmp	r2, #1
200077d6:	d06f      	beq.n	200078b8 <_ftoa+0x398>
200077d8:	2d20      	cmp	r5, #32
200077da:	d0eb      	beq.n	200077b4 <_ftoa+0x294>
200077dc:	9b0d      	ldr	r3, [sp, #52]	@ 0x34
200077de:	2b00      	cmp	r3, #0
200077e0:	d03f      	beq.n	20007862 <_ftoa+0x342>
200077e2:	222d      	movs	r2, #45	@ 0x2d
200077e4:	eb0d 0305 	add.w	r3, sp, r5
200077e8:	f883 2038 	strb.w	r2, [r3, #56]	@ 0x38
200077ec:	3501      	adds	r5, #1
200077ee:	e7e1      	b.n	200077b4 <_ftoa+0x294>
200077f0:	2d20      	cmp	r5, #32
200077f2:	f43f af46 	beq.w	20007682 <_ftoa+0x162>
200077f6:	2130      	movs	r1, #48	@ 0x30
200077f8:	442e      	add	r6, r5
200077fa:	195a      	adds	r2, r3, r5
200077fc:	e005      	b.n	2000780a <_ftoa+0x2ea>
200077fe:	3501      	adds	r5, #1
20007800:	2d20      	cmp	r5, #32
20007802:	f802 1f01 	strb.w	r1, [r2, #1]!
20007806:	f43f af3c 	beq.w	20007682 <_ftoa+0x162>
2000780a:	42b5      	cmp	r5, r6
2000780c:	d1f7      	bne.n	200077fe <_ftoa+0x2de>
2000780e:	222e      	movs	r2, #46	@ 0x2e
20007810:	446e      	add	r6, sp
20007812:	3501      	adds	r5, #1
20007814:	f886 2038 	strb.w	r2, [r6, #56]	@ 0x38
20007818:	e79d      	b.n	20007756 <_ftoa+0x236>
2000781a:	2520      	movs	r5, #32
2000781c:	e6db      	b.n	200075d6 <_ftoa+0xb6>
2000781e:	bf00      	nop
20007820:	00000000 	.word	0x00000000
20007824:	41cdcd65 	.word	0x41cdcd65
20007828:	00000000 	.word	0x00000000
2000782c:	c1cdcd65 	.word	0xc1cdcd65
20007830:	7fefffff 	.word	0x7fefffff
20007834:	2000e228 	.word	0x2000e228
20007838:	3fe00000 	.word	0x3fe00000
2000783c:	2000d9e4 	.word	0x2000d9e4
20007840:	2000d9ec 	.word	0x2000d9ec
20007844:	2000d9f4 	.word	0x2000d9f4
20007848:	66666667 	.word	0x66666667
2000784c:	cccccccd 	.word	0xcccccccd
20007850:	f01a 0f0c 	tst.w	sl, #12
20007854:	d02c      	beq.n	200078b0 <_ftoa+0x390>
20007856:	f10b 3bff 	add.w	fp, fp, #4294967295	@ 0xffffffff
2000785a:	455d      	cmp	r5, fp
2000785c:	d3a0      	bcc.n	200077a0 <_ftoa+0x280>
2000785e:	2d20      	cmp	r5, #32
20007860:	d0a8      	beq.n	200077b4 <_ftoa+0x294>
20007862:	f01a 0f04 	tst.w	sl, #4
20007866:	d006      	beq.n	20007876 <_ftoa+0x356>
20007868:	222b      	movs	r2, #43	@ 0x2b
2000786a:	eb0d 0305 	add.w	r3, sp, r5
2000786e:	f883 2038 	strb.w	r2, [r3, #56]	@ 0x38
20007872:	3501      	adds	r5, #1
20007874:	e79e      	b.n	200077b4 <_ftoa+0x294>
20007876:	f01a 0f08 	tst.w	sl, #8
2000787a:	d09b      	beq.n	200077b4 <_ftoa+0x294>
2000787c:	2220      	movs	r2, #32
2000787e:	eb0d 0305 	add.w	r3, sp, r5
20007882:	f883 2038 	strb.w	r2, [r3, #56]	@ 0x38
20007886:	3501      	adds	r5, #1
20007888:	e794      	b.n	200077b4 <_ftoa+0x294>
2000788a:	3401      	adds	r4, #1
2000788c:	f024 0401 	bic.w	r4, r4, #1
20007890:	e75f      	b.n	20007752 <_ftoa+0x232>
20007892:	07fb      	lsls	r3, r7, #31
20007894:	f57f aed9 	bpl.w	2000764a <_ftoa+0x12a>
20007898:	e73f      	b.n	2000771a <_ftoa+0x1fa>
2000789a:	2403      	movs	r4, #3
2000789c:	e9dd 1206 	ldrd	r1, r2, [sp, #24]
200078a0:	9b0c      	ldr	r3, [sp, #48]	@ 0x30
200078a2:	9805      	ldr	r0, [sp, #20]
200078a4:	4d0b      	ldr	r5, [pc, #44]	@ (200078d4 <_ftoa+0x3b4>)
200078a6:	f8cd a08c 	str.w	sl, [sp, #140]	@ 0x8c
200078aa:	f8cd b088 	str.w	fp, [sp, #136]	@ 0x88
200078ae:	e722      	b.n	200076f6 <_ftoa+0x1d6>
200078b0:	455d      	cmp	r5, fp
200078b2:	f4ff af75 	bcc.w	200077a0 <_ftoa+0x280>
200078b6:	e77d      	b.n	200077b4 <_ftoa+0x294>
200078b8:	f1bb 0f00 	cmp.w	fp, #0
200078bc:	d08c      	beq.n	200077d8 <_ftoa+0x2b8>
200078be:	9a0d      	ldr	r2, [sp, #52]	@ 0x34
200078c0:	2a00      	cmp	r2, #0
200078c2:	d0c5      	beq.n	20007850 <_ftoa+0x330>
200078c4:	f10b 3bff 	add.w	fp, fp, #4294967295	@ 0xffffffff
200078c8:	455d      	cmp	r5, fp
200078ca:	f4ff af69 	bcc.w	200077a0 <_ftoa+0x280>
200078ce:	2d20      	cmp	r5, #32
200078d0:	d187      	bne.n	200077e2 <_ftoa+0x2c2>
200078d2:	e76f      	b.n	200077b4 <_ftoa+0x294>
200078d4:	2000d9f0 	.word	0x2000d9f0

200078d8 <_out_char>:
200078d8:	b900      	cbnz	r0, 200078dc <_out_char+0x4>
200078da:	4770      	bx	lr
200078dc:	f000 bce8 	b.w	200082b0 <__wrap_putchar>

200078e0 <_out_fct>:
200078e0:	b110      	cbz	r0, 200078e8 <_out_fct+0x8>
200078e2:	e9d1 3100 	ldrd	r3, r1, [r1]
200078e6:	4718      	bx	r3
200078e8:	4770      	bx	lr
200078ea:	bf00      	nop
200078ec:	0000      	movs	r0, r0
	...

200078f0 <_vsnprintf>:
200078f0:	e92d 4ff0 	stmdb	sp!, {r4, r5, r6, r7, r8, r9, sl, fp, lr}
200078f4:	4691      	mov	r9, r2
200078f6:	4cbd      	ldr	r4, [pc, #756]	@ (20007bec <_vsnprintf+0x2fc>)
200078f8:	4abd      	ldr	r2, [pc, #756]	@ (20007bf0 <_vsnprintf+0x300>)
200078fa:	f1b1 0b00 	subs.w	fp, r1, #0
200078fe:	b08f      	sub	sp, #60	@ 0x3c
20007900:	bf18      	it	ne
20007902:	4680      	movne	r8, r0
20007904:	6014      	str	r4, [r2, #0]
20007906:	7818      	ldrb	r0, [r3, #0]
20007908:	4aba      	ldr	r2, [pc, #744]	@ (20007bf4 <_vsnprintf+0x304>)
2000790a:	f8dd a060 	ldr.w	sl, [sp, #96]	@ 0x60
2000790e:	bf08      	it	eq
20007910:	4690      	moveq	r8, r2
20007912:	2800      	cmp	r0, #0
20007914:	f000 8271 	beq.w	20007dfa <_vsnprintf+0x50a>
20007918:	461c      	mov	r4, r3
2000791a:	2500      	movs	r5, #0
2000791c:	e008      	b.n	20007930 <_vsnprintf+0x40>
2000791e:	462a      	mov	r2, r5
20007920:	464b      	mov	r3, r9
20007922:	4659      	mov	r1, fp
20007924:	47c0      	blx	r8
20007926:	3501      	adds	r5, #1
20007928:	7820      	ldrb	r0, [r4, #0]
2000792a:	2800      	cmp	r0, #0
2000792c:	f000 810a 	beq.w	20007b44 <_vsnprintf+0x254>
20007930:	2825      	cmp	r0, #37	@ 0x25
20007932:	f104 0401 	add.w	r4, r4, #1
20007936:	d1f2      	bne.n	2000791e <_vsnprintf+0x2e>
20007938:	2300      	movs	r3, #0
2000793a:	4622      	mov	r2, r4
2000793c:	f812 0b01 	ldrb.w	r0, [r2], #1
20007940:	f1a0 0120 	sub.w	r1, r0, #32
20007944:	2910      	cmp	r1, #16
20007946:	d80a      	bhi.n	2000795e <_vsnprintf+0x6e>
20007948:	e8df f001 	tbb	[pc, r1]
2000794c:	3b09093f 	.word	0x3b09093f
20007950:	09090909 	.word	0x09090909
20007954:	37090909 	.word	0x37090909
20007958:	09093309 	.word	0x09093309
2000795c:	2f          	.byte	0x2f
2000795d:	00          	.byte	0x00
2000795e:	f1a0 0130 	sub.w	r1, r0, #48	@ 0x30
20007962:	2909      	cmp	r1, #9
20007964:	f240 80cc 	bls.w	20007b00 <_vsnprintf+0x210>
20007968:	282a      	cmp	r0, #42	@ 0x2a
2000796a:	f000 8123 	beq.w	20007bb4 <_vsnprintf+0x2c4>
2000796e:	2600      	movs	r6, #0
20007970:	282e      	cmp	r0, #46	@ 0x2e
20007972:	f000 80d7 	beq.w	20007b24 <_vsnprintf+0x234>
20007976:	2100      	movs	r1, #0
20007978:	f1a0 0768 	sub.w	r7, r0, #104	@ 0x68
2000797c:	2f12      	cmp	r7, #18
2000797e:	d82c      	bhi.n	200079da <_vsnprintf+0xea>
20007980:	e8df f017 	tbh	[pc, r7, lsl #1]
20007984:	002b0176 	.word	0x002b0176
20007988:	002b0171 	.word	0x002b0171
2000798c:	002b0168 	.word	0x002b0168
20007990:	002b002b 	.word	0x002b002b
20007994:	002b002b 	.word	0x002b002b
20007998:	002b002b 	.word	0x002b002b
2000799c:	002b0027 	.word	0x002b0027
200079a0:	002b002b 	.word	0x002b002b
200079a4:	002b002b 	.word	0x002b002b
200079a8:	0027      	.short	0x0027
200079aa:	4614      	mov	r4, r2
200079ac:	f043 0301 	orr.w	r3, r3, #1
200079b0:	e7c3      	b.n	2000793a <_vsnprintf+0x4a>
200079b2:	4614      	mov	r4, r2
200079b4:	f043 0302 	orr.w	r3, r3, #2
200079b8:	e7bf      	b.n	2000793a <_vsnprintf+0x4a>
200079ba:	4614      	mov	r4, r2
200079bc:	f043 0304 	orr.w	r3, r3, #4
200079c0:	e7bb      	b.n	2000793a <_vsnprintf+0x4a>
200079c2:	4614      	mov	r4, r2
200079c4:	f043 0310 	orr.w	r3, r3, #16
200079c8:	e7b7      	b.n	2000793a <_vsnprintf+0x4a>
200079ca:	4614      	mov	r4, r2
200079cc:	f043 0308 	orr.w	r3, r3, #8
200079d0:	e7b3      	b.n	2000793a <_vsnprintf+0x4a>
200079d2:	7860      	ldrb	r0, [r4, #1]
200079d4:	f443 7380 	orr.w	r3, r3, #256	@ 0x100
200079d8:	3201      	adds	r2, #1
200079da:	2867      	cmp	r0, #103	@ 0x67
200079dc:	4614      	mov	r4, r2
200079de:	f200 80bf 	bhi.w	20007b60 <_vsnprintf+0x270>
200079e2:	2824      	cmp	r0, #36	@ 0x24
200079e4:	d99b      	bls.n	2000791e <_vsnprintf+0x2e>
200079e6:	f1a0 0225 	sub.w	r2, r0, #37	@ 0x25
200079ea:	2a42      	cmp	r2, #66	@ 0x42
200079ec:	d897      	bhi.n	2000791e <_vsnprintf+0x2e>
200079ee:	a701      	add	r7, pc, #4	@ (adr r7, 200079f4 <_vsnprintf+0x104>)
200079f0:	f857 f022 	ldr.w	pc, [r7, r2, lsl #2]
200079f4:	20007ce7 	.word	0x20007ce7
200079f8:	2000791f 	.word	0x2000791f
200079fc:	2000791f 	.word	0x2000791f
20007a00:	2000791f 	.word	0x2000791f
20007a04:	2000791f 	.word	0x2000791f
20007a08:	2000791f 	.word	0x2000791f
20007a0c:	2000791f 	.word	0x2000791f
20007a10:	2000791f 	.word	0x2000791f
20007a14:	2000791f 	.word	0x2000791f
20007a18:	2000791f 	.word	0x2000791f
20007a1c:	2000791f 	.word	0x2000791f
20007a20:	2000791f 	.word	0x2000791f
20007a24:	2000791f 	.word	0x2000791f
20007a28:	2000791f 	.word	0x2000791f
20007a2c:	2000791f 	.word	0x2000791f
20007a30:	2000791f 	.word	0x2000791f
20007a34:	2000791f 	.word	0x2000791f
20007a38:	2000791f 	.word	0x2000791f
20007a3c:	2000791f 	.word	0x2000791f
20007a40:	2000791f 	.word	0x2000791f
20007a44:	2000791f 	.word	0x2000791f
20007a48:	2000791f 	.word	0x2000791f
20007a4c:	2000791f 	.word	0x2000791f
20007a50:	2000791f 	.word	0x2000791f
20007a54:	2000791f 	.word	0x2000791f
20007a58:	2000791f 	.word	0x2000791f
20007a5c:	2000791f 	.word	0x2000791f
20007a60:	2000791f 	.word	0x2000791f
20007a64:	2000791f 	.word	0x2000791f
20007a68:	2000791f 	.word	0x2000791f
20007a6c:	2000791f 	.word	0x2000791f
20007a70:	2000791f 	.word	0x2000791f
20007a74:	20007c81 	.word	0x20007c81
20007a78:	20007cb9 	.word	0x20007cb9
20007a7c:	20007c81 	.word	0x20007c81
20007a80:	2000791f 	.word	0x2000791f
20007a84:	2000791f 	.word	0x2000791f
20007a88:	2000791f 	.word	0x2000791f
20007a8c:	2000791f 	.word	0x2000791f
20007a90:	2000791f 	.word	0x2000791f
20007a94:	2000791f 	.word	0x2000791f
20007a98:	2000791f 	.word	0x2000791f
20007a9c:	2000791f 	.word	0x2000791f
20007aa0:	2000791f 	.word	0x2000791f
20007aa4:	2000791f 	.word	0x2000791f
20007aa8:	2000791f 	.word	0x2000791f
20007aac:	2000791f 	.word	0x2000791f
20007ab0:	2000791f 	.word	0x2000791f
20007ab4:	2000791f 	.word	0x2000791f
20007ab8:	2000791f 	.word	0x2000791f
20007abc:	2000791f 	.word	0x2000791f
20007ac0:	20007d75 	.word	0x20007d75
20007ac4:	2000791f 	.word	0x2000791f
20007ac8:	2000791f 	.word	0x2000791f
20007acc:	2000791f 	.word	0x2000791f
20007ad0:	2000791f 	.word	0x2000791f
20007ad4:	2000791f 	.word	0x2000791f
20007ad8:	2000791f 	.word	0x2000791f
20007adc:	2000791f 	.word	0x2000791f
20007ae0:	2000791f 	.word	0x2000791f
20007ae4:	2000791f 	.word	0x2000791f
20007ae8:	20007d75 	.word	0x20007d75
20007aec:	20007cf5 	.word	0x20007cf5
20007af0:	20007d75 	.word	0x20007d75
20007af4:	20007c81 	.word	0x20007c81
20007af8:	20007cb9 	.word	0x20007cb9
20007afc:	20007c81 	.word	0x20007c81
20007b00:	2600      	movs	r6, #0
20007b02:	eb06 0686 	add.w	r6, r6, r6, lsl #2
20007b06:	eb00 0646 	add.w	r6, r0, r6, lsl #1
20007b0a:	7810      	ldrb	r0, [r2, #0]
20007b0c:	4614      	mov	r4, r2
20007b0e:	f1a0 0130 	sub.w	r1, r0, #48	@ 0x30
20007b12:	2909      	cmp	r1, #9
20007b14:	f1a6 0630 	sub.w	r6, r6, #48	@ 0x30
20007b18:	f102 0201 	add.w	r2, r2, #1
20007b1c:	d9f1      	bls.n	20007b02 <_vsnprintf+0x212>
20007b1e:	282e      	cmp	r0, #46	@ 0x2e
20007b20:	f47f af29 	bne.w	20007976 <_vsnprintf+0x86>
20007b24:	7860      	ldrb	r0, [r4, #1]
20007b26:	4617      	mov	r7, r2
20007b28:	f1a0 0130 	sub.w	r1, r0, #48	@ 0x30
20007b2c:	2909      	cmp	r1, #9
20007b2e:	f443 6380 	orr.w	r3, r3, #1024	@ 0x400
20007b32:	f240 80fd 	bls.w	20007d30 <_vsnprintf+0x440>
20007b36:	282a      	cmp	r0, #42	@ 0x2a
20007b38:	f000 8114 	beq.w	20007d64 <_vsnprintf+0x474>
20007b3c:	4614      	mov	r4, r2
20007b3e:	2100      	movs	r1, #0
20007b40:	3201      	adds	r2, #1
20007b42:	e719      	b.n	20007978 <_vsnprintf+0x88>
20007b44:	462c      	mov	r4, r5
20007b46:	45a9      	cmp	r9, r5
20007b48:	d801      	bhi.n	20007b4e <_vsnprintf+0x25e>
20007b4a:	f109 35ff 	add.w	r5, r9, #4294967295	@ 0xffffffff
20007b4e:	464b      	mov	r3, r9
20007b50:	462a      	mov	r2, r5
20007b52:	4659      	mov	r1, fp
20007b54:	2000      	movs	r0, #0
20007b56:	47c0      	blx	r8
20007b58:	4620      	mov	r0, r4
20007b5a:	b00f      	add	sp, #60	@ 0x3c
20007b5c:	e8bd 8ff0 	ldmia.w	sp!, {r4, r5, r6, r7, r8, r9, sl, fp, pc}
20007b60:	f1a0 0269 	sub.w	r2, r0, #105	@ 0x69
20007b64:	b2d2      	uxtb	r2, r2
20007b66:	2a0f      	cmp	r2, #15
20007b68:	f63f aed9 	bhi.w	2000791e <_vsnprintf+0x2e>
20007b6c:	f04f 0c01 	mov.w	ip, #1
20007b70:	f249 0741 	movw	r7, #36929	@ 0x9041
20007b74:	fa0c fc02 	lsl.w	ip, ip, r2
20007b78:	ea1c 0c07 	ands.w	ip, ip, r7
20007b7c:	f040 80e7 	bne.w	20007d4e <_vsnprintf+0x45e>
20007b80:	2a0a      	cmp	r2, #10
20007b82:	d022      	beq.n	20007bca <_vsnprintf+0x2da>
20007b84:	2a07      	cmp	r2, #7
20007b86:	f47f aeca 	bne.w	2000791e <_vsnprintf+0x2e>
20007b8a:	f043 0321 	orr.w	r3, r3, #33	@ 0x21
20007b8e:	9305      	str	r3, [sp, #20]
20007b90:	2308      	movs	r3, #8
20007b92:	9304      	str	r3, [sp, #16]
20007b94:	2310      	movs	r3, #16
20007b96:	9103      	str	r1, [sp, #12]
20007b98:	f8cd c004 	str.w	ip, [sp, #4]
20007b9c:	9302      	str	r3, [sp, #8]
20007b9e:	f85a 3b04 	ldr.w	r3, [sl], #4
20007ba2:	462a      	mov	r2, r5
20007ba4:	9300      	str	r3, [sp, #0]
20007ba6:	4659      	mov	r1, fp
20007ba8:	464b      	mov	r3, r9
20007baa:	4640      	mov	r0, r8
20007bac:	f7ff f964 	bl	20006e78 <_ntoa_long>
20007bb0:	4605      	mov	r5, r0
20007bb2:	e6b9      	b.n	20007928 <_vsnprintf+0x38>
20007bb4:	f85a 6b04 	ldr.w	r6, [sl], #4
20007bb8:	7860      	ldrb	r0, [r4, #1]
20007bba:	2e00      	cmp	r6, #0
20007bbc:	4614      	mov	r4, r2
20007bbe:	bfbc      	itt	lt
20007bc0:	f043 0302 	orrlt.w	r3, r3, #2
20007bc4:	4276      	neglt	r6, r6
20007bc6:	3201      	adds	r2, #1
20007bc8:	e6d2      	b.n	20007970 <_vsnprintf+0x80>
20007bca:	4652      	mov	r2, sl
20007bcc:	f852 eb04 	ldr.w	lr, [r2], #4
20007bd0:	2900      	cmp	r1, #0
20007bd2:	f89e 0000 	ldrb.w	r0, [lr]
20007bd6:	bf14      	ite	ne
20007bd8:	468a      	movne	sl, r1
20007bda:	f04f 3aff 	moveq.w	sl, #4294967295	@ 0xffffffff
20007bde:	920b      	str	r2, [sp, #44]	@ 0x2c
20007be0:	2800      	cmp	r0, #0
20007be2:	f000 8203 	beq.w	20007fec <_vsnprintf+0x6fc>
20007be6:	4672      	mov	r2, lr
20007be8:	44f2      	add	sl, lr
20007bea:	e00a      	b.n	20007c02 <_vsnprintf+0x312>
20007bec:	200078f1 	.word	0x200078f1
20007bf0:	20014adc 	.word	0x20014adc
20007bf4:	20006bf1 	.word	0x20006bf1
20007bf8:	f812 7f01 	ldrb.w	r7, [r2, #1]!
20007bfc:	2f00      	cmp	r7, #0
20007bfe:	f000 80f3 	beq.w	20007de8 <_vsnprintf+0x4f8>
20007c02:	4592      	cmp	sl, r2
20007c04:	d1f8      	bne.n	20007bf8 <_vsnprintf+0x308>
20007c06:	ebaa 020e 	sub.w	r2, sl, lr
20007c0a:	920a      	str	r2, [sp, #40]	@ 0x28
20007c0c:	f413 6780 	ands.w	r7, r3, #1024	@ 0x400
20007c10:	d004      	beq.n	20007c1c <_vsnprintf+0x32c>
20007c12:	9a0a      	ldr	r2, [sp, #40]	@ 0x28
20007c14:	428a      	cmp	r2, r1
20007c16:	bf28      	it	cs
20007c18:	460a      	movcs	r2, r1
20007c1a:	920a      	str	r2, [sp, #40]	@ 0x28
20007c1c:	f013 0302 	ands.w	r3, r3, #2
20007c20:	f000 810f 	beq.w	20007e42 <_vsnprintf+0x552>
20007c24:	f04f 0c02 	mov.w	ip, #2
20007c28:	960c      	str	r6, [sp, #48]	@ 0x30
20007c2a:	46f2      	mov	sl, lr
20007c2c:	462a      	mov	r2, r5
20007c2e:	460e      	mov	r6, r1
20007c30:	f8cd c034 	str.w	ip, [sp, #52]	@ 0x34
20007c34:	b11f      	cbz	r7, 20007c3e <_vsnprintf+0x34e>
20007c36:	2e00      	cmp	r6, #0
20007c38:	f000 80c9 	beq.w	20007dce <_vsnprintf+0x4de>
20007c3c:	3e01      	subs	r6, #1
20007c3e:	464b      	mov	r3, r9
20007c40:	4659      	mov	r1, fp
20007c42:	47c0      	blx	r8
20007c44:	f81a 0f01 	ldrb.w	r0, [sl, #1]!
20007c48:	3501      	adds	r5, #1
20007c4a:	2800      	cmp	r0, #0
20007c4c:	f000 80bf 	beq.w	20007dce <_vsnprintf+0x4de>
20007c50:	462a      	mov	r2, r5
20007c52:	e7ef      	b.n	20007c34 <_vsnprintf+0x344>
20007c54:	7860      	ldrb	r0, [r4, #1]
20007c56:	286c      	cmp	r0, #108	@ 0x6c
20007c58:	f47f aebc 	bne.w	200079d4 <_vsnprintf+0xe4>
20007c5c:	78a0      	ldrb	r0, [r4, #2]
20007c5e:	f443 7340 	orr.w	r3, r3, #768	@ 0x300
20007c62:	1ce2      	adds	r2, r4, #3
20007c64:	e6b9      	b.n	200079da <_vsnprintf+0xea>
20007c66:	7860      	ldrb	r0, [r4, #1]
20007c68:	f443 7300 	orr.w	r3, r3, #512	@ 0x200
20007c6c:	3201      	adds	r2, #1
20007c6e:	e6b4      	b.n	200079da <_vsnprintf+0xea>
20007c70:	7860      	ldrb	r0, [r4, #1]
20007c72:	2868      	cmp	r0, #104	@ 0x68
20007c74:	f000 80bc 	beq.w	20007df0 <_vsnprintf+0x500>
20007c78:	f043 0380 	orr.w	r3, r3, #128	@ 0x80
20007c7c:	3201      	adds	r2, #1
20007c7e:	e6ac      	b.n	200079da <_vsnprintf+0xea>
20007c80:	2867      	cmp	r0, #103	@ 0x67
20007c82:	f000 809f 	beq.w	20007dc4 <_vsnprintf+0x4d4>
20007c86:	2847      	cmp	r0, #71	@ 0x47
20007c88:	f000 80a9 	beq.w	20007dde <_vsnprintf+0x4ee>
20007c8c:	2845      	cmp	r0, #69	@ 0x45
20007c8e:	f000 80a8 	beq.w	20007de2 <_vsnprintf+0x4f2>
20007c92:	e9cd 6303 	strd	r6, r3, [sp, #12]
20007c96:	f10a 0a07 	add.w	sl, sl, #7
20007c9a:	9102      	str	r1, [sp, #8]
20007c9c:	f02a 0a07 	bic.w	sl, sl, #7
20007ca0:	462a      	mov	r2, r5
20007ca2:	e8fa 6702 	ldrd	r6, r7, [sl], #8
20007ca6:	464b      	mov	r3, r9
20007ca8:	4659      	mov	r1, fp
20007caa:	4640      	mov	r0, r8
20007cac:	e9cd 6700 	strd	r6, r7, [sp]
20007cb0:	f7ff f98a 	bl	20006fc8 <_etoa>
20007cb4:	4605      	mov	r5, r0
20007cb6:	e637      	b.n	20007928 <_vsnprintf+0x38>
20007cb8:	2846      	cmp	r0, #70	@ 0x46
20007cba:	bf08      	it	eq
20007cbc:	f043 0320 	orreq.w	r3, r3, #32
20007cc0:	e9cd 6303 	strd	r6, r3, [sp, #12]
20007cc4:	f10a 0a07 	add.w	sl, sl, #7
20007cc8:	9102      	str	r1, [sp, #8]
20007cca:	f02a 0a07 	bic.w	sl, sl, #7
20007cce:	462a      	mov	r2, r5
20007cd0:	e8fa 6702 	ldrd	r6, r7, [sl], #8
20007cd4:	464b      	mov	r3, r9
20007cd6:	4659      	mov	r1, fp
20007cd8:	4640      	mov	r0, r8
20007cda:	e9cd 6700 	strd	r6, r7, [sp]
20007cde:	f7ff fc1f 	bl	20007520 <_ftoa>
20007ce2:	4605      	mov	r5, r0
20007ce4:	e620      	b.n	20007928 <_vsnprintf+0x38>
20007ce6:	462a      	mov	r2, r5
20007ce8:	464b      	mov	r3, r9
20007cea:	4659      	mov	r1, fp
20007cec:	2025      	movs	r0, #37	@ 0x25
20007cee:	47c0      	blx	r8
20007cf0:	3501      	adds	r5, #1
20007cf2:	e619      	b.n	20007928 <_vsnprintf+0x38>
20007cf4:	f10a 0204 	add.w	r2, sl, #4
20007cf8:	079b      	lsls	r3, r3, #30
20007cfa:	f105 0701 	add.w	r7, r5, #1
20007cfe:	920a      	str	r2, [sp, #40]	@ 0x28
20007d00:	f140 8082 	bpl.w	20007e08 <_vsnprintf+0x518>
20007d04:	462a      	mov	r2, r5
20007d06:	464b      	mov	r3, r9
20007d08:	4659      	mov	r1, fp
20007d0a:	f89a 0000 	ldrb.w	r0, [sl]
20007d0e:	47c0      	blx	r8
20007d10:	2e01      	cmp	r6, #1
20007d12:	bf88      	it	hi
20007d14:	19ad      	addhi	r5, r5, r6
20007d16:	f240 8128 	bls.w	20007f6a <_vsnprintf+0x67a>
20007d1a:	463a      	mov	r2, r7
20007d1c:	464b      	mov	r3, r9
20007d1e:	4659      	mov	r1, fp
20007d20:	2020      	movs	r0, #32
20007d22:	3701      	adds	r7, #1
20007d24:	47c0      	blx	r8
20007d26:	42bd      	cmp	r5, r7
20007d28:	d1f7      	bne.n	20007d1a <_vsnprintf+0x42a>
20007d2a:	f8dd a028 	ldr.w	sl, [sp, #40]	@ 0x28
20007d2e:	e5fb      	b.n	20007928 <_vsnprintf+0x38>
20007d30:	2100      	movs	r1, #0
20007d32:	eb01 0181 	add.w	r1, r1, r1, lsl #2
20007d36:	eb00 0141 	add.w	r1, r0, r1, lsl #1
20007d3a:	f817 0f01 	ldrb.w	r0, [r7, #1]!
20007d3e:	3930      	subs	r1, #48	@ 0x30
20007d40:	f1a0 0230 	sub.w	r2, r0, #48	@ 0x30
20007d44:	2a09      	cmp	r2, #9
20007d46:	d9f4      	bls.n	20007d32 <_vsnprintf+0x442>
20007d48:	463c      	mov	r4, r7
20007d4a:	1c7a      	adds	r2, r7, #1
20007d4c:	e614      	b.n	20007978 <_vsnprintf+0x88>
20007d4e:	286f      	cmp	r0, #111	@ 0x6f
20007d50:	d03b      	beq.n	20007dca <_vsnprintf+0x4da>
20007d52:	f240 8123 	bls.w	20007f9c <_vsnprintf+0x6ac>
20007d56:	2878      	cmp	r0, #120	@ 0x78
20007d58:	f000 80f5 	beq.w	20007f46 <_vsnprintf+0x656>
20007d5c:	220a      	movs	r2, #10
20007d5e:	f023 0310 	bic.w	r3, r3, #16
20007d62:	e00e      	b.n	20007d82 <_vsnprintf+0x492>
20007d64:	f85a 1b04 	ldr.w	r1, [sl], #4
20007d68:	78a0      	ldrb	r0, [r4, #2]
20007d6a:	3402      	adds	r4, #2
20007d6c:	1c62      	adds	r2, r4, #1
20007d6e:	ea21 71e1 	bic.w	r1, r1, r1, asr #31
20007d72:	e601      	b.n	20007978 <_vsnprintf+0x88>
20007d74:	2858      	cmp	r0, #88	@ 0x58
20007d76:	d043      	beq.n	20007e00 <_vsnprintf+0x510>
20007d78:	2862      	cmp	r0, #98	@ 0x62
20007d7a:	bf08      	it	eq
20007d7c:	2202      	moveq	r2, #2
20007d7e:	f040 8096 	bne.w	20007eae <_vsnprintf+0x5be>
20007d82:	0558      	lsls	r0, r3, #21
20007d84:	f140 80ba 	bpl.w	20007efc <_vsnprintf+0x60c>
20007d88:	f023 030d 	bic.w	r3, r3, #13
20007d8c:	f413 7000 	ands.w	r0, r3, #512	@ 0x200
20007d90:	f040 80ed 	bne.w	20007f6e <_vsnprintf+0x67e>
20007d94:	f413 7f80 	tst.w	r3, #256	@ 0x100
20007d98:	f10a 0704 	add.w	r7, sl, #4
20007d9c:	f040 8115 	bne.w	20007fca <_vsnprintf+0x6da>
20007da0:	0658      	lsls	r0, r3, #25
20007da2:	f100 80d5 	bmi.w	20007f50 <_vsnprintf+0x660>
20007da6:	0618      	lsls	r0, r3, #24
20007da8:	bf4c      	ite	mi
20007daa:	f8ba 0000 	ldrhmi.w	r0, [sl]
20007dae:	f8da 0000 	ldrpl.w	r0, [sl]
20007db2:	e9cd 6304 	strd	r6, r3, [sp, #16]
20007db6:	2300      	movs	r3, #0
20007db8:	e9cd 2102 	strd	r2, r1, [sp, #8]
20007dbc:	9000      	str	r0, [sp, #0]
20007dbe:	462a      	mov	r2, r5
20007dc0:	9301      	str	r3, [sp, #4]
20007dc2:	e093      	b.n	20007eec <_vsnprintf+0x5fc>
20007dc4:	f443 6300 	orr.w	r3, r3, #2048	@ 0x800
20007dc8:	e763      	b.n	20007c92 <_vsnprintf+0x3a2>
20007dca:	2208      	movs	r2, #8
20007dcc:	e7d9      	b.n	20007d82 <_vsnprintf+0x492>
20007dce:	e9dd 6c0c 	ldrd	r6, ip, [sp, #48]	@ 0x30
20007dd2:	f1bc 0f00 	cmp.w	ip, #0
20007dd6:	d15b      	bne.n	20007e90 <_vsnprintf+0x5a0>
20007dd8:	f8dd a02c 	ldr.w	sl, [sp, #44]	@ 0x2c
20007ddc:	e5a4      	b.n	20007928 <_vsnprintf+0x38>
20007dde:	f443 6300 	orr.w	r3, r3, #2048	@ 0x800
20007de2:	f043 0320 	orr.w	r3, r3, #32
20007de6:	e754      	b.n	20007c92 <_vsnprintf+0x3a2>
20007de8:	eba2 020e 	sub.w	r2, r2, lr
20007dec:	920a      	str	r2, [sp, #40]	@ 0x28
20007dee:	e70d      	b.n	20007c0c <_vsnprintf+0x31c>
20007df0:	78a0      	ldrb	r0, [r4, #2]
20007df2:	f043 03c0 	orr.w	r3, r3, #192	@ 0xc0
20007df6:	1ce2      	adds	r2, r4, #3
20007df8:	e5ef      	b.n	200079da <_vsnprintf+0xea>
20007dfa:	4604      	mov	r4, r0
20007dfc:	4605      	mov	r5, r0
20007dfe:	e6a2      	b.n	20007b46 <_vsnprintf+0x256>
20007e00:	2210      	movs	r2, #16
20007e02:	f043 0320 	orr.w	r3, r3, #32
20007e06:	e7bc      	b.n	20007d82 <_vsnprintf+0x492>
20007e08:	2e01      	cmp	r6, #1
20007e0a:	f240 80a8 	bls.w	20007f5e <_vsnprintf+0x66e>
20007e0e:	462f      	mov	r7, r5
20007e10:	1e6b      	subs	r3, r5, #1
20007e12:	f8cd a02c 	str.w	sl, [sp, #44]	@ 0x2c
20007e16:	eb03 0a06 	add.w	sl, r3, r6
20007e1a:	463a      	mov	r2, r7
20007e1c:	464b      	mov	r3, r9
20007e1e:	4659      	mov	r1, fp
20007e20:	2020      	movs	r0, #32
20007e22:	3701      	adds	r7, #1
20007e24:	47c0      	blx	r8
20007e26:	45ba      	cmp	sl, r7
20007e28:	d1f7      	bne.n	20007e1a <_vsnprintf+0x52a>
20007e2a:	4652      	mov	r2, sl
20007e2c:	f8dd a02c 	ldr.w	sl, [sp, #44]	@ 0x2c
20007e30:	464b      	mov	r3, r9
20007e32:	f89a 0000 	ldrb.w	r0, [sl]
20007e36:	4659      	mov	r1, fp
20007e38:	47c0      	blx	r8
20007e3a:	4435      	add	r5, r6
20007e3c:	f8dd a028 	ldr.w	sl, [sp, #40]	@ 0x28
20007e40:	e572      	b.n	20007928 <_vsnprintf+0x38>
20007e42:	9a0a      	ldr	r2, [sp, #40]	@ 0x28
20007e44:	4296      	cmp	r6, r2
20007e46:	f240 80e6 	bls.w	20008016 <_vsnprintf+0x726>
20007e4a:	9b0a      	ldr	r3, [sp, #40]	@ 0x28
20007e4c:	eb06 0a05 	add.w	sl, r6, r5
20007e50:	e9cd e60c 	strd	lr, r6, [sp, #48]	@ 0x30
20007e54:	970a      	str	r7, [sp, #40]	@ 0x28
20007e56:	460e      	mov	r6, r1
20007e58:	4667      	mov	r7, ip
20007e5a:	ebaa 0a03 	sub.w	sl, sl, r3
20007e5e:	462a      	mov	r2, r5
20007e60:	464b      	mov	r3, r9
20007e62:	4659      	mov	r1, fp
20007e64:	2020      	movs	r0, #32
20007e66:	3501      	adds	r5, #1
20007e68:	47c0      	blx	r8
20007e6a:	45aa      	cmp	sl, r5
20007e6c:	d1f7      	bne.n	20007e5e <_vsnprintf+0x56e>
20007e6e:	f8dd e030 	ldr.w	lr, [sp, #48]	@ 0x30
20007e72:	4631      	mov	r1, r6
20007e74:	f89e 0000 	ldrb.w	r0, [lr]
20007e78:	46bc      	mov	ip, r7
20007e7a:	9e0d      	ldr	r6, [sp, #52]	@ 0x34
20007e7c:	9f0a      	ldr	r7, [sp, #40]	@ 0x28
20007e7e:	2800      	cmp	r0, #0
20007e80:	d0aa      	beq.n	20007dd8 <_vsnprintf+0x4e8>
20007e82:	1c73      	adds	r3, r6, #1
20007e84:	930a      	str	r3, [sp, #40]	@ 0x28
20007e86:	e6cf      	b.n	20007c28 <_vsnprintf+0x338>
20007e88:	f013 0702 	ands.w	r7, r3, #2
20007e8c:	f000 80bd 	beq.w	2000800a <_vsnprintf+0x71a>
20007e90:	462f      	mov	r7, r5
20007e92:	9b0a      	ldr	r3, [sp, #40]	@ 0x28
20007e94:	429e      	cmp	r6, r3
20007e96:	d99f      	bls.n	20007dd8 <_vsnprintf+0x4e8>
20007e98:	4435      	add	r5, r6
20007e9a:	1aed      	subs	r5, r5, r3
20007e9c:	463a      	mov	r2, r7
20007e9e:	464b      	mov	r3, r9
20007ea0:	4659      	mov	r1, fp
20007ea2:	2020      	movs	r0, #32
20007ea4:	3701      	adds	r7, #1
20007ea6:	47c0      	blx	r8
20007ea8:	42af      	cmp	r7, r5
20007eaa:	d1f7      	bne.n	20007e9c <_vsnprintf+0x5ac>
20007eac:	e794      	b.n	20007dd8 <_vsnprintf+0x4e8>
20007eae:	055f      	lsls	r7, r3, #21
20007eb0:	d54b      	bpl.n	20007f4a <_vsnprintf+0x65a>
20007eb2:	f023 0211 	bic.w	r2, r3, #17
20007eb6:	0590      	lsls	r0, r2, #22
20007eb8:	d423      	bmi.n	20007f02 <_vsnprintf+0x612>
20007eba:	05d3      	lsls	r3, r2, #23
20007ebc:	f10a 0704 	add.w	r7, sl, #4
20007ec0:	d473      	bmi.n	20007faa <_vsnprintf+0x6ba>
20007ec2:	0650      	lsls	r0, r2, #25
20007ec4:	d43b      	bmi.n	20007f3e <_vsnprintf+0x64e>
20007ec6:	0613      	lsls	r3, r2, #24
20007ec8:	f140 8089 	bpl.w	20007fde <_vsnprintf+0x6ee>
20007ecc:	f9ba 3000 	ldrsh.w	r3, [sl]
20007ed0:	ea83 70e3 	eor.w	r0, r3, r3, asr #31
20007ed4:	eba0 70e3 	sub.w	r0, r0, r3, asr #31
20007ed8:	b280      	uxth	r0, r0
20007eda:	0fdb      	lsrs	r3, r3, #31
20007edc:	9301      	str	r3, [sp, #4]
20007ede:	230a      	movs	r3, #10
20007ee0:	e9cd 6204 	strd	r6, r2, [sp, #16]
20007ee4:	462a      	mov	r2, r5
20007ee6:	9103      	str	r1, [sp, #12]
20007ee8:	9000      	str	r0, [sp, #0]
20007eea:	9302      	str	r3, [sp, #8]
20007eec:	464b      	mov	r3, r9
20007eee:	4659      	mov	r1, fp
20007ef0:	4640      	mov	r0, r8
20007ef2:	f7fe ffc1 	bl	20006e78 <_ntoa_long>
20007ef6:	46ba      	mov	sl, r7
20007ef8:	4605      	mov	r5, r0
20007efa:	e515      	b.n	20007928 <_vsnprintf+0x38>
20007efc:	f023 030c 	bic.w	r3, r3, #12
20007f00:	e744      	b.n	20007d8c <_vsnprintf+0x49c>
20007f02:	ed9f 7b47 	vldr	d7, [pc, #284]	@ 20008020 <_vsnprintf+0x730>
20007f06:	f10a 0a07 	add.w	sl, sl, #7
20007f0a:	f02a 0a07 	bic.w	sl, sl, #7
20007f0e:	f8da 3004 	ldr.w	r3, [sl, #4]
20007f12:	f85a 0b08 	ldr.w	r0, [sl], #8
20007f16:	0fdf      	lsrs	r7, r3, #31
20007f18:	2b00      	cmp	r3, #0
20007f1a:	e9cd 6207 	strd	r6, r2, [sp, #28]
20007f1e:	ed8d 7b04 	vstr	d7, [sp, #16]
20007f22:	4602      	mov	r2, r0
20007f24:	9106      	str	r1, [sp, #24]
20007f26:	9702      	str	r7, [sp, #8]
20007f28:	db15      	blt.n	20007f56 <_vsnprintf+0x666>
20007f2a:	e9cd 2300 	strd	r2, r3, [sp]
20007f2e:	4659      	mov	r1, fp
20007f30:	462a      	mov	r2, r5
20007f32:	464b      	mov	r3, r9
20007f34:	4640      	mov	r0, r8
20007f36:	f7fe ffeb 	bl	20006f10 <_ntoa_long_long>
20007f3a:	4605      	mov	r5, r0
20007f3c:	e4f4      	b.n	20007928 <_vsnprintf+0x38>
20007f3e:	f89a 3000 	ldrb.w	r3, [sl]
20007f42:	4618      	mov	r0, r3
20007f44:	e7c9      	b.n	20007eda <_vsnprintf+0x5ea>
20007f46:	2210      	movs	r2, #16
20007f48:	e71b      	b.n	20007d82 <_vsnprintf+0x492>
20007f4a:	f023 0210 	bic.w	r2, r3, #16
20007f4e:	e7b2      	b.n	20007eb6 <_vsnprintf+0x5c6>
20007f50:	f89a 0000 	ldrb.w	r0, [sl]
20007f54:	e72d      	b.n	20007db2 <_vsnprintf+0x4c2>
20007f56:	4242      	negs	r2, r0
20007f58:	eb63 0343 	sbc.w	r3, r3, r3, lsl #1
20007f5c:	e7e5      	b.n	20007f2a <_vsnprintf+0x63a>
20007f5e:	462a      	mov	r2, r5
20007f60:	464b      	mov	r3, r9
20007f62:	4659      	mov	r1, fp
20007f64:	f89a 0000 	ldrb.w	r0, [sl]
20007f68:	47c0      	blx	r8
20007f6a:	463d      	mov	r5, r7
20007f6c:	e6dd      	b.n	20007d2a <_vsnprintf+0x43a>
20007f6e:	9204      	str	r2, [sp, #16]
20007f70:	462a      	mov	r2, r5
20007f72:	2500      	movs	r5, #0
20007f74:	e9cd 6307 	strd	r6, r3, [sp, #28]
20007f78:	f10a 0a07 	add.w	sl, sl, #7
20007f7c:	9106      	str	r1, [sp, #24]
20007f7e:	9505      	str	r5, [sp, #20]
20007f80:	9502      	str	r5, [sp, #8]
20007f82:	f02a 0a07 	bic.w	sl, sl, #7
20007f86:	e8fa 6702 	ldrd	r6, r7, [sl], #8
20007f8a:	464b      	mov	r3, r9
20007f8c:	4659      	mov	r1, fp
20007f8e:	4640      	mov	r0, r8
20007f90:	e9cd 6700 	strd	r6, r7, [sp]
20007f94:	f7fe ffbc 	bl	20006f10 <_ntoa_long_long>
20007f98:	4605      	mov	r5, r0
20007f9a:	e4c5      	b.n	20007928 <_vsnprintf+0x38>
20007f9c:	2869      	cmp	r0, #105	@ 0x69
20007f9e:	f023 0210 	bic.w	r2, r3, #16
20007fa2:	d12d      	bne.n	20008000 <_vsnprintf+0x710>
20007fa4:	055f      	lsls	r7, r3, #21
20007fa6:	d586      	bpl.n	20007eb6 <_vsnprintf+0x5c6>
20007fa8:	e783      	b.n	20007eb2 <_vsnprintf+0x5c2>
20007faa:	f8da 3000 	ldr.w	r3, [sl]
20007fae:	9103      	str	r1, [sp, #12]
20007fb0:	210a      	movs	r1, #10
20007fb2:	9102      	str	r1, [sp, #8]
20007fb4:	ea83 71e3 	eor.w	r1, r3, r3, asr #31
20007fb8:	eba1 71e3 	sub.w	r1, r1, r3, asr #31
20007fbc:	0fdb      	lsrs	r3, r3, #31
20007fbe:	e9cd 6204 	strd	r6, r2, [sp, #16]
20007fc2:	e9cd 1300 	strd	r1, r3, [sp]
20007fc6:	462a      	mov	r2, r5
20007fc8:	e790      	b.n	20007eec <_vsnprintf+0x5fc>
20007fca:	e9cd 2102 	strd	r2, r1, [sp, #8]
20007fce:	e9cd 6304 	strd	r6, r3, [sp, #16]
20007fd2:	9001      	str	r0, [sp, #4]
20007fd4:	f8da 3000 	ldr.w	r3, [sl]
20007fd8:	462a      	mov	r2, r5
20007fda:	9300      	str	r3, [sp, #0]
20007fdc:	e786      	b.n	20007eec <_vsnprintf+0x5fc>
20007fde:	f8da 3000 	ldr.w	r3, [sl]
20007fe2:	ea83 70e3 	eor.w	r0, r3, r3, asr #31
20007fe6:	eba0 70e3 	sub.w	r0, r0, r3, asr #31
20007fea:	e776      	b.n	20007eda <_vsnprintf+0x5ea>
20007fec:	f413 6280 	ands.w	r2, r3, #1024	@ 0x400
20007ff0:	920a      	str	r2, [sp, #40]	@ 0x28
20007ff2:	f43f af49 	beq.w	20007e88 <_vsnprintf+0x598>
20007ff6:	079f      	lsls	r7, r3, #30
20007ff8:	d505      	bpl.n	20008006 <_vsnprintf+0x716>
20007ffa:	462f      	mov	r7, r5
20007ffc:	900a      	str	r0, [sp, #40]	@ 0x28
20007ffe:	e748      	b.n	20007e92 <_vsnprintf+0x5a2>
20008000:	4613      	mov	r3, r2
20008002:	220a      	movs	r2, #10
20008004:	e6bd      	b.n	20007d82 <_vsnprintf+0x492>
20008006:	f44f 6780 	mov.w	r7, #1024	@ 0x400
2000800a:	2e00      	cmp	r6, #0
2000800c:	f43f aee4 	beq.w	20007dd8 <_vsnprintf+0x4e8>
20008010:	2300      	movs	r3, #0
20008012:	930a      	str	r3, [sp, #40]	@ 0x28
20008014:	e719      	b.n	20007e4a <_vsnprintf+0x55a>
20008016:	469c      	mov	ip, r3
20008018:	1c53      	adds	r3, r2, #1
2000801a:	930a      	str	r3, [sp, #40]	@ 0x28
2000801c:	e604      	b.n	20007c28 <_vsnprintf+0x338>
2000801e:	bf00      	nop
20008020:	0000000a 	.word	0x0000000a
20008024:	00000000 	.word	0x00000000

20008028 <vfctprintf>:
20008028:	468c      	mov	ip, r1
2000802a:	b510      	push	{r4, lr}
2000802c:	b084      	sub	sp, #16
2000802e:	9300      	str	r3, [sp, #0]
20008030:	9002      	str	r0, [sp, #8]
20008032:	4613      	mov	r3, r2
20008034:	a902      	add	r1, sp, #8
20008036:	f04f 32ff 	mov.w	r2, #4294967295	@ 0xffffffff
2000803a:	4803      	ldr	r0, [pc, #12]	@ (20008048 <vfctprintf+0x20>)
2000803c:	f8cd c00c 	str.w	ip, [sp, #12]
20008040:	f7ff fc56 	bl	200078f0 <_vsnprintf>
20008044:	b004      	add	sp, #16
20008046:	bd10      	pop	{r4, pc}
20008048:	200078e1 	.word	0x200078e1

2000804c <weak_raw_vprintf>:
2000804c:	b510      	push	{r4, lr}
2000804e:	4a09      	ldr	r2, [pc, #36]	@ (20008074 <weak_raw_vprintf+0x28>)
20008050:	b084      	sub	sp, #16
20008052:	6814      	ldr	r4, [r2, #0]
20008054:	b14c      	cbz	r4, 2000806a <weak_raw_vprintf+0x1e>
20008056:	4603      	mov	r3, r0
20008058:	9100      	str	r1, [sp, #0]
2000805a:	f04f 32ff 	mov.w	r2, #4294967295	@ 0xffffffff
2000805e:	a903      	add	r1, sp, #12
20008060:	4805      	ldr	r0, [pc, #20]	@ (20008078 <weak_raw_vprintf+0x2c>)
20008062:	47a0      	blx	r4
20008064:	2001      	movs	r0, #1
20008066:	b004      	add	sp, #16
20008068:	bd10      	pop	{r4, pc}
2000806a:	f000 f931 	bl	200082d0 <__wrap_puts>
2000806e:	4620      	mov	r0, r4
20008070:	b004      	add	sp, #16
20008072:	bd10      	pop	{r4, pc}
20008074:	20014adc 	.word	0x20014adc
20008078:	200078d9 	.word	0x200078d9

2000807c <_exit>:
2000807c:	be00      	bkpt	0x0000
2000807e:	e7fd      	b.n	2000807c <_exit>

20008080 <_sbrk>:
20008080:	4a07      	ldr	r2, [pc, #28]	@ (200080a0 <_sbrk+0x20>)
20008082:	4603      	mov	r3, r0
20008084:	6810      	ldr	r0, [r2, #0]
20008086:	b138      	cbz	r0, 20008098 <_sbrk+0x18>
20008088:	4906      	ldr	r1, [pc, #24]	@ (200080a4 <_sbrk+0x24>)
2000808a:	4403      	add	r3, r0
2000808c:	428b      	cmp	r3, r1
2000808e:	bf8c      	ite	hi
20008090:	f04f 30ff 	movhi.w	r0, #4294967295	@ 0xffffffff
20008094:	6013      	strls	r3, [r2, #0]
20008096:	4770      	bx	lr
20008098:	4903      	ldr	r1, [pc, #12]	@ (200080a8 <_sbrk+0x28>)
2000809a:	4608      	mov	r0, r1
2000809c:	6011      	str	r1, [r2, #0]
2000809e:	e7f3      	b.n	20008088 <_sbrk+0x8>
200080a0:	20014acc 	.word	0x20014acc
200080a4:	20080000 	.word	0x20080000
200080a8:	20061c08 	.word	0x20061c08

200080ac <exit>:
200080ac:	b508      	push	{r3, lr}
200080ae:	f7ff ffe5 	bl	2000807c <_exit>
200080b2:	bf00      	nop

200080b4 <runtime_init>:
200080b4:	b538      	push	{r3, r4, r5, lr}
200080b6:	4c06      	ldr	r4, [pc, #24]	@ (200080d0 <runtime_init+0x1c>)
200080b8:	4d06      	ldr	r5, [pc, #24]	@ (200080d4 <runtime_init+0x20>)
200080ba:	f7fd f9d9 	bl	20005470 <runtime_run_initializers>
200080be:	42ac      	cmp	r4, r5
200080c0:	d204      	bcs.n	200080cc <runtime_init+0x18>
200080c2:	f854 3b04 	ldr.w	r3, [r4], #4
200080c6:	4798      	blx	r3
200080c8:	42ac      	cmp	r4, r5
200080ca:	d3fa      	bcc.n	200080c2 <runtime_init+0xe>
200080cc:	bd38      	pop	{r3, r4, r5, pc}
200080ce:	bf00      	nop
200080d0:	2000eab8 	.word	0x2000eab8
200080d4:	2000eac0 	.word	0x2000eac0

200080d8 <stdio_out_chars_no_crlf>:
200080d8:	6803      	ldr	r3, [r0, #0]
200080da:	4608      	mov	r0, r1
200080dc:	4611      	mov	r1, r2
200080de:	4718      	bx	r3

200080e0 <stdio_out_chars_crlf>:
200080e0:	e92d 43f0 	stmdb	sp!, {r4, r5, r6, r7, r8, r9, lr}
200080e4:	4680      	mov	r8, r0
200080e6:	f898 3015 	ldrb.w	r3, [r8, #21]
200080ea:	4608      	mov	r0, r1
200080ec:	b083      	sub	sp, #12
200080ee:	2b00      	cmp	r3, #0
200080f0:	d045      	beq.n	2000817e <stdio_out_chars_crlf+0x9e>
200080f2:	2a00      	cmp	r2, #0
200080f4:	dd34      	ble.n	20008160 <stdio_out_chars_crlf+0x80>
200080f6:	2400      	movs	r4, #0
200080f8:	4617      	mov	r7, r2
200080fa:	4689      	mov	r9, r1
200080fc:	4622      	mov	r2, r4
200080fe:	1e4d      	subs	r5, r1, #1
20008100:	e006      	b.n	20008110 <stdio_out_chars_crlf+0x30>
20008102:	786b      	ldrb	r3, [r5, #1]
20008104:	2b0a      	cmp	r3, #10
20008106:	d02e      	beq.n	20008166 <stdio_out_chars_crlf+0x86>
20008108:	42a7      	cmp	r7, r4
2000810a:	f105 0501 	add.w	r5, r5, #1
2000810e:	d016      	beq.n	2000813e <stdio_out_chars_crlf+0x5e>
20008110:	4626      	mov	r6, r4
20008112:	3401      	adds	r4, #1
20008114:	2e00      	cmp	r6, #0
20008116:	d1f4      	bne.n	20008102 <stdio_out_chars_crlf+0x22>
20008118:	f899 3000 	ldrb.w	r3, [r9]
2000811c:	2b0a      	cmp	r3, #10
2000811e:	d1f3      	bne.n	20008108 <stdio_out_chars_crlf+0x28>
20008120:	f898 3014 	ldrb.w	r3, [r8, #20]
20008124:	2b00      	cmp	r3, #0
20008126:	d1ef      	bne.n	20008108 <stdio_out_chars_crlf+0x28>
20008128:	2102      	movs	r1, #2
2000812a:	4818      	ldr	r0, [pc, #96]	@ (2000818c <stdio_out_chars_crlf+0xac>)
2000812c:	f8d8 3000 	ldr.w	r3, [r8]
20008130:	9401      	str	r4, [sp, #4]
20008132:	4798      	blx	r3
20008134:	42a7      	cmp	r7, r4
20008136:	9a01      	ldr	r2, [sp, #4]
20008138:	f105 0501 	add.w	r5, r5, #1
2000813c:	d1e8      	bne.n	20008110 <stdio_out_chars_crlf+0x30>
2000813e:	4297      	cmp	r7, r2
20008140:	dd05      	ble.n	2000814e <stdio_out_chars_crlf+0x6e>
20008142:	f8d8 3000 	ldr.w	r3, [r8]
20008146:	1ab9      	subs	r1, r7, r2
20008148:	eb09 0002 	add.w	r0, r9, r2
2000814c:	4798      	blx	r3
2000814e:	f819 3006 	ldrb.w	r3, [r9, r6]
20008152:	f1a3 030d 	sub.w	r3, r3, #13
20008156:	fab3 f383 	clz	r3, r3
2000815a:	095b      	lsrs	r3, r3, #5
2000815c:	f888 3014 	strb.w	r3, [r8, #20]
20008160:	b003      	add	sp, #12
20008162:	e8bd 83f0 	ldmia.w	sp!, {r4, r5, r6, r7, r8, r9, pc}
20008166:	782b      	ldrb	r3, [r5, #0]
20008168:	2b0d      	cmp	r3, #13
2000816a:	d0cd      	beq.n	20008108 <stdio_out_chars_crlf+0x28>
2000816c:	42b2      	cmp	r2, r6
2000816e:	dadb      	bge.n	20008128 <stdio_out_chars_crlf+0x48>
20008170:	f8d8 3000 	ldr.w	r3, [r8]
20008174:	1ab1      	subs	r1, r6, r2
20008176:	eb09 0002 	add.w	r0, r9, r2
2000817a:	4798      	blx	r3
2000817c:	e7d4      	b.n	20008128 <stdio_out_chars_crlf+0x48>
2000817e:	4611      	mov	r1, r2
20008180:	f8d8 3000 	ldr.w	r3, [r8]
20008184:	b003      	add	sp, #12
20008186:	e8bd 43f0 	ldmia.w	sp!, {r4, r5, r6, r7, r8, r9, lr}
2000818a:	4718      	bx	r3
2000818c:	2000e278 	.word	0x2000e278

20008190 <stdio_buffered_printer>:
20008190:	b570      	push	{r4, r5, r6, lr}
20008192:	680b      	ldr	r3, [r1, #0]
20008194:	460c      	mov	r4, r1
20008196:	2b80      	cmp	r3, #128	@ 0x80
20008198:	4605      	mov	r5, r0
2000819a:	b082      	sub	sp, #8
2000819c:	d005      	beq.n	200081aa <stdio_buffered_printer+0x1a>
2000819e:	1c5a      	adds	r2, r3, #1
200081a0:	4423      	add	r3, r4
200081a2:	6022      	str	r2, [r4, #0]
200081a4:	711d      	strb	r5, [r3, #4]
200081a6:	b002      	add	sp, #8
200081a8:	bd70      	pop	{r4, r5, r6, pc}
200081aa:	4b0e      	ldr	r3, [pc, #56]	@ (200081e4 <stdio_buffered_printer+0x54>)
200081ac:	6818      	ldr	r0, [r3, #0]
200081ae:	b978      	cbnz	r0, 200081d0 <stdio_buffered_printer+0x40>
200081b0:	2300      	movs	r3, #0
200081b2:	2201      	movs	r2, #1
200081b4:	4423      	add	r3, r4
200081b6:	6022      	str	r2, [r4, #0]
200081b8:	711d      	strb	r5, [r3, #4]
200081ba:	b002      	add	sp, #8
200081bc:	bd70      	pop	{r4, r5, r6, pc}
200081be:	6822      	ldr	r2, [r4, #0]
200081c0:	1d21      	adds	r1, r4, #4
200081c2:	9001      	str	r0, [sp, #4]
200081c4:	f7ff ff8c 	bl	200080e0 <stdio_out_chars_crlf>
200081c8:	9801      	ldr	r0, [sp, #4]
200081ca:	6900      	ldr	r0, [r0, #16]
200081cc:	2800      	cmp	r0, #0
200081ce:	d0ef      	beq.n	200081b0 <stdio_buffered_printer+0x20>
200081d0:	6803      	ldr	r3, [r0, #0]
200081d2:	2b00      	cmp	r3, #0
200081d4:	d0f9      	beq.n	200081ca <stdio_buffered_printer+0x3a>
200081d6:	4b04      	ldr	r3, [pc, #16]	@ (200081e8 <stdio_buffered_printer+0x58>)
200081d8:	681b      	ldr	r3, [r3, #0]
200081da:	2b00      	cmp	r3, #0
200081dc:	d0ef      	beq.n	200081be <stdio_buffered_printer+0x2e>
200081de:	4283      	cmp	r3, r0
200081e0:	d1f3      	bne.n	200081ca <stdio_buffered_printer+0x3a>
200081e2:	e7ec      	b.n	200081be <stdio_buffered_printer+0x2e>
200081e4:	20014a38 	.word	0x20014a38
200081e8:	20014ab8 	.word	0x20014ab8

200081ec <stdio_put_string>:
200081ec:	e92d 4ff0 	stmdb	sp!, {r4, r5, r6, r7, r8, r9, sl, fp, lr}
200081f0:	b083      	sub	sp, #12
200081f2:	4691      	mov	r9, r2
200081f4:	461c      	mov	r4, r3
200081f6:	460d      	mov	r5, r1
200081f8:	4680      	mov	r8, r0
200081fa:	f7fc febb 	bl	20004f74 <time_us_64>
200081fe:	f04f 37ff 	mov.w	r7, #4294967295	@ 0xffffffff
20008202:	f06f 4600 	mvn.w	r6, #2147483648	@ 0x80000000
20008206:	4a24      	ldr	r2, [pc, #144]	@ (20008298 <stdio_put_string+0xac>)
20008208:	1882      	adds	r2, r0, r2
2000820a:	f141 0300 	adc.w	r3, r1, #0
2000820e:	4297      	cmp	r7, r2
20008210:	eb76 0103 	sbcs.w	r1, r6, r3
20008214:	bf3c      	itt	cc
20008216:	463a      	movcc	r2, r7
20008218:	4633      	movcc	r3, r6
2000821a:	4820      	ldr	r0, [pc, #128]	@ (2000829c <stdio_put_string+0xb0>)
2000821c:	f004 fef6 	bl	2000d00c <mutex_try_enter_block_until>
20008220:	1c6b      	adds	r3, r5, #1
20008222:	4683      	mov	fp, r0
20008224:	d02b      	beq.n	2000827e <stdio_put_string+0x92>
20008226:	b344      	cbz	r4, 2000827a <stdio_put_string+0x8e>
20008228:	4f1d      	ldr	r7, [pc, #116]	@ (200082a0 <stdio_put_string+0xb4>)
2000822a:	4b1e      	ldr	r3, [pc, #120]	@ (200082a4 <stdio_put_string+0xb8>)
2000822c:	681c      	ldr	r4, [r3, #0]
2000822e:	b1ec      	cbz	r4, 2000826c <stdio_put_string+0x80>
20008230:	f04f 0a0a 	mov.w	sl, #10
20008234:	4e1c      	ldr	r6, [pc, #112]	@ (200082a8 <stdio_put_string+0xbc>)
20008236:	e001      	b.n	2000823c <stdio_put_string+0x50>
20008238:	6924      	ldr	r4, [r4, #16]
2000823a:	b1bc      	cbz	r4, 2000826c <stdio_put_string+0x80>
2000823c:	6823      	ldr	r3, [r4, #0]
2000823e:	2b00      	cmp	r3, #0
20008240:	d0fa      	beq.n	20008238 <stdio_put_string+0x4c>
20008242:	6833      	ldr	r3, [r6, #0]
20008244:	b10b      	cbz	r3, 2000824a <stdio_put_string+0x5e>
20008246:	42a3      	cmp	r3, r4
20008248:	d1f6      	bne.n	20008238 <stdio_put_string+0x4c>
2000824a:	462a      	mov	r2, r5
2000824c:	4641      	mov	r1, r8
2000824e:	4620      	mov	r0, r4
20008250:	47b8      	blx	r7
20008252:	f1b9 0f00 	cmp.w	r9, #0
20008256:	d0ef      	beq.n	20008238 <stdio_put_string+0x4c>
20008258:	4620      	mov	r0, r4
2000825a:	2201      	movs	r2, #1
2000825c:	f10d 0107 	add.w	r1, sp, #7
20008260:	f88d a007 	strb.w	sl, [sp, #7]
20008264:	47b8      	blx	r7
20008266:	6924      	ldr	r4, [r4, #16]
20008268:	2c00      	cmp	r4, #0
2000826a:	d1e7      	bne.n	2000823c <stdio_put_string+0x50>
2000826c:	f1bb 0f00 	cmp.w	fp, #0
20008270:	d10a      	bne.n	20008288 <stdio_put_string+0x9c>
20008272:	4628      	mov	r0, r5
20008274:	b003      	add	sp, #12
20008276:	e8bd 8ff0 	ldmia.w	sp!, {r4, r5, r6, r7, r8, r9, sl, fp, pc}
2000827a:	4f0c      	ldr	r7, [pc, #48]	@ (200082ac <stdio_put_string+0xc0>)
2000827c:	e7d5      	b.n	2000822a <stdio_put_string+0x3e>
2000827e:	4640      	mov	r0, r8
20008280:	f003 fa90 	bl	2000b7a4 <strlen>
20008284:	4605      	mov	r5, r0
20008286:	e7ce      	b.n	20008226 <stdio_put_string+0x3a>
20008288:	4804      	ldr	r0, [pc, #16]	@ (2000829c <stdio_put_string+0xb0>)
2000828a:	f004 fef3 	bl	2000d074 <mutex_exit>
2000828e:	4628      	mov	r0, r5
20008290:	b003      	add	sp, #12
20008292:	e8bd 8ff0 	ldmia.w	sp!, {r4, r5, r6, r7, r8, r9, sl, fp, pc}
20008296:	bf00      	nop
20008298:	000f4240 	.word	0x000f4240
2000829c:	2000ea70 	.word	0x2000ea70
200082a0:	200080e1 	.word	0x200080e1
200082a4:	20014a38 	.word	0x20014a38
200082a8:	20014ab8 	.word	0x20014ab8
200082ac:	200080d9 	.word	0x200080d9

200082b0 <__wrap_putchar>:
200082b0:	2301      	movs	r3, #1
200082b2:	b510      	push	{r4, lr}
200082b4:	4604      	mov	r4, r0
200082b6:	b082      	sub	sp, #8
200082b8:	2200      	movs	r2, #0
200082ba:	4619      	mov	r1, r3
200082bc:	f10d 0007 	add.w	r0, sp, #7
200082c0:	f88d 4007 	strb.w	r4, [sp, #7]
200082c4:	f7ff ff92 	bl	200081ec <stdio_put_string>
200082c8:	4620      	mov	r0, r4
200082ca:	b002      	add	sp, #8
200082cc:	bd10      	pop	{r4, pc}
200082ce:	bf00      	nop

200082d0 <__wrap_puts>:
200082d0:	b538      	push	{r3, r4, r5, lr}
200082d2:	4604      	mov	r4, r0
200082d4:	f003 fa66 	bl	2000b7a4 <strlen>
200082d8:	2301      	movs	r3, #1
200082da:	4605      	mov	r5, r0
200082dc:	461a      	mov	r2, r3
200082de:	4620      	mov	r0, r4
200082e0:	4629      	mov	r1, r5
200082e2:	f7ff ff83 	bl	200081ec <stdio_put_string>
200082e6:	4b05      	ldr	r3, [pc, #20]	@ (200082fc <__wrap_puts+0x2c>)
200082e8:	681c      	ldr	r4, [r3, #0]
200082ea:	b12c      	cbz	r4, 200082f8 <__wrap_puts+0x28>
200082ec:	6863      	ldr	r3, [r4, #4]
200082ee:	b103      	cbz	r3, 200082f2 <__wrap_puts+0x22>
200082f0:	4798      	blx	r3
200082f2:	6924      	ldr	r4, [r4, #16]
200082f4:	2c00      	cmp	r4, #0
200082f6:	d1f9      	bne.n	200082ec <__wrap_puts+0x1c>
200082f8:	4628      	mov	r0, r5
200082fa:	bd38      	pop	{r3, r4, r5, pc}
200082fc:	20014a38 	.word	0x20014a38

20008300 <__wrap_vprintf>:
20008300:	e92d 41f0 	stmdb	sp!, {r4, r5, r6, r7, r8, lr}
20008304:	b0a2      	sub	sp, #136	@ 0x88
20008306:	460e      	mov	r6, r1
20008308:	4605      	mov	r5, r0
2000830a:	f7fc fe33 	bl	20004f74 <time_us_64>
2000830e:	f04f 3cff 	mov.w	ip, #4294967295	@ 0xffffffff
20008312:	f06f 4400 	mvn.w	r4, #2147483648	@ 0x80000000
20008316:	4a24      	ldr	r2, [pc, #144]	@ (200083a8 <__wrap_vprintf+0xa8>)
20008318:	1882      	adds	r2, r0, r2
2000831a:	f141 0300 	adc.w	r3, r1, #0
2000831e:	4594      	cmp	ip, r2
20008320:	eb74 0103 	sbcs.w	r1, r4, r3
20008324:	bf3c      	itt	cc
20008326:	4623      	movcc	r3, r4
20008328:	4662      	movcc	r2, ip
2000832a:	4820      	ldr	r0, [pc, #128]	@ (200083ac <__wrap_vprintf+0xac>)
2000832c:	f004 fe6e 	bl	2000d00c <mutex_try_enter_block_until>
20008330:	2400      	movs	r4, #0
20008332:	4633      	mov	r3, r6
20008334:	4607      	mov	r7, r0
20008336:	462a      	mov	r2, r5
20008338:	481d      	ldr	r0, [pc, #116]	@ (200083b0 <__wrap_vprintf+0xb0>)
2000833a:	a901      	add	r1, sp, #4
2000833c:	9401      	str	r4, [sp, #4]
2000833e:	f7ff fe73 	bl	20008028 <vfctprintf>
20008342:	4e1c      	ldr	r6, [pc, #112]	@ (200083b4 <__wrap_vprintf+0xb4>)
20008344:	9b01      	ldr	r3, [sp, #4]
20008346:	4680      	mov	r8, r0
20008348:	6834      	ldr	r4, [r6, #0]
2000834a:	b1bb      	cbz	r3, 2000837c <__wrap_vprintf+0x7c>
2000834c:	2c00      	cmp	r4, #0
2000834e:	d028      	beq.n	200083a2 <__wrap_vprintf+0xa2>
20008350:	4d19      	ldr	r5, [pc, #100]	@ (200083b8 <__wrap_vprintf+0xb8>)
20008352:	e001      	b.n	20008358 <__wrap_vprintf+0x58>
20008354:	6924      	ldr	r4, [r4, #16]
20008356:	b174      	cbz	r4, 20008376 <__wrap_vprintf+0x76>
20008358:	6823      	ldr	r3, [r4, #0]
2000835a:	2b00      	cmp	r3, #0
2000835c:	d0fa      	beq.n	20008354 <__wrap_vprintf+0x54>
2000835e:	682b      	ldr	r3, [r5, #0]
20008360:	b10b      	cbz	r3, 20008366 <__wrap_vprintf+0x66>
20008362:	429c      	cmp	r4, r3
20008364:	d1f6      	bne.n	20008354 <__wrap_vprintf+0x54>
20008366:	4620      	mov	r0, r4
20008368:	9a01      	ldr	r2, [sp, #4]
2000836a:	a902      	add	r1, sp, #8
2000836c:	f7ff feb8 	bl	200080e0 <stdio_out_chars_crlf>
20008370:	6924      	ldr	r4, [r4, #16]
20008372:	2c00      	cmp	r4, #0
20008374:	d1f0      	bne.n	20008358 <__wrap_vprintf+0x58>
20008376:	4623      	mov	r3, r4
20008378:	6834      	ldr	r4, [r6, #0]
2000837a:	9301      	str	r3, [sp, #4]
2000837c:	b12c      	cbz	r4, 2000838a <__wrap_vprintf+0x8a>
2000837e:	6863      	ldr	r3, [r4, #4]
20008380:	b103      	cbz	r3, 20008384 <__wrap_vprintf+0x84>
20008382:	4798      	blx	r3
20008384:	6924      	ldr	r4, [r4, #16]
20008386:	2c00      	cmp	r4, #0
20008388:	d1f9      	bne.n	2000837e <__wrap_vprintf+0x7e>
2000838a:	b91f      	cbnz	r7, 20008394 <__wrap_vprintf+0x94>
2000838c:	4640      	mov	r0, r8
2000838e:	b022      	add	sp, #136	@ 0x88
20008390:	e8bd 81f0 	ldmia.w	sp!, {r4, r5, r6, r7, r8, pc}
20008394:	4805      	ldr	r0, [pc, #20]	@ (200083ac <__wrap_vprintf+0xac>)
20008396:	f004 fe6d 	bl	2000d074 <mutex_exit>
2000839a:	4640      	mov	r0, r8
2000839c:	b022      	add	sp, #136	@ 0x88
2000839e:	e8bd 81f0 	ldmia.w	sp!, {r4, r5, r6, r7, r8, pc}
200083a2:	9401      	str	r4, [sp, #4]
200083a4:	e7f1      	b.n	2000838a <__wrap_vprintf+0x8a>
200083a6:	bf00      	nop
200083a8:	000f4240 	.word	0x000f4240
200083ac:	2000ea70 	.word	0x2000ea70
200083b0:	20008191 	.word	0x20008191
200083b4:	20014a38 	.word	0x20014a38
200083b8:	20014ab8 	.word	0x20014ab8

200083bc <__wrap_printf>:
200083bc:	b40f      	push	{r0, r1, r2, r3}
200083be:	b500      	push	{lr}
200083c0:	b083      	sub	sp, #12
200083c2:	a904      	add	r1, sp, #16
200083c4:	f851 0b04 	ldr.w	r0, [r1], #4
200083c8:	9101      	str	r1, [sp, #4]
200083ca:	f7ff ff99 	bl	20008300 <__wrap_vprintf>
200083ce:	b003      	add	sp, #12
200083d0:	f85d eb04 	ldr.w	lr, [sp], #4
200083d4:	b004      	add	sp, #16
200083d6:	4770      	bx	lr

200083d8 <core1_trampoline>:
200083d8:	bd03      	pop	{r0, r1, pc}
200083da:	bf00      	nop

200083dc <core1_wrapper>:
200083dc:	b500      	push	{lr}
200083de:	b083      	sub	sp, #12
200083e0:	9001      	str	r0, [sp, #4]
200083e2:	f7fd f855 	bl	20005490 <runtime_run_per_core_initializers>
200083e6:	9801      	ldr	r0, [sp, #4]
200083e8:	b003      	add	sp, #12
200083ea:	f85d eb04 	ldr.w	lr, [sp], #4
200083ee:	4700      	bx	r0

200083f0 <multicore_launch_core1_raw>:
200083f0:	b570      	push	{r4, r5, r6, lr}
200083f2:	4605      	mov	r5, r0
200083f4:	b088      	sub	sp, #32
200083f6:	2019      	movs	r0, #25
200083f8:	460c      	mov	r4, r1
200083fa:	9201      	str	r2, [sp, #4]
200083fc:	f7fc f8b8 	bl	20004570 <irq_is_enabled>
20008400:	2100      	movs	r1, #0
20008402:	4606      	mov	r6, r0
20008404:	2019      	movs	r0, #25
20008406:	f7fc f89d 	bl	20004544 <irq_set_enabled>
2000840a:	2300      	movs	r3, #0
2000840c:	4619      	mov	r1, r3
2000840e:	9a01      	ldr	r2, [sp, #4]
20008410:	e9cd 3302 	strd	r3, r3, [sp, #8]
20008414:	9205      	str	r2, [sp, #20]
20008416:	2201      	movs	r2, #1
20008418:	f04f 4350 	mov.w	r3, #3489660928	@ 0xd0000000
2000841c:	4608      	mov	r0, r1
2000841e:	9406      	str	r4, [sp, #24]
20008420:	9507      	str	r5, [sp, #28]
20008422:	9204      	str	r2, [sp, #16]
20008424:	b1a1      	cbz	r1, 20008450 <multicore_launch_core1_raw+0x60>
20008426:	6d1a      	ldr	r2, [r3, #80]	@ 0x50
20008428:	0795      	lsls	r5, r2, #30
2000842a:	d5fc      	bpl.n	20008426 <multicore_launch_core1_raw+0x36>
2000842c:	6559      	str	r1, [r3, #84]	@ 0x54
2000842e:	bf40      	sev
20008430:	6d1a      	ldr	r2, [r3, #80]	@ 0x50
20008432:	07d4      	lsls	r4, r2, #31
20008434:	d403      	bmi.n	2000843e <multicore_launch_core1_raw+0x4e>
20008436:	bf20      	wfe
20008438:	6d1a      	ldr	r2, [r3, #80]	@ 0x50
2000843a:	07d2      	lsls	r2, r2, #31
2000843c:	d5fb      	bpl.n	20008436 <multicore_launch_core1_raw+0x46>
2000843e:	6d9a      	ldr	r2, [r3, #88]	@ 0x58
20008440:	428a      	cmp	r2, r1
20008442:	d00a      	beq.n	2000845a <multicore_launch_core1_raw+0x6a>
20008444:	2000      	movs	r0, #0
20008446:	eb0d 0280 	add.w	r2, sp, r0, lsl #2
2000844a:	6891      	ldr	r1, [r2, #8]
2000844c:	e7ea      	b.n	20008424 <multicore_launch_core1_raw+0x34>
2000844e:	6d9a      	ldr	r2, [r3, #88]	@ 0x58
20008450:	6d1a      	ldr	r2, [r3, #80]	@ 0x50
20008452:	07d2      	lsls	r2, r2, #31
20008454:	d4fb      	bmi.n	2000844e <multicore_launch_core1_raw+0x5e>
20008456:	bf40      	sev
20008458:	e7e5      	b.n	20008426 <multicore_launch_core1_raw+0x36>
2000845a:	3001      	adds	r0, #1
2000845c:	2806      	cmp	r0, #6
2000845e:	d1f2      	bne.n	20008446 <multicore_launch_core1_raw+0x56>
20008460:	4631      	mov	r1, r6
20008462:	2019      	movs	r0, #25
20008464:	b008      	add	sp, #32
20008466:	e8bd 4070 	ldmia.w	sp!, {r4, r5, r6, lr}
2000846a:	f7fc b86b 	b.w	20004544 <irq_set_enabled>
2000846e:	bf00      	nop

20008470 <multicore_launch_core1>:
20008470:	4b0c      	ldr	r3, [pc, #48]	@ (200084a4 <multicore_launch_core1+0x34>)
20008472:	4a0d      	ldr	r2, [pc, #52]	@ (200084a8 <multicore_launch_core1+0x38>)
20008474:	4293      	cmp	r3, r2
20008476:	d30e      	bcc.n	20008496 <multicore_launch_core1+0x26>
20008478:	469c      	mov	ip, r3
2000847a:	f203 71f4 	addw	r1, r3, #2036	@ 0x7f4
2000847e:	4a0b      	ldr	r2, [pc, #44]	@ (200084ac <multicore_launch_core1+0x3c>)
20008480:	6892      	ldr	r2, [r2, #8]
20008482:	f8cc 07f4 	str.w	r0, [ip, #2036]	@ 0x7f4
20008486:	480a      	ldr	r0, [pc, #40]	@ (200084b0 <multicore_launch_core1+0x40>)
20008488:	f8cc 37f8 	str.w	r3, [ip, #2040]	@ 0x7f8
2000848c:	f8cc 07fc 	str.w	r0, [ip, #2044]	@ 0x7fc
20008490:	4808      	ldr	r0, [pc, #32]	@ (200084b4 <multicore_launch_core1+0x44>)
20008492:	f7ff bfad 	b.w	200083f0 <multicore_launch_core1_raw>
20008496:	f04f 33ff 	mov.w	r3, #4294967295	@ 0xffffffff
2000849a:	f240 71f3 	movw	r1, #2035	@ 0x7f3
2000849e:	469c      	mov	ip, r3
200084a0:	e7ed      	b.n	2000847e <multicore_launch_core1+0xe>
200084a2:	bf00      	nop
200084a4:	20080800 	.word	0x20080800
200084a8:	20080000 	.word	0x20080000
200084ac:	e000ed00 	.word	0xe000ed00
200084b0:	200083dd 	.word	0x200083dd
200084b4:	200083d9 	.word	0x200083d9

200084b8 <_retrieve_unique_id_on_boot>:
200084b8:	b500      	push	{lr}
200084ba:	f245 3047 	movw	r0, #21319	@ 0x5347
200084be:	b08b      	sub	sp, #44	@ 0x2c
200084c0:	f7fc ff94 	bl	200053ec <rom_func_lookup>
200084c4:	2201      	movs	r2, #1
200084c6:	4603      	mov	r3, r0
200084c8:	2109      	movs	r1, #9
200084ca:	a801      	add	r0, sp, #4
200084cc:	4798      	blx	r3
200084ce:	4a05      	ldr	r2, [pc, #20]	@ (200084e4 <_retrieve_unique_id_on_boot+0x2c>)
200084d0:	ab05      	add	r3, sp, #20
200084d2:	a803      	add	r0, sp, #12
200084d4:	f813 1d01 	ldrb.w	r1, [r3, #-1]!
200084d8:	4283      	cmp	r3, r0
200084da:	f802 1f01 	strb.w	r1, [r2, #1]!
200084de:	d1f9      	bne.n	200084d4 <_retrieve_unique_id_on_boot+0x1c>
200084e0:	b00b      	add	sp, #44	@ 0x2c
200084e2:	bd00      	pop	{pc}
200084e4:	20015397 	.word	0x20015397

200084e8 <pico_get_unique_board_id_string>:
200084e8:	2901      	cmp	r1, #1
200084ea:	b510      	push	{r4, lr}
200084ec:	4604      	mov	r4, r0
200084ee:	d01e      	beq.n	2000852e <pico_get_unique_board_id_string+0x46>
200084f0:	f04f 0c00 	mov.w	ip, #0
200084f4:	4811      	ldr	r0, [pc, #68]	@ (2000853c <pico_get_unique_board_id_string+0x54>)
200084f6:	3901      	subs	r1, #1
200084f8:	f104 3eff 	add.w	lr, r4, #4294967295	@ 0xffffffff
200084fc:	ea6f 020c 	mvn.w	r2, ip
20008500:	ea4f 035c 	mov.w	r3, ip, lsr #1
20008504:	5cc3      	ldrb	r3, [r0, r3]
20008506:	f002 0201 	and.w	r2, r2, #1
2000850a:	0092      	lsls	r2, r2, #2
2000850c:	4113      	asrs	r3, r2
2000850e:	f003 030f 	and.w	r3, r3, #15
20008512:	2b09      	cmp	r3, #9
20008514:	f10c 0c01 	add.w	ip, ip, #1
20008518:	bfd4      	ite	le
2000851a:	3330      	addle	r3, #48	@ 0x30
2000851c:	3337      	addgt	r3, #55	@ 0x37
2000851e:	458c      	cmp	ip, r1
20008520:	f80e 3f01 	strb.w	r3, [lr, #1]!
20008524:	d006      	beq.n	20008534 <pico_get_unique_board_id_string+0x4c>
20008526:	f1bc 0f10 	cmp.w	ip, #16
2000852a:	d1e7      	bne.n	200084fc <pico_get_unique_board_id_string+0x14>
2000852c:	3410      	adds	r4, #16
2000852e:	2300      	movs	r3, #0
20008530:	7023      	strb	r3, [r4, #0]
20008532:	bd10      	pop	{r4, pc}
20008534:	2300      	movs	r3, #0
20008536:	4464      	add	r4, ip
20008538:	7023      	strb	r3, [r4, #0]
2000853a:	bd10      	pop	{r4, pc}
2000853c:	20015398 	.word	0x20015398

20008540 <adc_init>:
20008540:	2301      	movs	r3, #1
20008542:	4807      	ldr	r0, [pc, #28]	@ (20008560 <adc_init+0x20>)
20008544:	4907      	ldr	r1, [pc, #28]	@ (20008564 <adc_init+0x24>)
20008546:	4a08      	ldr	r2, [pc, #32]	@ (20008568 <adc_init+0x28>)
20008548:	6003      	str	r3, [r0, #0]
2000854a:	600b      	str	r3, [r1, #0]
2000854c:	6893      	ldr	r3, [r2, #8]
2000854e:	07d9      	lsls	r1, r3, #31
20008550:	d5fc      	bpl.n	2000854c <adc_init+0xc>
20008552:	2301      	movs	r3, #1
20008554:	4a05      	ldr	r2, [pc, #20]	@ (2000856c <adc_init+0x2c>)
20008556:	6013      	str	r3, [r2, #0]
20008558:	6813      	ldr	r3, [r2, #0]
2000855a:	05db      	lsls	r3, r3, #23
2000855c:	d5fc      	bpl.n	20008558 <adc_init+0x18>
2000855e:	4770      	bx	lr
20008560:	40022000 	.word	0x40022000
20008564:	40023000 	.word	0x40023000
20008568:	40020000 	.word	0x40020000
2000856c:	400a0000 	.word	0x400a0000

20008570 <update_pio_frequency>:
20008570:	b530      	push	{r4, r5, lr}
20008572:	4605      	mov	r5, r0
20008574:	b083      	sub	sp, #12
20008576:	4810      	ldr	r0, [pc, #64]	@ (200085b8 <update_pio_frequency+0x48>)
20008578:	460c      	mov	r4, r1
2000857a:	f7ff ff1f 	bl	200083bc <__wrap_printf>
2000857e:	2005      	movs	r0, #5
20008580:	f7fc fdf2 	bl	20005168 <clock_get_hz>
20008584:	4601      	mov	r1, r0
20008586:	fbb1 f2f4 	udiv	r2, r1, r4
2000858a:	fb04 1312 	mls	r3, r4, r2, r1
2000858e:	2b00      	cmp	r3, #0
20008590:	bf18      	it	ne
20008592:	3201      	addne	r2, #1
20008594:	4809      	ldr	r0, [pc, #36]	@ (200085bc <update_pio_frequency+0x4c>)
20008596:	9201      	str	r2, [sp, #4]
20008598:	f7ff ff10 	bl	200083bc <__wrap_printf>
2000859c:	792b      	ldrb	r3, [r5, #4]
2000859e:	6829      	ldr	r1, [r5, #0]
200085a0:	9a01      	ldr	r2, [sp, #4]
200085a2:	eb03 0343 	add.w	r3, r3, r3, lsl #1
200085a6:	0212      	lsls	r2, r2, #8
200085a8:	eb01 01c3 	add.w	r1, r1, r3, lsl #3
200085ac:	f8c1 20c8 	str.w	r2, [r1, #200]	@ 0xc8
200085b0:	60ec      	str	r4, [r5, #12]
200085b2:	b003      	add	sp, #12
200085b4:	bd30      	pop	{r4, r5, pc}
200085b6:	bf00      	nop
200085b8:	2000d9fc 	.word	0x2000d9fc
200085bc:	2000da14 	.word	0x2000da14

200085c0 <init_spdif_buffer.isra.0>:
200085c0:	4603      	mov	r3, r0
200085c2:	f04f 41aa 	mov.w	r1, #1426063360	@ 0x55000000
200085c6:	b530      	push	{r4, r5, lr}
200085c8:	685d      	ldr	r5, [r3, #4]
200085ca:	f8df e058 	ldr.w	lr, [pc, #88]	@ 20008624 <init_spdif_buffer.isra.0+0x64>
200085ce:	4813      	ldr	r0, [pc, #76]	@ (2000861c <init_spdif_buffer.isra.0+0x5c>)
200085d0:	f105 0320 	add.w	r3, r5, #32
200085d4:	f845 eb10 	str.w	lr, [r5], #16
200085d8:	2201      	movs	r2, #1
200085da:	f04f 0c24 	mov.w	ip, #36	@ 0x24
200085de:	e945 1003 	strd	r1, r0, [r5, #-12]
200085e2:	4c0f      	ldr	r4, [pc, #60]	@ (20008620 <init_spdif_buffer.isra.0+0x60>)
200085e4:	f845 1c04 	str.w	r1, [r5, #-4]
200085e8:	e007      	b.n	200085fa <init_spdif_buffer.isra.0+0x3a>
200085ea:	3201      	adds	r2, #1
200085ec:	2ac0      	cmp	r2, #192	@ 0xc0
200085ee:	e943 4104 	strd	r4, r1, [r3, #-16]
200085f2:	e943 0102 	strd	r0, r1, [r3, #-8]
200085f6:	d010      	beq.n	2000861a <init_spdif_buffer.isra.0+0x5a>
200085f8:	3310      	adds	r3, #16
200085fa:	2a1f      	cmp	r2, #31
200085fc:	d8f5      	bhi.n	200085ea <init_spdif_buffer.isra.0+0x2a>
200085fe:	fa4c f502 	asr.w	r5, ip, r2
20008602:	076d      	lsls	r5, r5, #29
20008604:	f005 5500 	and.w	r5, r5, #536870912	@ 0x20000000
20008608:	f045 45aa 	orr.w	r5, r5, #1426063360	@ 0x55000000
2000860c:	e943 4504 	strd	r4, r5, [r3, #-16]
20008610:	e943 0502 	strd	r0, r5, [r3, #-8]
20008614:	3201      	adds	r2, #1
20008616:	3310      	adds	r3, #16
20008618:	e7ef      	b.n	200085fa <init_spdif_buffer.isra.0+0x3a>
2000861a:	bd30      	pop	{r4, r5, pc}
2000861c:	00555569 	.word	0x00555569
20008620:	005555c9 	.word	0x005555c9
20008624:	00555539 	.word	0x00555539

20008628 <spdif_program_init>:
20008628:	b5f0      	push	{r4, r5, r6, r7, lr}
2000862a:	461f      	mov	r7, r3
2000862c:	f44f 3380 	mov.w	r3, #65536	@ 0x10000
20008630:	b087      	sub	sp, #28
20008632:	1cd4      	adds	r4, r2, #3
20008634:	9302      	str	r3, [sp, #8]
20008636:	01d3      	lsls	r3, r2, #7
20008638:	ea43 3304 	orr.w	r3, r3, r4, lsl #12
2000863c:	f023 43c0 	bic.w	r3, r3, #1610612736	@ 0x60000000
20008640:	9303      	str	r3, [sp, #12]
20008642:	02bb      	lsls	r3, r7, #10
20008644:	f403 43f8 	and.w	r3, r3, #31744	@ 0x7c00
20008648:	f043 5300 	orr.w	r3, r3, #536870912	@ 0x20000000
2000864c:	9305      	str	r3, [sp, #20]
2000864e:	4b0e      	ldr	r3, [pc, #56]	@ (20008688 <spdif_program_init+0x60>)
20008650:	4605      	mov	r5, r0
20008652:	9304      	str	r3, [sp, #16]
20008654:	ab02      	add	r3, sp, #8
20008656:	460c      	mov	r4, r1
20008658:	f002 061f 	and.w	r6, r2, #31
2000865c:	f000 fc5e 	bl	20008f1c <pio_sm_init>
20008660:	2301      	movs	r3, #1
20008662:	463a      	mov	r2, r7
20008664:	4621      	mov	r1, r4
20008666:	9300      	str	r3, [sp, #0]
20008668:	4628      	mov	r0, r5
2000866a:	f000 fc11 	bl	20008e90 <pio_sm_set_consecutive_pindirs>
2000866e:	4621      	mov	r1, r4
20008670:	4628      	mov	r0, r5
20008672:	2200      	movs	r2, #0
20008674:	f000 fba0 	bl	20008db8 <pio_sm_set_pins>
20008678:	eb04 0444 	add.w	r4, r4, r4, lsl #1
2000867c:	eb05 05c4 	add.w	r5, r5, r4, lsl #3
20008680:	f8c5 60d8 	str.w	r6, [r5, #216]	@ 0xd8
20008684:	b007      	add	sp, #28
20008686:	bdf0      	pop	{r4, r5, r6, r7, pc}
20008688:	400e0000 	.word	0x400e0000

2000868c <audio_spdif_setup>:
2000868c:	f8df c238 	ldr.w	ip, [pc, #568]	@ 200088c8 <audio_spdif_setup+0x23c>
20008690:	e92d 47f0 	stmdb	sp!, {r4, r5, r6, r7, r8, r9, sl, lr}
20008694:	4604      	mov	r4, r0
20008696:	f89c 0000 	ldrb.w	r0, [ip]
2000869a:	468a      	mov	sl, r1
2000869c:	4616      	mov	r6, r2
2000869e:	bb10      	cbnz	r0, 200086e6 <audio_spdif_setup+0x5a>
200086a0:	2701      	movs	r7, #1
200086a2:	f04f 0e02 	mov.w	lr, #2
200086a6:	f8df 8224 	ldr.w	r8, [pc, #548]	@ 200088cc <audio_spdif_setup+0x240>
200086aa:	f508 6980 	add.w	r9, r8, #1024	@ 0x400
200086ae:	2300      	movs	r3, #0
200086b0:	f245 5155 	movw	r1, #21845	@ 0x5555
200086b4:	461d      	mov	r5, r3
200086b6:	fa07 f203 	lsl.w	r2, r7, r3
200086ba:	4202      	tst	r2, r0
200086bc:	d005      	beq.n	200086ca <audio_spdif_setup+0x3e>
200086be:	005a      	lsls	r2, r3, #1
200086c0:	fa0e f202 	lsl.w	r2, lr, r2
200086c4:	f085 0501 	eor.w	r5, r5, #1
200086c8:	4311      	orrs	r1, r2
200086ca:	3301      	adds	r3, #1
200086cc:	2b08      	cmp	r3, #8
200086ce:	d1f2      	bne.n	200086b6 <audio_spdif_setup+0x2a>
200086d0:	ea41 4105 	orr.w	r1, r1, r5, lsl #16
200086d4:	f848 1f04 	str.w	r1, [r8, #4]!
200086d8:	45c8      	cmp	r8, r9
200086da:	f100 0001 	add.w	r0, r0, #1
200086de:	d1e6      	bne.n	200086ae <audio_spdif_setup+0x22>
200086e0:	2301      	movs	r3, #1
200086e2:	f88c 3000 	strb.w	r3, [ip]
200086e6:	78f1      	ldrb	r1, [r6, #3]
200086e8:	2902      	cmp	r1, #2
200086ea:	f200 80d6 	bhi.w	2000889a <audio_spdif_setup+0x20e>
200086ee:	0509      	lsls	r1, r1, #20
200086f0:	f101 43a0 	add.w	r3, r1, #1342177280	@ 0x50000000
200086f4:	f503 1300 	add.w	r3, r3, #2097152	@ 0x200000
200086f8:	6023      	str	r3, [r4, #0]
200086fa:	2300      	movs	r3, #0
200086fc:	461a      	mov	r2, r3
200086fe:	78b5      	ldrb	r5, [r6, #2]
20008700:	7830      	ldrb	r0, [r6, #0]
20008702:	f365 0307 	bfi	r3, r5, #0, #8
20008706:	7875      	ldrb	r5, [r6, #1]
20008708:	0d09      	lsrs	r1, r1, #20
2000870a:	f365 230f 	bfi	r3, r5, #8, #8
2000870e:	7935      	ldrb	r5, [r6, #4]
20008710:	3106      	adds	r1, #6
20008712:	f365 4317 	bfi	r3, r5, #16, #8
20008716:	f360 631f 	bfi	r3, r0, #24, #8
2000871a:	e9c4 3201 	strd	r3, r2, [r4, #4]
2000871e:	60e2      	str	r2, [r4, #12]
20008720:	7422      	strb	r2, [r4, #16]
20008722:	b2c9      	uxtb	r1, r1
20008724:	f7fb fdea 	bl	200042fc <gpio_set_function>
20008728:	7921      	ldrb	r1, [r4, #4]
2000872a:	6820      	ldr	r0, [r4, #0]
2000872c:	f000 fb04 	bl	20008d38 <pio_sm_claim>
20008730:	4d5b      	ldr	r5, [pc, #364]	@ (200088a0 <audio_spdif_setup+0x214>)
20008732:	78f7      	ldrb	r7, [r6, #3]
20008734:	f855 2027 	ldr.w	r2, [r5, r7, lsl #2]
20008738:	2a00      	cmp	r2, #0
2000873a:	f2c0 809a 	blt.w	20008872 <audio_spdif_setup+0x1e6>
2000873e:	4625      	mov	r5, r4
20008740:	7833      	ldrb	r3, [r6, #0]
20008742:	f855 0b1c 	ldr.w	r0, [r5], #28
20008746:	7921      	ldrb	r1, [r4, #4]
20008748:	f7ff ff6e 	bl	20008628 <spdif_program_init>
2000874c:	23c0      	movs	r3, #192	@ 0xc0
2000874e:	f104 0224 	add.w	r2, r4, #36	@ 0x24
20008752:	6265      	str	r5, [r4, #36]	@ 0x24
20008754:	200c      	movs	r0, #12
20008756:	e9c4 330d 	strd	r3, r3, [r4, #52]	@ 0x34
2000875a:	6322      	str	r2, [r4, #48]	@ 0x30
2000875c:	f7fe f9fc 	bl	20006b58 <__wrap_malloc>
20008760:	4605      	mov	r5, r0
20008762:	2800      	cmp	r0, #0
20008764:	f000 8092 	beq.w	2000888c <audio_spdif_setup+0x200>
20008768:	f44f 6140 	mov.w	r1, #3072	@ 0xc00
2000876c:	2001      	movs	r0, #1
2000876e:	f7fe fa0f 	bl	20006b90 <__wrap_calloc>
20008772:	4606      	mov	r6, r0
20008774:	6068      	str	r0, [r5, #4]
20008776:	2800      	cmp	r0, #0
20008778:	f000 8085 	beq.w	20008886 <audio_spdif_setup+0x1fa>
2000877c:	f44f 6340 	mov.w	r3, #3072	@ 0xc00
20008780:	4628      	mov	r0, r5
20008782:	602b      	str	r3, [r5, #0]
20008784:	62e5      	str	r5, [r4, #44]	@ 0x2c
20008786:	252a      	movs	r5, #42	@ 0x2a
20008788:	f7ff ff1a 	bl	200085c0 <init_spdif_buffer.isra.0>
2000878c:	4b45      	ldr	r3, [pc, #276]	@ (200088a4 <audio_spdif_setup+0x218>)
2000878e:	f106 0110 	add.w	r1, r6, #16
20008792:	6818      	ldr	r0, [r3, #0]
20008794:	4b44      	ldr	r3, [pc, #272]	@ (200088a8 <audio_spdif_setup+0x21c>)
20008796:	f506 6e41 	add.w	lr, r6, #3088	@ 0xc10
2000879a:	ea03 2c00 	and.w	ip, r3, r0, lsl #8
2000879e:	f3c0 2307 	ubfx	r3, r0, #8, #8
200087a2:	ea4c 0c03 	orr.w	ip, ip, r3
200087a6:	0600      	lsls	r0, r0, #24
200087a8:	f851 7c0c 	ldr.w	r7, [r1, #-12]
200087ac:	f851 6c04 	ldr.w	r6, [r1, #-4]
200087b0:	0e3a      	lsrs	r2, r7, #24
200087b2:	0e33      	lsrs	r3, r6, #24
200087b4:	f002 022a 	and.w	r2, r2, #42	@ 0x2a
200087b8:	f003 032a 	and.w	r3, r3, #42	@ 0x2a
200087bc:	436a      	muls	r2, r5
200087be:	436b      	muls	r3, r5
200087c0:	1192      	asrs	r2, r2, #6
200087c2:	f007 47fe 	and.w	r7, r7, #2130706432	@ 0x7f000000
200087c6:	f006 46fe 	and.w	r6, r6, #2130706432	@ 0x7f000000
200087ca:	119b      	asrs	r3, r3, #6
200087cc:	ea47 77c2 	orr.w	r7, r7, r2, lsl #31
200087d0:	ea46 76c3 	orr.w	r6, r6, r3, lsl #31
200087d4:	0e02      	lsrs	r2, r0, #24
200087d6:	ea47 070c 	orr.w	r7, r7, ip
200087da:	ea46 060c 	orr.w	r6, r6, ip
200087de:	f801 2c0d 	strb.w	r2, [r1, #-13]
200087e2:	f841 7c0c 	str.w	r7, [r1, #-12]
200087e6:	f801 2c05 	strb.w	r2, [r1, #-5]
200087ea:	f841 6c04 	str.w	r6, [r1, #-4]
200087ee:	3110      	adds	r1, #16
200087f0:	4571      	cmp	r1, lr
200087f2:	d1d9      	bne.n	200087a8 <audio_spdif_setup+0x11c>
200087f4:	f3bf 8f5f 	dmb	sy
200087f8:	7960      	ldrb	r0, [r4, #5]
200087fa:	f000 f9f9 	bl	20008bf0 <dma_channel_claim>
200087fe:	2000      	movs	r0, #0
20008800:	6826      	ldr	r6, [r4, #0]
20008802:	7961      	ldrb	r1, [r4, #5]
20008804:	f106 432f 	add.w	r3, r6, #2936012800	@ 0xaf000000
20008808:	7927      	ldrb	r7, [r4, #4]
2000880a:	f503 0360 	add.w	r3, r3, #14680064	@ 0xe00000
2000880e:	0d1b      	lsrs	r3, r3, #20
20008810:	eb07 02c3 	add.w	r2, r7, r3, lsl #3
20008814:	034b      	lsls	r3, r1, #13
20008816:	f423 03fc 	bic.w	r3, r3, #8257536	@ 0x7e0000
2000881a:	ea43 4342 	orr.w	r3, r3, r2, lsl #17
2000881e:	3704      	adds	r7, #4
20008820:	018a      	lsls	r2, r1, #6
20008822:	f102 42a0 	add.w	r2, r2, #1342177280	@ 0x50000000
20008826:	f043 031b 	orr.w	r3, r3, #27
2000882a:	eb06 0687 	add.w	r6, r6, r7, lsl #2
2000882e:	6010      	str	r0, [r2, #0]
20008830:	6056      	str	r6, [r2, #4]
20008832:	6090      	str	r0, [r2, #8]
20008834:	6113      	str	r3, [r2, #16]
20008836:	4d1d      	ldr	r5, [pc, #116]	@ (200088ac <audio_spdif_setup+0x220>)
20008838:	79a0      	ldrb	r0, [r4, #6]
2000883a:	5c2b      	ldrb	r3, [r5, r0]
2000883c:	b17b      	cbz	r3, 2000885e <audio_spdif_setup+0x1d2>
2000883e:	2201      	movs	r2, #1
20008840:	4d1b      	ldr	r5, [pc, #108]	@ (200088b0 <audio_spdif_setup+0x224>)
20008842:	4b1c      	ldr	r3, [pc, #112]	@ (200088b4 <audio_spdif_setup+0x228>)
20008844:	4e1c      	ldr	r6, [pc, #112]	@ (200088b8 <audio_spdif_setup+0x22c>)
20008846:	eb03 1300 	add.w	r3, r3, r0, lsl #4
2000884a:	6828      	ldr	r0, [r5, #0]
2000884c:	1887      	adds	r7, r0, r2
2000884e:	408a      	lsls	r2, r1
20008850:	601a      	str	r2, [r3, #0]
20008852:	602f      	str	r7, [r5, #0]
20008854:	f846 4020 	str.w	r4, [r6, r0, lsl #2]
20008858:	4650      	mov	r0, sl
2000885a:	e8bd 87f0 	ldmia.w	sp!, {r4, r5, r6, r7, r8, r9, sl, pc}
2000885e:	4917      	ldr	r1, [pc, #92]	@ (200088bc <audio_spdif_setup+0x230>)
20008860:	300a      	adds	r0, #10
20008862:	2280      	movs	r2, #128	@ 0x80
20008864:	f7fb fecc 	bl	20004600 <irq_add_shared_handler>
20008868:	2301      	movs	r3, #1
2000886a:	79a0      	ldrb	r0, [r4, #6]
2000886c:	7961      	ldrb	r1, [r4, #5]
2000886e:	542b      	strb	r3, [r5, r0]
20008870:	e7e5      	b.n	2000883e <audio_spdif_setup+0x1b2>
20008872:	4913      	ldr	r1, [pc, #76]	@ (200088c0 <audio_spdif_setup+0x234>)
20008874:	6820      	ldr	r0, [r4, #0]
20008876:	f000 fa83 	bl	20008d80 <pio_add_program>
2000887a:	78f3      	ldrb	r3, [r6, #3]
2000887c:	f845 0027 	str.w	r0, [r5, r7, lsl #2]
20008880:	f855 2023 	ldr.w	r2, [r5, r3, lsl #2]
20008884:	e75b      	b.n	2000873e <audio_spdif_setup+0xb2>
20008886:	4628      	mov	r0, r5
20008888:	f7fe f9a2 	bl	20006bd0 <__wrap_free>
2000888c:	2500      	movs	r5, #0
2000888e:	4628      	mov	r0, r5
20008890:	62e5      	str	r5, [r4, #44]	@ 0x2c
20008892:	f7ff fe95 	bl	200085c0 <init_spdif_buffer.isra.0>
20008896:	686b      	ldr	r3, [r5, #4]
20008898:	deff      	udf	#255	@ 0xff
2000889a:	480a      	ldr	r0, [pc, #40]	@ (200088c4 <audio_spdif_setup+0x238>)
2000889c:	f7fb fd72 	bl	20004384 <panic>
200088a0:	2000e3dc 	.word	0x2000e3dc
200088a4:	2006178c 	.word	0x2006178c
200088a8:	00ffff00 	.word	0x00ffff00
200088ac:	20014ad4 	.word	0x20014ad4
200088b0:	200154f8 	.word	0x200154f8
200088b4:	50002404 	.word	0x50002404
200088b8:	200154fc 	.word	0x200154fc
200088bc:	2000d381 	.word	0x2000d381
200088c0:	2000e27c 	.word	0x2000e27c
200088c4:	2000da48 	.word	0x2000da48
200088c8:	20015f39 	.word	0x20015f39
200088cc:	20061788 	.word	0x20061788

200088d0 <audio_spdif_connect_extra>:
200088d0:	b570      	push	{r4, r5, r6, lr}
200088d2:	460e      	mov	r6, r1
200088d4:	4605      	mov	r5, r0
200088d6:	b082      	sub	sp, #8
200088d8:	4824      	ldr	r0, [pc, #144]	@ (2000896c <audio_spdif_connect_extra+0x9c>)
200088da:	9301      	str	r3, [sp, #4]
200088dc:	f7ff fcf8 	bl	200082d0 <__wrap_puts>
200088e0:	2010      	movs	r0, #16
200088e2:	6873      	ldr	r3, [r6, #4]
200088e4:	4c22      	ldr	r4, [pc, #136]	@ (20008970 <audio_spdif_connect_extra+0xa0>)
200088e6:	681b      	ldr	r3, [r3, #0]
200088e8:	22c0      	movs	r2, #192	@ 0xc0
200088ea:	e9c5 3407 	strd	r3, r4, [r5, #28]
200088ee:	f105 031c 	add.w	r3, r5, #28
200088f2:	8528      	strh	r0, [r5, #40]	@ 0x28
200088f4:	9901      	ldr	r1, [sp, #4]
200088f6:	626b      	str	r3, [r5, #36]	@ 0x24
200088f8:	f105 0024 	add.w	r0, r5, #36	@ 0x24
200088fc:	f000 fbd4 	bl	200090a8 <audio_new_consumer_pool>
20008900:	6904      	ldr	r4, [r0, #16]
20008902:	6468      	str	r0, [r5, #68]	@ 0x44
20008904:	b12c      	cbz	r4, 20008912 <audio_spdif_connect_extra+0x42>
20008906:	6820      	ldr	r0, [r4, #0]
20008908:	f7ff fe5a 	bl	200085c0 <init_spdif_buffer.isra.0>
2000890c:	6964      	ldr	r4, [r4, #20]
2000890e:	2c00      	cmp	r4, #0
20008910:	d1f9      	bne.n	20008906 <audio_spdif_connect_extra+0x36>
20008912:	6873      	ldr	r3, [r6, #4]
20008914:	4628      	mov	r0, r5
20008916:	6819      	ldr	r1, [r3, #0]
20008918:	f7ff fe2a 	bl	20008570 <update_pio_frequency>
2000891c:	f3bf 8f5f 	dmb	sy
20008920:	9b06      	ldr	r3, [sp, #24]
20008922:	b13b      	cbz	r3, 20008934 <audio_spdif_connect_extra+0x64>
20008924:	9806      	ldr	r0, [sp, #24]
20008926:	4631      	mov	r1, r6
20008928:	6c6a      	ldr	r2, [r5, #68]	@ 0x44
2000892a:	f000 fbc3 	bl	200090b4 <audio_complete_connection>
2000892e:	2001      	movs	r0, #1
20008930:	b002      	add	sp, #8
20008932:	bd70      	pop	{r4, r5, r6, pc}
20008934:	6873      	ldr	r3, [r6, #4]
20008936:	88da      	ldrh	r2, [r3, #6]
20008938:	6819      	ldr	r1, [r3, #0]
2000893a:	2a02      	cmp	r2, #2
2000893c:	d00e      	beq.n	2000895c <audio_spdif_connect_extra+0x8c>
2000893e:	480d      	ldr	r0, [pc, #52]	@ (20008974 <audio_spdif_connect_extra+0xa4>)
20008940:	f7ff fd3c 	bl	200083bc <__wrap_printf>
20008944:	4b0c      	ldr	r3, [pc, #48]	@ (20008978 <audio_spdif_connect_extra+0xa8>)
20008946:	490d      	ldr	r1, [pc, #52]	@ (2000897c <audio_spdif_connect_extra+0xac>)
20008948:	4a0d      	ldr	r2, [pc, #52]	@ (20008980 <audio_spdif_connect_extra+0xb0>)
2000894a:	e9c5 1314 	strd	r1, r3, [r5, #80]	@ 0x50
2000894e:	4b0d      	ldr	r3, [pc, #52]	@ (20008984 <audio_spdif_connect_extra+0xb4>)
20008950:	e9c5 2312 	strd	r2, r3, [r5, #72]	@ 0x48
20008954:	f105 0348 	add.w	r3, r5, #72	@ 0x48
20008958:	9306      	str	r3, [sp, #24]
2000895a:	e7e3      	b.n	20008924 <audio_spdif_connect_extra+0x54>
2000895c:	480a      	ldr	r0, [pc, #40]	@ (20008988 <audio_spdif_connect_extra+0xb8>)
2000895e:	f7ff fd2d 	bl	200083bc <__wrap_printf>
20008962:	480a      	ldr	r0, [pc, #40]	@ (2000898c <audio_spdif_connect_extra+0xbc>)
20008964:	f7ff fcb4 	bl	200082d0 <__wrap_puts>
20008968:	e7ec      	b.n	20008944 <audio_spdif_connect_extra+0x74>
2000896a:	bf00      	nop
2000896c:	2000da60 	.word	0x2000da60
20008970:	00020514 	.word	0x00020514
20008974:	2000dadc 	.word	0x2000dadc
20008978:	2000d779 	.word	0x2000d779
2000897c:	2000d40d 	.word	0x2000d40d
20008980:	2000d735 	.word	0x2000d735
20008984:	2000d3f5 	.word	0x2000d3f5
20008988:	2000da7c 	.word	0x2000da7c
2000898c:	2000daa0 	.word	0x2000daa0

20008990 <audio_spdif_change_pin>:
20008990:	b530      	push	{r4, r5, lr}
20008992:	4604      	mov	r4, r0
20008994:	2301      	movs	r3, #1
20008996:	f04f 4ca0 	mov.w	ip, #1342177280	@ 0x50000000
2000899a:	7980      	ldrb	r0, [r0, #6]
2000899c:	7962      	ldrb	r2, [r4, #5]
2000899e:	460d      	mov	r5, r1
200089a0:	4925      	ldr	r1, [pc, #148]	@ (20008a38 <audio_spdif_change_pin+0xa8>)
200089a2:	0100      	lsls	r0, r0, #4
200089a4:	4093      	lsls	r3, r2
200089a6:	1841      	adds	r1, r0, r1
200089a8:	b083      	sub	sp, #12
200089aa:	eb0c 1282 	add.w	r2, ip, r2, lsl #6
200089ae:	600b      	str	r3, [r1, #0]
200089b0:	f8cc 3464 	str.w	r3, [ip, #1124]	@ 0x464
200089b4:	68d3      	ldr	r3, [r2, #12]
200089b6:	f013 6380 	ands.w	r3, r3, #67108864	@ 0x4000000
200089ba:	d1fb      	bne.n	200089b4 <audio_spdif_change_pin+0x24>
200089bc:	68a1      	ldr	r1, [r4, #8]
200089be:	b129      	cbz	r1, 200089cc <audio_spdif_change_pin+0x3c>
200089c0:	6c60      	ldr	r0, [r4, #68]	@ 0x44
200089c2:	9301      	str	r3, [sp, #4]
200089c4:	f004 ff52 	bl	2000d86c <give_audio_buffer>
200089c8:	9b01      	ldr	r3, [sp, #4]
200089ca:	60a3      	str	r3, [r4, #8]
200089cc:	211f      	movs	r1, #31
200089ce:	79e0      	ldrb	r0, [r4, #7]
200089d0:	f7fb fc94 	bl	200042fc <gpio_set_function>
200089d4:	f04f 0200 	mov.w	r2, #0
200089d8:	79e3      	ldrb	r3, [r4, #7]
200089da:	ec42 3044 	gpioc_bit_oe_put r3, r2
200089de:	6821      	ldr	r1, [r4, #0]
200089e0:	4628      	mov	r0, r5
200089e2:	f101 412f 	add.w	r1, r1, #2936012800	@ 0xaf000000
200089e6:	f501 0160 	add.w	r1, r1, #14680064	@ 0xe00000
200089ea:	0d09      	lsrs	r1, r1, #20
200089ec:	3106      	adds	r1, #6
200089ee:	b2c9      	uxtb	r1, r1
200089f0:	f7fb fc84 	bl	200042fc <gpio_set_function>
200089f4:	6820      	ldr	r0, [r4, #0]
200089f6:	4a11      	ldr	r2, [pc, #68]	@ (20008a3c <audio_spdif_change_pin+0xac>)
200089f8:	f100 432f 	add.w	r3, r0, #2936012800	@ 0xaf000000
200089fc:	f503 0360 	add.w	r3, r3, #14680064	@ 0xe00000
20008a00:	0d1b      	lsrs	r3, r3, #20
20008a02:	f852 2023 	ldr.w	r2, [r2, r3, lsl #2]
20008a06:	7921      	ldrb	r1, [r4, #4]
20008a08:	462b      	mov	r3, r5
20008a0a:	f7ff fe0d 	bl	20008628 <spdif_program_init>
20008a0e:	68e1      	ldr	r1, [r4, #12]
20008a10:	b971      	cbnz	r1, 20008a30 <audio_spdif_change_pin+0xa0>
20008a12:	2201      	movs	r2, #1
20008a14:	79a3      	ldrb	r3, [r4, #6]
20008a16:	7960      	ldrb	r0, [r4, #5]
20008a18:	4909      	ldr	r1, [pc, #36]	@ (20008a40 <audio_spdif_change_pin+0xb0>)
20008a1a:	011b      	lsls	r3, r3, #4
20008a1c:	1859      	adds	r1, r3, r1
20008a1e:	4082      	lsls	r2, r0
20008a20:	f103 43a0 	add.w	r3, r3, #1342177280	@ 0x50000000
20008a24:	f8c3 240c 	str.w	r2, [r3, #1036]	@ 0x40c
20008a28:	600a      	str	r2, [r1, #0]
20008a2a:	71e5      	strb	r5, [r4, #7]
20008a2c:	b003      	add	sp, #12
20008a2e:	bd30      	pop	{r4, r5, pc}
20008a30:	4620      	mov	r0, r4
20008a32:	f7ff fd9d 	bl	20008570 <update_pio_frequency>
20008a36:	e7ec      	b.n	20008a12 <audio_spdif_change_pin+0x82>
20008a38:	50003404 	.word	0x50003404
20008a3c:	2000e3dc 	.word	0x2000e3dc
20008a40:	50002404 	.word	0x50002404

20008a44 <audio_spdif_set_enabled>:
20008a44:	7c02      	ldrb	r2, [r0, #16]
20008a46:	428a      	cmp	r2, r1
20008a48:	d033      	beq.n	20008ab2 <audio_spdif_set_enabled+0x6e>
20008a4a:	b530      	push	{r4, r5, lr}
20008a4c:	4603      	mov	r3, r0
20008a4e:	f8df c084 	ldr.w	ip, [pc, #132]	@ 20008ad4 <audio_spdif_set_enabled+0x90>
20008a52:	7980      	ldrb	r0, [r0, #6]
20008a54:	460c      	mov	r4, r1
20008a56:	f81c 2000 	ldrb.w	r2, [ip, r0]
20008a5a:	b083      	sub	sp, #12
20008a5c:	b1a1      	cbz	r1, 20008a88 <audio_spdif_set_enabled+0x44>
20008a5e:	1c51      	adds	r1, r2, #1
20008a60:	f80c 1000 	strb.w	r1, [ip, r0]
20008a64:	b372      	cbz	r2, 20008ac4 <audio_spdif_set_enabled+0x80>
20008a66:	4618      	mov	r0, r3
20008a68:	9301      	str	r3, [sp, #4]
20008a6a:	f004 fc6b 	bl	2000d344 <audio_start_dma_transfer>
20008a6e:	2201      	movs	r2, #1
20008a70:	9b01      	ldr	r3, [sp, #4]
20008a72:	6819      	ldr	r1, [r3, #0]
20008a74:	f893 c004 	ldrb.w	ip, [r3, #4]
20008a78:	6808      	ldr	r0, [r1, #0]
20008a7a:	fa02 f20c 	lsl.w	r2, r2, ip
20008a7e:	4302      	orrs	r2, r0
20008a80:	600a      	str	r2, [r1, #0]
20008a82:	741c      	strb	r4, [r3, #16]
20008a84:	b003      	add	sp, #12
20008a86:	bd30      	pop	{r4, r5, pc}
20008a88:	f04f 0e01 	mov.w	lr, #1
20008a8c:	3a01      	subs	r2, #1
20008a8e:	b2d2      	uxtb	r2, r2
20008a90:	681d      	ldr	r5, [r3, #0]
20008a92:	f80c 2000 	strb.w	r2, [ip, r0]
20008a96:	f893 c004 	ldrb.w	ip, [r3, #4]
20008a9a:	fa0e fe0c 	lsl.w	lr, lr, ip
20008a9e:	f8d5 c000 	ldr.w	ip, [r5]
20008aa2:	ea2c 0c0e 	bic.w	ip, ip, lr
20008aa6:	f8c5 c000 	str.w	ip, [r5]
20008aaa:	b11a      	cbz	r2, 20008ab4 <audio_spdif_set_enabled+0x70>
20008aac:	741c      	strb	r4, [r3, #16]
20008aae:	b003      	add	sp, #12
20008ab0:	bd30      	pop	{r4, r5, pc}
20008ab2:	4770      	bx	lr
20008ab4:	300a      	adds	r0, #10
20008ab6:	9301      	str	r3, [sp, #4]
20008ab8:	f7fb fd44 	bl	20004544 <irq_set_enabled>
20008abc:	9b01      	ldr	r3, [sp, #4]
20008abe:	741c      	strb	r4, [r3, #16]
20008ac0:	b003      	add	sp, #12
20008ac2:	bd30      	pop	{r4, r5, pc}
20008ac4:	2101      	movs	r1, #1
20008ac6:	300a      	adds	r0, #10
20008ac8:	9301      	str	r3, [sp, #4]
20008aca:	f7fb fd3b 	bl	20004544 <irq_set_enabled>
20008ace:	9b01      	ldr	r3, [sp, #4]
20008ad0:	e7c9      	b.n	20008a66 <audio_spdif_set_enabled+0x22>
20008ad2:	bf00      	nop
20008ad4:	20014ad0 	.word	0x20014ad0

20008ad8 <audio_spdif_enable_sync>:
20008ad8:	e92d 47f0 	stmdb	sp!, {r4, r5, r6, r7, r8, r9, sl, lr}
20008adc:	4688      	mov	r8, r1
20008ade:	4604      	mov	r4, r0
20008ae0:	b084      	sub	sp, #16
20008ae2:	2900      	cmp	r1, #0
20008ae4:	d071      	beq.n	20008bca <audio_spdif_enable_sync+0xf2>
20008ae6:	1f05      	subs	r5, r0, #4
20008ae8:	46aa      	mov	sl, r5
20008aea:	2600      	movs	r6, #0
20008aec:	f8df 90fc 	ldr.w	r9, [pc, #252]	@ 20008bec <audio_spdif_enable_sync+0x114>
20008af0:	e005      	b.n	20008afe <audio_spdif_enable_sync+0x26>
20008af2:	4638      	mov	r0, r7
20008af4:	3601      	adds	r6, #1
20008af6:	f004 fc25 	bl	2000d344 <audio_start_dma_transfer>
20008afa:	45b0      	cmp	r8, r6
20008afc:	d013      	beq.n	20008b26 <audio_spdif_enable_sync+0x4e>
20008afe:	f85a 7f04 	ldr.w	r7, [sl, #4]!
20008b02:	79b8      	ldrb	r0, [r7, #6]
20008b04:	f819 3000 	ldrb.w	r3, [r9, r0]
20008b08:	1c5a      	adds	r2, r3, #1
20008b0a:	f809 2000 	strb.w	r2, [r9, r0]
20008b0e:	2b00      	cmp	r3, #0
20008b10:	d1ef      	bne.n	20008af2 <audio_spdif_enable_sync+0x1a>
20008b12:	2101      	movs	r1, #1
20008b14:	300a      	adds	r0, #10
20008b16:	f7fb fd15 	bl	20004544 <irq_set_enabled>
20008b1a:	3601      	adds	r6, #1
20008b1c:	4638      	mov	r0, r7
20008b1e:	f004 fc11 	bl	2000d344 <audio_start_dma_transfer>
20008b22:	45b0      	cmp	r8, r6
20008b24:	d1eb      	bne.n	20008afe <audio_spdif_enable_sync+0x26>
20008b26:	2200      	movs	r2, #0
20008b28:	2300      	movs	r3, #0
20008b2a:	2100      	movs	r1, #0
20008b2c:	f04f 0c01 	mov.w	ip, #1
20008b30:	e9cd 2300 	strd	r2, r3, [sp]
20008b34:	4828      	ldr	r0, [pc, #160]	@ (20008bd8 <audio_spdif_enable_sync+0x100>)
20008b36:	4e29      	ldr	r6, [pc, #164]	@ (20008bdc <audio_spdif_enable_sync+0x104>)
20008b38:	4f29      	ldr	r7, [pc, #164]	@ (20008be0 <audio_spdif_enable_sync+0x108>)
20008b3a:	9102      	str	r1, [sp, #8]
20008b3c:	eb05 0188 	add.w	r1, r5, r8, lsl #2
20008b40:	f855 2f04 	ldr.w	r2, [r5, #4]!
20008b44:	6813      	ldr	r3, [r2, #0]
20008b46:	4283      	cmp	r3, r0
20008b48:	d026      	beq.n	20008b98 <audio_spdif_enable_sync+0xc0>
20008b4a:	42b3      	cmp	r3, r6
20008b4c:	d03a      	beq.n	20008bc4 <audio_spdif_enable_sync+0xec>
20008b4e:	42bb      	cmp	r3, r7
20008b50:	bf08      	it	eq
20008b52:	f04f 0e02 	moveq.w	lr, #2
20008b56:	d021      	beq.n	20008b9c <audio_spdif_enable_sync+0xc4>
20008b58:	428d      	cmp	r5, r1
20008b5a:	d1f1      	bne.n	20008b40 <audio_spdif_enable_sync+0x68>
20008b5c:	f3ef 8610 	mrs	r6, PRIMASK
20008b60:	b672      	cpsid	i
20008b62:	4669      	mov	r1, sp
20008b64:	4b1f      	ldr	r3, [pc, #124]	@ (20008be4 <audio_spdif_enable_sync+0x10c>)
20008b66:	4d20      	ldr	r5, [pc, #128]	@ (20008be8 <audio_spdif_enable_sync+0x110>)
20008b68:	f851 2b04 	ldr.w	r2, [r1], #4
20008b6c:	bb12      	cbnz	r2, 20008bb4 <audio_spdif_enable_sync+0xdc>
20008b6e:	f503 1380 	add.w	r3, r3, #1048576	@ 0x100000
20008b72:	42ab      	cmp	r3, r5
20008b74:	d1f8      	bne.n	20008b68 <audio_spdif_enable_sync+0x90>
20008b76:	f386 8810 	msr	PRIMASK, r6
20008b7a:	f1b8 0f00 	cmp.w	r8, #0
20008b7e:	d008      	beq.n	20008b92 <audio_spdif_enable_sync+0xba>
20008b80:	2201      	movs	r2, #1
20008b82:	1f20      	subs	r0, r4, #4
20008b84:	eb00 0888 	add.w	r8, r0, r8, lsl #2
20008b88:	f850 3f04 	ldr.w	r3, [r0, #4]!
20008b8c:	4540      	cmp	r0, r8
20008b8e:	741a      	strb	r2, [r3, #16]
20008b90:	d1fa      	bne.n	20008b88 <audio_spdif_enable_sync+0xb0>
20008b92:	b004      	add	sp, #16
20008b94:	e8bd 87f0 	ldmia.w	sp!, {r4, r5, r6, r7, r8, r9, sl, pc}
20008b98:	f04f 0e00 	mov.w	lr, #0
20008b9c:	ab04      	add	r3, sp, #16
20008b9e:	eb03 0e8e 	add.w	lr, r3, lr, lsl #2
20008ba2:	7913      	ldrb	r3, [r2, #4]
20008ba4:	f85e 2c10 	ldr.w	r2, [lr, #-16]
20008ba8:	fa0c f303 	lsl.w	r3, ip, r3
20008bac:	4313      	orrs	r3, r2
20008bae:	f84e 3c10 	str.w	r3, [lr, #-16]
20008bb2:	e7d1      	b.n	20008b58 <audio_spdif_enable_sync+0x80>
20008bb4:	0210      	lsls	r0, r2, #8
20008bb6:	f400 6070 	and.w	r0, r0, #3840	@ 0xf00
20008bba:	f002 020f 	and.w	r2, r2, #15
20008bbe:	4302      	orrs	r2, r0
20008bc0:	601a      	str	r2, [r3, #0]
20008bc2:	e7d4      	b.n	20008b6e <audio_spdif_enable_sync+0x96>
20008bc4:	f04f 0e01 	mov.w	lr, #1
20008bc8:	e7e8      	b.n	20008b9c <audio_spdif_enable_sync+0xc4>
20008bca:	2200      	movs	r2, #0
20008bcc:	2300      	movs	r3, #0
20008bce:	9102      	str	r1, [sp, #8]
20008bd0:	e9cd 2300 	strd	r2, r3, [sp]
20008bd4:	e7c2      	b.n	20008b5c <audio_spdif_enable_sync+0x84>
20008bd6:	bf00      	nop
20008bd8:	50200000 	.word	0x50200000
20008bdc:	50300000 	.word	0x50300000
20008be0:	50400000 	.word	0x50400000
20008be4:	50202000 	.word	0x50202000
20008be8:	50502000 	.word	0x50502000
20008bec:	20014ad0 	.word	0x20014ad0

20008bf0 <dma_channel_claim>:
20008bf0:	4601      	mov	r1, r0
20008bf2:	4a02      	ldr	r2, [pc, #8]	@ (20008bfc <dma_channel_claim+0xc>)
20008bf4:	4802      	ldr	r0, [pc, #8]	@ (20008c00 <dma_channel_claim+0x10>)
20008bf6:	f7fb bbff 	b.w	200043f8 <hw_claim_or_assert>
20008bfa:	bf00      	nop
20008bfc:	2000db00 	.word	0x2000db00
20008c00:	20015f24 	.word	0x20015f24

20008c04 <dma_claim_unused_channel>:
20008c04:	b500      	push	{lr}
20008c06:	f8df c01c 	ldr.w	ip, [pc, #28]	@ 20008c24 <dma_claim_unused_channel+0x20>
20008c0a:	b083      	sub	sp, #12
20008c0c:	4601      	mov	r1, r0
20008c0e:	230f      	movs	r3, #15
20008c10:	2200      	movs	r2, #0
20008c12:	f8cd c000 	str.w	ip, [sp]
20008c16:	4802      	ldr	r0, [pc, #8]	@ (20008c20 <dma_claim_unused_channel+0x1c>)
20008c18:	f7fb fc1a 	bl	20004450 <hw_claim_unused_from_range>
20008c1c:	b003      	add	sp, #12
20008c1e:	bd00      	pop	{pc}
20008c20:	20015f24 	.word	0x20015f24
20008c24:	2000db24 	.word	0x2000db24

20008c28 <add_program_at_offset_check>:
20008c28:	4694      	mov	ip, r2
20008c2a:	f8d0 2168 	ldr.w	r2, [r0, #360]	@ 0x168
20008c2e:	79cb      	ldrb	r3, [r1, #7]
20008c30:	b1da      	cbz	r2, 20008c6a <add_program_at_offset_check+0x42>
20008c32:	07da      	lsls	r2, r3, #31
20008c34:	d41b      	bmi.n	20008c6e <add_program_at_offset_check+0x46>
20008c36:	f991 3005 	ldrsb.w	r3, [r1, #5]
20008c3a:	2b00      	cmp	r3, #0
20008c3c:	db01      	blt.n	20008c42 <add_program_at_offset_check+0x1a>
20008c3e:	4563      	cmp	r3, ip
20008c40:	d115      	bne.n	20008c6e <add_program_at_offset_check+0x46>
20008c42:	2301      	movs	r3, #1
20008c44:	7909      	ldrb	r1, [r1, #4]
20008c46:	f100 402f 	add.w	r0, r0, #2936012800	@ 0xaf000000
20008c4a:	4a0a      	ldr	r2, [pc, #40]	@ (20008c74 <add_program_at_offset_check+0x4c>)
20008c4c:	f500 0060 	add.w	r0, r0, #14680064	@ 0xe00000
20008c50:	0d00      	lsrs	r0, r0, #20
20008c52:	408b      	lsls	r3, r1
20008c54:	f852 2020 	ldr.w	r2, [r2, r0, lsl #2]
20008c58:	3b01      	subs	r3, #1
20008c5a:	fa03 f30c 	lsl.w	r3, r3, ip
20008c5e:	4213      	tst	r3, r2
20008c60:	bf0c      	ite	eq
20008c62:	2000      	moveq	r0, #0
20008c64:	f06f 0008 	mvnne.w	r0, #8
20008c68:	4770      	bx	lr
20008c6a:	075b      	lsls	r3, r3, #29
20008c6c:	d5e3      	bpl.n	20008c36 <add_program_at_offset_check+0xe>
20008c6e:	f06f 000a 	mvn.w	r0, #10
20008c72:	4770      	bx	lr
20008c74:	20012600 	.word	0x20012600

20008c78 <add_program_at_offset>:
20008c78:	b530      	push	{r4, r5, lr}
20008c7a:	b083      	sub	sp, #12
20008c7c:	4604      	mov	r4, r0
20008c7e:	e9cd 2100 	strd	r2, r1, [sp]
20008c82:	f7ff ffd1 	bl	20008c28 <add_program_at_offset_check>
20008c86:	bb28      	cbnz	r0, 20008cd4 <add_program_at_offset+0x5c>
20008c88:	9901      	ldr	r1, [sp, #4]
20008c8a:	9a00      	ldr	r2, [sp, #0]
20008c8c:	790d      	ldrb	r5, [r1, #4]
20008c8e:	b18d      	cbz	r5, 20008cb4 <add_program_at_offset+0x3c>
20008c90:	4694      	mov	ip, r2
20008c92:	6809      	ldr	r1, [r1, #0]
20008c94:	eb01 0e45 	add.w	lr, r1, r5, lsl #1
20008c98:	f831 3b02 	ldrh.w	r3, [r1], #2
20008c9c:	f10c 0012 	add.w	r0, ip, #18
20008ca0:	f5b3 5f00 	cmp.w	r3, #8192	@ 0x2000
20008ca4:	bf38      	it	cc
20008ca6:	189b      	addcc	r3, r3, r2
20008ca8:	4571      	cmp	r1, lr
20008caa:	f10c 0c01 	add.w	ip, ip, #1
20008cae:	f844 3020 	str.w	r3, [r4, r0, lsl #2]
20008cb2:	d1f1      	bne.n	20008c98 <add_program_at_offset+0x20>
20008cb4:	2301      	movs	r3, #1
20008cb6:	f104 442f 	add.w	r4, r4, #2936012800	@ 0xaf000000
20008cba:	4907      	ldr	r1, [pc, #28]	@ (20008cd8 <add_program_at_offset+0x60>)
20008cbc:	f504 0460 	add.w	r4, r4, #14680064	@ 0xe00000
20008cc0:	40ab      	lsls	r3, r5
20008cc2:	0d24      	lsrs	r4, r4, #20
20008cc4:	3b01      	subs	r3, #1
20008cc6:	4093      	lsls	r3, r2
20008cc8:	4610      	mov	r0, r2
20008cca:	f851 2024 	ldr.w	r2, [r1, r4, lsl #2]
20008cce:	4313      	orrs	r3, r2
20008cd0:	f841 3024 	str.w	r3, [r1, r4, lsl #2]
20008cd4:	b003      	add	sp, #12
20008cd6:	bd30      	pop	{r4, r5, pc}
20008cd8:	20012600 	.word	0x20012600

20008cdc <find_offset_for_program.isra.0>:
20008cdc:	2301      	movs	r3, #1
20008cde:	f100 402f 	add.w	r0, r0, #2936012800	@ 0xaf000000
20008ce2:	f8df c050 	ldr.w	ip, [pc, #80]	@ 20008d34 <find_offset_for_program.isra.0+0x58>
20008ce6:	f500 0060 	add.w	r0, r0, #14680064	@ 0xe00000
20008cea:	0d00      	lsrs	r0, r0, #20
20008cec:	408b      	lsls	r3, r1
20008cee:	2a00      	cmp	r2, #0
20008cf0:	f85c c020 	ldr.w	ip, [ip, r0, lsl #2]
20008cf4:	f103 33ff 	add.w	r3, r3, #4294967295	@ 0xffffffff
20008cf8:	f1c1 0020 	rsb	r0, r1, #32
20008cfc:	db09      	blt.n	20008d12 <find_offset_for_program.isra.0+0x36>
20008cfe:	4282      	cmp	r2, r0
20008d00:	dc15      	bgt.n	20008d2e <find_offset_for_program.isra.0+0x52>
20008d02:	4093      	lsls	r3, r2
20008d04:	ea13 0f0c 	tst.w	r3, ip
20008d08:	bf0c      	ite	eq
20008d0a:	4610      	moveq	r0, r2
20008d0c:	f04f 30ff 	movne.w	r0, #4294967295	@ 0xffffffff
20008d10:	4770      	bx	lr
20008d12:	2920      	cmp	r1, #32
20008d14:	dd02      	ble.n	20008d1c <find_offset_for_program.isra.0+0x40>
20008d16:	e007      	b.n	20008d28 <find_offset_for_program.isra.0+0x4c>
20008d18:	3801      	subs	r0, #1
20008d1a:	d305      	bcc.n	20008d28 <find_offset_for_program.isra.0+0x4c>
20008d1c:	fa03 f200 	lsl.w	r2, r3, r0
20008d20:	ea12 0f0c 	tst.w	r2, ip
20008d24:	d1f8      	bne.n	20008d18 <find_offset_for_program.isra.0+0x3c>
20008d26:	4770      	bx	lr
20008d28:	f06f 0008 	mvn.w	r0, #8
20008d2c:	4770      	bx	lr
20008d2e:	f04f 30ff 	mov.w	r0, #4294967295	@ 0xffffffff
20008d32:	4770      	bx	lr
20008d34:	20012600 	.word	0x20012600

20008d38 <pio_sm_claim>:
20008d38:	f100 402f 	add.w	r0, r0, #2936012800	@ 0xaf000000
20008d3c:	f500 0060 	add.w	r0, r0, #14680064	@ 0xe00000
20008d40:	0d03      	lsrs	r3, r0, #20
20008d42:	2b02      	cmp	r3, #2
20008d44:	d00d      	beq.n	20008d62 <pio_sm_claim+0x2a>
20008d46:	2b01      	cmp	r3, #1
20008d48:	d005      	beq.n	20008d56 <pio_sm_claim+0x1e>
20008d4a:	4a09      	ldr	r2, [pc, #36]	@ (20008d70 <pio_sm_claim+0x38>)
20008d4c:	4809      	ldr	r0, [pc, #36]	@ (20008d74 <pio_sm_claim+0x3c>)
20008d4e:	eb01 0183 	add.w	r1, r1, r3, lsl #2
20008d52:	f7fb bb51 	b.w	200043f8 <hw_claim_or_assert>
20008d56:	4a08      	ldr	r2, [pc, #32]	@ (20008d78 <pio_sm_claim+0x40>)
20008d58:	4806      	ldr	r0, [pc, #24]	@ (20008d74 <pio_sm_claim+0x3c>)
20008d5a:	eb01 0183 	add.w	r1, r1, r3, lsl #2
20008d5e:	f7fb bb4b 	b.w	200043f8 <hw_claim_or_assert>
20008d62:	4a06      	ldr	r2, [pc, #24]	@ (20008d7c <pio_sm_claim+0x44>)
20008d64:	4803      	ldr	r0, [pc, #12]	@ (20008d74 <pio_sm_claim+0x3c>)
20008d66:	eb01 0183 	add.w	r1, r1, r3, lsl #2
20008d6a:	f7fb bb45 	b.w	200043f8 <hw_claim_or_assert>
20008d6e:	bf00      	nop
20008d70:	2000db44 	.word	0x2000db44
20008d74:	200148dc 	.word	0x200148dc
20008d78:	2000db84 	.word	0x2000db84
20008d7c:	2000db60 	.word	0x2000db60

20008d80 <pio_add_program>:
20008d80:	b570      	push	{r4, r5, r6, lr}
20008d82:	b082      	sub	sp, #8
20008d84:	460c      	mov	r4, r1
20008d86:	4605      	mov	r5, r0
20008d88:	f7fb fb1a 	bl	200043c0 <hw_claim_lock>
20008d8c:	f994 2005 	ldrsb.w	r2, [r4, #5]
20008d90:	4606      	mov	r6, r0
20008d92:	7921      	ldrb	r1, [r4, #4]
20008d94:	4628      	mov	r0, r5
20008d96:	f7ff ffa1 	bl	20008cdc <find_offset_for_program.isra.0>
20008d9a:	1e02      	subs	r2, r0, #0
20008d9c:	db04      	blt.n	20008da8 <pio_add_program+0x28>
20008d9e:	4621      	mov	r1, r4
20008da0:	4628      	mov	r0, r5
20008da2:	f7ff ff69 	bl	20008c78 <add_program_at_offset>
20008da6:	4602      	mov	r2, r0
20008da8:	4630      	mov	r0, r6
20008daa:	9201      	str	r2, [sp, #4]
20008dac:	f7fb fb1a 	bl	200043e4 <hw_claim_unlock>
20008db0:	9801      	ldr	r0, [sp, #4]
20008db2:	b002      	add	sp, #8
20008db4:	bd70      	pop	{r4, r5, r6, pc}
20008db6:	bf00      	nop

20008db8 <pio_sm_set_pins>:
20008db8:	e92d 41f0 	stmdb	sp!, {r4, r5, r6, r7, r8, lr}
20008dbc:	4606      	mov	r6, r0
20008dbe:	eb01 0541 	add.w	r5, r1, r1, lsl #1
20008dc2:	eb06 04c5 	add.w	r4, r6, r5, lsl #3
20008dc6:	f8d4 10dc 	ldr.w	r1, [r4, #220]	@ 0xdc
20008dca:	4696      	mov	lr, r2
20008dcc:	f44f 3200 	mov.w	r2, #131072	@ 0x20000
20008dd0:	2000      	movs	r0, #0
20008dd2:	f04f 0c20 	mov.w	ip, #32
20008dd6:	4688      	mov	r8, r1
20008dd8:	f504 5343 	add.w	r3, r4, #12480	@ 0x30c0
20008ddc:	f8d4 70cc 	ldr.w	r7, [r4, #204]	@ 0xcc
20008de0:	60da      	str	r2, [r3, #12]
20008de2:	4663      	mov	r3, ip
20008de4:	2b05      	cmp	r3, #5
20008de6:	bf28      	it	cs
20008de8:	2305      	movcs	r3, #5
20008dea:	0142      	lsls	r2, r0, #5
20008dec:	f00e 011f 	and.w	r1, lr, #31
20008df0:	f441 4160 	orr.w	r1, r1, #57344	@ 0xe000
20008df4:	ea42 6283 	orr.w	r2, r2, r3, lsl #26
20008df8:	ebbc 0c03 	subs.w	ip, ip, r3
20008dfc:	f8c4 20dc 	str.w	r2, [r4, #220]	@ 0xdc
20008e00:	ea4f 1e5e 	mov.w	lr, lr, lsr #5
20008e04:	4418      	add	r0, r3
20008e06:	f8c4 10d8 	str.w	r1, [r4, #216]	@ 0xd8
20008e0a:	d1ea      	bne.n	20008de2 <pio_sm_set_pins+0x2a>
20008e0c:	eb06 06c5 	add.w	r6, r6, r5, lsl #3
20008e10:	f8c4 80dc 	str.w	r8, [r4, #220]	@ 0xdc
20008e14:	f8c6 70cc 	str.w	r7, [r6, #204]	@ 0xcc
20008e18:	e8bd 81f0 	ldmia.w	sp!, {r4, r5, r6, r7, r8, pc}

20008e1c <pio_sm_set_pindirs_with_mask>:
20008e1c:	e92d 47f0 	stmdb	sp!, {r4, r5, r6, r7, r8, r9, sl, lr}
20008e20:	460f      	mov	r7, r1
20008e22:	eb07 0447 	add.w	r4, r7, r7, lsl #1
20008e26:	4615      	mov	r5, r2
20008e28:	eb00 02c4 	add.w	r2, r0, r4, lsl #3
20008e2c:	eb00 04c4 	add.w	r4, r0, r4, lsl #3
20008e30:	4680      	mov	r8, r0
20008e32:	f8d4 00dc 	ldr.w	r0, [r4, #220]	@ 0xdc
20008e36:	f44f 3100 	mov.w	r1, #131072	@ 0x20000
20008e3a:	4681      	mov	r9, r0
20008e3c:	4618      	mov	r0, r3
20008e3e:	f8d4 30cc 	ldr.w	r3, [r4, #204]	@ 0xcc
20008e42:	f502 5243 	add.w	r2, r2, #12480	@ 0x30c0
20008e46:	469a      	mov	sl, r3
20008e48:	60d1      	str	r1, [r2, #12]
20008e4a:	b1b0      	cbz	r0, 20008e7a <pio_sm_set_pindirs_with_mask+0x5e>
20008e4c:	f24e 0680 	movw	r6, #57472	@ 0xe080
20008e50:	fa90 fca0 	rbit	ip, r0
20008e54:	fabc fc8c 	clz	ip, ip
20008e58:	fa25 f20c 	lsr.w	r2, r5, ip
20008e5c:	1e41      	subs	r1, r0, #1
20008e5e:	ea4f 1c4c 	mov.w	ip, ip, lsl #5
20008e62:	f002 0e01 	and.w	lr, r2, #1
20008e66:	f04c 6380 	orr.w	r3, ip, #67108864	@ 0x4000000
20008e6a:	ea4e 0206 	orr.w	r2, lr, r6
20008e6e:	4008      	ands	r0, r1
20008e70:	f8c4 30dc 	str.w	r3, [r4, #220]	@ 0xdc
20008e74:	f8c4 20d8 	str.w	r2, [r4, #216]	@ 0xd8
20008e78:	d1ea      	bne.n	20008e50 <pio_sm_set_pindirs_with_mask+0x34>
20008e7a:	eb07 0747 	add.w	r7, r7, r7, lsl #1
20008e7e:	eb08 08c7 	add.w	r8, r8, r7, lsl #3
20008e82:	f8c8 90dc 	str.w	r9, [r8, #220]	@ 0xdc
20008e86:	f8c8 a0cc 	str.w	sl, [r8, #204]	@ 0xcc
20008e8a:	e8bd 87f0 	ldmia.w	sp!, {r4, r5, r6, r7, r8, r9, sl, pc}
20008e8e:	bf00      	nop

20008e90 <pio_sm_set_consecutive_pindirs>:
20008e90:	b5f0      	push	{r4, r5, r6, r7, lr}
20008e92:	469e      	mov	lr, r3
20008e94:	f8d0 3168 	ldr.w	r3, [r0, #360]	@ 0x168
20008e98:	f89d 5014 	ldrb.w	r5, [sp, #20]
20008e9c:	1ad2      	subs	r2, r2, r3
20008e9e:	2a1f      	cmp	r2, #31
20008ea0:	d839      	bhi.n	20008f16 <pio_sm_set_consecutive_pindirs+0x86>
20008ea2:	460c      	mov	r4, r1
20008ea4:	f24e 0380 	movw	r3, #57472	@ 0xe080
20008ea8:	f24e 019f 	movw	r1, #57503	@ 0xe09f
20008eac:	f44f 3700 	mov.w	r7, #131072	@ 0x20000
20008eb0:	eb04 0c44 	add.w	ip, r4, r4, lsl #1
20008eb4:	2d00      	cmp	r5, #0
20008eb6:	bf08      	it	eq
20008eb8:	4619      	moveq	r1, r3
20008eba:	eb00 03cc 	add.w	r3, r0, ip, lsl #3
20008ebe:	f503 5343 	add.w	r3, r3, #12480	@ 0x30c0
20008ec2:	eb00 0ccc 	add.w	ip, r0, ip, lsl #3
20008ec6:	f1be 0f05 	cmp.w	lr, #5
20008eca:	f8dc 60dc 	ldr.w	r6, [ip, #220]	@ 0xdc
20008ece:	f8dc 50cc 	ldr.w	r5, [ip, #204]	@ 0xcc
20008ed2:	60df      	str	r7, [r3, #12]
20008ed4:	d90e      	bls.n	20008ef4 <pio_sm_set_consecutive_pindirs+0x64>
20008ed6:	0153      	lsls	r3, r2, #5
20008ed8:	f1ae 0e05 	sub.w	lr, lr, #5
20008edc:	f043 53a0 	orr.w	r3, r3, #335544320	@ 0x14000000
20008ee0:	3205      	adds	r2, #5
20008ee2:	f1be 0f05 	cmp.w	lr, #5
20008ee6:	f8cc 30dc 	str.w	r3, [ip, #220]	@ 0xdc
20008eea:	f002 021f 	and.w	r2, r2, #31
20008eee:	f8cc 10d8 	str.w	r1, [ip, #216]	@ 0xd8
20008ef2:	d8f0      	bhi.n	20008ed6 <pio_sm_set_consecutive_pindirs+0x46>
20008ef4:	0152      	lsls	r2, r2, #5
20008ef6:	eb04 0444 	add.w	r4, r4, r4, lsl #1
20008efa:	ea42 638e 	orr.w	r3, r2, lr, lsl #26
20008efe:	eb00 02c4 	add.w	r2, r0, r4, lsl #3
20008f02:	f8c2 30dc 	str.w	r3, [r2, #220]	@ 0xdc
20008f06:	2000      	movs	r0, #0
20008f08:	f8c2 10d8 	str.w	r1, [r2, #216]	@ 0xd8
20008f0c:	f8c2 60dc 	str.w	r6, [r2, #220]	@ 0xdc
20008f10:	f8c2 50cc 	str.w	r5, [r2, #204]	@ 0xcc
20008f14:	bdf0      	pop	{r4, r5, r6, r7, pc}
20008f16:	f06f 0004 	mvn.w	r0, #4
20008f1a:	bdf0      	pop	{r4, r5, r6, r7, pc}

20008f1c <pio_sm_init>:
20008f1c:	b5f0      	push	{r4, r5, r6, r7, lr}
20008f1e:	2401      	movs	r4, #1
20008f20:	fa04 f501 	lsl.w	r5, r4, r1
20008f24:	6804      	ldr	r4, [r0, #0]
20008f26:	ea24 0405 	bic.w	r4, r4, r5
20008f2a:	6004      	str	r4, [r0, #0]
20008f2c:	b3a3      	cbz	r3, 20008f98 <pio_sm_init+0x7c>
20008f2e:	e9d3 5601 	ldrd	r5, r6, [r3, #4]
20008f32:	681f      	ldr	r7, [r3, #0]
20008f34:	68dc      	ldr	r4, [r3, #12]
20008f36:	eb01 0341 	add.w	r3, r1, r1, lsl #1
20008f3a:	eb00 03c3 	add.w	r3, r0, r3, lsl #3
20008f3e:	f8c3 70c8 	str.w	r7, [r3, #200]	@ 0xc8
20008f42:	ea4f 0c41 	mov.w	ip, r1, lsl #1
20008f46:	f8c3 60d0 	str.w	r6, [r3, #208]	@ 0xd0
20008f4a:	f8c3 50cc 	str.w	r5, [r3, #204]	@ 0xcc
20008f4e:	f8c3 40dc 	str.w	r4, [r3, #220]	@ 0xdc
20008f52:	eb0c 0301 	add.w	r3, ip, r1
20008f56:	f04f 3501 	mov.w	r5, #16843009	@ 0x1010101
20008f5a:	eb00 0cc3 	add.w	ip, r0, r3, lsl #3
20008f5e:	f04f 4600 	mov.w	r6, #2147483648	@ 0x80000000
20008f62:	eb00 0ec3 	add.w	lr, r0, r3, lsl #3
20008f66:	2301      	movs	r3, #1
20008f68:	f50e 5e86 	add.w	lr, lr, #4288	@ 0x10c0
20008f6c:	1d0c      	adds	r4, r1, #4
20008f6e:	f101 0708 	add.w	r7, r1, #8
20008f72:	408d      	lsls	r5, r1
20008f74:	f8ce 6010 	str.w	r6, [lr, #16]
20008f78:	fa03 f404 	lsl.w	r4, r3, r4
20008f7c:	f8ce 6010 	str.w	r6, [lr, #16]
20008f80:	f002 021f 	and.w	r2, r2, #31
20008f84:	6085      	str	r5, [r0, #8]
20008f86:	40bb      	lsls	r3, r7
20008f88:	f500 5000 	add.w	r0, r0, #8192	@ 0x2000
20008f8c:	6004      	str	r4, [r0, #0]
20008f8e:	6003      	str	r3, [r0, #0]
20008f90:	2000      	movs	r0, #0
20008f92:	f8cc 20d8 	str.w	r2, [ip, #216]	@ 0xd8
20008f96:	bdf0      	pop	{r4, r5, r6, r7, pc}
20008f98:	f44f 3780 	mov.w	r7, #65536	@ 0x10000
20008f9c:	f44f 2640 	mov.w	r6, #786432	@ 0xc0000
20008fa0:	f44f 35f8 	mov.w	r5, #126976	@ 0x1f000
20008fa4:	eb01 0441 	add.w	r4, r1, r1, lsl #1
20008fa8:	eb00 04c4 	add.w	r4, r0, r4, lsl #3
20008fac:	f8c4 70c8 	str.w	r7, [r4, #200]	@ 0xc8
20008fb0:	ea4f 0c41 	mov.w	ip, r1, lsl #1
20008fb4:	f8c4 60d0 	str.w	r6, [r4, #208]	@ 0xd0
20008fb8:	f8c4 50cc 	str.w	r5, [r4, #204]	@ 0xcc
20008fbc:	f8c4 30dc 	str.w	r3, [r4, #220]	@ 0xdc
20008fc0:	e7c7      	b.n	20008f52 <pio_sm_init+0x36>
20008fc2:	bf00      	nop

20008fc4 <_Z21audio_new_buffer_poolP19audio_buffer_formatii>:
20008fc4:	e92d 4ff0 	stmdb	sp!, {r4, r5, r6, r7, r8, r9, sl, fp, lr}
20008fc8:	4681      	mov	r9, r0
20008fca:	460f      	mov	r7, r1
20008fcc:	2001      	movs	r0, #1
20008fce:	2120      	movs	r1, #32
20008fd0:	b083      	sub	sp, #12
20008fd2:	4690      	mov	r8, r2
20008fd4:	f7fd fddc 	bl	20006b90 <__wrap_calloc>
20008fd8:	4605      	mov	r5, r0
20008fda:	b9c7      	cbnz	r7, 2000900e <_Z21audio_new_buffer_poolP19audio_buffer_formatii+0x4a>
20008fdc:	f8d9 3000 	ldr.w	r3, [r9]
20008fe0:	9700      	str	r7, [sp, #0]
20008fe2:	6043      	str	r3, [r0, #4]
20008fe4:	2006      	movs	r0, #6
20008fe6:	f7fb fa95 	bl	20004514 <spin_lock_init>
20008fea:	4603      	mov	r3, r0
20008fec:	9a00      	ldr	r2, [sp, #0]
20008fee:	2007      	movs	r0, #7
20008ff0:	e9c5 3203 	strd	r3, r2, [r5, #12]
20008ff4:	f7fb fa8e 	bl	20004514 <spin_lock_init>
20008ff8:	2300      	movs	r3, #0
20008ffa:	4601      	mov	r1, r0
20008ffc:	4628      	mov	r0, r5
20008ffe:	4a26      	ldr	r2, [pc, #152]	@ (20009098 <_Z21audio_new_buffer_poolP19audio_buffer_formatii+0xd4>)
20009000:	e9c5 1305 	strd	r1, r3, [r5, #20]
20009004:	61eb      	str	r3, [r5, #28]
20009006:	60aa      	str	r2, [r5, #8]
20009008:	b003      	add	sp, #12
2000900a:	e8bd 8ff0 	ldmia.w	sp!, {r4, r5, r6, r7, r8, r9, sl, fp, pc}
2000900e:	2118      	movs	r1, #24
20009010:	4638      	mov	r0, r7
20009012:	f7fd fdbd 	bl	20006b90 <__wrap_calloc>
20009016:	f8d9 2000 	ldr.w	r2, [r9]
2000901a:	2f00      	cmp	r7, #0
2000901c:	9000      	str	r0, [sp, #0]
2000901e:	606a      	str	r2, [r5, #4]
20009020:	dde0      	ble.n	20008fe4 <_Z21audio_new_buffer_poolP19audio_buffer_formatii+0x20>
20009022:	463b      	mov	r3, r7
20009024:	f8b9 6004 	ldrh.w	r6, [r9, #4]
20009028:	f107 3aff 	add.w	sl, r7, #4294967295	@ 0xffffffff
2000902c:	9501      	str	r5, [sp, #4]
2000902e:	464f      	mov	r7, r9
20009030:	f04f 0b00 	mov.w	fp, #0
20009034:	4645      	mov	r5, r8
20009036:	4699      	mov	r9, r3
20009038:	fb08 f606 	mul.w	r6, r8, r6
2000903c:	f100 0418 	add.w	r4, r0, #24
20009040:	200c      	movs	r0, #12
20009042:	f844 7c14 	str.w	r7, [r4, #-20]
20009046:	f7fd fd87 	bl	20006b58 <__wrap_malloc>
2000904a:	4680      	mov	r8, r0
2000904c:	b300      	cbz	r0, 20009090 <_Z21audio_new_buffer_poolP19audio_buffer_formatii+0xcc>
2000904e:	4631      	mov	r1, r6
20009050:	2001      	movs	r0, #1
20009052:	f7fd fd9d 	bl	20006b90 <__wrap_calloc>
20009056:	f8c8 0004 	str.w	r0, [r8, #4]
2000905a:	b1b0      	cbz	r0, 2000908a <_Z21audio_new_buffer_poolP19audio_buffer_formatii+0xc6>
2000905c:	f8c8 6000 	str.w	r6, [r8]
20009060:	2300      	movs	r3, #0
20009062:	45d3      	cmp	fp, sl
20009064:	bf14      	ite	ne
20009066:	4622      	movne	r2, r4
20009068:	2200      	moveq	r2, #0
2000906a:	f10b 0b01 	add.w	fp, fp, #1
2000906e:	f844 8c18 	str.w	r8, [r4, #-24]
20009072:	f844 5c0c 	str.w	r5, [r4, #-12]
20009076:	f844 3c10 	str.w	r3, [r4, #-16]
2000907a:	45d9      	cmp	r9, fp
2000907c:	f104 0418 	add.w	r4, r4, #24
20009080:	f844 2c1c 	str.w	r2, [r4, #-28]
20009084:	d1dc      	bne.n	20009040 <_Z21audio_new_buffer_poolP19audio_buffer_formatii+0x7c>
20009086:	9d01      	ldr	r5, [sp, #4]
20009088:	e7ac      	b.n	20008fe4 <_Z21audio_new_buffer_poolP19audio_buffer_formatii+0x20>
2000908a:	4640      	mov	r0, r8
2000908c:	f7fd fda0 	bl	20006bd0 <__wrap_free>
20009090:	f04f 0800 	mov.w	r8, #0
20009094:	e7e4      	b.n	20009060 <_Z21audio_new_buffer_poolP19audio_buffer_formatii+0x9c>
20009096:	bf00      	nop
20009098:	2000e3e8 	.word	0x2000e3e8

2000909c <audio_new_producer_pool>:
2000909c:	b508      	push	{r3, lr}
2000909e:	f7ff ff91 	bl	20008fc4 <_Z21audio_new_buffer_poolP19audio_buffer_formatii>
200090a2:	2300      	movs	r3, #0
200090a4:	7003      	strb	r3, [r0, #0]
200090a6:	bd08      	pop	{r3, pc}

200090a8 <audio_new_consumer_pool>:
200090a8:	b508      	push	{r3, lr}
200090aa:	f7ff ff8b 	bl	20008fc4 <_Z21audio_new_buffer_poolP19audio_buffer_formatii>
200090ae:	2301      	movs	r3, #1
200090b0:	7003      	strb	r3, [r0, #0]
200090b2:	bd08      	pop	{r3, pc}

200090b4 <audio_complete_connection>:
200090b4:	6088      	str	r0, [r1, #8]
200090b6:	6090      	str	r0, [r2, #8]
200090b8:	e9c0 1204 	strd	r1, r2, [r0, #16]
200090bc:	4770      	bx	lr
200090be:	bf00      	nop

200090c0 <stereo_to_stereo_consumer_take>:
200090c0:	e92d 43f8 	stmdb	sp!, {r3, r4, r5, r6, r7, r8, r9, lr}
200090c4:	4605      	mov	r5, r0
200090c6:	6940      	ldr	r0, [r0, #20]
200090c8:	4688      	mov	r8, r1
200090ca:	f004 faf1 	bl	2000d6b0 <get_free_audio_buffer>
200090ce:	2800      	cmp	r0, #0
200090d0:	d048      	beq.n	20009164 <stereo_to_stereo_consumer_take+0xa4>
200090d2:	68c4      	ldr	r4, [r0, #12]
200090d4:	4681      	mov	r9, r0
200090d6:	4626      	mov	r6, r4
200090d8:	2c00      	cmp	r4, #0
200090da:	d038      	beq.n	2000914e <stereo_to_stereo_consumer_take+0x8e>
200090dc:	2600      	movs	r6, #0
200090de:	4637      	mov	r7, r6
200090e0:	e01e      	b.n	20009120 <stereo_to_stereo_consumer_take+0x60>
200090e2:	69ea      	ldr	r2, [r5, #28]
200090e4:	0091      	lsls	r1, r2, #2
200090e6:	6883      	ldr	r3, [r0, #8]
200090e8:	1ba4      	subs	r4, r4, r6
200090ea:	1a9b      	subs	r3, r3, r2
200090ec:	429c      	cmp	r4, r3
200090ee:	bf28      	it	cs
200090f0:	461c      	movcs	r4, r3
200090f2:	6802      	ldr	r2, [r0, #0]
200090f4:	f8d9 3000 	ldr.w	r3, [r9]
200090f8:	6858      	ldr	r0, [r3, #4]
200090fa:	6853      	ldr	r3, [r2, #4]
200090fc:	eb00 0086 	add.w	r0, r0, r6, lsl #2
20009100:	4419      	add	r1, r3
20009102:	00a2      	lsls	r2, r4, #2
20009104:	f002 fad8 	bl	2000b6b8 <memcpy>
20009108:	e9d5 1306 	ldrd	r1, r3, [r5, #24]
2000910c:	688a      	ldr	r2, [r1, #8]
2000910e:	4423      	add	r3, r4
20009110:	4293      	cmp	r3, r2
20009112:	61eb      	str	r3, [r5, #28]
20009114:	4426      	add	r6, r4
20009116:	d012      	beq.n	2000913e <stereo_to_stereo_consumer_take+0x7e>
20009118:	f8d9 400c 	ldr.w	r4, [r9, #12]
2000911c:	42a6      	cmp	r6, r4
2000911e:	d216      	bcs.n	2000914e <stereo_to_stereo_consumer_take+0x8e>
20009120:	69a8      	ldr	r0, [r5, #24]
20009122:	2800      	cmp	r0, #0
20009124:	d1dd      	bne.n	200090e2 <stereo_to_stereo_consumer_take+0x22>
20009126:	4641      	mov	r1, r8
20009128:	6928      	ldr	r0, [r5, #16]
2000912a:	f004 fb29 	bl	2000d780 <get_full_audio_buffer>
2000912e:	61a8      	str	r0, [r5, #24]
20009130:	b190      	cbz	r0, 20009158 <stereo_to_stereo_consumer_take+0x98>
20009132:	2100      	movs	r1, #0
20009134:	f8d9 400c 	ldr.w	r4, [r9, #12]
20009138:	460a      	mov	r2, r1
2000913a:	61ef      	str	r7, [r5, #28]
2000913c:	e7d3      	b.n	200090e6 <stereo_to_stereo_consumer_take+0x26>
2000913e:	6928      	ldr	r0, [r5, #16]
20009140:	f004 fafc 	bl	2000d73c <queue_free_audio_buffer>
20009144:	f8d9 400c 	ldr.w	r4, [r9, #12]
20009148:	61af      	str	r7, [r5, #24]
2000914a:	42a6      	cmp	r6, r4
2000914c:	d3e8      	bcc.n	20009120 <stereo_to_stereo_consumer_take+0x60>
2000914e:	f8c9 6008 	str.w	r6, [r9, #8]
20009152:	4648      	mov	r0, r9
20009154:	e8bd 83f8 	ldmia.w	sp!, {r3, r4, r5, r6, r7, r8, r9, pc}
20009158:	2e00      	cmp	r6, #0
2000915a:	d1f8      	bne.n	2000914e <stereo_to_stereo_consumer_take+0x8e>
2000915c:	4649      	mov	r1, r9
2000915e:	6968      	ldr	r0, [r5, #20]
20009160:	f004 faec 	bl	2000d73c <queue_free_audio_buffer>
20009164:	f04f 0900 	mov.w	r9, #0
20009168:	e7f3      	b.n	20009152 <stereo_to_stereo_consumer_take+0x92>
2000916a:	bf00      	nop

2000916c <stereo_to_stereo_producer_give>:
2000916c:	e92d 41f0 	stmdb	sp!, {r4, r5, r6, r7, r8, lr}
20009170:	688c      	ldr	r4, [r1, #8]
20009172:	4688      	mov	r8, r1
20009174:	4605      	mov	r5, r0
20009176:	b36c      	cbz	r4, 200091d4 <stereo_to_stereo_producer_give+0x68>
20009178:	2600      	movs	r6, #0
2000917a:	4637      	mov	r7, r6
2000917c:	e003      	b.n	20009186 <stereo_to_stereo_producer_give+0x1a>
2000917e:	f8d8 4008 	ldr.w	r4, [r8, #8]
20009182:	42a6      	cmp	r6, r4
20009184:	d226      	bcs.n	200091d4 <stereo_to_stereo_producer_give+0x68>
20009186:	69a8      	ldr	r0, [r5, #24]
20009188:	b350      	cbz	r0, 200091e0 <stereo_to_stereo_producer_give+0x74>
2000918a:	69e9      	ldr	r1, [r5, #28]
2000918c:	ea4f 0c81 	mov.w	ip, r1, lsl #2
20009190:	68c2      	ldr	r2, [r0, #12]
20009192:	1ba4      	subs	r4, r4, r6
20009194:	1a52      	subs	r2, r2, r1
20009196:	4294      	cmp	r4, r2
20009198:	bf28      	it	cs
2000919a:	4614      	movcs	r4, r2
2000919c:	f8d8 3000 	ldr.w	r3, [r8]
200091a0:	6802      	ldr	r2, [r0, #0]
200091a2:	6859      	ldr	r1, [r3, #4]
200091a4:	6850      	ldr	r0, [r2, #4]
200091a6:	eb01 0186 	add.w	r1, r1, r6, lsl #2
200091aa:	00a2      	lsls	r2, r4, #2
200091ac:	4460      	add	r0, ip
200091ae:	f002 fa83 	bl	2000b6b8 <memcpy>
200091b2:	e9d5 1306 	ldrd	r1, r3, [r5, #24]
200091b6:	68ca      	ldr	r2, [r1, #12]
200091b8:	4423      	add	r3, r4
200091ba:	4293      	cmp	r3, r2
200091bc:	61eb      	str	r3, [r5, #28]
200091be:	4426      	add	r6, r4
200091c0:	d1dd      	bne.n	2000917e <stereo_to_stereo_producer_give+0x12>
200091c2:	6968      	ldr	r0, [r5, #20]
200091c4:	608b      	str	r3, [r1, #8]
200091c6:	f004 fb29 	bl	2000d81c <queue_full_audio_buffer>
200091ca:	f8d8 4008 	ldr.w	r4, [r8, #8]
200091ce:	61af      	str	r7, [r5, #24]
200091d0:	42a6      	cmp	r6, r4
200091d2:	d3d8      	bcc.n	20009186 <stereo_to_stereo_producer_give+0x1a>
200091d4:	4641      	mov	r1, r8
200091d6:	6928      	ldr	r0, [r5, #16]
200091d8:	e8bd 41f0 	ldmia.w	sp!, {r4, r5, r6, r7, r8, lr}
200091dc:	f004 baae 	b.w	2000d73c <queue_free_audio_buffer>
200091e0:	2101      	movs	r1, #1
200091e2:	6968      	ldr	r0, [r5, #20]
200091e4:	f004 fa64 	bl	2000d6b0 <get_free_audio_buffer>
200091e8:	f04f 0c00 	mov.w	ip, #0
200091ec:	f8d8 4008 	ldr.w	r4, [r8, #8]
200091f0:	4661      	mov	r1, ip
200091f2:	e9c5 0706 	strd	r0, r7, [r5, #24]
200091f6:	e7cb      	b.n	20009190 <stereo_to_stereo_producer_give+0x24>

200091f8 <update_pio_frequency>:
200091f8:	b510      	push	{r4, lr}
200091fa:	4604      	mov	r4, r0
200091fc:	b082      	sub	sp, #8
200091fe:	4621      	mov	r1, r4
20009200:	480e      	ldr	r0, [pc, #56]	@ (2000923c <update_pio_frequency+0x44>)
20009202:	f7ff f8db 	bl	200083bc <__wrap_printf>
20009206:	2005      	movs	r0, #5
20009208:	f7fb ffae 	bl	20005168 <clock_get_hz>
2000920c:	4601      	mov	r1, r0
2000920e:	008a      	lsls	r2, r1, #2
20009210:	fbb2 f2f4 	udiv	r2, r2, r4
20009214:	480a      	ldr	r0, [pc, #40]	@ (20009240 <update_pio_frequency+0x48>)
20009216:	9201      	str	r2, [sp, #4]
20009218:	f7ff f8d0 	bl	200083bc <__wrap_printf>
2000921c:	4909      	ldr	r1, [pc, #36]	@ (20009244 <update_pio_frequency+0x4c>)
2000921e:	9a01      	ldr	r2, [sp, #4]
20009220:	7a0b      	ldrb	r3, [r1, #8]
20009222:	0212      	lsls	r2, r2, #8
20009224:	eb03 0343 	add.w	r3, r3, r3, lsl #1
20009228:	00db      	lsls	r3, r3, #3
2000922a:	f103 43a0 	add.w	r3, r3, #1342177280	@ 0x50000000
2000922e:	f503 1340 	add.w	r3, r3, #3145728	@ 0x300000
20009232:	f8c3 20c8 	str.w	r2, [r3, #200]	@ 0xc8
20009236:	604c      	str	r4, [r1, #4]
20009238:	b002      	add	sp, #8
2000923a:	bd10      	pop	{r4, pc}
2000923c:	2000d9fc 	.word	0x2000d9fc
20009240:	2000dba8 	.word	0x2000dba8
20009244:	20061b8c 	.word	0x20061b8c

20009248 <wrap_consumer_take>:
20009248:	4603      	mov	r3, r0
2000924a:	6900      	ldr	r0, [r0, #16]
2000924c:	4a0b      	ldr	r2, [pc, #44]	@ (2000927c <wrap_consumer_take+0x34>)
2000924e:	6840      	ldr	r0, [r0, #4]
20009250:	6852      	ldr	r2, [r2, #4]
20009252:	6800      	ldr	r0, [r0, #0]
20009254:	4290      	cmp	r0, r2
20009256:	d102      	bne.n	2000925e <wrap_consumer_take+0x16>
20009258:	4618      	mov	r0, r3
2000925a:	f7ff bf31 	b.w	200090c0 <stereo_to_stereo_consumer_take>
2000925e:	b500      	push	{lr}
20009260:	b083      	sub	sp, #12
20009262:	e9cd 3100 	strd	r3, r1, [sp]
20009266:	f7ff ffc7 	bl	200091f8 <update_pio_frequency>
2000926a:	e9dd 3100 	ldrd	r3, r1, [sp]
2000926e:	4618      	mov	r0, r3
20009270:	b003      	add	sp, #12
20009272:	f85d eb04 	ldr.w	lr, [sp], #4
20009276:	f7ff bf23 	b.w	200090c0 <stereo_to_stereo_consumer_take>
2000927a:	bf00      	nop
2000927c:	20061b8c 	.word	0x20061b8c

20009280 <wrap_producer_give>:
20009280:	4603      	mov	r3, r0
20009282:	6900      	ldr	r0, [r0, #16]
20009284:	4a0b      	ldr	r2, [pc, #44]	@ (200092b4 <wrap_producer_give+0x34>)
20009286:	6840      	ldr	r0, [r0, #4]
20009288:	6852      	ldr	r2, [r2, #4]
2000928a:	6800      	ldr	r0, [r0, #0]
2000928c:	4290      	cmp	r0, r2
2000928e:	d102      	bne.n	20009296 <wrap_producer_give+0x16>
20009290:	4618      	mov	r0, r3
20009292:	f7ff bf6b 	b.w	2000916c <stereo_to_stereo_producer_give>
20009296:	b500      	push	{lr}
20009298:	b083      	sub	sp, #12
2000929a:	e9cd 3100 	strd	r3, r1, [sp]
2000929e:	f7ff ffab 	bl	200091f8 <update_pio_frequency>
200092a2:	e9dd 3100 	ldrd	r3, r1, [sp]
200092a6:	4618      	mov	r0, r3
200092a8:	b003      	add	sp, #12
200092aa:	f85d eb04 	ldr.w	lr, [sp], #4
200092ae:	f7ff bf5d 	b.w	2000916c <stereo_to_stereo_producer_give>
200092b2:	bf00      	nop
200092b4:	20061b8c 	.word	0x20061b8c

200092b8 <audio_i2s_setup>:
200092b8:	e92d 4ff0 	stmdb	sp!, {r4, r5, r6, r7, r8, r9, sl, fp, lr}
200092bc:	460e      	mov	r6, r1
200092be:	b087      	sub	sp, #28
200092c0:	2107      	movs	r1, #7
200092c2:	9001      	str	r0, [sp, #4]
200092c4:	7830      	ldrb	r0, [r6, #0]
200092c6:	f7fb f819 	bl	200042fc <gpio_set_function>
200092ca:	2107      	movs	r1, #7
200092cc:	7870      	ldrb	r0, [r6, #1]
200092ce:	f7fb f815 	bl	200042fc <gpio_set_function>
200092d2:	7870      	ldrb	r0, [r6, #1]
200092d4:	2107      	movs	r1, #7
200092d6:	3001      	adds	r0, #1
200092d8:	f7fb f810 	bl	200042fc <gpio_set_function>
200092dc:	4d49      	ldr	r5, [pc, #292]	@ (20009404 <audio_i2s_setup+0x14c>)
200092de:	78f4      	ldrb	r4, [r6, #3]
200092e0:	f8df 913c 	ldr.w	r9, [pc, #316]	@ 20009420 <audio_i2s_setup+0x168>
200092e4:	4628      	mov	r0, r5
200092e6:	4621      	mov	r1, r4
200092e8:	f889 4008 	strb.w	r4, [r9, #8]
200092ec:	f7ff fd24 	bl	20008d38 <pio_sm_claim>
200092f0:	4628      	mov	r0, r5
200092f2:	4945      	ldr	r1, [pc, #276]	@ (20009408 <audio_i2s_setup+0x150>)
200092f4:	f7ff fd44 	bl	20008d80 <pio_add_program>
200092f8:	f44f 3380 	mov.w	r3, #65536	@ 0x10000
200092fc:	9302      	str	r3, [sp, #8]
200092fe:	f44f 23c0 	mov.w	r3, #393216	@ 0x60000
20009302:	f896 a001 	ldrb.w	sl, [r6, #1]
20009306:	7837      	ldrb	r7, [r6, #0]
20009308:	9304      	str	r3, [sp, #16]
2000930a:	ea4f 238a 	mov.w	r3, sl, lsl #10
2000930e:	f007 011f 	and.w	r1, r7, #31
20009312:	f403 43f8 	and.w	r3, r3, #31744	@ 0x7c00
20009316:	430b      	orrs	r3, r1
20009318:	f043 4380 	orr.w	r3, r3, #1073741824	@ 0x40000000
2000931c:	f100 0807 	add.w	r8, r0, #7
20009320:	f443 1380 	orr.w	r3, r3, #1048576	@ 0x100000
20009324:	9305      	str	r3, [sp, #20]
20009326:	ea4f 3308 	mov.w	r3, r8, lsl #12
2000932a:	ea43 13c0 	orr.w	r3, r3, r0, lsl #7
2000932e:	f023 43c0 	bic.w	r3, r3, #1610612736	@ 0x60000000
20009332:	4602      	mov	r2, r0
20009334:	4621      	mov	r1, r4
20009336:	4628      	mov	r0, r5
20009338:	9303      	str	r3, [sp, #12]
2000933a:	ab02      	add	r3, sp, #8
2000933c:	f7ff fdee 	bl	20008f1c <pio_sm_init>
20009340:	f04f 0b01 	mov.w	fp, #1
20009344:	2203      	movs	r2, #3
20009346:	fa0b f307 	lsl.w	r3, fp, r7
2000934a:	fa02 f20a 	lsl.w	r2, r2, sl
2000934e:	4313      	orrs	r3, r2
20009350:	461a      	mov	r2, r3
20009352:	4628      	mov	r0, r5
20009354:	4621      	mov	r1, r4
20009356:	f7ff fd61 	bl	20008e1c <pio_sm_set_pindirs_with_mask>
2000935a:	4628      	mov	r0, r5
2000935c:	2200      	movs	r2, #0
2000935e:	4621      	mov	r1, r4
20009360:	f7ff fd2a 	bl	20008db8 <pio_sm_set_pins>
20009364:	eb04 0244 	add.w	r2, r4, r4, lsl #1
20009368:	f008 031f 	and.w	r3, r8, #31
2000936c:	eb05 05c2 	add.w	r5, r5, r2, lsl #3
20009370:	200c      	movs	r0, #12
20009372:	f8c5 30d8 	str.w	r3, [r5, #216]	@ 0xd8
20009376:	f7fd fbef 	bl	20006b58 <__wrap_malloc>
2000937a:	2800      	cmp	r0, #0
2000937c:	d03f      	beq.n	200093fe <audio_i2s_setup+0x146>
2000937e:	4605      	mov	r5, r0
20009380:	f44f 6110 	mov.w	r1, #2304	@ 0x900
20009384:	4658      	mov	r0, fp
20009386:	f7fd fc03 	bl	20006b90 <__wrap_calloc>
2000938a:	6068      	str	r0, [r5, #4]
2000938c:	2800      	cmp	r0, #0
2000938e:	d033      	beq.n	200093f8 <audio_i2s_setup+0x140>
20009390:	f44f 6310 	mov.w	r3, #2304	@ 0x900
20009394:	602b      	str	r3, [r5, #0]
20009396:	f44f 7210 	mov.w	r2, #576	@ 0x240
2000939a:	4b1c      	ldr	r3, [pc, #112]	@ (2000940c <audio_i2s_setup+0x154>)
2000939c:	609a      	str	r2, [r3, #8]
2000939e:	4a1c      	ldr	r2, [pc, #112]	@ (20009410 <audio_i2s_setup+0x158>)
200093a0:	601d      	str	r5, [r3, #0]
200093a2:	605a      	str	r2, [r3, #4]
200093a4:	f3bf 8f5f 	dmb	sy
200093a8:	78b5      	ldrb	r5, [r6, #2]
200093aa:	2600      	movs	r6, #0
200093ac:	4628      	mov	r0, r5
200093ae:	f7ff fc1f 	bl	20008bf0 <dma_channel_claim>
200093b2:	4f18      	ldr	r7, [pc, #96]	@ (20009414 <audio_i2s_setup+0x15c>)
200093b4:	036b      	lsls	r3, r5, #13
200093b6:	f104 0c08 	add.w	ip, r4, #8
200093ba:	f423 03fc 	bic.w	r3, r3, #8257536	@ 0x7e0000
200093be:	eb07 0784 	add.w	r7, r7, r4, lsl #2
200093c2:	ea43 434c 	orr.w	r3, r3, ip, lsl #17
200093c6:	01ac      	lsls	r4, r5, #6
200093c8:	f104 44a0 	add.w	r4, r4, #1342177280	@ 0x50000000
200093cc:	f043 0319 	orr.w	r3, r3, #25
200093d0:	f889 5009 	strb.w	r5, [r9, #9]
200093d4:	2280      	movs	r2, #128	@ 0x80
200093d6:	6026      	str	r6, [r4, #0]
200093d8:	200b      	movs	r0, #11
200093da:	6067      	str	r7, [r4, #4]
200093dc:	490e      	ldr	r1, [pc, #56]	@ (20009418 <audio_i2s_setup+0x160>)
200093de:	60a6      	str	r6, [r4, #8]
200093e0:	6123      	str	r3, [r4, #16]
200093e2:	f7fb f90d 	bl	20004600 <irq_add_shared_handler>
200093e6:	2301      	movs	r3, #1
200093e8:	9801      	ldr	r0, [sp, #4]
200093ea:	4a0c      	ldr	r2, [pc, #48]	@ (2000941c <audio_i2s_setup+0x164>)
200093ec:	40ab      	lsls	r3, r5
200093ee:	f8c2 3414 	str.w	r3, [r2, #1044]	@ 0x414
200093f2:	b007      	add	sp, #28
200093f4:	e8bd 8ff0 	ldmia.w	sp!, {r4, r5, r6, r7, r8, r9, sl, fp, pc}
200093f8:	4628      	mov	r0, r5
200093fa:	f7fd fbe9 	bl	20006bd0 <__wrap_free>
200093fe:	2500      	movs	r5, #0
20009400:	e7c9      	b.n	20009396 <audio_i2s_setup+0xde>
20009402:	bf00      	nop
20009404:	50300000 	.word	0x50300000
20009408:	2000e28c 	.word	0x2000e28c
2000940c:	200153a0 	.word	0x200153a0
20009410:	2000e440 	.word	0x2000e440
20009414:	50300010 	.word	0x50300010
20009418:	2000d891 	.word	0x2000d891
2000941c:	50002000 	.word	0x50002000
20009420:	20061b8c 	.word	0x20061b8c

20009424 <audio_i2s_connect_extra>:
20009424:	b5f0      	push	{r4, r5, r6, r7, lr}
20009426:	4604      	mov	r4, r0
20009428:	b083      	sub	sp, #12
2000942a:	481f      	ldr	r0, [pc, #124]	@ (200094a8 <audio_i2s_connect_extra+0x84>)
2000942c:	e9cd 3200 	strd	r3, r2, [sp]
20009430:	460f      	mov	r7, r1
20009432:	f7fe ff4d 	bl	200082d0 <__wrap_puts>
20009436:	e9dd 2100 	ldrd	r2, r1, [sp]
2000943a:	f04f 0e04 	mov.w	lr, #4
2000943e:	6863      	ldr	r3, [r4, #4]
20009440:	f8df c088 	ldr.w	ip, [pc, #136]	@ 200094cc <audio_i2s_connect_extra+0xa8>
20009444:	681b      	ldr	r3, [r3, #0]
20009446:	4d19      	ldr	r5, [pc, #100]	@ (200094ac <audio_i2s_connect_extra+0x88>)
20009448:	4819      	ldr	r0, [pc, #100]	@ (200094b0 <audio_i2s_connect_extra+0x8c>)
2000944a:	e9c5 3c00 	strd	r3, ip, [r5]
2000944e:	f8a0 e004 	strh.w	lr, [r0, #4]
20009452:	f7ff fe29 	bl	200090a8 <audio_new_consumer_pool>
20009456:	4d17      	ldr	r5, [pc, #92]	@ (200094b4 <audio_i2s_connect_extra+0x90>)
20009458:	6863      	ldr	r3, [r4, #4]
2000945a:	6028      	str	r0, [r5, #0]
2000945c:	6818      	ldr	r0, [r3, #0]
2000945e:	f7ff fecb 	bl	200091f8 <update_pio_frequency>
20009462:	f3bf 8f5f 	dmb	sy
20009466:	9b08      	ldr	r3, [sp, #32]
20009468:	b13b      	cbz	r3, 2000947a <audio_i2s_connect_extra+0x56>
2000946a:	9808      	ldr	r0, [sp, #32]
2000946c:	4621      	mov	r1, r4
2000946e:	682a      	ldr	r2, [r5, #0]
20009470:	f7ff fe20 	bl	200090b4 <audio_complete_connection>
20009474:	2001      	movs	r0, #1
20009476:	b003      	add	sp, #12
20009478:	bdf0      	pop	{r4, r5, r6, r7, pc}
2000947a:	6863      	ldr	r3, [r4, #4]
2000947c:	6819      	ldr	r1, [r3, #0]
2000947e:	88db      	ldrh	r3, [r3, #6]
20009480:	2b02      	cmp	r3, #2
20009482:	d006      	beq.n	20009492 <audio_i2s_connect_extra+0x6e>
20009484:	480c      	ldr	r0, [pc, #48]	@ (200094b8 <audio_i2s_connect_extra+0x94>)
20009486:	f7fe ff99 	bl	200083bc <__wrap_printf>
2000948a:	b157      	cbz	r7, 200094a2 <audio_i2s_connect_extra+0x7e>
2000948c:	4b0b      	ldr	r3, [pc, #44]	@ (200094bc <audio_i2s_connect_extra+0x98>)
2000948e:	9308      	str	r3, [sp, #32]
20009490:	e7eb      	b.n	2000946a <audio_i2s_connect_extra+0x46>
20009492:	480b      	ldr	r0, [pc, #44]	@ (200094c0 <audio_i2s_connect_extra+0x9c>)
20009494:	f7fe ff92 	bl	200083bc <__wrap_printf>
20009498:	480a      	ldr	r0, [pc, #40]	@ (200094c4 <audio_i2s_connect_extra+0xa0>)
2000949a:	f7fe ff19 	bl	200082d0 <__wrap_puts>
2000949e:	2f00      	cmp	r7, #0
200094a0:	d1f4      	bne.n	2000948c <audio_i2s_connect_extra+0x68>
200094a2:	4b09      	ldr	r3, [pc, #36]	@ (200094c8 <audio_i2s_connect_extra+0xa4>)
200094a4:	9308      	str	r3, [sp, #32]
200094a6:	e7e0      	b.n	2000946a <audio_i2s_connect_extra+0x46>
200094a8:	2000dbd8 	.word	0x2000dbd8
200094ac:	20061b98 	.word	0x20061b98
200094b0:	2000e440 	.word	0x2000e440
200094b4:	2001266c 	.word	0x2001266c
200094b8:	2000dadc 	.word	0x2000dadc
200094bc:	2000e400 	.word	0x2000e400
200094c0:	2000da7c 	.word	0x2000da7c
200094c4:	2000daa0 	.word	0x2000daa0
200094c8:	2000e420 	.word	0x2000e420
200094cc:	00020001 	.word	0x00020001

200094d0 <audio_i2s_set_enabled>:
200094d0:	b510      	push	{r4, lr}
200094d2:	4c1e      	ldr	r4, [pc, #120]	@ (2000954c <audio_i2s_set_enabled+0x7c>)
200094d4:	b082      	sub	sp, #8
200094d6:	7823      	ldrb	r3, [r4, #0]
200094d8:	4283      	cmp	r3, r0
200094da:	d101      	bne.n	200094e0 <audio_i2s_set_enabled+0x10>
200094dc:	b002      	add	sp, #8
200094de:	bd10      	pop	{r4, pc}
200094e0:	4601      	mov	r1, r0
200094e2:	9001      	str	r0, [sp, #4]
200094e4:	200b      	movs	r0, #11
200094e6:	f7fb f82d 	bl	20004544 <irq_set_enabled>
200094ea:	9a01      	ldr	r2, [sp, #4]
200094ec:	b98a      	cbnz	r2, 20009512 <audio_i2s_set_enabled+0x42>
200094ee:	4b18      	ldr	r3, [pc, #96]	@ (20009550 <audio_i2s_set_enabled+0x80>)
200094f0:	2101      	movs	r1, #1
200094f2:	4818      	ldr	r0, [pc, #96]	@ (20009554 <audio_i2s_set_enabled+0x84>)
200094f4:	f893 c008 	ldrb.w	ip, [r3, #8]
200094f8:	6803      	ldr	r3, [r0, #0]
200094fa:	fa01 f10c 	lsl.w	r1, r1, ip
200094fe:	fa02 fe0c 	lsl.w	lr, r2, ip
20009502:	ea23 0301 	bic.w	r3, r3, r1
20009506:	ea43 030e 	orr.w	r3, r3, lr
2000950a:	6003      	str	r3, [r0, #0]
2000950c:	7022      	strb	r2, [r4, #0]
2000950e:	b002      	add	sp, #8
20009510:	bd10      	pop	{r4, pc}
20009512:	4b11      	ldr	r3, [pc, #68]	@ (20009558 <audio_i2s_set_enabled+0x88>)
20009514:	2100      	movs	r1, #0
20009516:	6818      	ldr	r0, [r3, #0]
20009518:	9201      	str	r2, [sp, #4]
2000951a:	f004 f9b1 	bl	2000d880 <take_audio_buffer>
2000951e:	f8df c03c 	ldr.w	ip, [pc, #60]	@ 2000955c <audio_i2s_set_enabled+0x8c>
20009522:	4b0b      	ldr	r3, [pc, #44]	@ (20009550 <audio_i2s_set_enabled+0x80>)
20009524:	2800      	cmp	r0, #0
20009526:	bf18      	it	ne
20009528:	4684      	movne	ip, r0
2000952a:	7a59      	ldrb	r1, [r3, #9]
2000952c:	f8dc e000 	ldr.w	lr, [ip]
20009530:	6018      	str	r0, [r3, #0]
20009532:	0189      	lsls	r1, r1, #6
20009534:	f8dc 0008 	ldr.w	r0, [ip, #8]
20009538:	f8de c004 	ldr.w	ip, [lr, #4]
2000953c:	f101 41a0 	add.w	r1, r1, #1342177280	@ 0x50000000
20009540:	f8c1 c000 	str.w	ip, [r1]
20009544:	9a01      	ldr	r2, [sp, #4]
20009546:	61c8      	str	r0, [r1, #28]
20009548:	e7d2      	b.n	200094f0 <audio_i2s_set_enabled+0x20>
2000954a:	bf00      	nop
2000954c:	20015f2a 	.word	0x20015f2a
20009550:	20061b8c 	.word	0x20061b8c
20009554:	50300000 	.word	0x50300000
20009558:	2001266c 	.word	0x2001266c
2000955c:	200153a0 	.word	0x200153a0

20009560 <_usb_endpoint_hw_init>:
20009560:	b570      	push	{r4, r5, r6, lr}
20009562:	6801      	ldr	r1, [r0, #0]
20009564:	4c23      	ldr	r4, [pc, #140]	@ (200095f4 <_usb_endpoint_hw_init+0x94>)
20009566:	f8b0 c028 	ldrh.w	ip, [r0, #40]	@ 0x28
2000956a:	8c22      	ldrh	r2, [r4, #32]
2000956c:	f890 6032 	ldrb.w	r6, [r0, #50]	@ 0x32
20009570:	b369      	cbz	r1, 200095ce <_usb_endpoint_hw_init+0x6e>
20009572:	2500      	movs	r5, #0
20009574:	f891 e002 	ldrb.w	lr, [r1, #2]
20009578:	f00e 0e0f 	and.w	lr, lr, #15
2000957c:	ea4f 03ce 	mov.w	r3, lr, lsl #3
20009580:	f103 43a0 	add.w	r3, r3, #1342177280	@ 0x50000000
20009584:	f503 1380 	add.w	r3, r3, #1048576	@ 0x100000
20009588:	f8c3 5080 	str.w	r5, [r3, #128]	@ 0x80
2000958c:	f8c3 5084 	str.w	r5, [r3, #132]	@ 0x84
20009590:	8302      	strh	r2, [r0, #24]
20009592:	b996      	cbnz	r6, 200095ba <_usb_endpoint_hw_init+0x5a>
20009594:	4494      	add	ip, r2
20009596:	f8a4 c020 	strh.w	ip, [r4, #32]
2000959a:	f1be 0f00 	cmp.w	lr, #0
2000959e:	d00b      	beq.n	200095b8 <_usb_endpoint_hw_init+0x58>
200095a0:	f04f 4420 	mov.w	r4, #2684354560	@ 0xa0000000
200095a4:	78c9      	ldrb	r1, [r1, #3]
200095a6:	f890 0033 	ldrb.w	r0, [r0, #51]	@ 0x33
200095aa:	ea42 6181 	orr.w	r1, r2, r1, lsl #26
200095ae:	4321      	orrs	r1, r4
200095b0:	b1c8      	cbz	r0, 200095e6 <_usb_endpoint_hw_init+0x86>
200095b2:	2200      	movs	r2, #0
200095b4:	6019      	str	r1, [r3, #0]
200095b6:	605a      	str	r2, [r3, #4]
200095b8:	bd70      	pop	{r4, r5, r6, pc}
200095ba:	eb02 0c4c 	add.w	ip, r2, ip, lsl #1
200095be:	f8a4 c020 	strh.w	ip, [r4, #32]
200095c2:	f1be 0f00 	cmp.w	lr, #0
200095c6:	d0f7      	beq.n	200095b8 <_usb_endpoint_hw_init+0x58>
200095c8:	f04f 4460 	mov.w	r4, #3758096384	@ 0xe0000000
200095cc:	e7ea      	b.n	200095a4 <_usb_endpoint_hw_init+0x44>
200095ce:	4b0a      	ldr	r3, [pc, #40]	@ (200095f8 <_usb_endpoint_hw_init+0x98>)
200095d0:	f8c3 1080 	str.w	r1, [r3, #128]	@ 0x80
200095d4:	f8c3 1084 	str.w	r1, [r3, #132]	@ 0x84
200095d8:	8302      	strh	r2, [r0, #24]
200095da:	b13e      	cbz	r6, 200095ec <_usb_endpoint_hw_init+0x8c>
200095dc:	eb02 0c4c 	add.w	ip, r2, ip, lsl #1
200095e0:	f8a4 c020 	strh.w	ip, [r4, #32]
200095e4:	bd70      	pop	{r4, r5, r6, pc}
200095e6:	6018      	str	r0, [r3, #0]
200095e8:	6059      	str	r1, [r3, #4]
200095ea:	bd70      	pop	{r4, r5, r6, pc}
200095ec:	4462      	add	r2, ip
200095ee:	8422      	strh	r2, [r4, #32]
200095f0:	bd70      	pop	{r4, r5, r6, pc}
200095f2:	bf00      	nop
200095f4:	20012000 	.word	0x20012000
200095f8:	50100000 	.word	0x50100000

200095fc <_tf_set_address>:
200095fc:	4a02      	ldr	r2, [pc, #8]	@ (20009608 <_tf_set_address+0xc>)
200095fe:	4903      	ldr	r1, [pc, #12]	@ (2000960c <_tf_set_address+0x10>)
20009600:	7f93      	ldrb	r3, [r2, #30]
20009602:	7713      	strb	r3, [r2, #28]
20009604:	600b      	str	r3, [r1, #0]
20009606:	4770      	bx	lr
20009608:	20012000 	.word	0x20012000
2000960c:	50110000 	.word	0x50110000

20009610 <_usb_endpoint_init_internal.isra.0>:
20009610:	b5f0      	push	{r4, r5, r6, r7, lr}
20009612:	4604      	mov	r4, r0
20009614:	4615      	mov	r5, r2
20009616:	b083      	sub	sp, #12
20009618:	460e      	mov	r6, r1
2000961a:	2234      	movs	r2, #52	@ 0x34
2000961c:	2100      	movs	r1, #0
2000961e:	f89d 7020 	ldrb.w	r7, [sp, #32]
20009622:	9301      	str	r3, [sp, #4]
20009624:	f001 ffda 	bl	2000b5dc <memset>
20009628:	2240      	movs	r2, #64	@ 0x40
2000962a:	9b01      	ldr	r3, [sp, #4]
2000962c:	f884 5033 	strb.w	r5, [r4, #51]	@ 0x33
20009630:	f085 0501 	eor.w	r5, r5, #1
20009634:	eb05 0546 	add.w	r5, r5, r6, lsl #1
20009638:	8522      	strh	r2, [r4, #40]	@ 0x28
2000963a:	f884 602a 	strb.w	r6, [r4, #42]	@ 0x2a
2000963e:	8363      	strh	r3, [r4, #26]
20009640:	f884 7032 	strb.w	r7, [r4, #50]	@ 0x32
20009644:	f884 502c 	strb.w	r5, [r4, #44]	@ 0x2c
20009648:	b003      	add	sp, #12
2000964a:	bdf0      	pop	{r4, r5, r6, r7, pc}

2000964c <_usb_stall_endpoint.part.0>:
2000964c:	f890 302a 	ldrb.w	r3, [r0, #42]	@ 0x2a
20009650:	468c      	mov	ip, r1
20009652:	b93b      	cbnz	r3, 20009664 <_usb_stall_endpoint.part.0+0x18>
20009654:	f890 3033 	ldrb.w	r3, [r0, #51]	@ 0x33
20009658:	4a0c      	ldr	r2, [pc, #48]	@ (2000968c <_usb_stall_endpoint.part.0+0x40>)
2000965a:	f1c3 0302 	rsb	r3, r3, #2
2000965e:	6693      	str	r3, [r2, #104]	@ 0x68
20009660:	f890 302a 	ldrb.w	r3, [r0, #42]	@ 0x2a
20009664:	f890 2033 	ldrb.w	r2, [r0, #51]	@ 0x33
20009668:	00db      	lsls	r3, r3, #3
2000966a:	b152      	cbz	r2, 20009682 <_usb_stall_endpoint.part.0+0x36>
2000966c:	4a08      	ldr	r2, [pc, #32]	@ (20009690 <_usb_stall_endpoint.part.0+0x44>)
2000966e:	189a      	adds	r2, r3, r2
20009670:	6813      	ldr	r3, [r2, #0]
20009672:	6901      	ldr	r1, [r0, #16]
20009674:	f443 6300 	orr.w	r3, r3, #2048	@ 0x800
20009678:	6013      	str	r3, [r2, #0]
2000967a:	f880 c030 	strb.w	ip, [r0, #48]	@ 0x30
2000967e:	b119      	cbz	r1, 20009688 <_usb_stall_endpoint.part.0+0x3c>
20009680:	4708      	bx	r1
20009682:	4a04      	ldr	r2, [pc, #16]	@ (20009694 <_usb_stall_endpoint.part.0+0x48>)
20009684:	189a      	adds	r2, r3, r2
20009686:	e7f3      	b.n	20009670 <_usb_stall_endpoint.part.0+0x24>
20009688:	4770      	bx	lr
2000968a:	bf00      	nop
2000968c:	50112000 	.word	0x50112000
20009690:	50100080 	.word	0x50100080
20009694:	50100084 	.word	0x50100084

20009698 <_usb_reset_buffers>:
20009698:	b530      	push	{r4, r5, lr}
2000969a:	f890 e033 	ldrb.w	lr, [r0, #51]	@ 0x33
2000969e:	f890 202a 	ldrb.w	r2, [r0, #42]	@ 0x2a
200096a2:	4605      	mov	r5, r0
200096a4:	f890 c032 	ldrb.w	ip, [r0, #50]	@ 0x32
200096a8:	b083      	sub	sp, #12
200096aa:	00d3      	lsls	r3, r2, #3
200096ac:	f1be 0f00 	cmp.w	lr, #0
200096b0:	d03c      	beq.n	2000972c <_usb_reset_buffers+0x94>
200096b2:	4933      	ldr	r1, [pc, #204]	@ (20009780 <_usb_reset_buffers+0xe8>)
200096b4:	f851 2032 	ldr.w	r2, [r1, r2, lsl #3]
200096b8:	440b      	add	r3, r1
200096ba:	f012 2f04 	tst.w	r2, #67109888	@ 0x4000400
200096be:	d02a      	beq.n	20009716 <_usb_reset_buffers+0x7e>
200096c0:	f1bc 0f00 	cmp.w	ip, #0
200096c4:	d13c      	bne.n	20009740 <_usb_reset_buffers+0xa8>
200096c6:	f895 302b 	ldrb.w	r3, [r5, #43]	@ 0x2b
200096ca:	f083 0301 	eor.w	r3, r3, #1
200096ce:	f885 302b 	strb.w	r3, [r5, #43]	@ 0x2b
200096d2:	2401      	movs	r4, #1
200096d4:	f895 202c 	ldrb.w	r2, [r5, #44]	@ 0x2c
200096d8:	4b2a      	ldr	r3, [pc, #168]	@ (20009784 <_usb_reset_buffers+0xec>)
200096da:	492b      	ldr	r1, [pc, #172]	@ (20009788 <_usb_reset_buffers+0xf0>)
200096dc:	4094      	lsls	r4, r2
200096de:	482b      	ldr	r0, [pc, #172]	@ (2000978c <_usb_reset_buffers+0xf4>)
200096e0:	665c      	str	r4, [r3, #100]	@ 0x64
200096e2:	660c      	str	r4, [r1, #96]	@ 0x60
200096e4:	6e43      	ldr	r3, [r0, #100]	@ 0x64
200096e6:	421c      	tst	r4, r3
200096e8:	d107      	bne.n	200096fa <_usb_reset_buffers+0x62>
200096ea:	4b29      	ldr	r3, [pc, #164]	@ (20009790 <_usb_reset_buffers+0xf8>)
200096ec:	e001      	b.n	200096f2 <_usb_reset_buffers+0x5a>
200096ee:	3b01      	subs	r3, #1
200096f0:	d02e      	beq.n	20009750 <_usb_reset_buffers+0xb8>
200096f2:	660c      	str	r4, [r1, #96]	@ 0x60
200096f4:	6e42      	ldr	r2, [r0, #100]	@ 0x64
200096f6:	4222      	tst	r2, r4
200096f8:	d0f9      	beq.n	200096ee <_usb_reset_buffers+0x56>
200096fa:	4b22      	ldr	r3, [pc, #136]	@ (20009784 <_usb_reset_buffers+0xec>)
200096fc:	661c      	str	r4, [r3, #96]	@ 0x60
200096fe:	665c      	str	r4, [r3, #100]	@ 0x64
20009700:	f895 202a 	ldrb.w	r2, [r5, #42]	@ 0x2a
20009704:	00d2      	lsls	r2, r2, #3
20009706:	f1be 0f00 	cmp.w	lr, #0
2000970a:	d01e      	beq.n	2000974a <_usb_reset_buffers+0xb2>
2000970c:	f5a3 3397 	sub.w	r3, r3, #77312	@ 0x12e00
20009710:	f5a3 73c0 	sub.w	r3, r3, #384	@ 0x180
20009714:	4413      	add	r3, r2
20009716:	2101      	movs	r1, #1
20009718:	2200      	movs	r2, #0
2000971a:	448c      	add	ip, r1
2000971c:	601a      	str	r2, [r3, #0]
2000971e:	f885 c02d 	strb.w	ip, [r5, #45]	@ 0x2d
20009722:	85ea      	strh	r2, [r5, #46]	@ 0x2e
20009724:	f885 1031 	strb.w	r1, [r5, #49]	@ 0x31
20009728:	b003      	add	sp, #12
2000972a:	bd30      	pop	{r4, r5, pc}
2000972c:	4a14      	ldr	r2, [pc, #80]	@ (20009780 <_usb_reset_buffers+0xe8>)
2000972e:	3304      	adds	r3, #4
20009730:	5899      	ldr	r1, [r3, r2]
20009732:	4413      	add	r3, r2
20009734:	f011 2f04 	tst.w	r1, #67109888	@ 0x4000400
20009738:	d0ed      	beq.n	20009716 <_usb_reset_buffers+0x7e>
2000973a:	f1bc 0f00 	cmp.w	ip, #0
2000973e:	d0c2      	beq.n	200096c6 <_usb_reset_buffers+0x2e>
20009740:	f895 302d 	ldrb.w	r3, [r5, #45]	@ 0x2d
20009744:	2b01      	cmp	r3, #1
20009746:	d1c4      	bne.n	200096d2 <_usb_reset_buffers+0x3a>
20009748:	e7bd      	b.n	200096c6 <_usb_reset_buffers+0x2e>
2000974a:	4b12      	ldr	r3, [pc, #72]	@ (20009794 <_usb_reset_buffers+0xfc>)
2000974c:	18d3      	adds	r3, r2, r3
2000974e:	e7e2      	b.n	20009716 <_usb_reset_buffers+0x7e>
20009750:	4811      	ldr	r0, [pc, #68]	@ (20009798 <_usb_reset_buffers+0x100>)
20009752:	f7fe fe33 	bl	200083bc <__wrap_printf>
20009756:	f895 3033 	ldrb.w	r3, [r5, #51]	@ 0x33
2000975a:	f895 102a 	ldrb.w	r1, [r5, #42]	@ 0x2a
2000975e:	b963      	cbnz	r3, 2000977a <_usb_reset_buffers+0xe2>
20009760:	4a0e      	ldr	r2, [pc, #56]	@ (2000979c <_usb_reset_buffers+0x104>)
20009762:	480a      	ldr	r0, [pc, #40]	@ (2000978c <_usb_reset_buffers+0xf4>)
20009764:	6e03      	ldr	r3, [r0, #96]	@ 0x60
20009766:	6e40      	ldr	r0, [r0, #100]	@ 0x64
20009768:	9000      	str	r0, [sp, #0]
2000976a:	480d      	ldr	r0, [pc, #52]	@ (200097a0 <_usb_reset_buffers+0x108>)
2000976c:	f7fe fe26 	bl	200083bc <__wrap_printf>
20009770:	f895 e033 	ldrb.w	lr, [r5, #51]	@ 0x33
20009774:	f895 c032 	ldrb.w	ip, [r5, #50]	@ 0x32
20009778:	e7bf      	b.n	200096fa <_usb_reset_buffers+0x62>
2000977a:	4a0a      	ldr	r2, [pc, #40]	@ (200097a4 <_usb_reset_buffers+0x10c>)
2000977c:	e7f1      	b.n	20009762 <_usb_reset_buffers+0xca>
2000977e:	bf00      	nop
20009780:	50100080 	.word	0x50100080
20009784:	50113000 	.word	0x50113000
20009788:	50112000 	.word	0x50112000
2000978c:	50110000 	.word	0x50110000
20009790:	0001869f 	.word	0x0001869f
20009794:	50100084 	.word	0x50100084
20009798:	2000dc24 	.word	0x2000dc24
2000979c:	2000dbf8 	.word	0x2000dbf8
200097a0:	2000dbfc 	.word	0x2000dbfc
200097a4:	2000dbf4 	.word	0x2000dbf4

200097a8 <usb_current_packet_buffer.part.0>:
200097a8:	8b42      	ldrh	r2, [r0, #26]
200097aa:	f890 3033 	ldrb.w	r3, [r0, #51]	@ 0x33
200097ae:	8b01      	ldrh	r1, [r0, #24]
200097b0:	8442      	strh	r2, [r0, #34]	@ 0x22
200097b2:	b16b      	cbz	r3, 200097d0 <usb_current_packet_buffer.part.0+0x28>
200097b4:	f890 302e 	ldrb.w	r3, [r0, #46]	@ 0x2e
200097b8:	bb43      	cbnz	r3, 2000980c <usb_current_packet_buffer.part.0+0x64>
200097ba:	f101 41a0 	add.w	r1, r1, #1342177280	@ 0x50000000
200097be:	f501 1180 	add.w	r1, r1, #1048576	@ 0x100000
200097c2:	61c1      	str	r1, [r0, #28]
200097c4:	2300      	movs	r3, #0
200097c6:	2201      	movs	r2, #1
200097c8:	8403      	strh	r3, [r0, #32]
200097ca:	f880 2024 	strb.w	r2, [r0, #36]	@ 0x24
200097ce:	4770      	bx	lr
200097d0:	f890 302f 	ldrb.w	r3, [r0, #47]	@ 0x2f
200097d4:	b99b      	cbnz	r3, 200097fe <usb_current_packet_buffer.part.0+0x56>
200097d6:	f101 42a0 	add.w	r2, r1, #1342177280	@ 0x50000000
200097da:	f502 1280 	add.w	r2, r2, #1048576	@ 0x100000
200097de:	f890 c02a 	ldrb.w	ip, [r0, #42]	@ 0x2a
200097e2:	005b      	lsls	r3, r3, #1
200097e4:	490d      	ldr	r1, [pc, #52]	@ (2000981c <usb_current_packet_buffer.part.0+0x74>)
200097e6:	eb03 03cc 	add.w	r3, r3, ip, lsl #3
200097ea:	3304      	adds	r3, #4
200097ec:	5a5b      	ldrh	r3, [r3, r1]
200097ee:	61c2      	str	r2, [r0, #28]
200097f0:	2201      	movs	r2, #1
200097f2:	f3c3 0309 	ubfx	r3, r3, #0, #10
200097f6:	8403      	strh	r3, [r0, #32]
200097f8:	f880 2024 	strb.w	r2, [r0, #36]	@ 0x24
200097fc:	4770      	bx	lr
200097fe:	8d02      	ldrh	r2, [r0, #40]	@ 0x28
20009800:	440a      	add	r2, r1
20009802:	f102 42a0 	add.w	r2, r2, #1342177280	@ 0x50000000
20009806:	f502 1280 	add.w	r2, r2, #1048576	@ 0x100000
2000980a:	e7e8      	b.n	200097de <usb_current_packet_buffer.part.0+0x36>
2000980c:	8d03      	ldrh	r3, [r0, #40]	@ 0x28
2000980e:	440b      	add	r3, r1
20009810:	f103 43a0 	add.w	r3, r3, #1342177280	@ 0x50000000
20009814:	f503 1380 	add.w	r3, r3, #1048576	@ 0x100000
20009818:	61c3      	str	r3, [r0, #28]
2000981a:	e7d3      	b.n	200097c4 <usb_current_packet_buffer.part.0+0x1c>
2000981c:	50100080 	.word	0x50100080

20009820 <_usb_give_buffer>:
20009820:	2300      	movs	r3, #0
20009822:	f890 2031 	ldrb.w	r2, [r0, #49]	@ 0x31
20009826:	b510      	push	{r4, lr}
20009828:	f880 3030 	strb.w	r3, [r0, #48]	@ 0x30
2000982c:	2a00      	cmp	r2, #0
2000982e:	d13d      	bne.n	200098ac <_usb_give_buffer+0x8c>
20009830:	f441 6180 	orr.w	r1, r1, #1024	@ 0x400
20009834:	f890 302b 	ldrb.w	r3, [r0, #43]	@ 0x2b
20009838:	f890 e033 	ldrb.w	lr, [r0, #51]	@ 0x33
2000983c:	1e1c      	subs	r4, r3, #0
2000983e:	bf18      	it	ne
20009840:	2401      	movne	r4, #1
20009842:	f083 0301 	eor.w	r3, r3, #1
20009846:	f880 302b 	strb.w	r3, [r0, #43]	@ 0x2b
2000984a:	f890 202e 	ldrb.w	r2, [r0, #46]	@ 0x2e
2000984e:	ea4f 33ce 	mov.w	r3, lr, lsl #15
20009852:	ea43 3344 	orr.w	r3, r3, r4, lsl #13
20009856:	430b      	orrs	r3, r1
20009858:	b10a      	cbz	r2, 2000985e <_usb_give_buffer+0x3e>
2000985a:	f443 5380 	orr.w	r3, r3, #4096	@ 0x1000
2000985e:	f890 c02a 	ldrb.w	ip, [r0, #42]	@ 0x2a
20009862:	ea4f 0ccc 	mov.w	ip, ip, lsl #3
20009866:	f1be 0f00 	cmp.w	lr, #0
2000986a:	d01c      	beq.n	200098a6 <_usb_give_buffer+0x86>
2000986c:	4912      	ldr	r1, [pc, #72]	@ (200098b8 <_usb_give_buffer+0x98>)
2000986e:	4461      	add	r1, ip
20009870:	2400      	movs	r4, #0
20009872:	f8d0 c008 	ldr.w	ip, [r0, #8]
20009876:	f890 e032 	ldrb.w	lr, [r0, #50]	@ 0x32
2000987a:	f821 3012 	strh.w	r3, [r1, r2, lsl #1]
2000987e:	f890 302d 	ldrb.w	r3, [r0, #45]	@ 0x2d
20009882:	f880 4024 	strb.w	r4, [r0, #36]	@ 0x24
20009886:	3b01      	subs	r3, #1
20009888:	f880 302d 	strb.w	r3, [r0, #45]	@ 0x2d
2000988c:	f8dc 3008 	ldr.w	r3, [ip, #8]
20009890:	3b01      	subs	r3, #1
20009892:	f8cc 3008 	str.w	r3, [ip, #8]
20009896:	f1be 0f00 	cmp.w	lr, #0
2000989a:	d003      	beq.n	200098a4 <_usb_give_buffer+0x84>
2000989c:	f082 0201 	eor.w	r2, r2, #1
200098a0:	f880 202e 	strb.w	r2, [r0, #46]	@ 0x2e
200098a4:	bd10      	pop	{r4, pc}
200098a6:	4905      	ldr	r1, [pc, #20]	@ (200098bc <_usb_give_buffer+0x9c>)
200098a8:	4461      	add	r1, ip
200098aa:	e7e1      	b.n	20009870 <_usb_give_buffer+0x50>
200098ac:	f441 51a0 	orr.w	r1, r1, #5120	@ 0x1400
200098b0:	f880 3031 	strb.w	r3, [r0, #49]	@ 0x31
200098b4:	e7be      	b.n	20009834 <_usb_give_buffer+0x14>
200098b6:	bf00      	nop
200098b8:	50100080 	.word	0x50100080
200098bc:	50100084 	.word	0x50100084

200098c0 <_usb_give_as_many_buffers_as_possible>:
200098c0:	6883      	ldr	r3, [r0, #8]
200098c2:	2b00      	cmp	r3, #0
200098c4:	d035      	beq.n	20009932 <_usb_give_as_many_buffers_as_possible+0x72>
200098c6:	b570      	push	{r4, r5, r6, lr}
200098c8:	4604      	mov	r4, r0
200098ca:	2601      	movs	r6, #1
200098cc:	e00a      	b.n	200098e4 <_usb_give_as_many_buffers_as_possible+0x24>
200098ce:	681a      	ldr	r2, [r3, #0]
200098d0:	4620      	mov	r0, r4
200098d2:	6812      	ldr	r2, [r2, #0]
200098d4:	741e      	strb	r6, [r3, #16]
200098d6:	4790      	blx	r2
200098d8:	f894 302d 	ldrb.w	r3, [r4, #45]	@ 0x2d
200098dc:	42ab      	cmp	r3, r5
200098de:	d016      	beq.n	2000990e <_usb_give_as_many_buffers_as_possible+0x4e>
200098e0:	68a3      	ldr	r3, [r4, #8]
200098e2:	b1a3      	cbz	r3, 2000990e <_usb_give_as_many_buffers_as_possible+0x4e>
200098e4:	689a      	ldr	r2, [r3, #8]
200098e6:	b192      	cbz	r2, 2000990e <_usb_give_as_many_buffers_as_possible+0x4e>
200098e8:	f894 502d 	ldrb.w	r5, [r4, #45]	@ 0x2d
200098ec:	b17d      	cbz	r5, 2000990e <_usb_give_as_many_buffers_as_possible+0x4e>
200098ee:	f894 2030 	ldrb.w	r2, [r4, #48]	@ 0x30
200098f2:	b962      	cbnz	r2, 2000990e <_usb_give_as_many_buffers_as_possible+0x4e>
200098f4:	f894 2033 	ldrb.w	r2, [r4, #51]	@ 0x33
200098f8:	2a00      	cmp	r2, #0
200098fa:	d1e8      	bne.n	200098ce <_usb_give_as_many_buffers_as_possible+0xe>
200098fc:	7c1b      	ldrb	r3, [r3, #16]
200098fe:	b93b      	cbnz	r3, 20009910 <_usb_give_as_many_buffers_as_possible+0x50>
20009900:	4620      	mov	r0, r4
20009902:	8b61      	ldrh	r1, [r4, #26]
20009904:	f7ff ff8c 	bl	20009820 <_usb_give_buffer>
20009908:	68a3      	ldr	r3, [r4, #8]
2000990a:	2b00      	cmp	r3, #0
2000990c:	d1ea      	bne.n	200098e4 <_usb_give_as_many_buffers_as_possible+0x24>
2000990e:	bd70      	pop	{r4, r5, r6, pc}
20009910:	4808      	ldr	r0, [pc, #32]	@ (20009934 <_usb_give_as_many_buffers_as_possible+0x74>)
20009912:	f7fe fd53 	bl	200083bc <__wrap_printf>
20009916:	f894 3033 	ldrb.w	r3, [r4, #51]	@ 0x33
2000991a:	f894 102a 	ldrb.w	r1, [r4, #42]	@ 0x2a
2000991e:	b133      	cbz	r3, 2000992e <_usb_give_as_many_buffers_as_possible+0x6e>
20009920:	4a05      	ldr	r2, [pc, #20]	@ (20009938 <_usb_give_as_many_buffers_as_possible+0x78>)
20009922:	f894 302d 	ldrb.w	r3, [r4, #45]	@ 0x2d
20009926:	4805      	ldr	r0, [pc, #20]	@ (2000993c <_usb_give_as_many_buffers_as_possible+0x7c>)
20009928:	f7fe fd48 	bl	200083bc <__wrap_printf>
2000992c:	e7e8      	b.n	20009900 <_usb_give_as_many_buffers_as_possible+0x40>
2000992e:	4a04      	ldr	r2, [pc, #16]	@ (20009940 <_usb_give_as_many_buffers_as_possible+0x80>)
20009930:	e7f7      	b.n	20009922 <_usb_give_as_many_buffers_as_possible+0x62>
20009932:	4770      	bx	lr
20009934:	2000dc24 	.word	0x2000dc24
20009938:	2000dbf4 	.word	0x2000dbf4
2000993c:	2000dc30 	.word	0x2000dc30
20009940:	2000dbf8 	.word	0x2000dbf8

20009944 <_usb_check_for_transfer_completion>:
20009944:	b510      	push	{r4, lr}
20009946:	f890 2030 	ldrb.w	r2, [r0, #48]	@ 0x30
2000994a:	4603      	mov	r3, r0
2000994c:	6884      	ldr	r4, [r0, #8]
2000994e:	b082      	sub	sp, #8
20009950:	b1d2      	cbz	r2, 20009988 <_usb_check_for_transfer_completion+0x44>
20009952:	2001      	movs	r0, #1
20009954:	2100      	movs	r1, #0
20009956:	6862      	ldr	r2, [r4, #4]
20009958:	74e0      	strb	r0, [r4, #19]
2000995a:	6099      	str	r1, [r3, #8]
2000995c:	b17a      	cbz	r2, 2000997e <_usb_check_for_transfer_completion+0x3a>
2000995e:	481e      	ldr	r0, [pc, #120]	@ (200099d8 <_usb_check_for_transfer_completion+0x94>)
20009960:	9301      	str	r3, [sp, #4]
20009962:	f7fe fd2b 	bl	200083bc <__wrap_printf>
20009966:	9b01      	ldr	r3, [sp, #4]
20009968:	f893 2033 	ldrb.w	r2, [r3, #51]	@ 0x33
2000996c:	f893 102a 	ldrb.w	r1, [r3, #42]	@ 0x2a
20009970:	2a00      	cmp	r2, #0
20009972:	d02e      	beq.n	200099d2 <_usb_check_for_transfer_completion+0x8e>
20009974:	4a19      	ldr	r2, [pc, #100]	@ (200099dc <_usb_check_for_transfer_completion+0x98>)
20009976:	6863      	ldr	r3, [r4, #4]
20009978:	4819      	ldr	r0, [pc, #100]	@ (200099e0 <_usb_check_for_transfer_completion+0x9c>)
2000997a:	f7fe fd1f 	bl	200083bc <__wrap_printf>
2000997e:	2300      	movs	r3, #0
20009980:	e9c4 3302 	strd	r3, r3, [r4, #8]
20009984:	b002      	add	sp, #8
20009986:	bd10      	pop	{r4, pc}
20009988:	68e2      	ldr	r2, [r4, #12]
2000998a:	2a00      	cmp	r2, #0
2000998c:	d1fa      	bne.n	20009984 <_usb_check_for_transfer_completion+0x40>
2000998e:	7c21      	ldrb	r1, [r4, #16]
20009990:	2900      	cmp	r1, #0
20009992:	d1f7      	bne.n	20009984 <_usb_check_for_transfer_completion+0x40>
20009994:	f04f 0c01 	mov.w	ip, #1
20009998:	6862      	ldr	r2, [r4, #4]
2000999a:	f884 c013 	strb.w	ip, [r4, #19]
2000999e:	6081      	str	r1, [r0, #8]
200099a0:	b122      	cbz	r2, 200099ac <_usb_check_for_transfer_completion+0x68>
200099a2:	4621      	mov	r1, r4
200099a4:	b002      	add	sp, #8
200099a6:	e8bd 4010 	ldmia.w	sp!, {r4, lr}
200099aa:	4710      	bx	r2
200099ac:	68c1      	ldr	r1, [r0, #12]
200099ae:	2900      	cmp	r1, #0
200099b0:	d0e8      	beq.n	20009984 <_usb_check_for_transfer_completion+0x40>
200099b2:	e9c0 1202 	strd	r1, r2, [r0, #8]
200099b6:	680a      	ldr	r2, [r1, #0]
200099b8:	f881 c012 	strb.w	ip, [r1, #18]
200099bc:	6852      	ldr	r2, [r2, #4]
200099be:	b112      	cbz	r2, 200099c6 <_usb_check_for_transfer_completion+0x82>
200099c0:	9001      	str	r0, [sp, #4]
200099c2:	4790      	blx	r2
200099c4:	9b01      	ldr	r3, [sp, #4]
200099c6:	4618      	mov	r0, r3
200099c8:	b002      	add	sp, #8
200099ca:	e8bd 4010 	ldmia.w	sp!, {r4, lr}
200099ce:	f7ff bf77 	b.w	200098c0 <_usb_give_as_many_buffers_as_possible>
200099d2:	4a04      	ldr	r2, [pc, #16]	@ (200099e4 <_usb_check_for_transfer_completion+0xa0>)
200099d4:	e7cf      	b.n	20009976 <_usb_check_for_transfer_completion+0x32>
200099d6:	bf00      	nop
200099d8:	2000dc24 	.word	0x2000dc24
200099dc:	2000dbf4 	.word	0x2000dbf4
200099e0:	2000dc70 	.word	0x2000dc70
200099e4:	2000dbf8 	.word	0x2000dbf8

200099e8 <_usb_handle_transfer>:
200099e8:	b500      	push	{lr}
200099ea:	b083      	sub	sp, #12
200099ec:	b178      	cbz	r0, 20009a0e <_usb_handle_transfer+0x26>
200099ee:	4b2b      	ldr	r3, [pc, #172]	@ (20009a9c <_usb_handle_transfer+0xb4>)
200099f0:	f853 3020 	ldr.w	r3, [r3, r0, lsl #2]
200099f4:	f893 002d 	ldrb.w	r0, [r3, #45]	@ 0x2d
200099f8:	6899      	ldr	r1, [r3, #8]
200099fa:	3001      	adds	r0, #1
200099fc:	f883 002d 	strb.w	r0, [r3, #45]	@ 0x2d
20009a00:	b349      	cbz	r1, 20009a56 <_usb_handle_transfer+0x6e>
20009a02:	7c08      	ldrb	r0, [r1, #16]
20009a04:	b130      	cbz	r0, 20009a14 <_usb_handle_transfer+0x2c>
20009a06:	2301      	movs	r3, #1
20009a08:	744b      	strb	r3, [r1, #17]
20009a0a:	b003      	add	sp, #12
20009a0c:	bd00      	pop	{pc}
20009a0e:	b301      	cbz	r1, 20009a52 <_usb_handle_transfer+0x6a>
20009a10:	4b23      	ldr	r3, [pc, #140]	@ (20009aa0 <_usb_handle_transfer+0xb8>)
20009a12:	e7ef      	b.n	200099f4 <_usb_handle_transfer+0xc>
20009a14:	f893 0033 	ldrb.w	r0, [r3, #51]	@ 0x33
20009a18:	f883 202f 	strb.w	r2, [r3, #47]	@ 0x2f
20009a1c:	b108      	cbz	r0, 20009a22 <_usb_handle_transfer+0x3a>
20009a1e:	688a      	ldr	r2, [r1, #8]
20009a20:	b15a      	cbz	r2, 20009a3a <_usb_handle_transfer+0x52>
20009a22:	f04f 0c01 	mov.w	ip, #1
20009a26:	680a      	ldr	r2, [r1, #0]
20009a28:	4618      	mov	r0, r3
20009a2a:	6812      	ldr	r2, [r2, #0]
20009a2c:	f881 c010 	strb.w	ip, [r1, #16]
20009a30:	9301      	str	r3, [sp, #4]
20009a32:	9100      	str	r1, [sp, #0]
20009a34:	4790      	blx	r2
20009a36:	e9dd 1300 	ldrd	r1, r3, [sp]
20009a3a:	7cca      	ldrb	r2, [r1, #19]
20009a3c:	2a00      	cmp	r2, #0
20009a3e:	d1e4      	bne.n	20009a0a <_usb_handle_transfer+0x22>
20009a40:	4618      	mov	r0, r3
20009a42:	68ca      	ldr	r2, [r1, #12]
20009a44:	3a01      	subs	r2, #1
20009a46:	60ca      	str	r2, [r1, #12]
20009a48:	b003      	add	sp, #12
20009a4a:	f85d eb04 	ldr.w	lr, [sp], #4
20009a4e:	f7ff bf79 	b.w	20009944 <_usb_check_for_transfer_completion>
20009a52:	4b14      	ldr	r3, [pc, #80]	@ (20009aa4 <_usb_handle_transfer+0xbc>)
20009a54:	e7ce      	b.n	200099f4 <_usb_handle_transfer+0xc>
20009a56:	4814      	ldr	r0, [pc, #80]	@ (20009aa8 <_usb_handle_transfer+0xc0>)
20009a58:	9300      	str	r3, [sp, #0]
20009a5a:	f7fe fcaf 	bl	200083bc <__wrap_printf>
20009a5e:	9b00      	ldr	r3, [sp, #0]
20009a60:	f893 2033 	ldrb.w	r2, [r3, #51]	@ 0x33
20009a64:	f893 102a 	ldrb.w	r1, [r3, #42]	@ 0x2a
20009a68:	b97a      	cbnz	r2, 20009a8a <_usb_handle_transfer+0xa2>
20009a6a:	4a10      	ldr	r2, [pc, #64]	@ (20009aac <_usb_handle_transfer+0xc4>)
20009a6c:	4810      	ldr	r0, [pc, #64]	@ (20009ab0 <_usb_handle_transfer+0xc8>)
20009a6e:	9300      	str	r3, [sp, #0]
20009a70:	f7fe fca4 	bl	200083bc <__wrap_printf>
20009a74:	9b00      	ldr	r3, [sp, #0]
20009a76:	f893 2030 	ldrb.w	r2, [r3, #48]	@ 0x30
20009a7a:	b942      	cbnz	r2, 20009a8e <_usb_handle_transfer+0xa6>
20009a7c:	2102      	movs	r1, #2
20009a7e:	4618      	mov	r0, r3
20009a80:	b003      	add	sp, #12
20009a82:	f85d eb04 	ldr.w	lr, [sp], #4
20009a86:	f7ff bde1 	b.w	2000964c <_usb_stall_endpoint.part.0>
20009a8a:	4a0a      	ldr	r2, [pc, #40]	@ (20009ab4 <_usb_handle_transfer+0xcc>)
20009a8c:	e7ee      	b.n	20009a6c <_usb_handle_transfer+0x84>
20009a8e:	2a01      	cmp	r2, #1
20009a90:	d1bb      	bne.n	20009a0a <_usb_handle_transfer+0x22>
20009a92:	2202      	movs	r2, #2
20009a94:	f883 2030 	strb.w	r2, [r3, #48]	@ 0x30
20009a98:	e7b7      	b.n	20009a0a <_usb_handle_transfer+0x22>
20009a9a:	bf00      	nop
20009a9c:	200125c0 	.word	0x200125c0
20009aa0:	20061bd4 	.word	0x20061bd4
20009aa4:	20061ba0 	.word	0x20061ba0
20009aa8:	2000dc24 	.word	0x2000dc24
20009aac:	2000dbf8 	.word	0x2000dbf8
20009ab0:	2000dcac 	.word	0x2000dcac
20009ab4:	2000dbf4 	.word	0x2000dbf4

20009ab8 <_usb_transfer_current_packet_only>:
20009ab8:	2300      	movs	r3, #0
20009aba:	b530      	push	{r4, r5, lr}
20009abc:	6885      	ldr	r5, [r0, #8]
20009abe:	b083      	sub	sp, #12
20009ac0:	742b      	strb	r3, [r5, #16]
20009ac2:	4604      	mov	r4, r0
20009ac4:	f7ff ff3e 	bl	20009944 <_usb_check_for_transfer_completion>
20009ac8:	7ceb      	ldrb	r3, [r5, #19]
20009aca:	b9cb      	cbnz	r3, 20009b00 <_usb_transfer_current_packet_only+0x48>
20009acc:	f894 3033 	ldrb.w	r3, [r4, #51]	@ 0x33
20009ad0:	b9f3      	cbnz	r3, 20009b10 <_usb_transfer_current_packet_only+0x58>
20009ad2:	2200      	movs	r2, #0
20009ad4:	7c69      	ldrb	r1, [r5, #17]
20009ad6:	f884 2024 	strb.w	r2, [r4, #36]	@ 0x24
20009ada:	b199      	cbz	r1, 20009b04 <_usb_transfer_current_packet_only+0x4c>
20009adc:	4619      	mov	r1, r3
20009ade:	746a      	strb	r2, [r5, #17]
20009ae0:	f894 502d 	ldrb.w	r5, [r4, #45]	@ 0x2d
20009ae4:	f894 202f 	ldrb.w	r2, [r4, #47]	@ 0x2f
20009ae8:	f894 002a 	ldrb.w	r0, [r4, #42]	@ 0x2a
20009aec:	3d01      	subs	r5, #1
20009aee:	f082 0201 	eor.w	r2, r2, #1
20009af2:	f884 502d 	strb.w	r5, [r4, #45]	@ 0x2d
20009af6:	b003      	add	sp, #12
20009af8:	e8bd 4030 	ldmia.w	sp!, {r4, r5, lr}
20009afc:	f7ff bf74 	b.w	200099e8 <_usb_handle_transfer>
20009b00:	b003      	add	sp, #12
20009b02:	bd30      	pop	{r4, r5, pc}
20009b04:	4620      	mov	r0, r4
20009b06:	b003      	add	sp, #12
20009b08:	e8bd 4030 	ldmia.w	sp!, {r4, r5, lr}
20009b0c:	f7ff bed8 	b.w	200098c0 <_usb_give_as_many_buffers_as_possible>
20009b10:	8c21      	ldrh	r1, [r4, #32]
20009b12:	4620      	mov	r0, r4
20009b14:	9301      	str	r3, [sp, #4]
20009b16:	f7ff fe83 	bl	20009820 <_usb_give_buffer>
20009b1a:	2200      	movs	r2, #0
20009b1c:	7c69      	ldrb	r1, [r5, #17]
20009b1e:	9b01      	ldr	r3, [sp, #4]
20009b20:	f884 2024 	strb.w	r2, [r4, #36]	@ 0x24
20009b24:	2900      	cmp	r1, #0
20009b26:	d0ed      	beq.n	20009b04 <_usb_transfer_current_packet_only+0x4c>
20009b28:	e7d8      	b.n	20009adc <_usb_transfer_current_packet_only+0x24>
20009b2a:	bf00      	nop

20009b2c <usb_packet_done>:
20009b2c:	2300      	movs	r3, #0
20009b2e:	b530      	push	{r4, r5, lr}
20009b30:	6885      	ldr	r5, [r0, #8]
20009b32:	b083      	sub	sp, #12
20009b34:	742b      	strb	r3, [r5, #16]
20009b36:	4604      	mov	r4, r0
20009b38:	f7ff ff04 	bl	20009944 <_usb_check_for_transfer_completion>
20009b3c:	7ceb      	ldrb	r3, [r5, #19]
20009b3e:	b9cb      	cbnz	r3, 20009b74 <usb_packet_done+0x48>
20009b40:	f894 3033 	ldrb.w	r3, [r4, #51]	@ 0x33
20009b44:	b9f3      	cbnz	r3, 20009b84 <usb_packet_done+0x58>
20009b46:	2200      	movs	r2, #0
20009b48:	7c69      	ldrb	r1, [r5, #17]
20009b4a:	f884 2024 	strb.w	r2, [r4, #36]	@ 0x24
20009b4e:	b199      	cbz	r1, 20009b78 <usb_packet_done+0x4c>
20009b50:	4619      	mov	r1, r3
20009b52:	746a      	strb	r2, [r5, #17]
20009b54:	f894 502d 	ldrb.w	r5, [r4, #45]	@ 0x2d
20009b58:	f894 202f 	ldrb.w	r2, [r4, #47]	@ 0x2f
20009b5c:	f894 002a 	ldrb.w	r0, [r4, #42]	@ 0x2a
20009b60:	3d01      	subs	r5, #1
20009b62:	f082 0201 	eor.w	r2, r2, #1
20009b66:	f884 502d 	strb.w	r5, [r4, #45]	@ 0x2d
20009b6a:	b003      	add	sp, #12
20009b6c:	e8bd 4030 	ldmia.w	sp!, {r4, r5, lr}
20009b70:	f7ff bf3a 	b.w	200099e8 <_usb_handle_transfer>
20009b74:	b003      	add	sp, #12
20009b76:	bd30      	pop	{r4, r5, pc}
20009b78:	4620      	mov	r0, r4
20009b7a:	b003      	add	sp, #12
20009b7c:	e8bd 4030 	ldmia.w	sp!, {r4, r5, lr}
20009b80:	f7ff be9e 	b.w	200098c0 <_usb_give_as_many_buffers_as_possible>
20009b84:	8c21      	ldrh	r1, [r4, #32]
20009b86:	4620      	mov	r0, r4
20009b88:	9301      	str	r3, [sp, #4]
20009b8a:	f7ff fe49 	bl	20009820 <_usb_give_buffer>
20009b8e:	2200      	movs	r2, #0
20009b90:	7c69      	ldrb	r1, [r5, #17]
20009b92:	9b01      	ldr	r3, [sp, #4]
20009b94:	f884 2024 	strb.w	r2, [r4, #36]	@ 0x24
20009b98:	2900      	cmp	r1, #0
20009b9a:	d0ed      	beq.n	20009b78 <usb_packet_done+0x4c>
20009b9c:	e7d8      	b.n	20009b50 <usb_packet_done+0x24>
20009b9e:	bf00      	nop

20009ba0 <usb_set_default_transfer>:
20009ba0:	6041      	str	r1, [r0, #4]
20009ba2:	4770      	bx	lr

20009ba4 <usb_reset_transfer>:
20009ba4:	2300      	movs	r3, #0
20009ba6:	e9c0 1200 	strd	r1, r2, [r0]
20009baa:	6083      	str	r3, [r0, #8]
20009bac:	60c3      	str	r3, [r0, #12]
20009bae:	6103      	str	r3, [r0, #16]
20009bb0:	7b0b      	ldrb	r3, [r1, #12]
20009bb2:	e9c0 3302 	strd	r3, r3, [r0, #8]
20009bb6:	4770      	bx	lr

20009bb8 <_usb_reset_endpoint>:
20009bb8:	6883      	ldr	r3, [r0, #8]
20009bba:	b570      	push	{r4, r5, r6, lr}
20009bbc:	4604      	mov	r4, r0
20009bbe:	460e      	mov	r6, r1
20009bc0:	b11b      	cbz	r3, 20009bca <_usb_reset_endpoint+0x12>
20009bc2:	681b      	ldr	r3, [r3, #0]
20009bc4:	689b      	ldr	r3, [r3, #8]
20009bc6:	b103      	cbz	r3, 20009bca <_usb_reset_endpoint+0x12>
20009bc8:	4798      	blx	r3
20009bca:	2500      	movs	r5, #0
20009bcc:	4620      	mov	r0, r4
20009bce:	60a5      	str	r5, [r4, #8]
20009bd0:	f7ff fd62 	bl	20009698 <_usb_reset_buffers>
20009bd4:	b10e      	cbz	r6, 20009bda <_usb_reset_endpoint+0x22>
20009bd6:	f884 502b 	strb.w	r5, [r4, #43]	@ 0x2b
20009bda:	2300      	movs	r3, #0
20009bdc:	f894 2030 	ldrb.w	r2, [r4, #48]	@ 0x30
20009be0:	f884 3024 	strb.w	r3, [r4, #36]	@ 0x24
20009be4:	b12a      	cbz	r2, 20009bf2 <_usb_reset_endpoint+0x3a>
20009be6:	6922      	ldr	r2, [r4, #16]
20009be8:	f884 3030 	strb.w	r3, [r4, #48]	@ 0x30
20009bec:	b10a      	cbz	r2, 20009bf2 <_usb_reset_endpoint+0x3a>
20009bee:	4620      	mov	r0, r4
20009bf0:	4790      	blx	r2
20009bf2:	4b0c      	ldr	r3, [pc, #48]	@ (20009c24 <_usb_reset_endpoint+0x6c>)
20009bf4:	7f5b      	ldrb	r3, [r3, #29]
20009bf6:	b11b      	cbz	r3, 20009c00 <_usb_reset_endpoint+0x48>
20009bf8:	6860      	ldr	r0, [r4, #4]
20009bfa:	b108      	cbz	r0, 20009c00 <_usb_reset_endpoint+0x48>
20009bfc:	68a2      	ldr	r2, [r4, #8]
20009bfe:	b102      	cbz	r2, 20009c02 <_usb_reset_endpoint+0x4a>
20009c00:	bd70      	pop	{r4, r5, r6, pc}
20009c02:	6801      	ldr	r1, [r0, #0]
20009c04:	f7ff ffce 	bl	20009ba4 <usb_reset_transfer>
20009c08:	2101      	movs	r1, #1
20009c0a:	6803      	ldr	r3, [r0, #0]
20009c0c:	60a0      	str	r0, [r4, #8]
20009c0e:	685b      	ldr	r3, [r3, #4]
20009c10:	60e2      	str	r2, [r4, #12]
20009c12:	7481      	strb	r1, [r0, #18]
20009c14:	b10b      	cbz	r3, 20009c1a <_usb_reset_endpoint+0x62>
20009c16:	4620      	mov	r0, r4
20009c18:	4798      	blx	r3
20009c1a:	4620      	mov	r0, r4
20009c1c:	e8bd 4070 	ldmia.w	sp!, {r4, r5, r6, lr}
20009c20:	f7ff be4e 	b.w	200098c0 <_usb_give_as_many_buffers_as_possible>
20009c24:	20012000 	.word	0x20012000

20009c28 <_usb_handle_set_config>:
20009c28:	e92d 41f0 	stmdb	sp!, {r4, r5, r6, r7, r8, lr}
20009c2c:	4607      	mov	r7, r0
20009c2e:	4e0c      	ldr	r6, [pc, #48]	@ (20009c60 <_usb_handle_set_config+0x38>)
20009c30:	4c0c      	ldr	r4, [pc, #48]	@ (20009c64 <_usb_handle_set_config+0x3c>)
20009c32:	7770      	strb	r0, [r6, #29]
20009c34:	f104 053c 	add.w	r5, r4, #60	@ 0x3c
20009c38:	f854 0f04 	ldr.w	r0, [r4, #4]!
20009c3c:	b110      	cbz	r0, 20009c44 <_usb_handle_set_config+0x1c>
20009c3e:	2101      	movs	r1, #1
20009c40:	f7ff ffba 	bl	20009bb8 <_usb_reset_endpoint>
20009c44:	42ac      	cmp	r4, r5
20009c46:	d1f7      	bne.n	20009c38 <_usb_handle_set_config+0x10>
20009c48:	68b3      	ldr	r3, [r6, #8]
20009c4a:	b133      	cbz	r3, 20009c5a <_usb_handle_set_config+0x32>
20009c4c:	1e39      	subs	r1, r7, #0
20009c4e:	bf18      	it	ne
20009c50:	2101      	movne	r1, #1
20009c52:	e8bd 41f0 	ldmia.w	sp!, {r4, r5, r6, r7, r8, lr}
20009c56:	4802      	ldr	r0, [pc, #8]	@ (20009c60 <_usb_handle_set_config+0x38>)
20009c58:	4718      	bx	r3
20009c5a:	e8bd 81f0 	ldmia.w	sp!, {r4, r5, r6, r7, r8, pc}
20009c5e:	bf00      	nop
20009c60:	20012000 	.word	0x20012000
20009c64:	200125c0 	.word	0x200125c0

20009c68 <usb_stall_control_pipe>:
20009c68:	b510      	push	{r4, lr}
20009c6a:	4c0c      	ldr	r4, [pc, #48]	@ (20009c9c <usb_stall_control_pipe+0x34>)
20009c6c:	4620      	mov	r0, r4
20009c6e:	f7ff fd13 	bl	20009698 <_usb_reset_buffers>
20009c72:	480b      	ldr	r0, [pc, #44]	@ (20009ca0 <usb_stall_control_pipe+0x38>)
20009c74:	f7ff fd10 	bl	20009698 <_usb_reset_buffers>
20009c78:	f894 3030 	ldrb.w	r3, [r4, #48]	@ 0x30
20009c7c:	b91b      	cbnz	r3, 20009c86 <usb_stall_control_pipe+0x1e>
20009c7e:	2101      	movs	r1, #1
20009c80:	4620      	mov	r0, r4
20009c82:	f7ff fce3 	bl	2000964c <_usb_stall_endpoint.part.0>
20009c86:	4806      	ldr	r0, [pc, #24]	@ (20009ca0 <usb_stall_control_pipe+0x38>)
20009c88:	f890 3030 	ldrb.w	r3, [r0, #48]	@ 0x30
20009c8c:	b923      	cbnz	r3, 20009c98 <usb_stall_control_pipe+0x30>
20009c8e:	e8bd 4010 	ldmia.w	sp!, {r4, lr}
20009c92:	2101      	movs	r1, #1
20009c94:	f7ff bcda 	b.w	2000964c <_usb_stall_endpoint.part.0>
20009c98:	bd10      	pop	{r4, pc}
20009c9a:	bf00      	nop
20009c9c:	20061bd4 	.word	0x20061bd4
20009ca0:	20061ba0 	.word	0x20061ba0

20009ca4 <usb_interface_init>:
20009ca4:	e92d 43f0 	stmdb	sp!, {r4, r5, r6, r7, r8, r9, lr}
20009ca8:	2500      	movs	r5, #0
20009caa:	b083      	sub	sp, #12
20009cac:	4681      	mov	r9, r0
20009cae:	f8c0 5011 	str.w	r5, [r0, #17]
20009cb2:	f89d 8028 	ldrb.w	r8, [sp, #40]	@ 0x28
20009cb6:	6042      	str	r2, [r0, #4]
20009cb8:	7203      	strb	r3, [r0, #8]
20009cba:	f8c0 5009 	str.w	r5, [r0, #9]
20009cbe:	f8c0 500d 	str.w	r5, [r0, #13]
20009cc2:	6145      	str	r5, [r0, #20]
20009cc4:	6001      	str	r1, [r0, #0]
20009cc6:	b303      	cbz	r3, 20009d0a <usb_interface_init+0x66>
20009cc8:	461f      	mov	r7, r3
20009cca:	460c      	mov	r4, r1
20009ccc:	1f16      	subs	r6, r2, #4
20009cce:	7823      	ldrb	r3, [r4, #0]
20009cd0:	441c      	add	r4, r3
20009cd2:	7863      	ldrb	r3, [r4, #1]
20009cd4:	2b05      	cmp	r3, #5
20009cd6:	d1fa      	bne.n	20009cce <usb_interface_init+0x2a>
20009cd8:	78a1      	ldrb	r1, [r4, #2]
20009cda:	f856 0f04 	ldr.w	r0, [r6, #4]!
20009cde:	88a3      	ldrh	r3, [r4, #4]
20009ce0:	09ca      	lsrs	r2, r1, #7
20009ce2:	f8cd 8000 	str.w	r8, [sp]
20009ce6:	f001 010f 	and.w	r1, r1, #15
20009cea:	f7ff fc91 	bl	20009610 <_usb_endpoint_init_internal.isra.0>
20009cee:	6832      	ldr	r2, [r6, #0]
20009cf0:	3501      	adds	r5, #1
20009cf2:	6014      	str	r4, [r2, #0]
20009cf4:	78e3      	ldrb	r3, [r4, #3]
20009cf6:	f003 0303 	and.w	r3, r3, #3
20009cfa:	2b01      	cmp	r3, #1
20009cfc:	bf14      	ite	ne
20009cfe:	2340      	movne	r3, #64	@ 0x40
20009d00:	f44f 7300 	moveq.w	r3, #512	@ 0x200
20009d04:	42af      	cmp	r7, r5
20009d06:	8513      	strh	r3, [r2, #40]	@ 0x28
20009d08:	d1e1      	bne.n	20009cce <usb_interface_init+0x2a>
20009d0a:	4648      	mov	r0, r9
20009d0c:	b003      	add	sp, #12
20009d0e:	e8bd 83f0 	ldmia.w	sp!, {r4, r5, r6, r7, r8, r9, pc}
20009d12:	bf00      	nop

20009d14 <usb_device_init>:
20009d14:	b5f0      	push	{r4, r5, r6, r7, lr}
20009d16:	2500      	movs	r5, #0
20009d18:	461f      	mov	r7, r3
20009d1a:	b083      	sub	sp, #12
20009d1c:	4c29      	ldr	r4, [pc, #164]	@ (20009dc4 <usb_device_init+0xb0>)
20009d1e:	9b08      	ldr	r3, [sp, #32]
20009d20:	6020      	str	r0, [r4, #0]
20009d22:	60e3      	str	r3, [r4, #12]
20009d24:	6121      	str	r1, [r4, #16]
20009d26:	6162      	str	r2, [r4, #20]
20009d28:	2340      	movs	r3, #64	@ 0x40
20009d2a:	4629      	mov	r1, r5
20009d2c:	4826      	ldr	r0, [pc, #152]	@ (20009dc8 <usb_device_init+0xb4>)
20009d2e:	7627      	strb	r7, [r4, #24]
20009d30:	4616      	mov	r6, r2
20009d32:	9500      	str	r5, [sp, #0]
20009d34:	2201      	movs	r2, #1
20009d36:	f7ff fc6b 	bl	20009610 <_usb_endpoint_init_internal.isra.0>
20009d3a:	462a      	mov	r2, r5
20009d3c:	4629      	mov	r1, r5
20009d3e:	4823      	ldr	r0, [pc, #140]	@ (20009dcc <usb_device_init+0xb8>)
20009d40:	2340      	movs	r3, #64	@ 0x40
20009d42:	9500      	str	r5, [sp, #0]
20009d44:	f7ff fc64 	bl	20009610 <_usb_endpoint_init_internal.isra.0>
20009d48:	2240      	movs	r2, #64	@ 0x40
20009d4a:	4629      	mov	r1, r5
20009d4c:	4820      	ldr	r0, [pc, #128]	@ (20009dd0 <usb_device_init+0xbc>)
20009d4e:	f001 fc45 	bl	2000b5dc <memset>
20009d52:	b1cf      	cbz	r7, 20009d88 <usb_device_init+0x74>
20009d54:	3f01      	subs	r7, #1
20009d56:	f8df c078 	ldr.w	ip, [pc, #120]	@ 20009dd0 <usb_device_init+0xbc>
20009d5a:	1f35      	subs	r5, r6, #4
20009d5c:	eb06 0687 	add.w	r6, r6, r7, lsl #2
20009d60:	f855 3f04 	ldr.w	r3, [r5, #4]!
20009d64:	7a18      	ldrb	r0, [r3, #8]
20009d66:	b168      	cbz	r0, 20009d84 <usb_device_init+0x70>
20009d68:	685a      	ldr	r2, [r3, #4]
20009d6a:	eb02 0080 	add.w	r0, r2, r0, lsl #2
20009d6e:	f852 1b04 	ldr.w	r1, [r2], #4
20009d72:	680b      	ldr	r3, [r1, #0]
20009d74:	b113      	cbz	r3, 20009d7c <usb_device_init+0x68>
20009d76:	789b      	ldrb	r3, [r3, #2]
20009d78:	f003 030f 	and.w	r3, r3, #15
20009d7c:	4290      	cmp	r0, r2
20009d7e:	f84c 1023 	str.w	r1, [ip, r3, lsl #2]
20009d82:	d1f4      	bne.n	20009d6e <usb_device_init+0x5a>
20009d84:	42b5      	cmp	r5, r6
20009d86:	d1eb      	bne.n	20009d60 <usb_device_init+0x4c>
20009d88:	f44f 7580 	mov.w	r5, #256	@ 0x100
20009d8c:	2100      	movs	r1, #0
20009d8e:	480e      	ldr	r0, [pc, #56]	@ (20009dc8 <usb_device_init+0xb4>)
20009d90:	8425      	strh	r5, [r4, #32]
20009d92:	f7ff fbe5 	bl	20009560 <_usb_endpoint_hw_init>
20009d96:	2100      	movs	r1, #0
20009d98:	480c      	ldr	r0, [pc, #48]	@ (20009dcc <usb_device_init+0xb8>)
20009d9a:	8425      	strh	r5, [r4, #32]
20009d9c:	f7ff fbe0 	bl	20009560 <_usb_endpoint_hw_init>
20009da0:	f44f 73c0 	mov.w	r3, #384	@ 0x180
20009da4:	4d0a      	ldr	r5, [pc, #40]	@ (20009dd0 <usb_device_init+0xbc>)
20009da6:	8423      	strh	r3, [r4, #32]
20009da8:	f105 063c 	add.w	r6, r5, #60	@ 0x3c
20009dac:	f855 0f04 	ldr.w	r0, [r5, #4]!
20009db0:	b110      	cbz	r0, 20009db8 <usb_device_init+0xa4>
20009db2:	2100      	movs	r1, #0
20009db4:	f7ff fbd4 	bl	20009560 <_usb_endpoint_hw_init>
20009db8:	42ae      	cmp	r6, r5
20009dba:	d1f7      	bne.n	20009dac <usb_device_init+0x98>
20009dbc:	4801      	ldr	r0, [pc, #4]	@ (20009dc4 <usb_device_init+0xb0>)
20009dbe:	b003      	add	sp, #12
20009dc0:	bdf0      	pop	{r4, r5, r6, r7, pc}
20009dc2:	bf00      	nop
20009dc4:	20012000 	.word	0x20012000
20009dc8:	20061bd4 	.word	0x20061bd4
20009dcc:	20061ba0 	.word	0x20061ba0
20009dd0:	200125c0 	.word	0x200125c0

20009dd4 <usb_grow_transfer>:
20009dd4:	e9d0 2302 	ldrd	r2, r3, [r0, #8]
20009dd8:	440a      	add	r2, r1
20009dda:	440b      	add	r3, r1
20009ddc:	e9c0 2302 	strd	r2, r3, [r0, #8]
20009de0:	4770      	bx	lr
20009de2:	bf00      	nop

20009de4 <usb_device_start>:
20009de4:	f04f 5280 	mov.w	r2, #268435456	@ 0x10000000
20009de8:	482c      	ldr	r0, [pc, #176]	@ (20009e9c <usb_device_start+0xb8>)
20009dea:	492d      	ldr	r1, [pc, #180]	@ (20009ea0 <usb_device_start+0xbc>)
20009dec:	4b2d      	ldr	r3, [pc, #180]	@ (20009ea4 <usb_device_start+0xc0>)
20009dee:	e92d 41f0 	stmdb	sp!, {r4, r5, r6, r7, r8, lr}
20009df2:	6002      	str	r2, [r0, #0]
20009df4:	600a      	str	r2, [r1, #0]
20009df6:	6899      	ldr	r1, [r3, #8]
20009df8:	43c9      	mvns	r1, r1
20009dfa:	f011 5480 	ands.w	r4, r1, #268435456	@ 0x10000000
20009dfe:	d1fa      	bne.n	20009df6 <usb_device_start+0x12>
20009e00:	f44f 7680 	mov.w	r6, #256	@ 0x100
20009e04:	f44f 5280 	mov.w	r2, #4096	@ 0x1000
20009e08:	4621      	mov	r1, r4
20009e0a:	4d27      	ldr	r5, [pc, #156]	@ (20009ea8 <usb_device_start+0xc4>)
20009e0c:	4827      	ldr	r0, [pc, #156]	@ (20009eac <usb_device_start+0xc8>)
20009e0e:	f001 fbe5 	bl	2000b5dc <memset>
20009e12:	4621      	mov	r1, r4
20009e14:	4826      	ldr	r0, [pc, #152]	@ (20009eb0 <usb_device_start+0xcc>)
20009e16:	842e      	strh	r6, [r5, #32]
20009e18:	f7ff fba2 	bl	20009560 <_usb_endpoint_hw_init>
20009e1c:	4621      	mov	r1, r4
20009e1e:	4825      	ldr	r0, [pc, #148]	@ (20009eb4 <usb_device_start+0xd0>)
20009e20:	842e      	strh	r6, [r5, #32]
20009e22:	f7ff fb9d 	bl	20009560 <_usb_endpoint_hw_init>
20009e26:	f44f 73c0 	mov.w	r3, #384	@ 0x180
20009e2a:	4c23      	ldr	r4, [pc, #140]	@ (20009eb8 <usb_device_start+0xd4>)
20009e2c:	842b      	strh	r3, [r5, #32]
20009e2e:	f104 063c 	add.w	r6, r4, #60	@ 0x3c
20009e32:	f854 0f04 	ldr.w	r0, [r4, #4]!
20009e36:	b110      	cbz	r0, 20009e3e <usb_device_start+0x5a>
20009e38:	2100      	movs	r1, #0
20009e3a:	f7ff fb91 	bl	20009560 <_usb_endpoint_hw_init>
20009e3e:	42b4      	cmp	r4, r6
20009e40:	d1f7      	bne.n	20009e32 <usb_device_start+0x4e>
20009e42:	2209      	movs	r2, #9
20009e44:	230c      	movs	r3, #12
20009e46:	f04f 0801 	mov.w	r8, #1
20009e4a:	4c1c      	ldr	r4, [pc, #112]	@ (20009ebc <usb_device_start+0xd8>)
20009e4c:	491c      	ldr	r1, [pc, #112]	@ (20009ec0 <usb_device_start+0xdc>)
20009e4e:	6762      	str	r2, [r4, #116]	@ 0x74
20009e50:	200e      	movs	r0, #14
20009e52:	67a3      	str	r3, [r4, #120]	@ 0x78
20009e54:	f8c4 8040 	str.w	r8, [r4, #64]	@ 0x40
20009e58:	f7fa fb9a 	bl	20004590 <irq_set_exclusive_handler>
20009e5c:	2000      	movs	r0, #0
20009e5e:	f7ff fee3 	bl	20009c28 <_usb_handle_set_config>
20009e62:	2600      	movs	r6, #0
20009e64:	f04f 32ff 	mov.w	r2, #4294967295	@ 0xffffffff
20009e68:	f04f 5e00 	mov.w	lr, #536870912	@ 0x20000000
20009e6c:	f44f 4c80 	mov.w	ip, #16384	@ 0x4000
20009e70:	4b14      	ldr	r3, [pc, #80]	@ (20009ec4 <usb_device_start+0xe0>)
20009e72:	4f15      	ldr	r7, [pc, #84]	@ (20009ec8 <usb_device_start+0xe4>)
20009e74:	6026      	str	r6, [r4, #0]
20009e76:	659a      	str	r2, [r3, #88]	@ 0x58
20009e78:	651a      	str	r2, [r3, #80]	@ 0x50
20009e7a:	f8c4 e04c 	str.w	lr, [r4, #76]	@ 0x4c
20009e7e:	f8c4 7090 	str.w	r7, [r4, #144]	@ 0x90
20009e82:	651a      	str	r2, [r3, #80]	@ 0x50
20009e84:	4b11      	ldr	r3, [pc, #68]	@ (20009ecc <usb_device_start+0xe8>)
20009e86:	200e      	movs	r0, #14
20009e88:	f8c3 c180 	str.w	ip, [r3, #384]	@ 0x180
20009e8c:	4641      	mov	r1, r8
20009e8e:	772e      	strb	r6, [r5, #28]
20009e90:	f7fa fb58 	bl	20004544 <irq_set_enabled>
20009e94:	4b0e      	ldr	r3, [pc, #56]	@ (20009ed0 <usb_device_start+0xec>)
20009e96:	64e3      	str	r3, [r4, #76]	@ 0x4c
20009e98:	e8bd 81f0 	ldmia.w	sp!, {r4, r5, r6, r7, r8, pc}
20009e9c:	40022000 	.word	0x40022000
20009ea0:	40023000 	.word	0x40023000
20009ea4:	40020000 	.word	0x40020000
20009ea8:	20012000 	.word	0x20012000
20009eac:	50100000 	.word	0x50100000
20009eb0:	20061bd4 	.word	0x20061bd4
20009eb4:	20061ba0 	.word	0x20061ba0
20009eb8:	200125c0 	.word	0x200125c0
20009ebc:	50110000 	.word	0x50110000
20009ec0:	2000a01d 	.word	0x2000a01d
20009ec4:	50113000 	.word	0x50113000
20009ec8:	000313f0 	.word	0x000313f0
20009ecc:	e000e100 	.word	0xe000e100
20009ed0:	20010000 	.word	0x20010000

20009ed4 <usb_start_tiny_control_in_transfer>:
20009ed4:	b510      	push	{r4, lr}
20009ed6:	4c12      	ldr	r4, [pc, #72]	@ (20009f20 <usb_start_tiny_control_in_transfer+0x4c>)
20009ed8:	4602      	mov	r2, r0
20009eda:	f894 3024 	ldrb.w	r3, [r4, #36]	@ 0x24
20009ede:	b082      	sub	sp, #8
20009ee0:	b933      	cbnz	r3, 20009ef0 <usb_start_tiny_control_in_transfer+0x1c>
20009ee2:	e9cd 0100 	strd	r0, r1, [sp]
20009ee6:	4620      	mov	r0, r4
20009ee8:	f7ff fc5e 	bl	200097a8 <usb_current_packet_buffer.part.0>
20009eec:	e9dd 2100 	ldrd	r2, r1, [sp]
20009ef0:	69e3      	ldr	r3, [r4, #28]
20009ef2:	480c      	ldr	r0, [pc, #48]	@ (20009f24 <usb_start_tiny_control_in_transfer+0x50>)
20009ef4:	601a      	str	r2, [r3, #0]
20009ef6:	4a0c      	ldr	r2, [pc, #48]	@ (20009f28 <usb_start_tiny_control_in_transfer+0x54>)
20009ef8:	8421      	strh	r1, [r4, #32]
20009efa:	490c      	ldr	r1, [pc, #48]	@ (20009f2c <usb_start_tiny_control_in_transfer+0x58>)
20009efc:	f7ff fe52 	bl	20009ba4 <usb_reset_transfer>
20009f00:	2100      	movs	r1, #0
20009f02:	2201      	movs	r2, #1
20009f04:	6803      	ldr	r3, [r0, #0]
20009f06:	60a0      	str	r0, [r4, #8]
20009f08:	685b      	ldr	r3, [r3, #4]
20009f0a:	60e1      	str	r1, [r4, #12]
20009f0c:	7482      	strb	r2, [r0, #18]
20009f0e:	b10b      	cbz	r3, 20009f14 <usb_start_tiny_control_in_transfer+0x40>
20009f10:	4803      	ldr	r0, [pc, #12]	@ (20009f20 <usb_start_tiny_control_in_transfer+0x4c>)
20009f12:	4798      	blx	r3
20009f14:	4802      	ldr	r0, [pc, #8]	@ (20009f20 <usb_start_tiny_control_in_transfer+0x4c>)
20009f16:	b002      	add	sp, #8
20009f18:	e8bd 4010 	ldmia.w	sp!, {r4, lr}
20009f1c:	f7ff bcd0 	b.w	200098c0 <_usb_give_as_many_buffers_as_possible>
20009f20:	20061bd4 	.word	0x20061bd4
20009f24:	20012580 	.word	0x20012580
20009f28:	20009ff5 	.word	0x20009ff5
20009f2c:	2000e2a8 	.word	0x2000e2a8

20009f30 <usb_start_single_buffer_control_in_transfer>:
20009f30:	480a      	ldr	r0, [pc, #40]	@ (20009f5c <usb_start_single_buffer_control_in_transfer+0x2c>)
20009f32:	b510      	push	{r4, lr}
20009f34:	4a0a      	ldr	r2, [pc, #40]	@ (20009f60 <usb_start_single_buffer_control_in_transfer+0x30>)
20009f36:	490b      	ldr	r1, [pc, #44]	@ (20009f64 <usb_start_single_buffer_control_in_transfer+0x34>)
20009f38:	f7ff fe34 	bl	20009ba4 <usb_reset_transfer>
20009f3c:	2100      	movs	r1, #0
20009f3e:	2201      	movs	r2, #1
20009f40:	6803      	ldr	r3, [r0, #0]
20009f42:	4c09      	ldr	r4, [pc, #36]	@ (20009f68 <usb_start_single_buffer_control_in_transfer+0x38>)
20009f44:	685b      	ldr	r3, [r3, #4]
20009f46:	60a0      	str	r0, [r4, #8]
20009f48:	60e1      	str	r1, [r4, #12]
20009f4a:	7482      	strb	r2, [r0, #18]
20009f4c:	b10b      	cbz	r3, 20009f52 <usb_start_single_buffer_control_in_transfer+0x22>
20009f4e:	4620      	mov	r0, r4
20009f50:	4798      	blx	r3
20009f52:	e8bd 4010 	ldmia.w	sp!, {r4, lr}
20009f56:	4804      	ldr	r0, [pc, #16]	@ (20009f68 <usb_start_single_buffer_control_in_transfer+0x38>)
20009f58:	f7ff bcb2 	b.w	200098c0 <_usb_give_as_many_buffers_as_possible>
20009f5c:	20012580 	.word	0x20012580
20009f60:	20009ff5 	.word	0x20009ff5
20009f64:	2000e2a8 	.word	0x2000e2a8
20009f68:	20061bd4 	.word	0x20061bd4

20009f6c <usb_start_control_out_transfer>:
20009f6c:	4601      	mov	r1, r0
20009f6e:	b510      	push	{r4, lr}
20009f70:	4809      	ldr	r0, [pc, #36]	@ (20009f98 <usb_start_control_out_transfer+0x2c>)
20009f72:	4a0a      	ldr	r2, [pc, #40]	@ (20009f9c <usb_start_control_out_transfer+0x30>)
20009f74:	f7ff fe16 	bl	20009ba4 <usb_reset_transfer>
20009f78:	2100      	movs	r1, #0
20009f7a:	2201      	movs	r2, #1
20009f7c:	6803      	ldr	r3, [r0, #0]
20009f7e:	4c08      	ldr	r4, [pc, #32]	@ (20009fa0 <usb_start_control_out_transfer+0x34>)
20009f80:	685b      	ldr	r3, [r3, #4]
20009f82:	60a0      	str	r0, [r4, #8]
20009f84:	60e1      	str	r1, [r4, #12]
20009f86:	7482      	strb	r2, [r0, #18]
20009f88:	b10b      	cbz	r3, 20009f8e <usb_start_control_out_transfer+0x22>
20009f8a:	4620      	mov	r0, r4
20009f8c:	4798      	blx	r3
20009f8e:	e8bd 4010 	ldmia.w	sp!, {r4, lr}
20009f92:	4803      	ldr	r0, [pc, #12]	@ (20009fa0 <usb_start_control_out_transfer+0x34>)
20009f94:	f7ff bc94 	b.w	200098c0 <_usb_give_as_many_buffers_as_possible>
20009f98:	200125ac 	.word	0x200125ac
20009f9c:	2000a009 	.word	0x2000a009
20009fa0:	20061ba0 	.word	0x20061ba0

20009fa4 <usb_start_empty_transfer>:
20009fa4:	b530      	push	{r4, r5, lr}
20009fa6:	f890 3033 	ldrb.w	r3, [r0, #51]	@ 0x33
20009faa:	4604      	mov	r4, r0
20009fac:	460d      	mov	r5, r1
20009fae:	b083      	sub	sp, #12
20009fb0:	b123      	cbz	r3, 20009fbc <usb_start_empty_transfer+0x18>
20009fb2:	f890 3024 	ldrb.w	r3, [r0, #36]	@ 0x24
20009fb6:	b1ab      	cbz	r3, 20009fe4 <usb_start_empty_transfer+0x40>
20009fb8:	2300      	movs	r3, #0
20009fba:	8423      	strh	r3, [r4, #32]
20009fbc:	490c      	ldr	r1, [pc, #48]	@ (20009ff0 <usb_start_empty_transfer+0x4c>)
20009fbe:	4628      	mov	r0, r5
20009fc0:	f7ff fdf0 	bl	20009ba4 <usb_reset_transfer>
20009fc4:	2100      	movs	r1, #0
20009fc6:	2201      	movs	r2, #1
20009fc8:	682b      	ldr	r3, [r5, #0]
20009fca:	60a5      	str	r5, [r4, #8]
20009fcc:	685b      	ldr	r3, [r3, #4]
20009fce:	60e1      	str	r1, [r4, #12]
20009fd0:	74aa      	strb	r2, [r5, #18]
20009fd2:	b10b      	cbz	r3, 20009fd8 <usb_start_empty_transfer+0x34>
20009fd4:	4620      	mov	r0, r4
20009fd6:	4798      	blx	r3
20009fd8:	4620      	mov	r0, r4
20009fda:	b003      	add	sp, #12
20009fdc:	e8bd 4030 	ldmia.w	sp!, {r4, r5, lr}
20009fe0:	f7ff bc6e 	b.w	200098c0 <_usb_give_as_many_buffers_as_possible>
20009fe4:	9201      	str	r2, [sp, #4]
20009fe6:	f7ff fbdf 	bl	200097a8 <usb_current_packet_buffer.part.0>
20009fea:	9a01      	ldr	r2, [sp, #4]
20009fec:	e7e4      	b.n	20009fb8 <usb_start_empty_transfer+0x14>
20009fee:	bf00      	nop
20009ff0:	2000e2a8 	.word	0x2000e2a8

20009ff4 <_tf_send_control_in_ack>:
20009ff4:	2200      	movs	r2, #0
20009ff6:	4902      	ldr	r1, [pc, #8]	@ (2000a000 <_tf_send_control_in_ack+0xc>)
20009ff8:	4802      	ldr	r0, [pc, #8]	@ (2000a004 <_tf_send_control_in_ack+0x10>)
20009ffa:	f7ff bfd3 	b.w	20009fa4 <usb_start_empty_transfer>
20009ffe:	bf00      	nop
2000a000:	200125ac 	.word	0x200125ac
2000a004:	20061ba0 	.word	0x20061ba0

2000a008 <_tf_send_control_out_ack>:
2000a008:	2200      	movs	r2, #0
2000a00a:	4902      	ldr	r1, [pc, #8]	@ (2000a014 <_tf_send_control_out_ack+0xc>)
2000a00c:	4802      	ldr	r0, [pc, #8]	@ (2000a018 <_tf_send_control_out_ack+0x10>)
2000a00e:	f7ff bfc9 	b.w	20009fa4 <usb_start_empty_transfer>
2000a012:	bf00      	nop
2000a014:	20012580 	.word	0x20012580
2000a018:	20061bd4 	.word	0x20061bd4

2000a01c <isr_irq14>:
2000a01c:	e92d 41f0 	stmdb	sp!, {r4, r5, r6, r7, r8, lr}
2000a020:	4b98      	ldr	r3, [pc, #608]	@ (2000a284 <isr_irq14+0x268>)
2000a022:	b084      	sub	sp, #16
2000a024:	f8d3 6098 	ldr.w	r6, [r3, #152]	@ 0x98
2000a028:	f416 3880 	ands.w	r8, r6, #65536	@ 0x10000
2000a02c:	d17a      	bne.n	2000a124 <isr_irq14+0x108>
2000a02e:	06f1      	lsls	r1, r6, #27
2000a030:	d44f      	bmi.n	2000a0d2 <isr_irq14+0xb6>
2000a032:	04f2      	lsls	r2, r6, #19
2000a034:	d438      	bmi.n	2000a0a8 <isr_irq14+0x8c>
2000a036:	03b3      	lsls	r3, r6, #14
2000a038:	d42e      	bmi.n	2000a098 <isr_irq14+0x7c>
2000a03a:	f416 7478 	ands.w	r4, r6, #992	@ 0x3e0
2000a03e:	d10f      	bne.n	2000a060 <isr_irq14+0x44>
2000a040:	45b0      	cmp	r8, r6
2000a042:	d102      	bne.n	2000a04a <isr_irq14+0x2e>
2000a044:	b004      	add	sp, #16
2000a046:	e8bd 81f0 	ldmia.w	sp!, {r4, r5, r6, r7, r8, pc}
2000a04a:	488f      	ldr	r0, [pc, #572]	@ (2000a288 <isr_irq14+0x26c>)
2000a04c:	f7fe f9b6 	bl	200083bc <__wrap_printf>
2000a050:	488e      	ldr	r0, [pc, #568]	@ (2000a28c <isr_irq14+0x270>)
2000a052:	ea88 0106 	eor.w	r1, r8, r6
2000a056:	b004      	add	sp, #16
2000a058:	e8bd 41f0 	ldmia.w	sp!, {r4, r5, r6, r7, r8, lr}
2000a05c:	f7fe b9ae 	b.w	200083bc <__wrap_printf>
2000a060:	4d88      	ldr	r5, [pc, #544]	@ (2000a284 <isr_irq14+0x268>)
2000a062:	4889      	ldr	r0, [pc, #548]	@ (2000a288 <isr_irq14+0x26c>)
2000a064:	f7fe f9aa 	bl	200083bc <__wrap_printf>
2000a068:	4621      	mov	r1, r4
2000a06a:	6d2a      	ldr	r2, [r5, #80]	@ 0x50
2000a06c:	4888      	ldr	r0, [pc, #544]	@ (2000a290 <isr_irq14+0x274>)
2000a06e:	f7fe f9a5 	bl	200083bc <__wrap_printf>
2000a072:	6d2b      	ldr	r3, [r5, #80]	@ 0x50
2000a074:	ea48 0804 	orr.w	r8, r8, r4
2000a078:	2b00      	cmp	r3, #0
2000a07a:	f2c0 8095 	blt.w	2000a1a8 <isr_irq14+0x18c>
2000a07e:	2000      	movs	r0, #0
2000a080:	f7ff fdd2 	bl	20009c28 <_usb_handle_set_config>
2000a084:	2100      	movs	r1, #0
2000a086:	f04f 32ff 	mov.w	r2, #4294967295	@ 0xffffffff
2000a08a:	4b82      	ldr	r3, [pc, #520]	@ (2000a294 <isr_irq14+0x278>)
2000a08c:	4882      	ldr	r0, [pc, #520]	@ (2000a298 <isr_irq14+0x27c>)
2000a08e:	6029      	str	r1, [r5, #0]
2000a090:	7701      	strb	r1, [r0, #28]
2000a092:	659a      	str	r2, [r3, #88]	@ 0x58
2000a094:	651a      	str	r2, [r3, #80]	@ 0x50
2000a096:	e7d3      	b.n	2000a040 <isr_irq14+0x24>
2000a098:	4b7a      	ldr	r3, [pc, #488]	@ (2000a284 <isr_irq14+0x268>)
2000a09a:	f448 3800 	orr.w	r8, r8, #131072	@ 0x20000
2000a09e:	6c9b      	ldr	r3, [r3, #72]	@ 0x48
2000a0a0:	9303      	str	r3, [sp, #12]
2000a0a2:	f001 fe37 	bl	2000bd14 <usb_sof_irq>
2000a0a6:	e7c8      	b.n	2000a03a <isr_irq14+0x1e>
2000a0a8:	2000      	movs	r0, #0
2000a0aa:	f7ff fdbd 	bl	20009c28 <_usb_handle_set_config>
2000a0ae:	2100      	movs	r1, #0
2000a0b0:	f04f 32ff 	mov.w	r2, #4294967295	@ 0xffffffff
2000a0b4:	f44f 2000 	mov.w	r0, #524288	@ 0x80000
2000a0b8:	4b76      	ldr	r3, [pc, #472]	@ (2000a294 <isr_irq14+0x278>)
2000a0ba:	4d72      	ldr	r5, [pc, #456]	@ (2000a284 <isr_irq14+0x268>)
2000a0bc:	4c76      	ldr	r4, [pc, #472]	@ (2000a298 <isr_irq14+0x27c>)
2000a0be:	6029      	str	r1, [r5, #0]
2000a0c0:	7721      	strb	r1, [r4, #28]
2000a0c2:	659a      	str	r2, [r3, #88]	@ 0x58
2000a0c4:	651a      	str	r2, [r3, #80]	@ 0x50
2000a0c6:	6518      	str	r0, [r3, #80]	@ 0x50
2000a0c8:	f448 5880 	orr.w	r8, r8, #4096	@ 0x1000
2000a0cc:	f000 fbd8 	bl	2000a880 <rp2040_usb_device_enumeration_fix>
2000a0d0:	e7b1      	b.n	2000a036 <isr_irq14+0x1a>
2000a0d2:	4b6c      	ldr	r3, [pc, #432]	@ (2000a284 <isr_irq14+0x268>)
2000a0d4:	f048 0810 	orr.w	r8, r8, #16
2000a0d8:	6d9f      	ldr	r7, [r3, #88]	@ 0x58
2000a0da:	2f00      	cmp	r7, #0
2000a0dc:	d0a9      	beq.n	2000a032 <isr_irq14+0x16>
2000a0de:	2500      	movs	r5, #0
2000a0e0:	2401      	movs	r4, #1
2000a0e2:	e004      	b.n	2000a0ee <isr_irq14+0xd2>
2000a0e4:	3501      	adds	r5, #1
2000a0e6:	2d20      	cmp	r5, #32
2000a0e8:	ea4f 0444 	mov.w	r4, r4, lsl #1
2000a0ec:	d017      	beq.n	2000a11e <isr_irq14+0x102>
2000a0ee:	423c      	tst	r4, r7
2000a0f0:	d0f8      	beq.n	2000a0e4 <isr_irq14+0xc8>
2000a0f2:	4b64      	ldr	r3, [pc, #400]	@ (2000a284 <isr_irq14+0x268>)
2000a0f4:	f005 0101 	and.w	r1, r5, #1
2000a0f8:	6ddb      	ldr	r3, [r3, #92]	@ 0x5c
2000a0fa:	f081 0101 	eor.w	r1, r1, #1
2000a0fe:	4223      	tst	r3, r4
2000a100:	4b64      	ldr	r3, [pc, #400]	@ (2000a294 <isr_irq14+0x278>)
2000a102:	bf14      	ite	ne
2000a104:	2201      	movne	r2, #1
2000a106:	2200      	moveq	r2, #0
2000a108:	659c      	str	r4, [r3, #88]	@ 0x58
2000a10a:	0868      	lsrs	r0, r5, #1
2000a10c:	f7ff fc6c 	bl	200099e8 <_usb_handle_transfer>
2000a110:	43a7      	bics	r7, r4
2000a112:	d08e      	beq.n	2000a032 <isr_irq14+0x16>
2000a114:	3501      	adds	r5, #1
2000a116:	2d20      	cmp	r5, #32
2000a118:	ea4f 0444 	mov.w	r4, r4, lsl #1
2000a11c:	d1e7      	bne.n	2000a0ee <isr_irq14+0xd2>
2000a11e:	4b5d      	ldr	r3, [pc, #372]	@ (2000a294 <isr_irq14+0x278>)
2000a120:	659f      	str	r7, [r3, #88]	@ 0x58
2000a122:	e786      	b.n	2000a032 <isr_irq14+0x16>
2000a124:	2100      	movs	r1, #0
2000a126:	485d      	ldr	r0, [pc, #372]	@ (2000a29c <isr_irq14+0x280>)
2000a128:	f7ff fd46 	bl	20009bb8 <_usb_reset_endpoint>
2000a12c:	2100      	movs	r1, #0
2000a12e:	485c      	ldr	r0, [pc, #368]	@ (2000a2a0 <isr_irq14+0x284>)
2000a130:	f7ff fd42 	bl	20009bb8 <_usb_reset_endpoint>
2000a134:	2201      	movs	r2, #1
2000a136:	4c5b      	ldr	r4, [pc, #364]	@ (2000a2a4 <isr_irq14+0x288>)
2000a138:	4959      	ldr	r1, [pc, #356]	@ (2000a2a0 <isr_irq14+0x284>)
2000a13a:	7825      	ldrb	r5, [r4, #0]
2000a13c:	f881 202b 	strb.w	r2, [r1, #43]	@ 0x2b
2000a140:	f005 031f 	and.w	r3, r5, #31
2000a144:	4955      	ldr	r1, [pc, #340]	@ (2000a29c <isr_irq14+0x280>)
2000a146:	4293      	cmp	r3, r2
2000a148:	f881 202b 	strb.w	r2, [r1, #43]	@ 0x2b
2000a14c:	d065      	beq.n	2000a21a <isr_irq14+0x1fe>
2000a14e:	2b02      	cmp	r3, #2
2000a150:	d035      	beq.n	2000a1be <isr_irq14+0x1a2>
2000a152:	2b00      	cmp	r3, #0
2000a154:	d151      	bne.n	2000a1fa <isr_irq14+0x1de>
2000a156:	4f50      	ldr	r7, [pc, #320]	@ (2000a298 <isr_irq14+0x27c>)
2000a158:	687b      	ldr	r3, [r7, #4]
2000a15a:	b12b      	cbz	r3, 2000a168 <isr_irq14+0x14c>
2000a15c:	4621      	mov	r1, r4
2000a15e:	4638      	mov	r0, r7
2000a160:	4798      	blx	r3
2000a162:	2800      	cmp	r0, #0
2000a164:	d152      	bne.n	2000a20c <isr_irq14+0x1f0>
2000a166:	7825      	ldrb	r5, [r4, #0]
2000a168:	f015 0f60 	tst.w	r5, #96	@ 0x60
2000a16c:	d14b      	bne.n	2000a206 <isr_irq14+0x1ea>
2000a16e:	4b4d      	ldr	r3, [pc, #308]	@ (2000a2a4 <isr_irq14+0x288>)
2000a170:	062a      	lsls	r2, r5, #24
2000a172:	785c      	ldrb	r4, [r3, #1]
2000a174:	f100 80da 	bmi.w	2000a32c <isr_irq14+0x310>
2000a178:	2c05      	cmp	r4, #5
2000a17a:	f000 812c 	beq.w	2000a3d6 <isr_irq14+0x3ba>
2000a17e:	2c09      	cmp	r4, #9
2000a180:	d109      	bne.n	2000a196 <isr_irq14+0x17a>
2000a182:	789b      	ldrb	r3, [r3, #2]
2000a184:	b298      	uxth	r0, r3
2000a186:	2b00      	cmp	r3, #0
2000a188:	f000 8165 	beq.w	2000a456 <isr_irq14+0x43a>
2000a18c:	693b      	ldr	r3, [r7, #16]
2000a18e:	795b      	ldrb	r3, [r3, #5]
2000a190:	4283      	cmp	r3, r0
2000a192:	f000 8160 	beq.w	2000a456 <isr_irq14+0x43a>
2000a196:	483c      	ldr	r0, [pc, #240]	@ (2000a288 <isr_irq14+0x26c>)
2000a198:	f7fe f910 	bl	200083bc <__wrap_printf>
2000a19c:	4b41      	ldr	r3, [pc, #260]	@ (2000a2a4 <isr_irq14+0x288>)
2000a19e:	4842      	ldr	r0, [pc, #264]	@ (2000a2a8 <isr_irq14+0x28c>)
2000a1a0:	7859      	ldrb	r1, [r3, #1]
2000a1a2:	f7fe f90b 	bl	200083bc <__wrap_printf>
2000a1a6:	e02e      	b.n	2000a206 <isr_irq14+0x1ea>
2000a1a8:	4837      	ldr	r0, [pc, #220]	@ (2000a288 <isr_irq14+0x26c>)
2000a1aa:	f7fe f907 	bl	200083bc <__wrap_printf>
2000a1ae:	483f      	ldr	r0, [pc, #252]	@ (2000a2ac <isr_irq14+0x290>)
2000a1b0:	f7fe f88e 	bl	200082d0 <__wrap_puts>
2000a1b4:	f04f 4200 	mov.w	r2, #2147483648	@ 0x80000000
2000a1b8:	4b36      	ldr	r3, [pc, #216]	@ (2000a294 <isr_irq14+0x278>)
2000a1ba:	651a      	str	r2, [r3, #80]	@ 0x50
2000a1bc:	e740      	b.n	2000a040 <isr_irq14+0x24>
2000a1be:	88a2      	ldrh	r2, [r4, #4]
2000a1c0:	2a00      	cmp	r2, #0
2000a1c2:	f000 80b1 	beq.w	2000a328 <isr_irq14+0x30c>
2000a1c6:	2a80      	cmp	r2, #128	@ 0x80
2000a1c8:	f000 8084 	beq.w	2000a2d4 <isr_irq14+0x2b8>
2000a1cc:	4b32      	ldr	r3, [pc, #200]	@ (2000a298 <isr_irq14+0x27c>)
2000a1ce:	7f5b      	ldrb	r3, [r3, #29]
2000a1d0:	b153      	cbz	r3, 2000a1e8 <isr_irq14+0x1cc>
2000a1d2:	4b37      	ldr	r3, [pc, #220]	@ (2000a2b0 <isr_irq14+0x294>)
2000a1d4:	f103 003c 	add.w	r0, r3, #60	@ 0x3c
2000a1d8:	f853 4f04 	ldr.w	r4, [r3, #4]!
2000a1dc:	6821      	ldr	r1, [r4, #0]
2000a1de:	7889      	ldrb	r1, [r1, #2]
2000a1e0:	428a      	cmp	r2, r1
2000a1e2:	d078      	beq.n	2000a2d6 <isr_irq14+0x2ba>
2000a1e4:	4298      	cmp	r0, r3
2000a1e6:	d1f7      	bne.n	2000a1d8 <isr_irq14+0x1bc>
2000a1e8:	4827      	ldr	r0, [pc, #156]	@ (2000a288 <isr_irq14+0x26c>)
2000a1ea:	f7fe f8e7 	bl	200083bc <__wrap_printf>
2000a1ee:	4b2d      	ldr	r3, [pc, #180]	@ (2000a2a4 <isr_irq14+0x288>)
2000a1f0:	4830      	ldr	r0, [pc, #192]	@ (2000a2b4 <isr_irq14+0x298>)
2000a1f2:	889a      	ldrh	r2, [r3, #4]
2000a1f4:	8859      	ldrh	r1, [r3, #2]
2000a1f6:	f7fe f8e1 	bl	200083bc <__wrap_printf>
2000a1fa:	4823      	ldr	r0, [pc, #140]	@ (2000a288 <isr_irq14+0x26c>)
2000a1fc:	f7fe f8de 	bl	200083bc <__wrap_printf>
2000a200:	482d      	ldr	r0, [pc, #180]	@ (2000a2b8 <isr_irq14+0x29c>)
2000a202:	f7fe f865 	bl	200082d0 <__wrap_puts>
2000a206:	4827      	ldr	r0, [pc, #156]	@ (2000a2a4 <isr_irq14+0x288>)
2000a208:	f7ff fd2e 	bl	20009c68 <usb_stall_control_pipe>
2000a20c:	f44f 3200 	mov.w	r2, #131072	@ 0x20000
2000a210:	4b20      	ldr	r3, [pc, #128]	@ (2000a294 <isr_irq14+0x278>)
2000a212:	f44f 3880 	mov.w	r8, #65536	@ 0x10000
2000a216:	651a      	str	r2, [r3, #80]	@ 0x50
2000a218:	e709      	b.n	2000a02e <isr_irq14+0x12>
2000a21a:	4b1f      	ldr	r3, [pc, #124]	@ (2000a298 <isr_irq14+0x27c>)
2000a21c:	7f5a      	ldrb	r2, [r3, #29]
2000a21e:	2a00      	cmp	r2, #0
2000a220:	d04e      	beq.n	2000a2c0 <isr_irq14+0x2a4>
2000a222:	7922      	ldrb	r2, [r4, #4]
2000a224:	7e19      	ldrb	r1, [r3, #24]
2000a226:	428a      	cmp	r2, r1
2000a228:	d24a      	bcs.n	2000a2c0 <isr_irq14+0x2a4>
2000a22a:	695b      	ldr	r3, [r3, #20]
2000a22c:	f853 7022 	ldr.w	r7, [r3, r2, lsl #2]
2000a230:	2f00      	cmp	r7, #0
2000a232:	d045      	beq.n	2000a2c0 <isr_irq14+0x2a4>
2000a234:	68fb      	ldr	r3, [r7, #12]
2000a236:	b12b      	cbz	r3, 2000a244 <isr_irq14+0x228>
2000a238:	4621      	mov	r1, r4
2000a23a:	4638      	mov	r0, r7
2000a23c:	4798      	blx	r3
2000a23e:	2800      	cmp	r0, #0
2000a240:	d1e4      	bne.n	2000a20c <isr_irq14+0x1f0>
2000a242:	7825      	ldrb	r5, [r4, #0]
2000a244:	f015 0f60 	tst.w	r5, #96	@ 0x60
2000a248:	d10d      	bne.n	2000a266 <isr_irq14+0x24a>
2000a24a:	f8df 8058 	ldr.w	r8, [pc, #88]	@ 2000a2a4 <isr_irq14+0x288>
2000a24e:	f8b8 3004 	ldrh.w	r3, [r8, #4]
2000a252:	0a1c      	lsrs	r4, r3, #8
2000a254:	d107      	bne.n	2000a266 <isr_irq14+0x24a>
2000a256:	062d      	lsls	r5, r5, #24
2000a258:	f898 0001 	ldrb.w	r0, [r8, #1]
2000a25c:	f100 80d7 	bmi.w	2000a40e <isr_irq14+0x3f2>
2000a260:	280b      	cmp	r0, #11
2000a262:	f000 8130 	beq.w	2000a4c6 <isr_irq14+0x4aa>
2000a266:	4808      	ldr	r0, [pc, #32]	@ (2000a288 <isr_irq14+0x26c>)
2000a268:	f7fe f8a8 	bl	200083bc <__wrap_printf>
2000a26c:	4c0d      	ldr	r4, [pc, #52]	@ (2000a2a4 <isr_irq14+0x288>)
2000a26e:	6839      	ldr	r1, [r7, #0]
2000a270:	7823      	ldrb	r3, [r4, #0]
2000a272:	7862      	ldrb	r2, [r4, #1]
2000a274:	7889      	ldrb	r1, [r1, #2]
2000a276:	4811      	ldr	r0, [pc, #68]	@ (2000a2bc <isr_irq14+0x2a0>)
2000a278:	f7fe f8a0 	bl	200083bc <__wrap_printf>
2000a27c:	4620      	mov	r0, r4
2000a27e:	f7ff fcf3 	bl	20009c68 <usb_stall_control_pipe>
2000a282:	e7c3      	b.n	2000a20c <isr_irq14+0x1f0>
2000a284:	50110000 	.word	0x50110000
2000a288:	2000dc24 	.word	0x2000dc24
2000a28c:	2000deec 	.word	0x2000deec
2000a290:	2000debc 	.word	0x2000debc
2000a294:	50113000 	.word	0x50113000
2000a298:	20012000 	.word	0x20012000
2000a29c:	20061bd4 	.word	0x20061bd4
2000a2a0:	20061ba0 	.word	0x20061ba0
2000a2a4:	50100000 	.word	0x50100000
2000a2a8:	2000dcfc 	.word	0x2000dcfc
2000a2ac:	2000dedc 	.word	0x2000dedc
2000a2b0:	200125c0 	.word	0x200125c0
2000a2b4:	2000de5c 	.word	0x2000de5c
2000a2b8:	2000de8c 	.word	0x2000de8c
2000a2bc:	2000dd50 	.word	0x2000dd50
2000a2c0:	4897      	ldr	r0, [pc, #604]	@ (2000a520 <isr_irq14+0x504>)
2000a2c2:	f7fe f87b 	bl	200083bc <__wrap_printf>
2000a2c6:	4b97      	ldr	r3, [pc, #604]	@ (2000a524 <isr_irq14+0x508>)
2000a2c8:	4897      	ldr	r0, [pc, #604]	@ (2000a528 <isr_irq14+0x50c>)
2000a2ca:	889a      	ldrh	r2, [r3, #4]
2000a2cc:	7859      	ldrb	r1, [r3, #1]
2000a2ce:	f7fe f875 	bl	200083bc <__wrap_printf>
2000a2d2:	e792      	b.n	2000a1fa <isr_irq14+0x1de>
2000a2d4:	4c95      	ldr	r4, [pc, #596]	@ (2000a52c <isr_irq14+0x510>)
2000a2d6:	6963      	ldr	r3, [r4, #20]
2000a2d8:	b133      	cbz	r3, 2000a2e8 <isr_irq14+0x2cc>
2000a2da:	4620      	mov	r0, r4
2000a2dc:	4991      	ldr	r1, [pc, #580]	@ (2000a524 <isr_irq14+0x508>)
2000a2de:	4798      	blx	r3
2000a2e0:	2800      	cmp	r0, #0
2000a2e2:	d193      	bne.n	2000a20c <isr_irq14+0x1f0>
2000a2e4:	4b8f      	ldr	r3, [pc, #572]	@ (2000a524 <isr_irq14+0x508>)
2000a2e6:	781d      	ldrb	r5, [r3, #0]
2000a2e8:	f015 0f60 	tst.w	r5, #96	@ 0x60
2000a2ec:	d14b      	bne.n	2000a386 <isr_irq14+0x36a>
2000a2ee:	4b8d      	ldr	r3, [pc, #564]	@ (2000a524 <isr_irq14+0x508>)
2000a2f0:	0628      	lsls	r0, r5, #24
2000a2f2:	7859      	ldrb	r1, [r3, #1]
2000a2f4:	d459      	bmi.n	2000a3aa <isr_irq14+0x38e>
2000a2f6:	2901      	cmp	r1, #1
2000a2f8:	f000 809c 	beq.w	2000a434 <isr_irq14+0x418>
2000a2fc:	2903      	cmp	r1, #3
2000a2fe:	d103      	bne.n	2000a308 <isr_irq14+0x2ec>
2000a300:	885b      	ldrh	r3, [r3, #2]
2000a302:	2b00      	cmp	r3, #0
2000a304:	f000 813d 	beq.w	2000a582 <isr_irq14+0x566>
2000a308:	4885      	ldr	r0, [pc, #532]	@ (2000a520 <isr_irq14+0x504>)
2000a30a:	f7fe f857 	bl	200083bc <__wrap_printf>
2000a30e:	f894 3033 	ldrb.w	r3, [r4, #51]	@ 0x33
2000a312:	f894 102a 	ldrb.w	r1, [r4, #42]	@ 0x2a
2000a316:	2b00      	cmp	r3, #0
2000a318:	d075      	beq.n	2000a406 <isr_irq14+0x3ea>
2000a31a:	4a85      	ldr	r2, [pc, #532]	@ (2000a530 <isr_irq14+0x514>)
2000a31c:	4b81      	ldr	r3, [pc, #516]	@ (2000a524 <isr_irq14+0x508>)
2000a31e:	4885      	ldr	r0, [pc, #532]	@ (2000a534 <isr_irq14+0x518>)
2000a320:	785b      	ldrb	r3, [r3, #1]
2000a322:	f7fe f84b 	bl	200083bc <__wrap_printf>
2000a326:	e76e      	b.n	2000a206 <isr_irq14+0x1ea>
2000a328:	4c83      	ldr	r4, [pc, #524]	@ (2000a538 <isr_irq14+0x51c>)
2000a32a:	e7d4      	b.n	2000a2d6 <isr_irq14+0x2ba>
2000a32c:	4b7f      	ldr	r3, [pc, #508]	@ (2000a52c <isr_irq14+0x510>)
2000a32e:	f893 3024 	ldrb.w	r3, [r3, #36]	@ 0x24
2000a332:	b913      	cbnz	r3, 2000a33a <isr_irq14+0x31e>
2000a334:	487d      	ldr	r0, [pc, #500]	@ (2000a52c <isr_irq14+0x510>)
2000a336:	f7ff fa37 	bl	200097a8 <usb_current_packet_buffer.part.0>
2000a33a:	2c06      	cmp	r4, #6
2000a33c:	f000 8097 	beq.w	2000a46e <isr_irq14+0x452>
2000a340:	4b7a      	ldr	r3, [pc, #488]	@ (2000a52c <isr_irq14+0x510>)
2000a342:	2c08      	cmp	r4, #8
2000a344:	69db      	ldr	r3, [r3, #28]
2000a346:	f000 808e 	beq.w	2000a466 <isr_irq14+0x44a>
2000a34a:	2c00      	cmp	r4, #0
2000a34c:	d150      	bne.n	2000a3f0 <isr_irq14+0x3d4>
2000a34e:	2202      	movs	r2, #2
2000a350:	801c      	strh	r4, [r3, #0]
2000a352:	4b74      	ldr	r3, [pc, #464]	@ (2000a524 <isr_irq14+0x508>)
2000a354:	4c75      	ldr	r4, [pc, #468]	@ (2000a52c <isr_irq14+0x510>)
2000a356:	88db      	ldrh	r3, [r3, #6]
2000a358:	4878      	ldr	r0, [pc, #480]	@ (2000a53c <isr_irq14+0x520>)
2000a35a:	4293      	cmp	r3, r2
2000a35c:	bfa8      	it	ge
2000a35e:	4613      	movge	r3, r2
2000a360:	4977      	ldr	r1, [pc, #476]	@ (2000a540 <isr_irq14+0x524>)
2000a362:	4a78      	ldr	r2, [pc, #480]	@ (2000a544 <isr_irq14+0x528>)
2000a364:	8423      	strh	r3, [r4, #32]
2000a366:	f7ff fc1d 	bl	20009ba4 <usb_reset_transfer>
2000a36a:	2300      	movs	r3, #0
2000a36c:	2201      	movs	r2, #1
2000a36e:	e9c4 0302 	strd	r0, r3, [r4, #8]
2000a372:	6803      	ldr	r3, [r0, #0]
2000a374:	7482      	strb	r2, [r0, #18]
2000a376:	685b      	ldr	r3, [r3, #4]
2000a378:	b10b      	cbz	r3, 2000a37e <isr_irq14+0x362>
2000a37a:	4620      	mov	r0, r4
2000a37c:	4798      	blx	r3
2000a37e:	486b      	ldr	r0, [pc, #428]	@ (2000a52c <isr_irq14+0x510>)
2000a380:	f7ff fa9e 	bl	200098c0 <_usb_give_as_many_buffers_as_possible>
2000a384:	e742      	b.n	2000a20c <isr_irq14+0x1f0>
2000a386:	4866      	ldr	r0, [pc, #408]	@ (2000a520 <isr_irq14+0x504>)
2000a388:	f7fe f818 	bl	200083bc <__wrap_printf>
2000a38c:	f894 3033 	ldrb.w	r3, [r4, #51]	@ 0x33
2000a390:	f894 102a 	ldrb.w	r1, [r4, #42]	@ 0x2a
2000a394:	2b00      	cmp	r3, #0
2000a396:	d034      	beq.n	2000a402 <isr_irq14+0x3e6>
2000a398:	4a65      	ldr	r2, [pc, #404]	@ (2000a530 <isr_irq14+0x514>)
2000a39a:	4862      	ldr	r0, [pc, #392]	@ (2000a524 <isr_irq14+0x508>)
2000a39c:	7843      	ldrb	r3, [r0, #1]
2000a39e:	7800      	ldrb	r0, [r0, #0]
2000a3a0:	9000      	str	r0, [sp, #0]
2000a3a2:	4869      	ldr	r0, [pc, #420]	@ (2000a548 <isr_irq14+0x52c>)
2000a3a4:	f7fe f80a 	bl	200083bc <__wrap_printf>
2000a3a8:	e72d      	b.n	2000a206 <isr_irq14+0x1ea>
2000a3aa:	b929      	cbnz	r1, 2000a3b8 <isr_irq14+0x39c>
2000a3ac:	885a      	ldrh	r2, [r3, #2]
2000a3ae:	b91a      	cbnz	r2, 2000a3b8 <isr_irq14+0x39c>
2000a3b0:	88d9      	ldrh	r1, [r3, #6]
2000a3b2:	2902      	cmp	r1, #2
2000a3b4:	f000 80ed 	beq.w	2000a592 <isr_irq14+0x576>
2000a3b8:	4859      	ldr	r0, [pc, #356]	@ (2000a520 <isr_irq14+0x504>)
2000a3ba:	f7fd ffff 	bl	200083bc <__wrap_printf>
2000a3be:	f894 3033 	ldrb.w	r3, [r4, #51]	@ 0x33
2000a3c2:	f894 102a 	ldrb.w	r1, [r4, #42]	@ 0x2a
2000a3c6:	b303      	cbz	r3, 2000a40a <isr_irq14+0x3ee>
2000a3c8:	4a59      	ldr	r2, [pc, #356]	@ (2000a530 <isr_irq14+0x514>)
2000a3ca:	4b56      	ldr	r3, [pc, #344]	@ (2000a524 <isr_irq14+0x508>)
2000a3cc:	485f      	ldr	r0, [pc, #380]	@ (2000a54c <isr_irq14+0x530>)
2000a3ce:	785b      	ldrb	r3, [r3, #1]
2000a3d0:	f7fd fff4 	bl	200083bc <__wrap_printf>
2000a3d4:	e717      	b.n	2000a206 <isr_irq14+0x1ea>
2000a3d6:	f993 2002 	ldrsb.w	r2, [r3, #2]
2000a3da:	885b      	ldrh	r3, [r3, #2]
2000a3dc:	2a00      	cmp	r2, #0
2000a3de:	f77f aeda 	ble.w	2000a196 <isr_irq14+0x17a>
2000a3e2:	4a5b      	ldr	r2, [pc, #364]	@ (2000a550 <isr_irq14+0x534>)
2000a3e4:	4955      	ldr	r1, [pc, #340]	@ (2000a53c <isr_irq14+0x520>)
2000a3e6:	4851      	ldr	r0, [pc, #324]	@ (2000a52c <isr_irq14+0x510>)
2000a3e8:	77bb      	strb	r3, [r7, #30]
2000a3ea:	f7ff fddb 	bl	20009fa4 <usb_start_empty_transfer>
2000a3ee:	e70d      	b.n	2000a20c <isr_irq14+0x1f0>
2000a3f0:	484b      	ldr	r0, [pc, #300]	@ (2000a520 <isr_irq14+0x504>)
2000a3f2:	f7fd ffe3 	bl	200083bc <__wrap_printf>
2000a3f6:	4b4b      	ldr	r3, [pc, #300]	@ (2000a524 <isr_irq14+0x508>)
2000a3f8:	4856      	ldr	r0, [pc, #344]	@ (2000a554 <isr_irq14+0x538>)
2000a3fa:	7859      	ldrb	r1, [r3, #1]
2000a3fc:	f7fd ffde 	bl	200083bc <__wrap_printf>
2000a400:	e701      	b.n	2000a206 <isr_irq14+0x1ea>
2000a402:	4a55      	ldr	r2, [pc, #340]	@ (2000a558 <isr_irq14+0x53c>)
2000a404:	e7c9      	b.n	2000a39a <isr_irq14+0x37e>
2000a406:	4a54      	ldr	r2, [pc, #336]	@ (2000a558 <isr_irq14+0x53c>)
2000a408:	e788      	b.n	2000a31c <isr_irq14+0x300>
2000a40a:	4a53      	ldr	r2, [pc, #332]	@ (2000a558 <isr_irq14+0x53c>)
2000a40c:	e7dd      	b.n	2000a3ca <isr_irq14+0x3ae>
2000a40e:	2800      	cmp	r0, #0
2000a410:	d06b      	beq.n	2000a4ea <isr_irq14+0x4ce>
2000a412:	280a      	cmp	r0, #10
2000a414:	f47f af27 	bne.w	2000a266 <isr_irq14+0x24a>
2000a418:	f8b8 3002 	ldrh.w	r3, [r8, #2]
2000a41c:	2b00      	cmp	r3, #0
2000a41e:	f47f af22 	bne.w	2000a266 <isr_irq14+0x24a>
2000a422:	f8b8 1006 	ldrh.w	r1, [r8, #6]
2000a426:	2901      	cmp	r1, #1
2000a428:	f47f af1d 	bne.w	2000a266 <isr_irq14+0x24a>
2000a42c:	7d38      	ldrb	r0, [r7, #20]
2000a42e:	f7ff fd51 	bl	20009ed4 <usb_start_tiny_control_in_transfer>
2000a432:	e6eb      	b.n	2000a20c <isr_irq14+0x1f0>
2000a434:	885b      	ldrh	r3, [r3, #2]
2000a436:	2b00      	cmp	r3, #0
2000a438:	f47f af66 	bne.w	2000a308 <isr_irq14+0x2ec>
2000a43c:	f894 2030 	ldrb.w	r2, [r4, #48]	@ 0x30
2000a440:	2a02      	cmp	r2, #2
2000a442:	f240 80b9 	bls.w	2000a5b8 <isr_irq14+0x59c>
2000a446:	f884 302b 	strb.w	r3, [r4, #43]	@ 0x2b
2000a44a:	2200      	movs	r2, #0
2000a44c:	493b      	ldr	r1, [pc, #236]	@ (2000a53c <isr_irq14+0x520>)
2000a44e:	4837      	ldr	r0, [pc, #220]	@ (2000a52c <isr_irq14+0x510>)
2000a450:	f7ff fda8 	bl	20009fa4 <usb_start_empty_transfer>
2000a454:	e6da      	b.n	2000a20c <isr_irq14+0x1f0>
2000a456:	f7ff fbe7 	bl	20009c28 <_usb_handle_set_config>
2000a45a:	2200      	movs	r2, #0
2000a45c:	4937      	ldr	r1, [pc, #220]	@ (2000a53c <isr_irq14+0x520>)
2000a45e:	4833      	ldr	r0, [pc, #204]	@ (2000a52c <isr_irq14+0x510>)
2000a460:	f7ff fda0 	bl	20009fa4 <usb_start_empty_transfer>
2000a464:	e6d2      	b.n	2000a20c <isr_irq14+0x1f0>
2000a466:	7f79      	ldrb	r1, [r7, #29]
2000a468:	2201      	movs	r2, #1
2000a46a:	7019      	strb	r1, [r3, #0]
2000a46c:	e771      	b.n	2000a352 <isr_irq14+0x336>
2000a46e:	4b2d      	ldr	r3, [pc, #180]	@ (2000a524 <isr_irq14+0x508>)
2000a470:	885b      	ldrh	r3, [r3, #2]
2000a472:	0a1a      	lsrs	r2, r3, #8
2000a474:	2a02      	cmp	r2, #2
2000a476:	d077      	beq.n	2000a568 <isr_irq14+0x54c>
2000a478:	2a03      	cmp	r2, #3
2000a47a:	d03a      	beq.n	2000a4f2 <isr_irq14+0x4d6>
2000a47c:	2a01      	cmp	r2, #1
2000a47e:	d1b7      	bne.n	2000a3f0 <isr_irq14+0x3d4>
2000a480:	6839      	ldr	r1, [r7, #0]
2000a482:	2412      	movs	r4, #18
2000a484:	2900      	cmp	r1, #0
2000a486:	d177      	bne.n	2000a578 <isr_irq14+0x55c>
2000a488:	4a2e      	ldr	r2, [pc, #184]	@ (2000a544 <isr_irq14+0x528>)
2000a48a:	4b26      	ldr	r3, [pc, #152]	@ (2000a524 <isr_irq14+0x508>)
2000a48c:	9201      	str	r2, [sp, #4]
2000a48e:	88db      	ldrh	r3, [r3, #6]
2000a490:	4d2a      	ldr	r5, [pc, #168]	@ (2000a53c <isr_irq14+0x520>)
2000a492:	429c      	cmp	r4, r3
2000a494:	bfa8      	it	ge
2000a496:	461c      	movge	r4, r3
2000a498:	4a30      	ldr	r2, [pc, #192]	@ (2000a55c <isr_irq14+0x540>)
2000a49a:	f44f 7380 	mov.w	r3, #256	@ 0x100
2000a49e:	4930      	ldr	r1, [pc, #192]	@ (2000a560 <isr_irq14+0x544>)
2000a4a0:	4628      	mov	r0, r5
2000a4a2:	9400      	str	r4, [sp, #0]
2000a4a4:	f000 f9ce 	bl	2000a844 <usb_stream_setup_transfer>
2000a4a8:	2300      	movs	r3, #0
2000a4aa:	2201      	movs	r2, #1
2000a4ac:	491f      	ldr	r1, [pc, #124]	@ (2000a52c <isr_irq14+0x510>)
2000a4ae:	74aa      	strb	r2, [r5, #18]
2000a4b0:	e9c1 5302 	strd	r5, r3, [r1, #8]
2000a4b4:	682b      	ldr	r3, [r5, #0]
2000a4b6:	6269      	str	r1, [r5, #36]	@ 0x24
2000a4b8:	685b      	ldr	r3, [r3, #4]
2000a4ba:	2b00      	cmp	r3, #0
2000a4bc:	f43f af5f 	beq.w	2000a37e <isr_irq14+0x362>
2000a4c0:	4608      	mov	r0, r1
2000a4c2:	4798      	blx	r3
2000a4c4:	e75b      	b.n	2000a37e <isr_irq14+0x362>
2000a4c6:	693b      	ldr	r3, [r7, #16]
2000a4c8:	b12b      	cbz	r3, 2000a4d6 <isr_irq14+0x4ba>
2000a4ca:	4638      	mov	r0, r7
2000a4cc:	f8b8 1002 	ldrh.w	r1, [r8, #2]
2000a4d0:	4798      	blx	r3
2000a4d2:	2800      	cmp	r0, #0
2000a4d4:	d174      	bne.n	2000a5c0 <isr_irq14+0x5a4>
2000a4d6:	4812      	ldr	r0, [pc, #72]	@ (2000a520 <isr_irq14+0x504>)
2000a4d8:	f7fd ff70 	bl	200083bc <__wrap_printf>
2000a4dc:	4b11      	ldr	r3, [pc, #68]	@ (2000a524 <isr_irq14+0x508>)
2000a4de:	4821      	ldr	r0, [pc, #132]	@ (2000a564 <isr_irq14+0x548>)
2000a4e0:	885a      	ldrh	r2, [r3, #2]
2000a4e2:	8899      	ldrh	r1, [r3, #4]
2000a4e4:	f7fd ff6a 	bl	200083bc <__wrap_printf>
2000a4e8:	e6bd      	b.n	2000a266 <isr_irq14+0x24a>
2000a4ea:	2102      	movs	r1, #2
2000a4ec:	f7ff fcf2 	bl	20009ed4 <usb_start_tiny_control_in_transfer>
2000a4f0:	e68c      	b.n	2000a20c <isr_irq14+0x1f0>
2000a4f2:	f013 00ff 	ands.w	r0, r3, #255	@ 0xff
2000a4f6:	d05c      	beq.n	2000a5b2 <isr_irq14+0x596>
2000a4f8:	68fb      	ldr	r3, [r7, #12]
2000a4fa:	4798      	blx	r3
2000a4fc:	7801      	ldrb	r1, [r0, #0]
2000a4fe:	2900      	cmp	r1, #0
2000a500:	d067      	beq.n	2000a5d2 <isr_irq14+0x5b6>
2000a502:	4a16      	ldr	r2, [pc, #88]	@ (2000a55c <isr_irq14+0x540>)
2000a504:	1c43      	adds	r3, r0, #1
2000a506:	2402      	movs	r4, #2
2000a508:	4610      	mov	r0, r2
2000a50a:	f820 1f02 	strh.w	r1, [r0, #2]!
2000a50e:	f813 1b01 	ldrb.w	r1, [r3], #1
2000a512:	3402      	adds	r4, #2
2000a514:	2900      	cmp	r1, #0
2000a516:	d1f8      	bne.n	2000a50a <isr_irq14+0x4ee>
2000a518:	2303      	movs	r3, #3
2000a51a:	7014      	strb	r4, [r2, #0]
2000a51c:	7053      	strb	r3, [r2, #1]
2000a51e:	e7b3      	b.n	2000a488 <isr_irq14+0x46c>
2000a520:	2000dc24 	.word	0x2000dc24
2000a524:	50100000 	.word	0x50100000
2000a528:	2000dd90 	.word	0x2000dd90
2000a52c:	20061bd4 	.word	0x20061bd4
2000a530:	2000dbf4 	.word	0x2000dbf4
2000a534:	2000ddec 	.word	0x2000ddec
2000a538:	20061ba0 	.word	0x20061ba0
2000a53c:	20012580 	.word	0x20012580
2000a540:	2000e2a8 	.word	0x2000e2a8
2000a544:	20009ff5 	.word	0x20009ff5
2000a548:	2000de1c 	.word	0x2000de1c
2000a54c:	2000ddc0 	.word	0x2000ddc0
2000a550:	200095fd 	.word	0x200095fd
2000a554:	2000dcd4 	.word	0x2000dcd4
2000a558:	2000dbf8 	.word	0x2000dbf8
2000a55c:	20014938 	.word	0x20014938
2000a560:	2000e448 	.word	0x2000e448
2000a564:	2000dd28 	.word	0x2000dd28
2000a568:	b2db      	uxtb	r3, r3
2000a56a:	2b00      	cmp	r3, #0
2000a56c:	f47f af40 	bne.w	2000a3f0 <isr_irq14+0x3d4>
2000a570:	6939      	ldr	r1, [r7, #16]
2000a572:	884c      	ldrh	r4, [r1, #2]
2000a574:	2c00      	cmp	r4, #0
2000a576:	d087      	beq.n	2000a488 <isr_irq14+0x46c>
2000a578:	4622      	mov	r2, r4
2000a57a:	4817      	ldr	r0, [pc, #92]	@ (2000a5d8 <isr_irq14+0x5bc>)
2000a57c:	f001 f89c 	bl	2000b6b8 <memcpy>
2000a580:	e782      	b.n	2000a488 <isr_irq14+0x46c>
2000a582:	f894 3030 	ldrb.w	r3, [r4, #48]	@ 0x30
2000a586:	b96b      	cbnz	r3, 2000a5a4 <isr_irq14+0x588>
2000a588:	2102      	movs	r1, #2
2000a58a:	4620      	mov	r0, r4
2000a58c:	f7ff f85e 	bl	2000964c <_usb_stall_endpoint.part.0>
2000a590:	e75b      	b.n	2000a44a <isr_irq14+0x42e>
2000a592:	f894 0030 	ldrb.w	r0, [r4, #48]	@ 0x30
2000a596:	2801      	cmp	r0, #1
2000a598:	bf94      	ite	ls
2000a59a:	2000      	movls	r0, #0
2000a59c:	2001      	movhi	r0, #1
2000a59e:	f7ff fc99 	bl	20009ed4 <usb_start_tiny_control_in_transfer>
2000a5a2:	e633      	b.n	2000a20c <isr_irq14+0x1f0>
2000a5a4:	2b01      	cmp	r3, #1
2000a5a6:	f47f af50 	bne.w	2000a44a <isr_irq14+0x42e>
2000a5aa:	2302      	movs	r3, #2
2000a5ac:	f884 3030 	strb.w	r3, [r4, #48]	@ 0x30
2000a5b0:	e74b      	b.n	2000a44a <isr_irq14+0x42e>
2000a5b2:	2404      	movs	r4, #4
2000a5b4:	4909      	ldr	r1, [pc, #36]	@ (2000a5dc <isr_irq14+0x5c0>)
2000a5b6:	e7df      	b.n	2000a578 <isr_irq14+0x55c>
2000a5b8:	4620      	mov	r0, r4
2000a5ba:	f7ff fafd 	bl	20009bb8 <_usb_reset_endpoint>
2000a5be:	e744      	b.n	2000a44a <isr_irq14+0x42e>
2000a5c0:	f8b8 3002 	ldrh.w	r3, [r8, #2]
2000a5c4:	4622      	mov	r2, r4
2000a5c6:	4906      	ldr	r1, [pc, #24]	@ (2000a5e0 <isr_irq14+0x5c4>)
2000a5c8:	4806      	ldr	r0, [pc, #24]	@ (2000a5e4 <isr_irq14+0x5c8>)
2000a5ca:	753b      	strb	r3, [r7, #20]
2000a5cc:	f7ff fcea 	bl	20009fa4 <usb_start_empty_transfer>
2000a5d0:	e61c      	b.n	2000a20c <isr_irq14+0x1f0>
2000a5d2:	2402      	movs	r4, #2
2000a5d4:	4a00      	ldr	r2, [pc, #0]	@ (2000a5d8 <isr_irq14+0x5bc>)
2000a5d6:	e79f      	b.n	2000a518 <isr_irq14+0x4fc>
2000a5d8:	20014938 	.word	0x20014938
2000a5dc:	2000e2a4 	.word	0x2000e2a4
2000a5e0:	20012580 	.word	0x20012580
2000a5e4:	20061bd4 	.word	0x20061bd4

2000a5e8 <usb_start_empty_control_in_transfer_null_completion>:
2000a5e8:	2200      	movs	r2, #0
2000a5ea:	4902      	ldr	r1, [pc, #8]	@ (2000a5f4 <usb_start_empty_control_in_transfer_null_completion+0xc>)
2000a5ec:	4802      	ldr	r0, [pc, #8]	@ (2000a5f8 <usb_start_empty_control_in_transfer_null_completion+0x10>)
2000a5ee:	f7ff bcd9 	b.w	20009fa4 <usb_start_empty_transfer>
2000a5f2:	bf00      	nop
2000a5f4:	20012580 	.word	0x20012580
2000a5f8:	20061bd4 	.word	0x20061bd4

2000a5fc <usb_current_in_packet_buffer>:
2000a5fc:	f890 2024 	ldrb.w	r2, [r0, #36]	@ 0x24
2000a600:	4603      	mov	r3, r0
2000a602:	301c      	adds	r0, #28
2000a604:	b99a      	cbnz	r2, 2000a62e <usb_current_in_packet_buffer+0x32>
2000a606:	8b59      	ldrh	r1, [r3, #26]
2000a608:	f893 2033 	ldrb.w	r2, [r3, #51]	@ 0x33
2000a60c:	f8b3 c018 	ldrh.w	ip, [r3, #24]
2000a610:	8459      	strh	r1, [r3, #34]	@ 0x22
2000a612:	b16a      	cbz	r2, 2000a630 <usb_current_in_packet_buffer+0x34>
2000a614:	f893 202e 	ldrb.w	r2, [r3, #46]	@ 0x2e
2000a618:	b9fa      	cbnz	r2, 2000a65a <usb_current_in_packet_buffer+0x5e>
2000a61a:	f10c 42a0 	add.w	r2, ip, #1342177280	@ 0x50000000
2000a61e:	f502 1280 	add.w	r2, r2, #1048576	@ 0x100000
2000a622:	61da      	str	r2, [r3, #28]
2000a624:	2200      	movs	r2, #0
2000a626:	2101      	movs	r1, #1
2000a628:	841a      	strh	r2, [r3, #32]
2000a62a:	f883 1024 	strb.w	r1, [r3, #36]	@ 0x24
2000a62e:	4770      	bx	lr
2000a630:	f893 202f 	ldrb.w	r2, [r3, #47]	@ 0x2f
2000a634:	b9ca      	cbnz	r2, 2000a66a <usb_current_in_packet_buffer+0x6e>
2000a636:	f10c 41a0 	add.w	r1, ip, #1342177280	@ 0x50000000
2000a63a:	f501 1180 	add.w	r1, r1, #1048576	@ 0x100000
2000a63e:	f893 c02a 	ldrb.w	ip, [r3, #42]	@ 0x2a
2000a642:	0052      	lsls	r2, r2, #1
2000a644:	eb02 02cc 	add.w	r2, r2, ip, lsl #3
2000a648:	f8df c02c 	ldr.w	ip, [pc, #44]	@ 2000a678 <usb_current_in_packet_buffer+0x7c>
2000a64c:	3204      	adds	r2, #4
2000a64e:	f832 200c 	ldrh.w	r2, [r2, ip]
2000a652:	61d9      	str	r1, [r3, #28]
2000a654:	f3c2 0209 	ubfx	r2, r2, #0, #10
2000a658:	e7e5      	b.n	2000a626 <usb_current_in_packet_buffer+0x2a>
2000a65a:	8d1a      	ldrh	r2, [r3, #40]	@ 0x28
2000a65c:	4462      	add	r2, ip
2000a65e:	f102 42a0 	add.w	r2, r2, #1342177280	@ 0x50000000
2000a662:	f502 1280 	add.w	r2, r2, #1048576	@ 0x100000
2000a666:	61da      	str	r2, [r3, #28]
2000a668:	e7dc      	b.n	2000a624 <usb_current_in_packet_buffer+0x28>
2000a66a:	8d19      	ldrh	r1, [r3, #40]	@ 0x28
2000a66c:	4461      	add	r1, ip
2000a66e:	f101 41a0 	add.w	r1, r1, #1342177280	@ 0x50000000
2000a672:	f501 1180 	add.w	r1, r1, #1048576	@ 0x100000
2000a676:	e7e2      	b.n	2000a63e <usb_current_in_packet_buffer+0x42>
2000a678:	50100080 	.word	0x50100080

2000a67c <usb_current_out_packet_buffer>:
2000a67c:	f890 2024 	ldrb.w	r2, [r0, #36]	@ 0x24
2000a680:	4603      	mov	r3, r0
2000a682:	301c      	adds	r0, #28
2000a684:	b99a      	cbnz	r2, 2000a6ae <usb_current_out_packet_buffer+0x32>
2000a686:	8b59      	ldrh	r1, [r3, #26]
2000a688:	f893 2033 	ldrb.w	r2, [r3, #51]	@ 0x33
2000a68c:	f8b3 c018 	ldrh.w	ip, [r3, #24]
2000a690:	8459      	strh	r1, [r3, #34]	@ 0x22
2000a692:	b16a      	cbz	r2, 2000a6b0 <usb_current_out_packet_buffer+0x34>
2000a694:	f893 202e 	ldrb.w	r2, [r3, #46]	@ 0x2e
2000a698:	b9fa      	cbnz	r2, 2000a6da <usb_current_out_packet_buffer+0x5e>
2000a69a:	f10c 42a0 	add.w	r2, ip, #1342177280	@ 0x50000000
2000a69e:	f502 1280 	add.w	r2, r2, #1048576	@ 0x100000
2000a6a2:	61da      	str	r2, [r3, #28]
2000a6a4:	2200      	movs	r2, #0
2000a6a6:	2101      	movs	r1, #1
2000a6a8:	841a      	strh	r2, [r3, #32]
2000a6aa:	f883 1024 	strb.w	r1, [r3, #36]	@ 0x24
2000a6ae:	4770      	bx	lr
2000a6b0:	f893 202f 	ldrb.w	r2, [r3, #47]	@ 0x2f
2000a6b4:	b9ca      	cbnz	r2, 2000a6ea <usb_current_out_packet_buffer+0x6e>
2000a6b6:	f10c 41a0 	add.w	r1, ip, #1342177280	@ 0x50000000
2000a6ba:	f501 1180 	add.w	r1, r1, #1048576	@ 0x100000
2000a6be:	f893 c02a 	ldrb.w	ip, [r3, #42]	@ 0x2a
2000a6c2:	0052      	lsls	r2, r2, #1
2000a6c4:	eb02 02cc 	add.w	r2, r2, ip, lsl #3
2000a6c8:	f8df c02c 	ldr.w	ip, [pc, #44]	@ 2000a6f8 <usb_current_out_packet_buffer+0x7c>
2000a6cc:	3204      	adds	r2, #4
2000a6ce:	f832 200c 	ldrh.w	r2, [r2, ip]
2000a6d2:	61d9      	str	r1, [r3, #28]
2000a6d4:	f3c2 0209 	ubfx	r2, r2, #0, #10
2000a6d8:	e7e5      	b.n	2000a6a6 <usb_current_out_packet_buffer+0x2a>
2000a6da:	8d1a      	ldrh	r2, [r3, #40]	@ 0x28
2000a6dc:	4462      	add	r2, ip
2000a6de:	f102 42a0 	add.w	r2, r2, #1342177280	@ 0x50000000
2000a6e2:	f502 1280 	add.w	r2, r2, #1048576	@ 0x100000
2000a6e6:	61da      	str	r2, [r3, #28]
2000a6e8:	e7dc      	b.n	2000a6a4 <usb_current_out_packet_buffer+0x28>
2000a6ea:	8d19      	ldrh	r1, [r3, #40]	@ 0x28
2000a6ec:	4461      	add	r1, ip
2000a6ee:	f101 41a0 	add.w	r1, r1, #1342177280	@ 0x50000000
2000a6f2:	f501 1180 	add.w	r1, r1, #1048576	@ 0x100000
2000a6f6:	e7e2      	b.n	2000a6be <usb_current_out_packet_buffer+0x42>
2000a6f8:	50100080 	.word	0x50100080

2000a6fc <usb_stream_packet_handler_complete>:
2000a6fc:	b530      	push	{r4, r5, lr}
2000a6fe:	6a45      	ldr	r5, [r0, #36]	@ 0x24
2000a700:	4604      	mov	r4, r0
2000a702:	f895 3033 	ldrb.w	r3, [r5, #51]	@ 0x33
2000a706:	4628      	mov	r0, r5
2000a708:	b083      	sub	sp, #12
2000a70a:	b34b      	cbz	r3, 2000a760 <usb_stream_packet_handler_complete+0x64>
2000a70c:	f7ff ff76 	bl	2000a5fc <usb_current_in_packet_buffer>
2000a710:	f8d4 c014 	ldr.w	ip, [r4, #20]
2000a714:	69a2      	ldr	r2, [r4, #24]
2000a716:	4603      	mov	r3, r0
2000a718:	f10c 0040 	add.w	r0, ip, #64	@ 0x40
2000a71c:	4290      	cmp	r0, r2
2000a71e:	bf8a      	itet	hi
2000a720:	eba2 020c 	subhi.w	r2, r2, ip
2000a724:	2040      	movls	r0, #64	@ 0x40
2000a726:	4610      	movhi	r0, r2
2000a728:	69e1      	ldr	r1, [r4, #28]
2000a72a:	bf98      	it	ls
2000a72c:	4602      	movls	r2, r0
2000a72e:	8098      	strh	r0, [r3, #4]
2000a730:	3901      	subs	r1, #1
2000a732:	6a20      	ldr	r0, [r4, #32]
2000a734:	ea01 010c 	and.w	r1, r1, ip
2000a738:	4401      	add	r1, r0
2000a73a:	6818      	ldr	r0, [r3, #0]
2000a73c:	9301      	str	r3, [sp, #4]
2000a73e:	f000 ffbb 	bl	2000b6b8 <memcpy>
2000a742:	9b01      	ldr	r3, [sp, #4]
2000a744:	8899      	ldrh	r1, [r3, #4]
2000a746:	6963      	ldr	r3, [r4, #20]
2000a748:	6aa2      	ldr	r2, [r4, #40]	@ 0x28
2000a74a:	440b      	add	r3, r1
2000a74c:	4620      	mov	r0, r4
2000a74e:	6812      	ldr	r2, [r2, #0]
2000a750:	6163      	str	r3, [r4, #20]
2000a752:	4790      	blx	r2
2000a754:	4628      	mov	r0, r5
2000a756:	b003      	add	sp, #12
2000a758:	e8bd 4030 	ldmia.w	sp!, {r4, r5, lr}
2000a75c:	f7ff b9e6 	b.w	20009b2c <usb_packet_done>
2000a760:	f7ff ff8c 	bl	2000a67c <usb_current_out_packet_buffer>
2000a764:	4603      	mov	r3, r0
2000a766:	e7ed      	b.n	2000a744 <usb_stream_packet_handler_complete+0x48>

2000a768 <_usb_stream_packet_packet_handler>:
2000a768:	b570      	push	{r4, r5, r6, lr}
2000a76a:	6884      	ldr	r4, [r0, #8]
2000a76c:	f890 c033 	ldrb.w	ip, [r0, #51]	@ 0x33
2000a770:	69e5      	ldr	r5, [r4, #28]
2000a772:	6961      	ldr	r1, [r4, #20]
2000a774:	1e6b      	subs	r3, r5, #1
2000a776:	b084      	sub	sp, #16
2000a778:	400b      	ands	r3, r1
2000a77a:	f1bc 0f00 	cmp.w	ip, #0
2000a77e:	d018      	beq.n	2000a7b2 <_usb_stream_packet_packet_handler+0x4a>
2000a780:	b98b      	cbnz	r3, 2000a7a6 <_usb_stream_packet_packet_handler+0x3e>
2000a782:	4602      	mov	r2, r0
2000a784:	69a3      	ldr	r3, [r4, #24]
2000a786:	1948      	adds	r0, r1, r5
2000a788:	4298      	cmp	r0, r3
2000a78a:	bf88      	it	hi
2000a78c:	1a5d      	subhi	r5, r3, r1
2000a78e:	f892 302a 	ldrb.w	r3, [r2, #42]	@ 0x2a
2000a792:	2b02      	cmp	r3, #2
2000a794:	d83f      	bhi.n	2000a816 <_usb_stream_packet_packet_handler+0xae>
2000a796:	b135      	cbz	r5, 2000a7a6 <_usb_stream_packet_packet_handler+0x3e>
2000a798:	6aa3      	ldr	r3, [r4, #40]	@ 0x28
2000a79a:	4621      	mov	r1, r4
2000a79c:	4628      	mov	r0, r5
2000a79e:	685b      	ldr	r3, [r3, #4]
2000a7a0:	4798      	blx	r3
2000a7a2:	2800      	cmp	r0, #0
2000a7a4:	d135      	bne.n	2000a812 <_usb_stream_packet_packet_handler+0xaa>
2000a7a6:	4620      	mov	r0, r4
2000a7a8:	b004      	add	sp, #16
2000a7aa:	e8bd 4070 	ldmia.w	sp!, {r4, r5, r6, lr}
2000a7ae:	f7ff bfa5 	b.w	2000a6fc <usb_stream_packet_handler_complete>
2000a7b2:	9302      	str	r3, [sp, #8]
2000a7b4:	f7ff ff62 	bl	2000a67c <usb_current_out_packet_buffer>
2000a7b8:	6962      	ldr	r2, [r4, #20]
2000a7ba:	4606      	mov	r6, r0
2000a7bc:	e9d4 0506 	ldrd	r0, r5, [r4, #24]
2000a7c0:	3240      	adds	r2, #64	@ 0x40
2000a7c2:	4282      	cmp	r2, r0
2000a7c4:	9b02      	ldr	r3, [sp, #8]
2000a7c6:	d315      	bcc.n	2000a7f4 <_usb_stream_packet_packet_handler+0x8c>
2000a7c8:	1e69      	subs	r1, r5, #1
2000a7ca:	4001      	ands	r1, r0
2000a7cc:	d00a      	beq.n	2000a7e4 <_usb_stream_packet_packet_handler+0x7c>
2000a7ce:	481a      	ldr	r0, [pc, #104]	@ (2000a838 <_usb_stream_packet_packet_handler+0xd0>)
2000a7d0:	e9cd 1302 	strd	r1, r3, [sp, #8]
2000a7d4:	f7fd fdf2 	bl	200083bc <__wrap_printf>
2000a7d8:	9902      	ldr	r1, [sp, #8]
2000a7da:	4818      	ldr	r0, [pc, #96]	@ (2000a83c <_usb_stream_packet_packet_handler+0xd4>)
2000a7dc:	f7fd fdee 	bl	200083bc <__wrap_printf>
2000a7e0:	e9dd 5302 	ldrd	r5, r3, [sp, #8]
2000a7e4:	b16b      	cbz	r3, 2000a802 <_usb_stream_packet_packet_handler+0x9a>
2000a7e6:	6a20      	ldr	r0, [r4, #32]
2000a7e8:	88b2      	ldrh	r2, [r6, #4]
2000a7ea:	6831      	ldr	r1, [r6, #0]
2000a7ec:	4418      	add	r0, r3
2000a7ee:	f000 ff63 	bl	2000b6b8 <memcpy>
2000a7f2:	e7d0      	b.n	2000a796 <_usb_stream_packet_packet_handler+0x2e>
2000a7f4:	f103 0240 	add.w	r2, r3, #64	@ 0x40
2000a7f8:	42aa      	cmp	r2, r5
2000a7fa:	bf38      	it	cc
2000a7fc:	2500      	movcc	r5, #0
2000a7fe:	2b00      	cmp	r3, #0
2000a800:	d1f1      	bne.n	2000a7e6 <_usb_stream_packet_packet_handler+0x7e>
2000a802:	4619      	mov	r1, r3
2000a804:	69e2      	ldr	r2, [r4, #28]
2000a806:	6a20      	ldr	r0, [r4, #32]
2000a808:	9302      	str	r3, [sp, #8]
2000a80a:	f000 fee7 	bl	2000b5dc <memset>
2000a80e:	9b02      	ldr	r3, [sp, #8]
2000a810:	e7e9      	b.n	2000a7e6 <_usb_stream_packet_packet_handler+0x7e>
2000a812:	b004      	add	sp, #16
2000a814:	bd70      	pop	{r4, r5, r6, pc}
2000a816:	4808      	ldr	r0, [pc, #32]	@ (2000a838 <_usb_stream_packet_packet_handler+0xd0>)
2000a818:	9202      	str	r2, [sp, #8]
2000a81a:	f7fd fdcf 	bl	200083bc <__wrap_printf>
2000a81e:	69a1      	ldr	r1, [r4, #24]
2000a820:	9a02      	ldr	r2, [sp, #8]
2000a822:	9101      	str	r1, [sp, #4]
2000a824:	f892 102a 	ldrb.w	r1, [r2, #42]	@ 0x2a
2000a828:	69e2      	ldr	r2, [r4, #28]
2000a82a:	2300      	movs	r3, #0
2000a82c:	9200      	str	r2, [sp, #0]
2000a82e:	4804      	ldr	r0, [pc, #16]	@ (2000a840 <_usb_stream_packet_packet_handler+0xd8>)
2000a830:	462a      	mov	r2, r5
2000a832:	f7fd fdc3 	bl	200083bc <__wrap_printf>
2000a836:	e7ae      	b.n	2000a796 <_usb_stream_packet_packet_handler+0x2e>
2000a838:	2000dc24 	.word	0x2000dc24
2000a83c:	2000df38 	.word	0x2000df38
2000a840:	2000df00 	.word	0x2000df00

2000a844 <usb_stream_setup_transfer>:
2000a844:	f04f 0c00 	mov.w	ip, #0
2000a848:	b510      	push	{r4, lr}
2000a84a:	b082      	sub	sp, #8
2000a84c:	9c04      	ldr	r4, [sp, #16]
2000a84e:	e9c0 3207 	strd	r3, r2, [r0, #28]
2000a852:	e9c0 c405 	strd	ip, r4, [r0, #20]
2000a856:	6281      	str	r1, [r0, #40]	@ 0x28
2000a858:	9a05      	ldr	r2, [sp, #20]
2000a85a:	4906      	ldr	r1, [pc, #24]	@ (2000a874 <usb_stream_setup_transfer+0x30>)
2000a85c:	9001      	str	r0, [sp, #4]
2000a85e:	f7ff f9a1 	bl	20009ba4 <usb_reset_transfer>
2000a862:	f104 013f 	add.w	r1, r4, #63	@ 0x3f
2000a866:	9801      	ldr	r0, [sp, #4]
2000a868:	0989      	lsrs	r1, r1, #6
2000a86a:	b002      	add	sp, #8
2000a86c:	e8bd 4010 	ldmia.w	sp!, {r4, lr}
2000a870:	f7ff bab0 	b.w	20009dd4 <usb_grow_transfer>
2000a874:	2000e2b8 	.word	0x2000e2b8

2000a878 <usb_stream_noop_on_packet_complete>:
2000a878:	4770      	bx	lr
2000a87a:	bf00      	nop

2000a87c <usb_stream_noop_on_chunk>:
2000a87c:	2000      	movs	r0, #0
2000a87e:	4770      	bx	lr

2000a880 <rp2040_usb_device_enumeration_fix>:
2000a880:	4770      	bx	lr
2000a882:	bf00      	nop

2000a884 <__aeabi_drsub>:
2000a884:	f081 4100 	eor.w	r1, r1, #2147483648	@ 0x80000000
2000a888:	e002      	b.n	2000a890 <__adddf3>
2000a88a:	bf00      	nop

2000a88c <__aeabi_dsub>:
2000a88c:	f083 4300 	eor.w	r3, r3, #2147483648	@ 0x80000000

2000a890 <__adddf3>:
2000a890:	b530      	push	{r4, r5, lr}
2000a892:	ea4f 0441 	mov.w	r4, r1, lsl #1
2000a896:	ea4f 0543 	mov.w	r5, r3, lsl #1
2000a89a:	ea94 0f05 	teq	r4, r5
2000a89e:	bf08      	it	eq
2000a8a0:	ea90 0f02 	teqeq	r0, r2
2000a8a4:	bf1f      	itttt	ne
2000a8a6:	ea54 0c00 	orrsne.w	ip, r4, r0
2000a8aa:	ea55 0c02 	orrsne.w	ip, r5, r2
2000a8ae:	ea7f 5c64 	mvnsne.w	ip, r4, asr #21
2000a8b2:	ea7f 5c65 	mvnsne.w	ip, r5, asr #21
2000a8b6:	f000 80e2 	beq.w	2000aa7e <__adddf3+0x1ee>
2000a8ba:	ea4f 5454 	mov.w	r4, r4, lsr #21
2000a8be:	ebd4 5555 	rsbs	r5, r4, r5, lsr #21
2000a8c2:	bfb8      	it	lt
2000a8c4:	426d      	neglt	r5, r5
2000a8c6:	dd0c      	ble.n	2000a8e2 <__adddf3+0x52>
2000a8c8:	442c      	add	r4, r5
2000a8ca:	ea80 0202 	eor.w	r2, r0, r2
2000a8ce:	ea81 0303 	eor.w	r3, r1, r3
2000a8d2:	ea82 0000 	eor.w	r0, r2, r0
2000a8d6:	ea83 0101 	eor.w	r1, r3, r1
2000a8da:	ea80 0202 	eor.w	r2, r0, r2
2000a8de:	ea81 0303 	eor.w	r3, r1, r3
2000a8e2:	2d36      	cmp	r5, #54	@ 0x36
2000a8e4:	bf88      	it	hi
2000a8e6:	bd30      	pophi	{r4, r5, pc}
2000a8e8:	f011 4f00 	tst.w	r1, #2147483648	@ 0x80000000
2000a8ec:	ea4f 3101 	mov.w	r1, r1, lsl #12
2000a8f0:	f44f 1c80 	mov.w	ip, #1048576	@ 0x100000
2000a8f4:	ea4c 3111 	orr.w	r1, ip, r1, lsr #12
2000a8f8:	d002      	beq.n	2000a900 <__adddf3+0x70>
2000a8fa:	4240      	negs	r0, r0
2000a8fc:	eb61 0141 	sbc.w	r1, r1, r1, lsl #1
2000a900:	f013 4f00 	tst.w	r3, #2147483648	@ 0x80000000
2000a904:	ea4f 3303 	mov.w	r3, r3, lsl #12
2000a908:	ea4c 3313 	orr.w	r3, ip, r3, lsr #12
2000a90c:	d002      	beq.n	2000a914 <__adddf3+0x84>
2000a90e:	4252      	negs	r2, r2
2000a910:	eb63 0343 	sbc.w	r3, r3, r3, lsl #1
2000a914:	ea94 0f05 	teq	r4, r5
2000a918:	f000 80a7 	beq.w	2000aa6a <__adddf3+0x1da>
2000a91c:	f1a4 0401 	sub.w	r4, r4, #1
2000a920:	f1d5 0e20 	rsbs	lr, r5, #32
2000a924:	db0d      	blt.n	2000a942 <__adddf3+0xb2>
2000a926:	fa02 fc0e 	lsl.w	ip, r2, lr
2000a92a:	fa22 f205 	lsr.w	r2, r2, r5
2000a92e:	1880      	adds	r0, r0, r2
2000a930:	f141 0100 	adc.w	r1, r1, #0
2000a934:	fa03 f20e 	lsl.w	r2, r3, lr
2000a938:	1880      	adds	r0, r0, r2
2000a93a:	fa43 f305 	asr.w	r3, r3, r5
2000a93e:	4159      	adcs	r1, r3
2000a940:	e00e      	b.n	2000a960 <__adddf3+0xd0>
2000a942:	f1a5 0520 	sub.w	r5, r5, #32
2000a946:	f10e 0e20 	add.w	lr, lr, #32
2000a94a:	2a01      	cmp	r2, #1
2000a94c:	fa03 fc0e 	lsl.w	ip, r3, lr
2000a950:	bf28      	it	cs
2000a952:	f04c 0c02 	orrcs.w	ip, ip, #2
2000a956:	fa43 f305 	asr.w	r3, r3, r5
2000a95a:	18c0      	adds	r0, r0, r3
2000a95c:	eb51 71e3 	adcs.w	r1, r1, r3, asr #31
2000a960:	f001 4500 	and.w	r5, r1, #2147483648	@ 0x80000000
2000a964:	d507      	bpl.n	2000a976 <__adddf3+0xe6>
2000a966:	f04f 0e00 	mov.w	lr, #0
2000a96a:	f1dc 0c00 	rsbs	ip, ip, #0
2000a96e:	eb7e 0000 	sbcs.w	r0, lr, r0
2000a972:	eb6e 0101 	sbc.w	r1, lr, r1
2000a976:	f5b1 1f80 	cmp.w	r1, #1048576	@ 0x100000
2000a97a:	d31b      	bcc.n	2000a9b4 <__adddf3+0x124>
2000a97c:	f5b1 1f00 	cmp.w	r1, #2097152	@ 0x200000
2000a980:	d30c      	bcc.n	2000a99c <__adddf3+0x10c>
2000a982:	0849      	lsrs	r1, r1, #1
2000a984:	ea5f 0030 	movs.w	r0, r0, rrx
2000a988:	ea4f 0c3c 	mov.w	ip, ip, rrx
2000a98c:	f104 0401 	add.w	r4, r4, #1
2000a990:	ea4f 5244 	mov.w	r2, r4, lsl #21
2000a994:	f512 0f80 	cmn.w	r2, #4194304	@ 0x400000
2000a998:	f080 809a 	bcs.w	2000aad0 <__adddf3+0x240>
2000a99c:	f1bc 4f00 	cmp.w	ip, #2147483648	@ 0x80000000
2000a9a0:	bf08      	it	eq
2000a9a2:	ea5f 0c50 	movseq.w	ip, r0, lsr #1
2000a9a6:	f150 0000 	adcs.w	r0, r0, #0
2000a9aa:	eb41 5104 	adc.w	r1, r1, r4, lsl #20
2000a9ae:	ea41 0105 	orr.w	r1, r1, r5
2000a9b2:	bd30      	pop	{r4, r5, pc}
2000a9b4:	ea5f 0c4c 	movs.w	ip, ip, lsl #1
2000a9b8:	4140      	adcs	r0, r0
2000a9ba:	eb41 0101 	adc.w	r1, r1, r1
2000a9be:	3c01      	subs	r4, #1
2000a9c0:	bf28      	it	cs
2000a9c2:	f5b1 1f80 	cmpcs.w	r1, #1048576	@ 0x100000
2000a9c6:	d2e9      	bcs.n	2000a99c <__adddf3+0x10c>
2000a9c8:	f091 0f00 	teq	r1, #0
2000a9cc:	bf04      	itt	eq
2000a9ce:	4601      	moveq	r1, r0
2000a9d0:	2000      	moveq	r0, #0
2000a9d2:	fab1 f381 	clz	r3, r1
2000a9d6:	bf08      	it	eq
2000a9d8:	3320      	addeq	r3, #32
2000a9da:	f1a3 030b 	sub.w	r3, r3, #11
2000a9de:	f1b3 0220 	subs.w	r2, r3, #32
2000a9e2:	da0c      	bge.n	2000a9fe <__adddf3+0x16e>
2000a9e4:	320c      	adds	r2, #12
2000a9e6:	dd08      	ble.n	2000a9fa <__adddf3+0x16a>
2000a9e8:	f102 0c14 	add.w	ip, r2, #20
2000a9ec:	f1c2 020c 	rsb	r2, r2, #12
2000a9f0:	fa01 f00c 	lsl.w	r0, r1, ip
2000a9f4:	fa21 f102 	lsr.w	r1, r1, r2
2000a9f8:	e00c      	b.n	2000aa14 <__adddf3+0x184>
2000a9fa:	f102 0214 	add.w	r2, r2, #20
2000a9fe:	bfd8      	it	le
2000aa00:	f1c2 0c20 	rsble	ip, r2, #32
2000aa04:	fa01 f102 	lsl.w	r1, r1, r2
2000aa08:	fa20 fc0c 	lsr.w	ip, r0, ip
2000aa0c:	bfdc      	itt	le
2000aa0e:	ea41 010c 	orrle.w	r1, r1, ip
2000aa12:	4090      	lslle	r0, r2
2000aa14:	1ae4      	subs	r4, r4, r3
2000aa16:	bfa2      	ittt	ge
2000aa18:	eb01 5104 	addge.w	r1, r1, r4, lsl #20
2000aa1c:	4329      	orrge	r1, r5
2000aa1e:	bd30      	popge	{r4, r5, pc}
2000aa20:	ea6f 0404 	mvn.w	r4, r4
2000aa24:	3c1f      	subs	r4, #31
2000aa26:	da1c      	bge.n	2000aa62 <__adddf3+0x1d2>
2000aa28:	340c      	adds	r4, #12
2000aa2a:	dc0e      	bgt.n	2000aa4a <__adddf3+0x1ba>
2000aa2c:	f104 0414 	add.w	r4, r4, #20
2000aa30:	f1c4 0220 	rsb	r2, r4, #32
2000aa34:	fa20 f004 	lsr.w	r0, r0, r4
2000aa38:	fa01 f302 	lsl.w	r3, r1, r2
2000aa3c:	ea40 0003 	orr.w	r0, r0, r3
2000aa40:	fa21 f304 	lsr.w	r3, r1, r4
2000aa44:	ea45 0103 	orr.w	r1, r5, r3
2000aa48:	bd30      	pop	{r4, r5, pc}
2000aa4a:	f1c4 040c 	rsb	r4, r4, #12
2000aa4e:	f1c4 0220 	rsb	r2, r4, #32
2000aa52:	fa20 f002 	lsr.w	r0, r0, r2
2000aa56:	fa01 f304 	lsl.w	r3, r1, r4
2000aa5a:	ea40 0003 	orr.w	r0, r0, r3
2000aa5e:	4629      	mov	r1, r5
2000aa60:	bd30      	pop	{r4, r5, pc}
2000aa62:	fa21 f004 	lsr.w	r0, r1, r4
2000aa66:	4629      	mov	r1, r5
2000aa68:	bd30      	pop	{r4, r5, pc}
2000aa6a:	f094 0f00 	teq	r4, #0
2000aa6e:	f483 1380 	eor.w	r3, r3, #1048576	@ 0x100000
2000aa72:	bf06      	itte	eq
2000aa74:	f481 1180 	eoreq.w	r1, r1, #1048576	@ 0x100000
2000aa78:	3401      	addeq	r4, #1
2000aa7a:	3d01      	subne	r5, #1
2000aa7c:	e74e      	b.n	2000a91c <__adddf3+0x8c>
2000aa7e:	ea7f 5c64 	mvns.w	ip, r4, asr #21
2000aa82:	bf18      	it	ne
2000aa84:	ea7f 5c65 	mvnsne.w	ip, r5, asr #21
2000aa88:	d029      	beq.n	2000aade <__adddf3+0x24e>
2000aa8a:	ea94 0f05 	teq	r4, r5
2000aa8e:	bf08      	it	eq
2000aa90:	ea90 0f02 	teqeq	r0, r2
2000aa94:	d005      	beq.n	2000aaa2 <__adddf3+0x212>
2000aa96:	ea54 0c00 	orrs.w	ip, r4, r0
2000aa9a:	bf04      	itt	eq
2000aa9c:	4619      	moveq	r1, r3
2000aa9e:	4610      	moveq	r0, r2
2000aaa0:	bd30      	pop	{r4, r5, pc}
2000aaa2:	ea91 0f03 	teq	r1, r3
2000aaa6:	bf1e      	ittt	ne
2000aaa8:	2100      	movne	r1, #0
2000aaaa:	2000      	movne	r0, #0
2000aaac:	bd30      	popne	{r4, r5, pc}
2000aaae:	ea5f 5c54 	movs.w	ip, r4, lsr #21
2000aab2:	d105      	bne.n	2000aac0 <__adddf3+0x230>
2000aab4:	0040      	lsls	r0, r0, #1
2000aab6:	4149      	adcs	r1, r1
2000aab8:	bf28      	it	cs
2000aaba:	f041 4100 	orrcs.w	r1, r1, #2147483648	@ 0x80000000
2000aabe:	bd30      	pop	{r4, r5, pc}
2000aac0:	f514 0480 	adds.w	r4, r4, #4194304	@ 0x400000
2000aac4:	bf3c      	itt	cc
2000aac6:	f501 1180 	addcc.w	r1, r1, #1048576	@ 0x100000
2000aaca:	bd30      	popcc	{r4, r5, pc}
2000aacc:	f001 4500 	and.w	r5, r1, #2147483648	@ 0x80000000
2000aad0:	f045 41fe 	orr.w	r1, r5, #2130706432	@ 0x7f000000
2000aad4:	f441 0170 	orr.w	r1, r1, #15728640	@ 0xf00000
2000aad8:	f04f 0000 	mov.w	r0, #0
2000aadc:	bd30      	pop	{r4, r5, pc}
2000aade:	ea7f 5c64 	mvns.w	ip, r4, asr #21
2000aae2:	bf1a      	itte	ne
2000aae4:	4619      	movne	r1, r3
2000aae6:	4610      	movne	r0, r2
2000aae8:	ea7f 5c65 	mvnseq.w	ip, r5, asr #21
2000aaec:	bf1c      	itt	ne
2000aaee:	460b      	movne	r3, r1
2000aaf0:	4602      	movne	r2, r0
2000aaf2:	ea50 3401 	orrs.w	r4, r0, r1, lsl #12
2000aaf6:	bf06      	itte	eq
2000aaf8:	ea52 3503 	orrseq.w	r5, r2, r3, lsl #12
2000aafc:	ea91 0f03 	teqeq	r1, r3
2000ab00:	f441 2100 	orrne.w	r1, r1, #524288	@ 0x80000
2000ab04:	bd30      	pop	{r4, r5, pc}
2000ab06:	bf00      	nop

2000ab08 <__aeabi_ui2d>:
2000ab08:	f090 0f00 	teq	r0, #0
2000ab0c:	bf04      	itt	eq
2000ab0e:	2100      	moveq	r1, #0
2000ab10:	4770      	bxeq	lr
2000ab12:	b530      	push	{r4, r5, lr}
2000ab14:	f44f 6480 	mov.w	r4, #1024	@ 0x400
2000ab18:	f104 0432 	add.w	r4, r4, #50	@ 0x32
2000ab1c:	f04f 0500 	mov.w	r5, #0
2000ab20:	f04f 0100 	mov.w	r1, #0
2000ab24:	e750      	b.n	2000a9c8 <__adddf3+0x138>
2000ab26:	bf00      	nop

2000ab28 <__aeabi_i2d>:
2000ab28:	f090 0f00 	teq	r0, #0
2000ab2c:	bf04      	itt	eq
2000ab2e:	2100      	moveq	r1, #0
2000ab30:	4770      	bxeq	lr
2000ab32:	b530      	push	{r4, r5, lr}
2000ab34:	f44f 6480 	mov.w	r4, #1024	@ 0x400
2000ab38:	f104 0432 	add.w	r4, r4, #50	@ 0x32
2000ab3c:	f010 4500 	ands.w	r5, r0, #2147483648	@ 0x80000000
2000ab40:	bf48      	it	mi
2000ab42:	4240      	negmi	r0, r0
2000ab44:	f04f 0100 	mov.w	r1, #0
2000ab48:	e73e      	b.n	2000a9c8 <__adddf3+0x138>
2000ab4a:	bf00      	nop

2000ab4c <__aeabi_f2d>:
2000ab4c:	0042      	lsls	r2, r0, #1
2000ab4e:	ea4f 01e2 	mov.w	r1, r2, asr #3
2000ab52:	ea4f 0131 	mov.w	r1, r1, rrx
2000ab56:	ea4f 7002 	mov.w	r0, r2, lsl #28
2000ab5a:	bf1f      	itttt	ne
2000ab5c:	f012 437f 	andsne.w	r3, r2, #4278190080	@ 0xff000000
2000ab60:	f093 4f7f 	teqne	r3, #4278190080	@ 0xff000000
2000ab64:	f081 5160 	eorne.w	r1, r1, #939524096	@ 0x38000000
2000ab68:	4770      	bxne	lr
2000ab6a:	f032 427f 	bics.w	r2, r2, #4278190080	@ 0xff000000
2000ab6e:	bf08      	it	eq
2000ab70:	4770      	bxeq	lr
2000ab72:	f093 4f7f 	teq	r3, #4278190080	@ 0xff000000
2000ab76:	bf04      	itt	eq
2000ab78:	f441 2100 	orreq.w	r1, r1, #524288	@ 0x80000
2000ab7c:	4770      	bxeq	lr
2000ab7e:	b530      	push	{r4, r5, lr}
2000ab80:	f44f 7460 	mov.w	r4, #896	@ 0x380
2000ab84:	f001 4500 	and.w	r5, r1, #2147483648	@ 0x80000000
2000ab88:	f021 4100 	bic.w	r1, r1, #2147483648	@ 0x80000000
2000ab8c:	e71c      	b.n	2000a9c8 <__adddf3+0x138>
2000ab8e:	bf00      	nop

2000ab90 <__aeabi_ul2d>:
2000ab90:	ea50 0201 	orrs.w	r2, r0, r1
2000ab94:	bf08      	it	eq
2000ab96:	4770      	bxeq	lr
2000ab98:	b530      	push	{r4, r5, lr}
2000ab9a:	f04f 0500 	mov.w	r5, #0
2000ab9e:	e00a      	b.n	2000abb6 <__aeabi_l2d+0x16>

2000aba0 <__aeabi_l2d>:
2000aba0:	ea50 0201 	orrs.w	r2, r0, r1
2000aba4:	bf08      	it	eq
2000aba6:	4770      	bxeq	lr
2000aba8:	b530      	push	{r4, r5, lr}
2000abaa:	f011 4500 	ands.w	r5, r1, #2147483648	@ 0x80000000
2000abae:	d502      	bpl.n	2000abb6 <__aeabi_l2d+0x16>
2000abb0:	4240      	negs	r0, r0
2000abb2:	eb61 0141 	sbc.w	r1, r1, r1, lsl #1
2000abb6:	f44f 6480 	mov.w	r4, #1024	@ 0x400
2000abba:	f104 0432 	add.w	r4, r4, #50	@ 0x32
2000abbe:	ea5f 5c91 	movs.w	ip, r1, lsr #22
2000abc2:	f43f aed8 	beq.w	2000a976 <__adddf3+0xe6>
2000abc6:	f04f 0203 	mov.w	r2, #3
2000abca:	ea5f 0cdc 	movs.w	ip, ip, lsr #3
2000abce:	bf18      	it	ne
2000abd0:	3203      	addne	r2, #3
2000abd2:	ea5f 0cdc 	movs.w	ip, ip, lsr #3
2000abd6:	bf18      	it	ne
2000abd8:	3203      	addne	r2, #3
2000abda:	eb02 02dc 	add.w	r2, r2, ip, lsr #3
2000abde:	f1c2 0320 	rsb	r3, r2, #32
2000abe2:	fa00 fc03 	lsl.w	ip, r0, r3
2000abe6:	fa20 f002 	lsr.w	r0, r0, r2
2000abea:	fa01 fe03 	lsl.w	lr, r1, r3
2000abee:	ea40 000e 	orr.w	r0, r0, lr
2000abf2:	fa21 f102 	lsr.w	r1, r1, r2
2000abf6:	4414      	add	r4, r2
2000abf8:	e6bd      	b.n	2000a976 <__adddf3+0xe6>
2000abfa:	bf00      	nop

2000abfc <__aeabi_uldivmod>:
2000abfc:	b953      	cbnz	r3, 2000ac14 <__aeabi_uldivmod+0x18>
2000abfe:	b94a      	cbnz	r2, 2000ac14 <__aeabi_uldivmod+0x18>
2000ac00:	2900      	cmp	r1, #0
2000ac02:	bf08      	it	eq
2000ac04:	2800      	cmpeq	r0, #0
2000ac06:	bf1c      	itt	ne
2000ac08:	f04f 31ff 	movne.w	r1, #4294967295	@ 0xffffffff
2000ac0c:	f04f 30ff 	movne.w	r0, #4294967295	@ 0xffffffff
2000ac10:	f000 b9ac 	b.w	2000af6c <__aeabi_idiv0>
2000ac14:	f1ad 0c08 	sub.w	ip, sp, #8
2000ac18:	e96d ce04 	strd	ip, lr, [sp, #-16]!
2000ac1c:	f000 f806 	bl	2000ac2c <__udivmoddi4>
2000ac20:	f8dd e004 	ldr.w	lr, [sp, #4]
2000ac24:	e9dd 2302 	ldrd	r2, r3, [sp, #8]
2000ac28:	b004      	add	sp, #16
2000ac2a:	4770      	bx	lr

2000ac2c <__udivmoddi4>:
2000ac2c:	e92d 47f0 	stmdb	sp!, {r4, r5, r6, r7, r8, r9, sl, lr}
2000ac30:	4606      	mov	r6, r0
2000ac32:	b082      	sub	sp, #8
2000ac34:	4617      	mov	r7, r2
2000ac36:	4608      	mov	r0, r1
2000ac38:	9a0a      	ldr	r2, [sp, #40]	@ 0x28
2000ac3a:	46b4      	mov	ip, r6
2000ac3c:	460d      	mov	r5, r1
2000ac3e:	2b00      	cmp	r3, #0
2000ac40:	d14d      	bne.n	2000acde <__udivmoddi4+0xb2>
2000ac42:	428f      	cmp	r7, r1
2000ac44:	46be      	mov	lr, r7
2000ac46:	d965      	bls.n	2000ad14 <__udivmoddi4+0xe8>
2000ac48:	fab7 f187 	clz	r1, r7
2000ac4c:	b149      	cbz	r1, 2000ac62 <__udivmoddi4+0x36>
2000ac4e:	f1c1 0320 	rsb	r3, r1, #32
2000ac52:	408d      	lsls	r5, r1
2000ac54:	fa07 fe01 	lsl.w	lr, r7, r1
2000ac58:	fa06 fc01 	lsl.w	ip, r6, r1
2000ac5c:	fa26 f303 	lsr.w	r3, r6, r3
2000ac60:	431d      	orrs	r5, r3
2000ac62:	ea4f 461e 	mov.w	r6, lr, lsr #16
2000ac66:	fa1f f08e 	uxth.w	r0, lr
2000ac6a:	ea4f 431c 	mov.w	r3, ip, lsr #16
2000ac6e:	fbb5 f4f6 	udiv	r4, r5, r6
2000ac72:	fb06 5514 	mls	r5, r6, r4, r5
2000ac76:	ea43 4305 	orr.w	r3, r3, r5, lsl #16
2000ac7a:	fb04 f500 	mul.w	r5, r4, r0
2000ac7e:	429d      	cmp	r5, r3
2000ac80:	d906      	bls.n	2000ac90 <__udivmoddi4+0x64>
2000ac82:	eb1e 0303 	adds.w	r3, lr, r3
2000ac86:	d202      	bcs.n	2000ac8e <__udivmoddi4+0x62>
2000ac88:	429d      	cmp	r5, r3
2000ac8a:	f200 814c 	bhi.w	2000af26 <__udivmoddi4+0x2fa>
2000ac8e:	3c01      	subs	r4, #1
2000ac90:	1b5b      	subs	r3, r3, r5
2000ac92:	fa1f fc8c 	uxth.w	ip, ip
2000ac96:	fbb3 f5f6 	udiv	r5, r3, r6
2000ac9a:	fb06 3315 	mls	r3, r6, r5, r3
2000ac9e:	fb05 f000 	mul.w	r0, r5, r0
2000aca2:	ea4c 4c03 	orr.w	ip, ip, r3, lsl #16
2000aca6:	4560      	cmp	r0, ip
2000aca8:	d90a      	bls.n	2000acc0 <__udivmoddi4+0x94>
2000acaa:	eb1e 0c0c 	adds.w	ip, lr, ip
2000acae:	bf2c      	ite	cs
2000acb0:	2301      	movcs	r3, #1
2000acb2:	2300      	movcc	r3, #0
2000acb4:	4560      	cmp	r0, ip
2000acb6:	d902      	bls.n	2000acbe <__udivmoddi4+0x92>
2000acb8:	2b00      	cmp	r3, #0
2000acba:	f000 8137 	beq.w	2000af2c <__udivmoddi4+0x300>
2000acbe:	3d01      	subs	r5, #1
2000acc0:	ebac 0c00 	sub.w	ip, ip, r0
2000acc4:	ea45 4004 	orr.w	r0, r5, r4, lsl #16
2000acc8:	2400      	movs	r4, #0
2000acca:	b122      	cbz	r2, 2000acd6 <__udivmoddi4+0xaa>
2000accc:	fa2c f301 	lsr.w	r3, ip, r1
2000acd0:	2100      	movs	r1, #0
2000acd2:	e9c2 3100 	strd	r3, r1, [r2]
2000acd6:	4621      	mov	r1, r4
2000acd8:	b002      	add	sp, #8
2000acda:	e8bd 87f0 	ldmia.w	sp!, {r4, r5, r6, r7, r8, r9, sl, pc}
2000acde:	428b      	cmp	r3, r1
2000ace0:	d908      	bls.n	2000acf4 <__udivmoddi4+0xc8>
2000ace2:	b10a      	cbz	r2, 2000ace8 <__udivmoddi4+0xbc>
2000ace4:	e9c2 6100 	strd	r6, r1, [r2]
2000ace8:	2400      	movs	r4, #0
2000acea:	4620      	mov	r0, r4
2000acec:	4621      	mov	r1, r4
2000acee:	b002      	add	sp, #8
2000acf0:	e8bd 87f0 	ldmia.w	sp!, {r4, r5, r6, r7, r8, r9, sl, pc}
2000acf4:	fab3 f483 	clz	r4, r3
2000acf8:	2c00      	cmp	r4, #0
2000acfa:	d14d      	bne.n	2000ad98 <__udivmoddi4+0x16c>
2000acfc:	428b      	cmp	r3, r1
2000acfe:	f0c0 8105 	bcc.w	2000af0c <__udivmoddi4+0x2e0>
2000ad02:	42b7      	cmp	r7, r6
2000ad04:	f240 8102 	bls.w	2000af0c <__udivmoddi4+0x2e0>
2000ad08:	4620      	mov	r0, r4
2000ad0a:	2a00      	cmp	r2, #0
2000ad0c:	d0e3      	beq.n	2000acd6 <__udivmoddi4+0xaa>
2000ad0e:	e9c2 c500 	strd	ip, r5, [r2]
2000ad12:	e7e0      	b.n	2000acd6 <__udivmoddi4+0xaa>
2000ad14:	2f00      	cmp	r7, #0
2000ad16:	f000 80a2 	beq.w	2000ae5e <__udivmoddi4+0x232>
2000ad1a:	4619      	mov	r1, r3
2000ad1c:	fab7 f387 	clz	r3, r7
2000ad20:	2b00      	cmp	r3, #0
2000ad22:	f040 80b4 	bne.w	2000ae8e <__udivmoddi4+0x262>
2000ad26:	1bc3      	subs	r3, r0, r7
2000ad28:	fa1f f88e 	uxth.w	r8, lr
2000ad2c:	0c3f      	lsrs	r7, r7, #16
2000ad2e:	2401      	movs	r4, #1
2000ad30:	ea4f 401c 	mov.w	r0, ip, lsr #16
2000ad34:	fbb3 f5f7 	udiv	r5, r3, r7
2000ad38:	fb07 3315 	mls	r3, r7, r5, r3
2000ad3c:	ea40 4303 	orr.w	r3, r0, r3, lsl #16
2000ad40:	fb08 f005 	mul.w	r0, r8, r5
2000ad44:	4298      	cmp	r0, r3
2000ad46:	d90a      	bls.n	2000ad5e <__udivmoddi4+0x132>
2000ad48:	eb1e 0303 	adds.w	r3, lr, r3
2000ad4c:	bf2c      	ite	cs
2000ad4e:	2601      	movcs	r6, #1
2000ad50:	2600      	movcc	r6, #0
2000ad52:	4298      	cmp	r0, r3
2000ad54:	d902      	bls.n	2000ad5c <__udivmoddi4+0x130>
2000ad56:	2e00      	cmp	r6, #0
2000ad58:	f000 80e2 	beq.w	2000af20 <__udivmoddi4+0x2f4>
2000ad5c:	3d01      	subs	r5, #1
2000ad5e:	1a1b      	subs	r3, r3, r0
2000ad60:	fa1f fc8c 	uxth.w	ip, ip
2000ad64:	fbb3 f0f7 	udiv	r0, r3, r7
2000ad68:	fb07 3310 	mls	r3, r7, r0, r3
2000ad6c:	ea4c 4c03 	orr.w	ip, ip, r3, lsl #16
2000ad70:	fb08 f300 	mul.w	r3, r8, r0
2000ad74:	4563      	cmp	r3, ip
2000ad76:	d90a      	bls.n	2000ad8e <__udivmoddi4+0x162>
2000ad78:	eb1e 0c0c 	adds.w	ip, lr, ip
2000ad7c:	bf2c      	ite	cs
2000ad7e:	2601      	movcs	r6, #1
2000ad80:	2600      	movcc	r6, #0
2000ad82:	4563      	cmp	r3, ip
2000ad84:	d902      	bls.n	2000ad8c <__udivmoddi4+0x160>
2000ad86:	2e00      	cmp	r6, #0
2000ad88:	f000 80c7 	beq.w	2000af1a <__udivmoddi4+0x2ee>
2000ad8c:	3801      	subs	r0, #1
2000ad8e:	ebac 0c03 	sub.w	ip, ip, r3
2000ad92:	ea40 4005 	orr.w	r0, r0, r5, lsl #16
2000ad96:	e798      	b.n	2000acca <__udivmoddi4+0x9e>
2000ad98:	f1c4 0820 	rsb	r8, r4, #32
2000ad9c:	40a3      	lsls	r3, r4
2000ad9e:	fa06 fa04 	lsl.w	sl, r6, r4
2000ada2:	40a1      	lsls	r1, r4
2000ada4:	fa27 fc08 	lsr.w	ip, r7, r8
2000ada8:	fa20 f008 	lsr.w	r0, r0, r8
2000adac:	fa07 f904 	lsl.w	r9, r7, r4
2000adb0:	ea4c 0c03 	orr.w	ip, ip, r3
2000adb4:	fa26 f308 	lsr.w	r3, r6, r8
2000adb8:	ea4f 461c 	mov.w	r6, ip, lsr #16
2000adbc:	430b      	orrs	r3, r1
2000adbe:	fa1f fe8c 	uxth.w	lr, ip
2000adc2:	0c19      	lsrs	r1, r3, #16
2000adc4:	fbb0 f7f6 	udiv	r7, r0, r6
2000adc8:	fb06 0017 	mls	r0, r6, r7, r0
2000adcc:	ea41 4100 	orr.w	r1, r1, r0, lsl #16
2000add0:	fb07 f00e 	mul.w	r0, r7, lr
2000add4:	4288      	cmp	r0, r1
2000add6:	d90a      	bls.n	2000adee <__udivmoddi4+0x1c2>
2000add8:	eb1c 0101 	adds.w	r1, ip, r1
2000addc:	bf2c      	ite	cs
2000adde:	2501      	movcs	r5, #1
2000ade0:	2500      	movcc	r5, #0
2000ade2:	4288      	cmp	r0, r1
2000ade4:	d902      	bls.n	2000adec <__udivmoddi4+0x1c0>
2000ade6:	2d00      	cmp	r5, #0
2000ade8:	f000 80b2 	beq.w	2000af50 <__udivmoddi4+0x324>
2000adec:	3f01      	subs	r7, #1
2000adee:	1a09      	subs	r1, r1, r0
2000adf0:	b29b      	uxth	r3, r3
2000adf2:	fbb1 f0f6 	udiv	r0, r1, r6
2000adf6:	fb06 1110 	mls	r1, r6, r0, r1
2000adfa:	fb00 fe0e 	mul.w	lr, r0, lr
2000adfe:	ea43 4301 	orr.w	r3, r3, r1, lsl #16
2000ae02:	459e      	cmp	lr, r3
2000ae04:	d90a      	bls.n	2000ae1c <__udivmoddi4+0x1f0>
2000ae06:	eb1c 0303 	adds.w	r3, ip, r3
2000ae0a:	bf2c      	ite	cs
2000ae0c:	2101      	movcs	r1, #1
2000ae0e:	2100      	movcc	r1, #0
2000ae10:	459e      	cmp	lr, r3
2000ae12:	d902      	bls.n	2000ae1a <__udivmoddi4+0x1ee>
2000ae14:	2900      	cmp	r1, #0
2000ae16:	f000 809e 	beq.w	2000af56 <__udivmoddi4+0x32a>
2000ae1a:	3801      	subs	r0, #1
2000ae1c:	ea40 4007 	orr.w	r0, r0, r7, lsl #16
2000ae20:	eba3 030e 	sub.w	r3, r3, lr
2000ae24:	fba0 e109 	umull	lr, r1, r0, r9
2000ae28:	428b      	cmp	r3, r1
2000ae2a:	4676      	mov	r6, lr
2000ae2c:	460f      	mov	r7, r1
2000ae2e:	d302      	bcc.n	2000ae36 <__udivmoddi4+0x20a>
2000ae30:	d107      	bne.n	2000ae42 <__udivmoddi4+0x216>
2000ae32:	45f2      	cmp	sl, lr
2000ae34:	d205      	bcs.n	2000ae42 <__udivmoddi4+0x216>
2000ae36:	ebbe 0609 	subs.w	r6, lr, r9
2000ae3a:	eb61 010c 	sbc.w	r1, r1, ip
2000ae3e:	3801      	subs	r0, #1
2000ae40:	460f      	mov	r7, r1
2000ae42:	b152      	cbz	r2, 2000ae5a <__udivmoddi4+0x22e>
2000ae44:	ebba 0106 	subs.w	r1, sl, r6
2000ae48:	eb63 0307 	sbc.w	r3, r3, r7
2000ae4c:	fa03 f508 	lsl.w	r5, r3, r8
2000ae50:	40e1      	lsrs	r1, r4
2000ae52:	40e3      	lsrs	r3, r4
2000ae54:	430d      	orrs	r5, r1
2000ae56:	e9c2 5300 	strd	r5, r3, [r2]
2000ae5a:	2400      	movs	r4, #0
2000ae5c:	e73b      	b.n	2000acd6 <__udivmoddi4+0xaa>
2000ae5e:	0873      	lsrs	r3, r6, #1
2000ae60:	46b8      	mov	r8, r7
2000ae62:	0849      	lsrs	r1, r1, #1
2000ae64:	9701      	str	r7, [sp, #4]
2000ae66:	ea43 73c0 	orr.w	r3, r3, r0, lsl #31
2000ae6a:	ea4f 7cc6 	mov.w	ip, r6, lsl #31
2000ae6e:	0c1c      	lsrs	r4, r3, #16
2000ae70:	b29b      	uxth	r3, r3
2000ae72:	ea44 4401 	orr.w	r4, r4, r1, lsl #16
2000ae76:	ea43 4304 	orr.w	r3, r3, r4, lsl #16
2000ae7a:	fbb4 f4f7 	udiv	r4, r4, r7
2000ae7e:	fbb1 f5f7 	udiv	r5, r1, r7
2000ae82:	211f      	movs	r1, #31
2000ae84:	9801      	ldr	r0, [sp, #4]
2000ae86:	ea44 4405 	orr.w	r4, r4, r5, lsl #16
2000ae8a:	1a1b      	subs	r3, r3, r0
2000ae8c:	e750      	b.n	2000ad30 <__udivmoddi4+0x104>
2000ae8e:	4619      	mov	r1, r3
2000ae90:	fa07 fe03 	lsl.w	lr, r7, r3
2000ae94:	f1c3 0320 	rsb	r3, r3, #32
2000ae98:	fa00 f401 	lsl.w	r4, r0, r1
2000ae9c:	ea4f 471e 	mov.w	r7, lr, lsr #16
2000aea0:	40d8      	lsrs	r0, r3
2000aea2:	fa26 f303 	lsr.w	r3, r6, r3
2000aea6:	fa1f f88e 	uxth.w	r8, lr
2000aeaa:	fa06 fc01 	lsl.w	ip, r6, r1
2000aeae:	4323      	orrs	r3, r4
2000aeb0:	fbb0 f5f7 	udiv	r5, r0, r7
2000aeb4:	0c1c      	lsrs	r4, r3, #16
2000aeb6:	fb07 0015 	mls	r0, r7, r5, r0
2000aeba:	ea44 4000 	orr.w	r0, r4, r0, lsl #16
2000aebe:	fb05 f408 	mul.w	r4, r5, r8
2000aec2:	4284      	cmp	r4, r0
2000aec4:	d94a      	bls.n	2000af5c <__udivmoddi4+0x330>
2000aec6:	eb1e 0000 	adds.w	r0, lr, r0
2000aeca:	bf2c      	ite	cs
2000aecc:	2601      	movcs	r6, #1
2000aece:	2600      	movcc	r6, #0
2000aed0:	4284      	cmp	r4, r0
2000aed2:	d900      	bls.n	2000aed6 <__udivmoddi4+0x2aa>
2000aed4:	b38e      	cbz	r6, 2000af3a <__udivmoddi4+0x30e>
2000aed6:	1b00      	subs	r0, r0, r4
2000aed8:	3d01      	subs	r5, #1
2000aeda:	fbb0 f4f7 	udiv	r4, r0, r7
2000aede:	fb04 f608 	mul.w	r6, r4, r8
2000aee2:	46a1      	mov	r9, r4
2000aee4:	9601      	str	r6, [sp, #4]
2000aee6:	fb07 0019 	mls	r0, r7, r9, r0
2000aeea:	b29b      	uxth	r3, r3
2000aeec:	9e01      	ldr	r6, [sp, #4]
2000aeee:	ea43 4300 	orr.w	r3, r3, r0, lsl #16
2000aef2:	42b3      	cmp	r3, r6
2000aef4:	d2c6      	bcs.n	2000ae84 <__udivmoddi4+0x258>
2000aef6:	eb1e 0303 	adds.w	r3, lr, r3
2000aefa:	bf2c      	ite	cs
2000aefc:	2001      	movcs	r0, #1
2000aefe:	2000      	movcc	r0, #0
2000af00:	42b3      	cmp	r3, r6
2000af02:	d200      	bcs.n	2000af06 <__udivmoddi4+0x2da>
2000af04:	b1a8      	cbz	r0, 2000af32 <__udivmoddi4+0x306>
2000af06:	f109 34ff 	add.w	r4, r9, #4294967295	@ 0xffffffff
2000af0a:	e7bb      	b.n	2000ae84 <__udivmoddi4+0x258>
2000af0c:	ebb6 0c07 	subs.w	ip, r6, r7
2000af10:	eb60 0303 	sbc.w	r3, r0, r3
2000af14:	2001      	movs	r0, #1
2000af16:	461d      	mov	r5, r3
2000af18:	e6f7      	b.n	2000ad0a <__udivmoddi4+0xde>
2000af1a:	44f4      	add	ip, lr
2000af1c:	3802      	subs	r0, #2
2000af1e:	e736      	b.n	2000ad8e <__udivmoddi4+0x162>
2000af20:	3d02      	subs	r5, #2
2000af22:	4473      	add	r3, lr
2000af24:	e71b      	b.n	2000ad5e <__udivmoddi4+0x132>
2000af26:	3c02      	subs	r4, #2
2000af28:	4473      	add	r3, lr
2000af2a:	e6b1      	b.n	2000ac90 <__udivmoddi4+0x64>
2000af2c:	44f4      	add	ip, lr
2000af2e:	3d02      	subs	r5, #2
2000af30:	e6c6      	b.n	2000acc0 <__udivmoddi4+0x94>
2000af32:	f1a9 0402 	sub.w	r4, r9, #2
2000af36:	4473      	add	r3, lr
2000af38:	e7a4      	b.n	2000ae84 <__udivmoddi4+0x258>
2000af3a:	ebae 0404 	sub.w	r4, lr, r4
2000af3e:	3d02      	subs	r5, #2
2000af40:	4420      	add	r0, r4
2000af42:	fbb0 f4f7 	udiv	r4, r0, r7
2000af46:	fb04 f608 	mul.w	r6, r4, r8
2000af4a:	46a1      	mov	r9, r4
2000af4c:	9601      	str	r6, [sp, #4]
2000af4e:	e7ca      	b.n	2000aee6 <__udivmoddi4+0x2ba>
2000af50:	3f02      	subs	r7, #2
2000af52:	4461      	add	r1, ip
2000af54:	e74b      	b.n	2000adee <__udivmoddi4+0x1c2>
2000af56:	3802      	subs	r0, #2
2000af58:	4463      	add	r3, ip
2000af5a:	e75f      	b.n	2000ae1c <__udivmoddi4+0x1f0>
2000af5c:	1b00      	subs	r0, r0, r4
2000af5e:	fbb0 f4f7 	udiv	r4, r0, r7
2000af62:	fb04 f608 	mul.w	r6, r4, r8
2000af66:	46a1      	mov	r9, r4
2000af68:	9601      	str	r6, [sp, #4]
2000af6a:	e7bc      	b.n	2000aee6 <__udivmoddi4+0x2ba>

2000af6c <__aeabi_idiv0>:
2000af6c:	4770      	bx	lr
2000af6e:	bf00      	nop

2000af70 <calloc>:
2000af70:	4b02      	ldr	r3, [pc, #8]	@ (2000af7c <calloc+0xc>)
2000af72:	460a      	mov	r2, r1
2000af74:	4601      	mov	r1, r0
2000af76:	6818      	ldr	r0, [r3, #0]
2000af78:	f000 b802 	b.w	2000af80 <_calloc_r>
2000af7c:	2000e860 	.word	0x2000e860

2000af80 <_calloc_r>:
2000af80:	b510      	push	{r4, lr}
2000af82:	fba1 1402 	umull	r1, r4, r1, r2
2000af86:	b082      	sub	sp, #8
2000af88:	bb54      	cbnz	r4, 2000afe0 <_calloc_r+0x60>
2000af8a:	f000 f847 	bl	2000b01c <_malloc_r>
2000af8e:	4603      	mov	r3, r0
2000af90:	b350      	cbz	r0, 2000afe8 <_calloc_r+0x68>
2000af92:	f850 2c04 	ldr.w	r2, [r0, #-4]
2000af96:	f022 0203 	bic.w	r2, r2, #3
2000af9a:	3a04      	subs	r2, #4
2000af9c:	2a24      	cmp	r2, #36	@ 0x24
2000af9e:	d80c      	bhi.n	2000afba <_calloc_r+0x3a>
2000afa0:	2a13      	cmp	r2, #19
2000afa2:	d912      	bls.n	2000afca <_calloc_r+0x4a>
2000afa4:	2a1b      	cmp	r2, #27
2000afa6:	e9c0 4400 	strd	r4, r4, [r0]
2000afaa:	d916      	bls.n	2000afda <_calloc_r+0x5a>
2000afac:	2a24      	cmp	r2, #36	@ 0x24
2000afae:	e9c0 4402 	strd	r4, r4, [r0, #8]
2000afb2:	d01d      	beq.n	2000aff0 <_calloc_r+0x70>
2000afb4:	f100 0110 	add.w	r1, r0, #16
2000afb8:	e008      	b.n	2000afcc <_calloc_r+0x4c>
2000afba:	4621      	mov	r1, r4
2000afbc:	9001      	str	r0, [sp, #4]
2000afbe:	f000 fb0d 	bl	2000b5dc <memset>
2000afc2:	9b01      	ldr	r3, [sp, #4]
2000afc4:	4618      	mov	r0, r3
2000afc6:	b002      	add	sp, #8
2000afc8:	bd10      	pop	{r4, pc}
2000afca:	4601      	mov	r1, r0
2000afcc:	2200      	movs	r2, #0
2000afce:	4618      	mov	r0, r3
2000afd0:	e9c1 2200 	strd	r2, r2, [r1]
2000afd4:	608a      	str	r2, [r1, #8]
2000afd6:	b002      	add	sp, #8
2000afd8:	bd10      	pop	{r4, pc}
2000afda:	f100 0108 	add.w	r1, r0, #8
2000afde:	e7f5      	b.n	2000afcc <_calloc_r+0x4c>
2000afe0:	f000 fb52 	bl	2000b688 <__errno>
2000afe4:	230c      	movs	r3, #12
2000afe6:	6003      	str	r3, [r0, #0]
2000afe8:	2300      	movs	r3, #0
2000afea:	4618      	mov	r0, r3
2000afec:	b002      	add	sp, #8
2000afee:	bd10      	pop	{r4, pc}
2000aff0:	f100 0118 	add.w	r1, r0, #24
2000aff4:	e9c0 4404 	strd	r4, r4, [r0, #16]
2000aff8:	e7e8      	b.n	2000afcc <_calloc_r+0x4c>
2000affa:	bf00      	nop

2000affc <malloc>:
2000affc:	4b02      	ldr	r3, [pc, #8]	@ (2000b008 <malloc+0xc>)
2000affe:	4601      	mov	r1, r0
2000b000:	6818      	ldr	r0, [r3, #0]
2000b002:	f000 b80b 	b.w	2000b01c <_malloc_r>
2000b006:	bf00      	nop
2000b008:	2000e860 	.word	0x2000e860

2000b00c <free>:
2000b00c:	4b02      	ldr	r3, [pc, #8]	@ (2000b018 <free+0xc>)
2000b00e:	4601      	mov	r1, r0
2000b010:	6818      	ldr	r0, [r3, #0]
2000b012:	f000 bc4b 	b.w	2000b8ac <_free_r>
2000b016:	bf00      	nop
2000b018:	2000e860 	.word	0x2000e860

2000b01c <_malloc_r>:
2000b01c:	f101 030b 	add.w	r3, r1, #11
2000b020:	2b16      	cmp	r3, #22
2000b022:	e92d 4ff0 	stmdb	sp!, {r4, r5, r6, r7, r8, r9, sl, fp, lr}
2000b026:	4680      	mov	r8, r0
2000b028:	b085      	sub	sp, #20
2000b02a:	d82c      	bhi.n	2000b086 <_malloc_r+0x6a>
2000b02c:	2910      	cmp	r1, #16
2000b02e:	d822      	bhi.n	2000b076 <_malloc_r+0x5a>
2000b030:	f000 fac8 	bl	2000b5c4 <__malloc_lock>
2000b034:	2118      	movs	r1, #24
2000b036:	f04f 0e02 	mov.w	lr, #2
2000b03a:	2210      	movs	r2, #16
2000b03c:	4cb6      	ldr	r4, [pc, #728]	@ (2000b318 <_malloc_r+0x2fc>)
2000b03e:	4421      	add	r1, r4
2000b040:	684d      	ldr	r5, [r1, #4]
2000b042:	f1a1 0008 	sub.w	r0, r1, #8
2000b046:	4285      	cmp	r5, r0
2000b048:	f000 815f 	beq.w	2000b30a <_malloc_r+0x2ee>
2000b04c:	686a      	ldr	r2, [r5, #4]
2000b04e:	4640      	mov	r0, r8
2000b050:	f022 0203 	bic.w	r2, r2, #3
2000b054:	e9d5 4102 	ldrd	r4, r1, [r5, #8]
2000b058:	442a      	add	r2, r5
2000b05a:	60e1      	str	r1, [r4, #12]
2000b05c:	608c      	str	r4, [r1, #8]
2000b05e:	f105 0408 	add.w	r4, r5, #8
2000b062:	6851      	ldr	r1, [r2, #4]
2000b064:	f041 0101 	orr.w	r1, r1, #1
2000b068:	6051      	str	r1, [r2, #4]
2000b06a:	f000 fab1 	bl	2000b5d0 <__malloc_unlock>
2000b06e:	4620      	mov	r0, r4
2000b070:	b005      	add	sp, #20
2000b072:	e8bd 8ff0 	ldmia.w	sp!, {r4, r5, r6, r7, r8, r9, sl, fp, pc}
2000b076:	230c      	movs	r3, #12
2000b078:	f8c8 3000 	str.w	r3, [r8]
2000b07c:	2400      	movs	r4, #0
2000b07e:	4620      	mov	r0, r4
2000b080:	b005      	add	sp, #20
2000b082:	e8bd 8ff0 	ldmia.w	sp!, {r4, r5, r6, r7, r8, r9, sl, fp, pc}
2000b086:	2b00      	cmp	r3, #0
2000b088:	f023 0207 	bic.w	r2, r3, #7
2000b08c:	dbf3      	blt.n	2000b076 <_malloc_r+0x5a>
2000b08e:	4291      	cmp	r1, r2
2000b090:	d8f1      	bhi.n	2000b076 <_malloc_r+0x5a>
2000b092:	9200      	str	r2, [sp, #0]
2000b094:	f000 fa96 	bl	2000b5c4 <__malloc_lock>
2000b098:	9a00      	ldr	r2, [sp, #0]
2000b09a:	f5b2 7ffc 	cmp.w	r2, #504	@ 0x1f8
2000b09e:	f0c0 819f 	bcc.w	2000b3e0 <_malloc_r+0x3c4>
2000b0a2:	0a53      	lsrs	r3, r2, #9
2000b0a4:	d073      	beq.n	2000b18e <_malloc_r+0x172>
2000b0a6:	2b04      	cmp	r3, #4
2000b0a8:	f200 8164 	bhi.w	2000b374 <_malloc_r+0x358>
2000b0ac:	0993      	lsrs	r3, r2, #6
2000b0ae:	f103 0e39 	add.w	lr, r3, #57	@ 0x39
2000b0b2:	f103 0638 	add.w	r6, r3, #56	@ 0x38
2000b0b6:	ea4f 03ce 	mov.w	r3, lr, lsl #3
2000b0ba:	4c97      	ldr	r4, [pc, #604]	@ (2000b318 <_malloc_r+0x2fc>)
2000b0bc:	4423      	add	r3, r4
2000b0be:	f1a3 0508 	sub.w	r5, r3, #8
2000b0c2:	685f      	ldr	r7, [r3, #4]
2000b0c4:	42bd      	cmp	r5, r7
2000b0c6:	d107      	bne.n	2000b0d8 <_malloc_r+0xbc>
2000b0c8:	e00d      	b.n	2000b0e6 <_malloc_r+0xca>
2000b0ca:	2800      	cmp	r0, #0
2000b0cc:	68fb      	ldr	r3, [r7, #12]
2000b0ce:	f280 810b 	bge.w	2000b2e8 <_malloc_r+0x2cc>
2000b0d2:	429d      	cmp	r5, r3
2000b0d4:	461f      	mov	r7, r3
2000b0d6:	d006      	beq.n	2000b0e6 <_malloc_r+0xca>
2000b0d8:	6879      	ldr	r1, [r7, #4]
2000b0da:	f021 0103 	bic.w	r1, r1, #3
2000b0de:	1a88      	subs	r0, r1, r2
2000b0e0:	280f      	cmp	r0, #15
2000b0e2:	ddf2      	ble.n	2000b0ca <_malloc_r+0xae>
2000b0e4:	46b6      	mov	lr, r6
2000b0e6:	6923      	ldr	r3, [r4, #16]
2000b0e8:	498c      	ldr	r1, [pc, #560]	@ (2000b31c <_malloc_r+0x300>)
2000b0ea:	428b      	cmp	r3, r1
2000b0ec:	f000 80e9 	beq.w	2000b2c2 <_malloc_r+0x2a6>
2000b0f0:	685e      	ldr	r6, [r3, #4]
2000b0f2:	f026 0603 	bic.w	r6, r6, #3
2000b0f6:	1ab1      	subs	r1, r6, r2
2000b0f8:	290f      	cmp	r1, #15
2000b0fa:	f300 8183 	bgt.w	2000b404 <_malloc_r+0x3e8>
2000b0fe:	4887      	ldr	r0, [pc, #540]	@ (2000b31c <_malloc_r+0x300>)
2000b100:	2900      	cmp	r1, #0
2000b102:	e9c4 0004 	strd	r0, r0, [r4, #16]
2000b106:	f280 8170 	bge.w	2000b3ea <_malloc_r+0x3ce>
2000b10a:	f5b6 7f00 	cmp.w	r6, #512	@ 0x200
2000b10e:	6867      	ldr	r7, [r4, #4]
2000b110:	f080 8110 	bcs.w	2000b334 <_malloc_r+0x318>
2000b114:	08f1      	lsrs	r1, r6, #3
2000b116:	2001      	movs	r0, #1
2000b118:	0976      	lsrs	r6, r6, #5
2000b11a:	3101      	adds	r1, #1
2000b11c:	40b0      	lsls	r0, r6
2000b11e:	f854 5031 	ldr.w	r5, [r4, r1, lsl #3]
2000b122:	4307      	orrs	r7, r0
2000b124:	eb04 00c1 	add.w	r0, r4, r1, lsl #3
2000b128:	3808      	subs	r0, #8
2000b12a:	6067      	str	r7, [r4, #4]
2000b12c:	e9c3 5002 	strd	r5, r0, [r3, #8]
2000b130:	f844 3031 	str.w	r3, [r4, r1, lsl #3]
2000b134:	60eb      	str	r3, [r5, #12]
2000b136:	ea4f 03ae 	mov.w	r3, lr, asr #2
2000b13a:	2601      	movs	r6, #1
2000b13c:	409e      	lsls	r6, r3
2000b13e:	42be      	cmp	r6, r7
2000b140:	d82b      	bhi.n	2000b19a <_malloc_r+0x17e>
2000b142:	423e      	tst	r6, r7
2000b144:	d106      	bne.n	2000b154 <_malloc_r+0x138>
2000b146:	f02e 0e03 	bic.w	lr, lr, #3
2000b14a:	0076      	lsls	r6, r6, #1
2000b14c:	f10e 0e04 	add.w	lr, lr, #4
2000b150:	423e      	tst	r6, r7
2000b152:	d0fa      	beq.n	2000b14a <_malloc_r+0x12e>
2000b154:	eb04 0ace 	add.w	sl, r4, lr, lsl #3
2000b158:	46f1      	mov	r9, lr
2000b15a:	eb04 07ce 	add.w	r7, r4, lr, lsl #3
2000b15e:	68f9      	ldr	r1, [r7, #12]
2000b160:	e00c      	b.n	2000b17c <_malloc_r+0x160>
2000b162:	6848      	ldr	r0, [r1, #4]
2000b164:	460b      	mov	r3, r1
2000b166:	68c9      	ldr	r1, [r1, #12]
2000b168:	f020 0c03 	bic.w	ip, r0, #3
2000b16c:	ebac 0502 	sub.w	r5, ip, r2
2000b170:	2d0f      	cmp	r5, #15
2000b172:	f300 810c 	bgt.w	2000b38e <_malloc_r+0x372>
2000b176:	2d00      	cmp	r5, #0
2000b178:	f280 8122 	bge.w	2000b3c0 <_malloc_r+0x3a4>
2000b17c:	428f      	cmp	r7, r1
2000b17e:	d1f0      	bne.n	2000b162 <_malloc_r+0x146>
2000b180:	f109 0301 	add.w	r3, r9, #1
2000b184:	3708      	adds	r7, #8
2000b186:	0798      	lsls	r0, r3, #30
2000b188:	4699      	mov	r9, r3
2000b18a:	d1e8      	bne.n	2000b15e <_malloc_r+0x142>
2000b18c:	e174      	b.n	2000b478 <_malloc_r+0x45c>
2000b18e:	f44f 7300 	mov.w	r3, #512	@ 0x200
2000b192:	f04f 0e40 	mov.w	lr, #64	@ 0x40
2000b196:	263f      	movs	r6, #63	@ 0x3f
2000b198:	e78f      	b.n	2000b0ba <_malloc_r+0x9e>
2000b19a:	68a7      	ldr	r7, [r4, #8]
2000b19c:	6879      	ldr	r1, [r7, #4]
2000b19e:	f021 0603 	bic.w	r6, r1, #3
2000b1a2:	4296      	cmp	r6, r2
2000b1a4:	eba6 0002 	sub.w	r0, r6, r2
2000b1a8:	d302      	bcc.n	2000b1b0 <_malloc_r+0x194>
2000b1aa:	280f      	cmp	r0, #15
2000b1ac:	f300 808b 	bgt.w	2000b2c6 <_malloc_r+0x2aa>
2000b1b0:	495b      	ldr	r1, [pc, #364]	@ (2000b320 <_malloc_r+0x304>)
2000b1b2:	2008      	movs	r0, #8
2000b1b4:	6809      	ldr	r1, [r1, #0]
2000b1b6:	3110      	adds	r1, #16
2000b1b8:	4411      	add	r1, r2
2000b1ba:	e9cd 1200 	strd	r1, r2, [sp]
2000b1be:	f000 fa69 	bl	2000b694 <sysconf>
2000b1c2:	9900      	ldr	r1, [sp, #0]
2000b1c4:	4603      	mov	r3, r0
2000b1c6:	4682      	mov	sl, r0
2000b1c8:	1e48      	subs	r0, r1, #1
2000b1ca:	425d      	negs	r5, r3
2000b1cc:	4418      	add	r0, r3
2000b1ce:	4b55      	ldr	r3, [pc, #340]	@ (2000b324 <_malloc_r+0x308>)
2000b1d0:	4005      	ands	r5, r0
2000b1d2:	6818      	ldr	r0, [r3, #0]
2000b1d4:	f1b0 3fff 	cmp.w	r0, #4294967295	@ 0xffffffff
2000b1d8:	bf18      	it	ne
2000b1da:	4629      	movne	r1, r5
2000b1dc:	4640      	mov	r0, r8
2000b1de:	9100      	str	r1, [sp, #0]
2000b1e0:	f000 fa40 	bl	2000b664 <_sbrk_r>
2000b1e4:	1c41      	adds	r1, r0, #1
2000b1e6:	4605      	mov	r5, r0
2000b1e8:	e9dd 1200 	ldrd	r1, r2, [sp]
2000b1ec:	f000 8127 	beq.w	2000b43e <_malloc_r+0x422>
2000b1f0:	eb07 0c06 	add.w	ip, r7, r6
2000b1f4:	4584      	cmp	ip, r0
2000b1f6:	f200 8120 	bhi.w	2000b43a <_malloc_r+0x41e>
2000b1fa:	f8df 9134 	ldr.w	r9, [pc, #308]	@ 2000b330 <_malloc_r+0x314>
2000b1fe:	f10a 3eff 	add.w	lr, sl, #4294967295	@ 0xffffffff
2000b202:	f8d9 0000 	ldr.w	r0, [r9]
2000b206:	4408      	add	r0, r1
2000b208:	f8c9 0000 	str.w	r0, [r9]
2000b20c:	f000 8183 	beq.w	2000b516 <_malloc_r+0x4fa>
2000b210:	4b44      	ldr	r3, [pc, #272]	@ (2000b324 <_malloc_r+0x308>)
2000b212:	681b      	ldr	r3, [r3, #0]
2000b214:	3301      	adds	r3, #1
2000b216:	f000 8188 	beq.w	2000b52a <_malloc_r+0x50e>
2000b21a:	eba5 0c0c 	sub.w	ip, r5, ip
2000b21e:	4460      	add	r0, ip
2000b220:	f8c9 0000 	str.w	r0, [r9]
2000b224:	f015 0307 	ands.w	r3, r5, #7
2000b228:	e9cd 2901 	strd	r2, r9, [sp, #4]
2000b22c:	469b      	mov	fp, r3
2000b22e:	f000 813f 	beq.w	2000b4b0 <_malloc_r+0x494>
2000b232:	f1c3 0008 	rsb	r0, r3, #8
2000b236:	4405      	add	r5, r0
2000b238:	eb0a 0c00 	add.w	ip, sl, r0
2000b23c:	4640      	mov	r0, r8
2000b23e:	186b      	adds	r3, r5, r1
2000b240:	ea03 010e 	and.w	r1, r3, lr
2000b244:	469a      	mov	sl, r3
2000b246:	ebac 0101 	sub.w	r1, ip, r1
2000b24a:	ea01 030e 	and.w	r3, r1, lr
2000b24e:	4619      	mov	r1, r3
2000b250:	9300      	str	r3, [sp, #0]
2000b252:	f000 fa07 	bl	2000b664 <_sbrk_r>
2000b256:	1c42      	adds	r2, r0, #1
2000b258:	e9dd 2901 	ldrd	r2, r9, [sp, #4]
2000b25c:	f000 8180 	beq.w	2000b560 <_malloc_r+0x544>
2000b260:	1b41      	subs	r1, r0, r5
2000b262:	9b00      	ldr	r3, [sp, #0]
2000b264:	f8d9 0000 	ldr.w	r0, [r9]
2000b268:	42a7      	cmp	r7, r4
2000b26a:	4419      	add	r1, r3
2000b26c:	60a5      	str	r5, [r4, #8]
2000b26e:	4418      	add	r0, r3
2000b270:	f041 0101 	orr.w	r1, r1, #1
2000b274:	f8c9 0000 	str.w	r0, [r9]
2000b278:	6069      	str	r1, [r5, #4]
2000b27a:	d016      	beq.n	2000b2aa <_malloc_r+0x28e>
2000b27c:	2e0f      	cmp	r6, #15
2000b27e:	f240 8157 	bls.w	2000b530 <_malloc_r+0x514>
2000b282:	f1a6 010c 	sub.w	r1, r6, #12
2000b286:	2605      	movs	r6, #5
2000b288:	f021 0c07 	bic.w	ip, r1, #7
2000b28c:	6879      	ldr	r1, [r7, #4]
2000b28e:	f001 0101 	and.w	r1, r1, #1
2000b292:	f1bc 0f0f 	cmp.w	ip, #15
2000b296:	ea41 010c 	orr.w	r1, r1, ip
2000b29a:	6079      	str	r1, [r7, #4]
2000b29c:	eb07 010c 	add.w	r1, r7, ip
2000b2a0:	e9c1 6601 	strd	r6, r6, [r1, #4]
2000b2a4:	f200 8163 	bhi.w	2000b56e <_malloc_r+0x552>
2000b2a8:	6869      	ldr	r1, [r5, #4]
2000b2aa:	4b1f      	ldr	r3, [pc, #124]	@ (2000b328 <_malloc_r+0x30c>)
2000b2ac:	681e      	ldr	r6, [r3, #0]
2000b2ae:	4286      	cmp	r6, r0
2000b2b0:	bf38      	it	cc
2000b2b2:	6018      	strcc	r0, [r3, #0]
2000b2b4:	4b1d      	ldr	r3, [pc, #116]	@ (2000b32c <_malloc_r+0x310>)
2000b2b6:	681e      	ldr	r6, [r3, #0]
2000b2b8:	4286      	cmp	r6, r0
2000b2ba:	d200      	bcs.n	2000b2be <_malloc_r+0x2a2>
2000b2bc:	6018      	str	r0, [r3, #0]
2000b2be:	462f      	mov	r7, r5
2000b2c0:	e0bf      	b.n	2000b442 <_malloc_r+0x426>
2000b2c2:	6867      	ldr	r7, [r4, #4]
2000b2c4:	e737      	b.n	2000b136 <_malloc_r+0x11a>
2000b2c6:	18bd      	adds	r5, r7, r2
2000b2c8:	f042 0201 	orr.w	r2, r2, #1
2000b2cc:	f040 0101 	orr.w	r1, r0, #1
2000b2d0:	4640      	mov	r0, r8
2000b2d2:	607a      	str	r2, [r7, #4]
2000b2d4:	60a5      	str	r5, [r4, #8]
2000b2d6:	f107 0408 	add.w	r4, r7, #8
2000b2da:	6069      	str	r1, [r5, #4]
2000b2dc:	f000 f978 	bl	2000b5d0 <__malloc_unlock>
2000b2e0:	4620      	mov	r0, r4
2000b2e2:	b005      	add	sp, #20
2000b2e4:	e8bd 8ff0 	ldmia.w	sp!, {r4, r5, r6, r7, r8, r9, sl, fp, pc}
2000b2e8:	68ba      	ldr	r2, [r7, #8]
2000b2ea:	4439      	add	r1, r7
2000b2ec:	f107 0408 	add.w	r4, r7, #8
2000b2f0:	4640      	mov	r0, r8
2000b2f2:	60d3      	str	r3, [r2, #12]
2000b2f4:	609a      	str	r2, [r3, #8]
2000b2f6:	684a      	ldr	r2, [r1, #4]
2000b2f8:	f042 0201 	orr.w	r2, r2, #1
2000b2fc:	604a      	str	r2, [r1, #4]
2000b2fe:	f000 f967 	bl	2000b5d0 <__malloc_unlock>
2000b302:	4620      	mov	r0, r4
2000b304:	b005      	add	sp, #20
2000b306:	e8bd 8ff0 	ldmia.w	sp!, {r4, r5, r6, r7, r8, r9, sl, fp, pc}
2000b30a:	68cd      	ldr	r5, [r1, #12]
2000b30c:	42a9      	cmp	r1, r5
2000b30e:	f47f ae9d 	bne.w	2000b04c <_malloc_r+0x30>
2000b312:	f10e 0e02 	add.w	lr, lr, #2
2000b316:	e6e6      	b.n	2000b0e6 <_malloc_r+0xca>
2000b318:	2000e458 	.word	0x2000e458
2000b31c:	2000e460 	.word	0x2000e460
2000b320:	20012444 	.word	0x20012444
2000b324:	2000e450 	.word	0x2000e450
2000b328:	2001243c 	.word	0x2001243c
2000b32c:	20012440 	.word	0x20012440
2000b330:	20012414 	.word	0x20012414
2000b334:	f5b6 6f20 	cmp.w	r6, #2560	@ 0xa00
2000b338:	ea4f 2056 	mov.w	r0, r6, lsr #9
2000b33c:	d377      	bcc.n	2000b42e <_malloc_r+0x412>
2000b33e:	2814      	cmp	r0, #20
2000b340:	f200 80cc 	bhi.w	2000b4dc <_malloc_r+0x4c0>
2000b344:	f100 015c 	add.w	r1, r0, #92	@ 0x5c
2000b348:	305b      	adds	r0, #91	@ 0x5b
2000b34a:	00c9      	lsls	r1, r1, #3
2000b34c:	1865      	adds	r5, r4, r1
2000b34e:	5861      	ldr	r1, [r4, r1]
2000b350:	3d08      	subs	r5, #8
2000b352:	428d      	cmp	r5, r1
2000b354:	d103      	bne.n	2000b35e <_malloc_r+0x342>
2000b356:	e0a4      	b.n	2000b4a2 <_malloc_r+0x486>
2000b358:	6889      	ldr	r1, [r1, #8]
2000b35a:	428d      	cmp	r5, r1
2000b35c:	d004      	beq.n	2000b368 <_malloc_r+0x34c>
2000b35e:	6848      	ldr	r0, [r1, #4]
2000b360:	f020 0003 	bic.w	r0, r0, #3
2000b364:	42b0      	cmp	r0, r6
2000b366:	d8f7      	bhi.n	2000b358 <_malloc_r+0x33c>
2000b368:	68cd      	ldr	r5, [r1, #12]
2000b36a:	e9c3 1502 	strd	r1, r5, [r3, #8]
2000b36e:	60ab      	str	r3, [r5, #8]
2000b370:	60cb      	str	r3, [r1, #12]
2000b372:	e6e0      	b.n	2000b136 <_malloc_r+0x11a>
2000b374:	2b14      	cmp	r3, #20
2000b376:	d971      	bls.n	2000b45c <_malloc_r+0x440>
2000b378:	2b54      	cmp	r3, #84	@ 0x54
2000b37a:	f200 80b7 	bhi.w	2000b4ec <_malloc_r+0x4d0>
2000b37e:	0b13      	lsrs	r3, r2, #12
2000b380:	f103 0e6f 	add.w	lr, r3, #111	@ 0x6f
2000b384:	f103 066e 	add.w	r6, r3, #110	@ 0x6e
2000b388:	ea4f 03ce 	mov.w	r3, lr, lsl #3
2000b38c:	e695      	b.n	2000b0ba <_malloc_r+0x9e>
2000b38e:	189e      	adds	r6, r3, r2
2000b390:	f042 0201 	orr.w	r2, r2, #1
2000b394:	689f      	ldr	r7, [r3, #8]
2000b396:	4640      	mov	r0, r8
2000b398:	605a      	str	r2, [r3, #4]
2000b39a:	4a87      	ldr	r2, [pc, #540]	@ (2000b5b8 <_malloc_r+0x59c>)
2000b39c:	60f9      	str	r1, [r7, #12]
2000b39e:	608f      	str	r7, [r1, #8]
2000b3a0:	9300      	str	r3, [sp, #0]
2000b3a2:	e9c4 6604 	strd	r6, r6, [r4, #16]
2000b3a6:	e9c6 2202 	strd	r2, r2, [r6, #8]
2000b3aa:	f045 0201 	orr.w	r2, r5, #1
2000b3ae:	6072      	str	r2, [r6, #4]
2000b3b0:	f843 500c 	str.w	r5, [r3, ip]
2000b3b4:	f000 f90c 	bl	2000b5d0 <__malloc_unlock>
2000b3b8:	9b00      	ldr	r3, [sp, #0]
2000b3ba:	f103 0408 	add.w	r4, r3, #8
2000b3be:	e65e      	b.n	2000b07e <_malloc_r+0x62>
2000b3c0:	449c      	add	ip, r3
2000b3c2:	461c      	mov	r4, r3
2000b3c4:	4640      	mov	r0, r8
2000b3c6:	f8dc 3004 	ldr.w	r3, [ip, #4]
2000b3ca:	f043 0301 	orr.w	r3, r3, #1
2000b3ce:	f8cc 3004 	str.w	r3, [ip, #4]
2000b3d2:	f854 3f08 	ldr.w	r3, [r4, #8]!
2000b3d6:	60d9      	str	r1, [r3, #12]
2000b3d8:	608b      	str	r3, [r1, #8]
2000b3da:	f000 f8f9 	bl	2000b5d0 <__malloc_unlock>
2000b3de:	e64e      	b.n	2000b07e <_malloc_r+0x62>
2000b3e0:	ea4f 0ed2 	mov.w	lr, r2, lsr #3
2000b3e4:	f102 0108 	add.w	r1, r2, #8
2000b3e8:	e628      	b.n	2000b03c <_malloc_r+0x20>
2000b3ea:	441e      	add	r6, r3
2000b3ec:	4640      	mov	r0, r8
2000b3ee:	9300      	str	r3, [sp, #0]
2000b3f0:	6872      	ldr	r2, [r6, #4]
2000b3f2:	f042 0201 	orr.w	r2, r2, #1
2000b3f6:	6072      	str	r2, [r6, #4]
2000b3f8:	f000 f8ea 	bl	2000b5d0 <__malloc_unlock>
2000b3fc:	9b00      	ldr	r3, [sp, #0]
2000b3fe:	f103 0408 	add.w	r4, r3, #8
2000b402:	e63c      	b.n	2000b07e <_malloc_r+0x62>
2000b404:	189d      	adds	r5, r3, r2
2000b406:	f042 0201 	orr.w	r2, r2, #1
2000b40a:	4640      	mov	r0, r8
2000b40c:	9300      	str	r3, [sp, #0]
2000b40e:	605a      	str	r2, [r3, #4]
2000b410:	4a69      	ldr	r2, [pc, #420]	@ (2000b5b8 <_malloc_r+0x59c>)
2000b412:	e9c4 5504 	strd	r5, r5, [r4, #16]
2000b416:	e9c5 2202 	strd	r2, r2, [r5, #8]
2000b41a:	f041 0201 	orr.w	r2, r1, #1
2000b41e:	606a      	str	r2, [r5, #4]
2000b420:	5199      	str	r1, [r3, r6]
2000b422:	f000 f8d5 	bl	2000b5d0 <__malloc_unlock>
2000b426:	9b00      	ldr	r3, [sp, #0]
2000b428:	f103 0408 	add.w	r4, r3, #8
2000b42c:	e627      	b.n	2000b07e <_malloc_r+0x62>
2000b42e:	09b0      	lsrs	r0, r6, #6
2000b430:	f100 0139 	add.w	r1, r0, #57	@ 0x39
2000b434:	3038      	adds	r0, #56	@ 0x38
2000b436:	00c9      	lsls	r1, r1, #3
2000b438:	e788      	b.n	2000b34c <_malloc_r+0x330>
2000b43a:	42a7      	cmp	r7, r4
2000b43c:	d061      	beq.n	2000b502 <_malloc_r+0x4e6>
2000b43e:	68a7      	ldr	r7, [r4, #8]
2000b440:	6879      	ldr	r1, [r7, #4]
2000b442:	f021 0103 	bic.w	r1, r1, #3
2000b446:	4291      	cmp	r1, r2
2000b448:	eba1 0002 	sub.w	r0, r1, r2
2000b44c:	d302      	bcc.n	2000b454 <_malloc_r+0x438>
2000b44e:	280f      	cmp	r0, #15
2000b450:	f73f af39 	bgt.w	2000b2c6 <_malloc_r+0x2aa>
2000b454:	4640      	mov	r0, r8
2000b456:	f000 f8bb 	bl	2000b5d0 <__malloc_unlock>
2000b45a:	e60f      	b.n	2000b07c <_malloc_r+0x60>
2000b45c:	f103 0e5c 	add.w	lr, r3, #92	@ 0x5c
2000b460:	f103 065b 	add.w	r6, r3, #91	@ 0x5b
2000b464:	ea4f 03ce 	mov.w	r3, lr, lsl #3
2000b468:	e627      	b.n	2000b0ba <_malloc_r+0x9e>
2000b46a:	4651      	mov	r1, sl
2000b46c:	f851 3908 	ldr.w	r3, [r1], #-8
2000b470:	428b      	cmp	r3, r1
2000b472:	468a      	mov	sl, r1
2000b474:	f040 809e 	bne.w	2000b5b4 <_malloc_r+0x598>
2000b478:	f01e 0f03 	tst.w	lr, #3
2000b47c:	f10e 3eff 	add.w	lr, lr, #4294967295	@ 0xffffffff
2000b480:	d1f3      	bne.n	2000b46a <_malloc_r+0x44e>
2000b482:	6863      	ldr	r3, [r4, #4]
2000b484:	ea23 0306 	bic.w	r3, r3, r6
2000b488:	6063      	str	r3, [r4, #4]
2000b48a:	0076      	lsls	r6, r6, #1
2000b48c:	1e71      	subs	r1, r6, #1
2000b48e:	4299      	cmp	r1, r3
2000b490:	d303      	bcc.n	2000b49a <_malloc_r+0x47e>
2000b492:	e682      	b.n	2000b19a <_malloc_r+0x17e>
2000b494:	0076      	lsls	r6, r6, #1
2000b496:	f109 0904 	add.w	r9, r9, #4
2000b49a:	421e      	tst	r6, r3
2000b49c:	d0fa      	beq.n	2000b494 <_malloc_r+0x478>
2000b49e:	46ce      	mov	lr, r9
2000b4a0:	e658      	b.n	2000b154 <_malloc_r+0x138>
2000b4a2:	1080      	asrs	r0, r0, #2
2000b4a4:	2601      	movs	r6, #1
2000b4a6:	fa06 f000 	lsl.w	r0, r6, r0
2000b4aa:	4307      	orrs	r7, r0
2000b4ac:	6067      	str	r7, [r4, #4]
2000b4ae:	e75c      	b.n	2000b36a <_malloc_r+0x34e>
2000b4b0:	186b      	adds	r3, r5, r1
2000b4b2:	4640      	mov	r0, r8
2000b4b4:	ea03 010e 	and.w	r1, r3, lr
2000b4b8:	9303      	str	r3, [sp, #12]
2000b4ba:	ebaa 0101 	sub.w	r1, sl, r1
2000b4be:	ea01 030e 	and.w	r3, r1, lr
2000b4c2:	4619      	mov	r1, r3
2000b4c4:	9300      	str	r3, [sp, #0]
2000b4c6:	f000 f8cd 	bl	2000b664 <_sbrk_r>
2000b4ca:	1c43      	adds	r3, r0, #1
2000b4cc:	e9dd 2901 	ldrd	r2, r9, [sp, #4]
2000b4d0:	f47f aec6 	bne.w	2000b260 <_malloc_r+0x244>
2000b4d4:	9803      	ldr	r0, [sp, #12]
2000b4d6:	f8cd b000 	str.w	fp, [sp]
2000b4da:	e6c1      	b.n	2000b260 <_malloc_r+0x244>
2000b4dc:	2854      	cmp	r0, #84	@ 0x54
2000b4de:	d82a      	bhi.n	2000b536 <_malloc_r+0x51a>
2000b4e0:	0b30      	lsrs	r0, r6, #12
2000b4e2:	f100 016f 	add.w	r1, r0, #111	@ 0x6f
2000b4e6:	306e      	adds	r0, #110	@ 0x6e
2000b4e8:	00c9      	lsls	r1, r1, #3
2000b4ea:	e72f      	b.n	2000b34c <_malloc_r+0x330>
2000b4ec:	f5b3 7faa 	cmp.w	r3, #340	@ 0x154
2000b4f0:	d82a      	bhi.n	2000b548 <_malloc_r+0x52c>
2000b4f2:	0bd3      	lsrs	r3, r2, #15
2000b4f4:	f103 0e78 	add.w	lr, r3, #120	@ 0x78
2000b4f8:	f103 0677 	add.w	r6, r3, #119	@ 0x77
2000b4fc:	ea4f 03ce 	mov.w	r3, lr, lsl #3
2000b500:	e5db      	b.n	2000b0ba <_malloc_r+0x9e>
2000b502:	f8df 90bc 	ldr.w	r9, [pc, #188]	@ 2000b5c0 <_malloc_r+0x5a4>
2000b506:	f10a 3eff 	add.w	lr, sl, #4294967295	@ 0xffffffff
2000b50a:	f8d9 0000 	ldr.w	r0, [r9]
2000b50e:	4408      	add	r0, r1
2000b510:	f8c9 0000 	str.w	r0, [r9]
2000b514:	e67c      	b.n	2000b210 <_malloc_r+0x1f4>
2000b516:	ea15 0f0e 	tst.w	r5, lr
2000b51a:	f47f ae79 	bne.w	2000b210 <_malloc_r+0x1f4>
2000b51e:	4431      	add	r1, r6
2000b520:	68a5      	ldr	r5, [r4, #8]
2000b522:	f041 0101 	orr.w	r1, r1, #1
2000b526:	6069      	str	r1, [r5, #4]
2000b528:	e6bf      	b.n	2000b2aa <_malloc_r+0x28e>
2000b52a:	4b24      	ldr	r3, [pc, #144]	@ (2000b5bc <_malloc_r+0x5a0>)
2000b52c:	601d      	str	r5, [r3, #0]
2000b52e:	e679      	b.n	2000b224 <_malloc_r+0x208>
2000b530:	2301      	movs	r3, #1
2000b532:	606b      	str	r3, [r5, #4]
2000b534:	e78e      	b.n	2000b454 <_malloc_r+0x438>
2000b536:	f5b0 7faa 	cmp.w	r0, #340	@ 0x154
2000b53a:	d827      	bhi.n	2000b58c <_malloc_r+0x570>
2000b53c:	0bf0      	lsrs	r0, r6, #15
2000b53e:	f100 0178 	add.w	r1, r0, #120	@ 0x78
2000b542:	3077      	adds	r0, #119	@ 0x77
2000b544:	00c9      	lsls	r1, r1, #3
2000b546:	e701      	b.n	2000b34c <_malloc_r+0x330>
2000b548:	f240 5154 	movw	r1, #1364	@ 0x554
2000b54c:	428b      	cmp	r3, r1
2000b54e:	d827      	bhi.n	2000b5a0 <_malloc_r+0x584>
2000b550:	0c93      	lsrs	r3, r2, #18
2000b552:	f103 0e7d 	add.w	lr, r3, #125	@ 0x7d
2000b556:	f103 067c 	add.w	r6, r3, #124	@ 0x7c
2000b55a:	ea4f 03ce 	mov.w	r3, lr, lsl #3
2000b55e:	e5ac      	b.n	2000b0ba <_malloc_r+0x9e>
2000b560:	f1ab 0108 	sub.w	r1, fp, #8
2000b564:	2300      	movs	r3, #0
2000b566:	eb0a 0001 	add.w	r0, sl, r1
2000b56a:	9300      	str	r3, [sp, #0]
2000b56c:	e678      	b.n	2000b260 <_malloc_r+0x244>
2000b56e:	f107 0108 	add.w	r1, r7, #8
2000b572:	4640      	mov	r0, r8
2000b574:	e9cd 2900 	strd	r2, r9, [sp]
2000b578:	f000 f998 	bl	2000b8ac <_free_r>
2000b57c:	68a5      	ldr	r5, [r4, #8]
2000b57e:	f8dd 9004 	ldr.w	r9, [sp, #4]
2000b582:	6869      	ldr	r1, [r5, #4]
2000b584:	f8d9 0000 	ldr.w	r0, [r9]
2000b588:	9a00      	ldr	r2, [sp, #0]
2000b58a:	e68e      	b.n	2000b2aa <_malloc_r+0x28e>
2000b58c:	f240 5154 	movw	r1, #1364	@ 0x554
2000b590:	4288      	cmp	r0, r1
2000b592:	d80b      	bhi.n	2000b5ac <_malloc_r+0x590>
2000b594:	0cb0      	lsrs	r0, r6, #18
2000b596:	f100 017d 	add.w	r1, r0, #125	@ 0x7d
2000b59a:	307c      	adds	r0, #124	@ 0x7c
2000b59c:	00c9      	lsls	r1, r1, #3
2000b59e:	e6d5      	b.n	2000b34c <_malloc_r+0x330>
2000b5a0:	f44f 737e 	mov.w	r3, #1016	@ 0x3f8
2000b5a4:	f04f 0e7f 	mov.w	lr, #127	@ 0x7f
2000b5a8:	267e      	movs	r6, #126	@ 0x7e
2000b5aa:	e586      	b.n	2000b0ba <_malloc_r+0x9e>
2000b5ac:	f44f 717e 	mov.w	r1, #1016	@ 0x3f8
2000b5b0:	207e      	movs	r0, #126	@ 0x7e
2000b5b2:	e6cb      	b.n	2000b34c <_malloc_r+0x330>
2000b5b4:	6863      	ldr	r3, [r4, #4]
2000b5b6:	e768      	b.n	2000b48a <_malloc_r+0x46e>
2000b5b8:	2000e460 	.word	0x2000e460
2000b5bc:	2000e450 	.word	0x2000e450
2000b5c0:	20012414 	.word	0x20012414

2000b5c4 <__malloc_lock>:
2000b5c4:	4801      	ldr	r0, [pc, #4]	@ (2000b5cc <__malloc_lock+0x8>)
2000b5c6:	f000 b873 	b.w	2000b6b0 <__retarget_lock_acquire_recursive>
2000b5ca:	bf00      	nop
2000b5cc:	20012410 	.word	0x20012410

2000b5d0 <__malloc_unlock>:
2000b5d0:	4801      	ldr	r0, [pc, #4]	@ (2000b5d8 <__malloc_unlock+0x8>)
2000b5d2:	f000 b86f 	b.w	2000b6b4 <__retarget_lock_release_recursive>
2000b5d6:	bf00      	nop
2000b5d8:	20012410 	.word	0x20012410

2000b5dc <memset>:
2000b5dc:	b530      	push	{r4, r5, lr}
2000b5de:	0784      	lsls	r4, r0, #30
2000b5e0:	4686      	mov	lr, r0
2000b5e2:	4603      	mov	r3, r0
2000b5e4:	d006      	beq.n	2000b5f4 <memset+0x18>
2000b5e6:	b3a2      	cbz	r2, 2000b652 <memset+0x76>
2000b5e8:	f803 1b01 	strb.w	r1, [r3], #1
2000b5ec:	0798      	lsls	r0, r3, #30
2000b5ee:	f102 32ff 	add.w	r2, r2, #4294967295	@ 0xffffffff
2000b5f2:	d1f8      	bne.n	2000b5e6 <memset+0xa>
2000b5f4:	2a03      	cmp	r2, #3
2000b5f6:	d926      	bls.n	2000b646 <memset+0x6a>
2000b5f8:	fa5f fc81 	uxtb.w	ip, r1
2000b5fc:	2a0f      	cmp	r2, #15
2000b5fe:	eb0c 2c0c 	add.w	ip, ip, ip, lsl #8
2000b602:	eb0c 400c 	add.w	r0, ip, ip, lsl #16
2000b606:	d92a      	bls.n	2000b65e <memset+0x82>
2000b608:	f022 0c0f 	bic.w	ip, r2, #15
2000b60c:	449c      	add	ip, r3
2000b60e:	e9c3 0000 	strd	r0, r0, [r3]
2000b612:	e9c3 0002 	strd	r0, r0, [r3, #8]
2000b616:	3310      	adds	r3, #16
2000b618:	4563      	cmp	r3, ip
2000b61a:	d1f8      	bne.n	2000b60e <memset+0x32>
2000b61c:	f012 0f0c 	tst.w	r2, #12
2000b620:	f002 050f 	and.w	r5, r2, #15
2000b624:	d017      	beq.n	2000b656 <memset+0x7a>
2000b626:	ea4f 0c95 	mov.w	ip, r5, lsr #2
2000b62a:	461a      	mov	r2, r3
2000b62c:	f10c 34ff 	add.w	r4, ip, #4294967295	@ 0xffffffff
2000b630:	eb03 0c8c 	add.w	ip, r3, ip, lsl #2
2000b634:	f842 0b04 	str.w	r0, [r2], #4
2000b638:	4562      	cmp	r2, ip
2000b63a:	d1fb      	bne.n	2000b634 <memset+0x58>
2000b63c:	3304      	adds	r3, #4
2000b63e:	f005 0203 	and.w	r2, r5, #3
2000b642:	eb03 0384 	add.w	r3, r3, r4, lsl #2
2000b646:	b122      	cbz	r2, 2000b652 <memset+0x76>
2000b648:	441a      	add	r2, r3
2000b64a:	f803 1b01 	strb.w	r1, [r3], #1
2000b64e:	429a      	cmp	r2, r3
2000b650:	d1fb      	bne.n	2000b64a <memset+0x6e>
2000b652:	4670      	mov	r0, lr
2000b654:	bd30      	pop	{r4, r5, pc}
2000b656:	462a      	mov	r2, r5
2000b658:	2a00      	cmp	r2, #0
2000b65a:	d1f5      	bne.n	2000b648 <memset+0x6c>
2000b65c:	e7f9      	b.n	2000b652 <memset+0x76>
2000b65e:	4615      	mov	r5, r2
2000b660:	e7e1      	b.n	2000b626 <memset+0x4a>
2000b662:	bf00      	nop

2000b664 <_sbrk_r>:
2000b664:	b538      	push	{r3, r4, r5, lr}
2000b666:	2300      	movs	r3, #0
2000b668:	4c06      	ldr	r4, [pc, #24]	@ (2000b684 <_sbrk_r+0x20>)
2000b66a:	4605      	mov	r5, r0
2000b66c:	4608      	mov	r0, r1
2000b66e:	6023      	str	r3, [r4, #0]
2000b670:	f7fc fd06 	bl	20008080 <_sbrk>
2000b674:	1c43      	adds	r3, r0, #1
2000b676:	d000      	beq.n	2000b67a <_sbrk_r+0x16>
2000b678:	bd38      	pop	{r3, r4, r5, pc}
2000b67a:	6823      	ldr	r3, [r4, #0]
2000b67c:	2b00      	cmp	r3, #0
2000b67e:	d0fb      	beq.n	2000b678 <_sbrk_r+0x14>
2000b680:	602b      	str	r3, [r5, #0]
2000b682:	bd38      	pop	{r3, r4, r5, pc}
2000b684:	20014aa4 	.word	0x20014aa4

2000b688 <__errno>:
2000b688:	4b01      	ldr	r3, [pc, #4]	@ (2000b690 <__errno+0x8>)
2000b68a:	6818      	ldr	r0, [r3, #0]
2000b68c:	4770      	bx	lr
2000b68e:	bf00      	nop
2000b690:	2000e860 	.word	0x2000e860

2000b694 <sysconf>:
2000b694:	2808      	cmp	r0, #8
2000b696:	d102      	bne.n	2000b69e <sysconf+0xa>
2000b698:	f44f 5080 	mov.w	r0, #4096	@ 0x1000
2000b69c:	4770      	bx	lr
2000b69e:	b508      	push	{r3, lr}
2000b6a0:	f7ff fff2 	bl	2000b688 <__errno>
2000b6a4:	2216      	movs	r2, #22
2000b6a6:	4603      	mov	r3, r0
2000b6a8:	f04f 30ff 	mov.w	r0, #4294967295	@ 0xffffffff
2000b6ac:	601a      	str	r2, [r3, #0]
2000b6ae:	bd08      	pop	{r3, pc}

2000b6b0 <__retarget_lock_acquire_recursive>:
2000b6b0:	4770      	bx	lr
2000b6b2:	bf00      	nop

2000b6b4 <__retarget_lock_release_recursive>:
2000b6b4:	4770      	bx	lr
2000b6b6:	bf00      	nop

2000b6b8 <memcpy>:
2000b6b8:	4684      	mov	ip, r0
2000b6ba:	ea41 0300 	orr.w	r3, r1, r0
2000b6be:	f013 0303 	ands.w	r3, r3, #3
2000b6c2:	d149      	bne.n	2000b758 <memcpy+0xa0>
2000b6c4:	3a40      	subs	r2, #64	@ 0x40
2000b6c6:	d323      	bcc.n	2000b710 <memcpy+0x58>
2000b6c8:	680b      	ldr	r3, [r1, #0]
2000b6ca:	6003      	str	r3, [r0, #0]
2000b6cc:	684b      	ldr	r3, [r1, #4]
2000b6ce:	6043      	str	r3, [r0, #4]
2000b6d0:	688b      	ldr	r3, [r1, #8]
2000b6d2:	6083      	str	r3, [r0, #8]
2000b6d4:	68cb      	ldr	r3, [r1, #12]
2000b6d6:	60c3      	str	r3, [r0, #12]
2000b6d8:	690b      	ldr	r3, [r1, #16]
2000b6da:	6103      	str	r3, [r0, #16]
2000b6dc:	694b      	ldr	r3, [r1, #20]
2000b6de:	6143      	str	r3, [r0, #20]
2000b6e0:	698b      	ldr	r3, [r1, #24]
2000b6e2:	6183      	str	r3, [r0, #24]
2000b6e4:	69cb      	ldr	r3, [r1, #28]
2000b6e6:	61c3      	str	r3, [r0, #28]
2000b6e8:	6a0b      	ldr	r3, [r1, #32]
2000b6ea:	6203      	str	r3, [r0, #32]
2000b6ec:	6a4b      	ldr	r3, [r1, #36]	@ 0x24
2000b6ee:	6243      	str	r3, [r0, #36]	@ 0x24
2000b6f0:	6a8b      	ldr	r3, [r1, #40]	@ 0x28
2000b6f2:	6283      	str	r3, [r0, #40]	@ 0x28
2000b6f4:	6acb      	ldr	r3, [r1, #44]	@ 0x2c
2000b6f6:	62c3      	str	r3, [r0, #44]	@ 0x2c
2000b6f8:	6b0b      	ldr	r3, [r1, #48]	@ 0x30
2000b6fa:	6303      	str	r3, [r0, #48]	@ 0x30
2000b6fc:	6b4b      	ldr	r3, [r1, #52]	@ 0x34
2000b6fe:	6343      	str	r3, [r0, #52]	@ 0x34
2000b700:	6b8b      	ldr	r3, [r1, #56]	@ 0x38
2000b702:	6383      	str	r3, [r0, #56]	@ 0x38
2000b704:	6bcb      	ldr	r3, [r1, #60]	@ 0x3c
2000b706:	63c3      	str	r3, [r0, #60]	@ 0x3c
2000b708:	3040      	adds	r0, #64	@ 0x40
2000b70a:	3140      	adds	r1, #64	@ 0x40
2000b70c:	3a40      	subs	r2, #64	@ 0x40
2000b70e:	d2db      	bcs.n	2000b6c8 <memcpy+0x10>
2000b710:	3230      	adds	r2, #48	@ 0x30
2000b712:	d30b      	bcc.n	2000b72c <memcpy+0x74>
2000b714:	680b      	ldr	r3, [r1, #0]
2000b716:	6003      	str	r3, [r0, #0]
2000b718:	684b      	ldr	r3, [r1, #4]
2000b71a:	6043      	str	r3, [r0, #4]
2000b71c:	688b      	ldr	r3, [r1, #8]
2000b71e:	6083      	str	r3, [r0, #8]
2000b720:	68cb      	ldr	r3, [r1, #12]
2000b722:	60c3      	str	r3, [r0, #12]
2000b724:	3010      	adds	r0, #16
2000b726:	3110      	adds	r1, #16
2000b728:	3a10      	subs	r2, #16
2000b72a:	d2f3      	bcs.n	2000b714 <memcpy+0x5c>
2000b72c:	320c      	adds	r2, #12
2000b72e:	d305      	bcc.n	2000b73c <memcpy+0x84>
2000b730:	f851 3b04 	ldr.w	r3, [r1], #4
2000b734:	f840 3b04 	str.w	r3, [r0], #4
2000b738:	3a04      	subs	r2, #4
2000b73a:	d2f9      	bcs.n	2000b730 <memcpy+0x78>
2000b73c:	3204      	adds	r2, #4
2000b73e:	d008      	beq.n	2000b752 <memcpy+0x9a>
2000b740:	07d2      	lsls	r2, r2, #31
2000b742:	bf1c      	itt	ne
2000b744:	f811 3b01 	ldrbne.w	r3, [r1], #1
2000b748:	f800 3b01 	strbne.w	r3, [r0], #1
2000b74c:	d301      	bcc.n	2000b752 <memcpy+0x9a>
2000b74e:	880b      	ldrh	r3, [r1, #0]
2000b750:	8003      	strh	r3, [r0, #0]
2000b752:	4660      	mov	r0, ip
2000b754:	4770      	bx	lr
2000b756:	bf00      	nop
2000b758:	2a08      	cmp	r2, #8
2000b75a:	d313      	bcc.n	2000b784 <memcpy+0xcc>
2000b75c:	078b      	lsls	r3, r1, #30
2000b75e:	d0b1      	beq.n	2000b6c4 <memcpy+0xc>
2000b760:	f010 0303 	ands.w	r3, r0, #3
2000b764:	d0ae      	beq.n	2000b6c4 <memcpy+0xc>
2000b766:	f1c3 0304 	rsb	r3, r3, #4
2000b76a:	1ad2      	subs	r2, r2, r3
2000b76c:	07db      	lsls	r3, r3, #31
2000b76e:	bf1c      	itt	ne
2000b770:	f811 3b01 	ldrbne.w	r3, [r1], #1
2000b774:	f800 3b01 	strbne.w	r3, [r0], #1
2000b778:	d3a4      	bcc.n	2000b6c4 <memcpy+0xc>
2000b77a:	f831 3b02 	ldrh.w	r3, [r1], #2
2000b77e:	f820 3b02 	strh.w	r3, [r0], #2
2000b782:	e79f      	b.n	2000b6c4 <memcpy+0xc>
2000b784:	3a04      	subs	r2, #4
2000b786:	d3d9      	bcc.n	2000b73c <memcpy+0x84>
2000b788:	3a01      	subs	r2, #1
2000b78a:	f811 3b01 	ldrb.w	r3, [r1], #1
2000b78e:	f800 3b01 	strb.w	r3, [r0], #1
2000b792:	d2f9      	bcs.n	2000b788 <memcpy+0xd0>
2000b794:	780b      	ldrb	r3, [r1, #0]
2000b796:	7003      	strb	r3, [r0, #0]
2000b798:	784b      	ldrb	r3, [r1, #1]
2000b79a:	7043      	strb	r3, [r0, #1]
2000b79c:	788b      	ldrb	r3, [r1, #2]
2000b79e:	7083      	strb	r3, [r0, #2]
2000b7a0:	4660      	mov	r0, ip
2000b7a2:	4770      	bx	lr

2000b7a4 <strlen>:
2000b7a4:	f020 0103 	bic.w	r1, r0, #3
2000b7a8:	f010 0003 	ands.w	r0, r0, #3
2000b7ac:	f1c0 0000 	rsb	r0, r0, #0
2000b7b0:	f851 3b04 	ldr.w	r3, [r1], #4
2000b7b4:	f100 0c04 	add.w	ip, r0, #4
2000b7b8:	ea4f 0ccc 	mov.w	ip, ip, lsl #3
2000b7bc:	f06f 0200 	mvn.w	r2, #0
2000b7c0:	bf1c      	itt	ne
2000b7c2:	fa22 f20c 	lsrne.w	r2, r2, ip
2000b7c6:	4313      	orrne	r3, r2
2000b7c8:	f04f 0c01 	mov.w	ip, #1
2000b7cc:	ea4c 2c0c 	orr.w	ip, ip, ip, lsl #8
2000b7d0:	ea4c 4c0c 	orr.w	ip, ip, ip, lsl #16
2000b7d4:	eba3 020c 	sub.w	r2, r3, ip
2000b7d8:	ea22 0203 	bic.w	r2, r2, r3
2000b7dc:	ea12 12cc 	ands.w	r2, r2, ip, lsl #7
2000b7e0:	bf04      	itt	eq
2000b7e2:	f851 3b04 	ldreq.w	r3, [r1], #4
2000b7e6:	3004      	addeq	r0, #4
2000b7e8:	d0f4      	beq.n	2000b7d4 <strlen+0x30>
2000b7ea:	f1c2 0100 	rsb	r1, r2, #0
2000b7ee:	ea02 0201 	and.w	r2, r2, r1
2000b7f2:	fab2 f282 	clz	r2, r2
2000b7f6:	f1c2 021f 	rsb	r2, r2, #31
2000b7fa:	eb00 00d2 	add.w	r0, r0, r2, lsr #3
2000b7fe:	4770      	bx	lr

2000b800 <_malloc_trim_r>:
2000b800:	b5f8      	push	{r3, r4, r5, r6, r7, lr}
2000b802:	4606      	mov	r6, r0
2000b804:	2008      	movs	r0, #8
2000b806:	460c      	mov	r4, r1
2000b808:	f7ff ff44 	bl	2000b694 <sysconf>
2000b80c:	4607      	mov	r7, r0
2000b80e:	4630      	mov	r0, r6
2000b810:	f7ff fed8 	bl	2000b5c4 <__malloc_lock>
2000b814:	4a22      	ldr	r2, [pc, #136]	@ (2000b8a0 <_malloc_trim_r+0xa0>)
2000b816:	6893      	ldr	r3, [r2, #8]
2000b818:	685d      	ldr	r5, [r3, #4]
2000b81a:	f025 0503 	bic.w	r5, r5, #3
2000b81e:	f1a5 0311 	sub.w	r3, r5, #17
2000b822:	1b1c      	subs	r4, r3, r4
2000b824:	443c      	add	r4, r7
2000b826:	fbb4 f4f7 	udiv	r4, r4, r7
2000b82a:	3c01      	subs	r4, #1
2000b82c:	fb07 f404 	mul.w	r4, r7, r4
2000b830:	42a7      	cmp	r7, r4
2000b832:	dc08      	bgt.n	2000b846 <_malloc_trim_r+0x46>
2000b834:	2100      	movs	r1, #0
2000b836:	4630      	mov	r0, r6
2000b838:	f7ff ff14 	bl	2000b664 <_sbrk_r>
2000b83c:	4a18      	ldr	r2, [pc, #96]	@ (2000b8a0 <_malloc_trim_r+0xa0>)
2000b83e:	6893      	ldr	r3, [r2, #8]
2000b840:	442b      	add	r3, r5
2000b842:	4298      	cmp	r0, r3
2000b844:	d004      	beq.n	2000b850 <_malloc_trim_r+0x50>
2000b846:	4630      	mov	r0, r6
2000b848:	f7ff fec2 	bl	2000b5d0 <__malloc_unlock>
2000b84c:	2000      	movs	r0, #0
2000b84e:	bdf8      	pop	{r3, r4, r5, r6, r7, pc}
2000b850:	4261      	negs	r1, r4
2000b852:	4630      	mov	r0, r6
2000b854:	f7ff ff06 	bl	2000b664 <_sbrk_r>
2000b858:	3001      	adds	r0, #1
2000b85a:	4a11      	ldr	r2, [pc, #68]	@ (2000b8a0 <_malloc_trim_r+0xa0>)
2000b85c:	d00d      	beq.n	2000b87a <_malloc_trim_r+0x7a>
2000b85e:	1b2d      	subs	r5, r5, r4
2000b860:	4910      	ldr	r1, [pc, #64]	@ (2000b8a4 <_malloc_trim_r+0xa4>)
2000b862:	6893      	ldr	r3, [r2, #8]
2000b864:	4630      	mov	r0, r6
2000b866:	f045 0501 	orr.w	r5, r5, #1
2000b86a:	605d      	str	r5, [r3, #4]
2000b86c:	680b      	ldr	r3, [r1, #0]
2000b86e:	1b1b      	subs	r3, r3, r4
2000b870:	600b      	str	r3, [r1, #0]
2000b872:	f7ff fead 	bl	2000b5d0 <__malloc_unlock>
2000b876:	2001      	movs	r0, #1
2000b878:	bdf8      	pop	{r3, r4, r5, r6, r7, pc}
2000b87a:	2100      	movs	r1, #0
2000b87c:	4630      	mov	r0, r6
2000b87e:	f7ff fef1 	bl	2000b664 <_sbrk_r>
2000b882:	4a07      	ldr	r2, [pc, #28]	@ (2000b8a0 <_malloc_trim_r+0xa0>)
2000b884:	6892      	ldr	r2, [r2, #8]
2000b886:	1a83      	subs	r3, r0, r2
2000b888:	2b0f      	cmp	r3, #15
2000b88a:	dddc      	ble.n	2000b846 <_malloc_trim_r+0x46>
2000b88c:	f043 0301 	orr.w	r3, r3, #1
2000b890:	4904      	ldr	r1, [pc, #16]	@ (2000b8a4 <_malloc_trim_r+0xa4>)
2000b892:	6053      	str	r3, [r2, #4]
2000b894:	4b04      	ldr	r3, [pc, #16]	@ (2000b8a8 <_malloc_trim_r+0xa8>)
2000b896:	681b      	ldr	r3, [r3, #0]
2000b898:	1ac0      	subs	r0, r0, r3
2000b89a:	6008      	str	r0, [r1, #0]
2000b89c:	e7d3      	b.n	2000b846 <_malloc_trim_r+0x46>
2000b89e:	bf00      	nop
2000b8a0:	2000e458 	.word	0x2000e458
2000b8a4:	20012414 	.word	0x20012414
2000b8a8:	2000e450 	.word	0x2000e450

2000b8ac <_free_r>:
2000b8ac:	2900      	cmp	r1, #0
2000b8ae:	d062      	beq.n	2000b976 <_free_r+0xca>
2000b8b0:	e92d 41f0 	stmdb	sp!, {r4, r5, r6, r7, r8, lr}
2000b8b4:	460c      	mov	r4, r1
2000b8b6:	4607      	mov	r7, r0
2000b8b8:	f7ff fe84 	bl	2000b5c4 <__malloc_lock>
2000b8bc:	497a      	ldr	r1, [pc, #488]	@ (2000baa8 <_free_r+0x1fc>)
2000b8be:	f854 ec04 	ldr.w	lr, [r4, #-4]
2000b8c2:	f1a4 0c08 	sub.w	ip, r4, #8
2000b8c6:	688d      	ldr	r5, [r1, #8]
2000b8c8:	f02e 0301 	bic.w	r3, lr, #1
2000b8cc:	f00e 0601 	and.w	r6, lr, #1
2000b8d0:	eb0c 0203 	add.w	r2, ip, r3
2000b8d4:	6850      	ldr	r0, [r2, #4]
2000b8d6:	4295      	cmp	r5, r2
2000b8d8:	f020 0003 	bic.w	r0, r0, #3
2000b8dc:	f000 8087 	beq.w	2000b9ee <_free_r+0x142>
2000b8e0:	1815      	adds	r5, r2, r0
2000b8e2:	6050      	str	r0, [r2, #4]
2000b8e4:	686d      	ldr	r5, [r5, #4]
2000b8e6:	f005 0501 	and.w	r5, r5, #1
2000b8ea:	46a8      	mov	r8, r5
2000b8ec:	bb96      	cbnz	r6, 2000b954 <_free_r+0xa8>
2000b8ee:	f854 4c08 	ldr.w	r4, [r4, #-8]
2000b8f2:	f101 0e08 	add.w	lr, r1, #8
2000b8f6:	ebac 0c04 	sub.w	ip, ip, r4
2000b8fa:	4423      	add	r3, r4
2000b8fc:	f8dc 4008 	ldr.w	r4, [ip, #8]
2000b900:	4574      	cmp	r4, lr
2000b902:	d067      	beq.n	2000b9d4 <_free_r+0x128>
2000b904:	f8dc 500c 	ldr.w	r5, [ip, #12]
2000b908:	60e5      	str	r5, [r4, #12]
2000b90a:	60ac      	str	r4, [r5, #8]
2000b90c:	f1b8 0f00 	cmp.w	r8, #0
2000b910:	f000 8088 	beq.w	2000ba24 <_free_r+0x178>
2000b914:	f043 0001 	orr.w	r0, r3, #1
2000b918:	f8cc 0004 	str.w	r0, [ip, #4]
2000b91c:	6013      	str	r3, [r2, #0]
2000b91e:	f5b3 7f00 	cmp.w	r3, #512	@ 0x200
2000b922:	d232      	bcs.n	2000b98a <_free_r+0xde>
2000b924:	0958      	lsrs	r0, r3, #5
2000b926:	08da      	lsrs	r2, r3, #3
2000b928:	2301      	movs	r3, #1
2000b92a:	4083      	lsls	r3, r0
2000b92c:	6848      	ldr	r0, [r1, #4]
2000b92e:	3201      	adds	r2, #1
2000b930:	4303      	orrs	r3, r0
2000b932:	f851 0032 	ldr.w	r0, [r1, r2, lsl #3]
2000b936:	604b      	str	r3, [r1, #4]
2000b938:	eb01 03c2 	add.w	r3, r1, r2, lsl #3
2000b93c:	3b08      	subs	r3, #8
2000b93e:	e9cc 0302 	strd	r0, r3, [ip, #8]
2000b942:	f841 c032 	str.w	ip, [r1, r2, lsl #3]
2000b946:	f8c0 c00c 	str.w	ip, [r0, #12]
2000b94a:	4638      	mov	r0, r7
2000b94c:	e8bd 41f0 	ldmia.w	sp!, {r4, r5, r6, r7, r8, lr}
2000b950:	f7ff be3e 	b.w	2000b5d0 <__malloc_unlock>
2000b954:	b985      	cbnz	r5, 2000b978 <_free_r+0xcc>
2000b956:	4403      	add	r3, r0
2000b958:	f101 0e08 	add.w	lr, r1, #8
2000b95c:	6890      	ldr	r0, [r2, #8]
2000b95e:	f043 0401 	orr.w	r4, r3, #1
2000b962:	4570      	cmp	r0, lr
2000b964:	d077      	beq.n	2000ba56 <_free_r+0x1aa>
2000b966:	68d2      	ldr	r2, [r2, #12]
2000b968:	60c2      	str	r2, [r0, #12]
2000b96a:	6090      	str	r0, [r2, #8]
2000b96c:	f8cc 4004 	str.w	r4, [ip, #4]
2000b970:	f84c 3003 	str.w	r3, [ip, r3]
2000b974:	e7d3      	b.n	2000b91e <_free_r+0x72>
2000b976:	4770      	bx	lr
2000b978:	f04e 0201 	orr.w	r2, lr, #1
2000b97c:	f5b3 7f00 	cmp.w	r3, #512	@ 0x200
2000b980:	f844 2c04 	str.w	r2, [r4, #-4]
2000b984:	f84c 3003 	str.w	r3, [ip, r3]
2000b988:	d3cc      	bcc.n	2000b924 <_free_r+0x78>
2000b98a:	f5b3 6f20 	cmp.w	r3, #2560	@ 0xa00
2000b98e:	ea4f 2253 	mov.w	r2, r3, lsr #9
2000b992:	d249      	bcs.n	2000ba28 <_free_r+0x17c>
2000b994:	099a      	lsrs	r2, r3, #6
2000b996:	f102 0039 	add.w	r0, r2, #57	@ 0x39
2000b99a:	f102 0438 	add.w	r4, r2, #56	@ 0x38
2000b99e:	00c2      	lsls	r2, r0, #3
2000b9a0:	1888      	adds	r0, r1, r2
2000b9a2:	588a      	ldr	r2, [r1, r2]
2000b9a4:	3808      	subs	r0, #8
2000b9a6:	4290      	cmp	r0, r2
2000b9a8:	d103      	bne.n	2000b9b2 <_free_r+0x106>
2000b9aa:	e05d      	b.n	2000ba68 <_free_r+0x1bc>
2000b9ac:	6892      	ldr	r2, [r2, #8]
2000b9ae:	4290      	cmp	r0, r2
2000b9b0:	d004      	beq.n	2000b9bc <_free_r+0x110>
2000b9b2:	6851      	ldr	r1, [r2, #4]
2000b9b4:	f021 0103 	bic.w	r1, r1, #3
2000b9b8:	4299      	cmp	r1, r3
2000b9ba:	d8f7      	bhi.n	2000b9ac <_free_r+0x100>
2000b9bc:	68d0      	ldr	r0, [r2, #12]
2000b9be:	e9cc 2002 	strd	r2, r0, [ip, #8]
2000b9c2:	f8c0 c008 	str.w	ip, [r0, #8]
2000b9c6:	4638      	mov	r0, r7
2000b9c8:	f8c2 c00c 	str.w	ip, [r2, #12]
2000b9cc:	e8bd 41f0 	ldmia.w	sp!, {r4, r5, r6, r7, r8, lr}
2000b9d0:	f7ff bdfe 	b.w	2000b5d0 <__malloc_unlock>
2000b9d4:	bb9d      	cbnz	r5, 2000ba3e <_free_r+0x192>
2000b9d6:	4418      	add	r0, r3
2000b9d8:	e9d2 2302 	ldrd	r2, r3, [r2, #8]
2000b9dc:	60d3      	str	r3, [r2, #12]
2000b9de:	609a      	str	r2, [r3, #8]
2000b9e0:	f040 0301 	orr.w	r3, r0, #1
2000b9e4:	f8cc 3004 	str.w	r3, [ip, #4]
2000b9e8:	f84c 0000 	str.w	r0, [ip, r0]
2000b9ec:	e7ad      	b.n	2000b94a <_free_r+0x9e>
2000b9ee:	4418      	add	r0, r3
2000b9f0:	b946      	cbnz	r6, 2000ba04 <_free_r+0x158>
2000b9f2:	f854 3c08 	ldr.w	r3, [r4, #-8]
2000b9f6:	ebac 0c03 	sub.w	ip, ip, r3
2000b9fa:	4418      	add	r0, r3
2000b9fc:	e9dc 2302 	ldrd	r2, r3, [ip, #8]
2000ba00:	60d3      	str	r3, [r2, #12]
2000ba02:	609a      	str	r2, [r3, #8]
2000ba04:	f040 0301 	orr.w	r3, r0, #1
2000ba08:	f8cc 3004 	str.w	r3, [ip, #4]
2000ba0c:	4b27      	ldr	r3, [pc, #156]	@ (2000baac <_free_r+0x200>)
2000ba0e:	f8c1 c008 	str.w	ip, [r1, #8]
2000ba12:	681b      	ldr	r3, [r3, #0]
2000ba14:	4283      	cmp	r3, r0
2000ba16:	d898      	bhi.n	2000b94a <_free_r+0x9e>
2000ba18:	4b25      	ldr	r3, [pc, #148]	@ (2000bab0 <_free_r+0x204>)
2000ba1a:	4638      	mov	r0, r7
2000ba1c:	6819      	ldr	r1, [r3, #0]
2000ba1e:	f7ff feef 	bl	2000b800 <_malloc_trim_r>
2000ba22:	e792      	b.n	2000b94a <_free_r+0x9e>
2000ba24:	4403      	add	r3, r0
2000ba26:	e799      	b.n	2000b95c <_free_r+0xb0>
2000ba28:	2a14      	cmp	r2, #20
2000ba2a:	d90e      	bls.n	2000ba4a <_free_r+0x19e>
2000ba2c:	2a54      	cmp	r2, #84	@ 0x54
2000ba2e:	d822      	bhi.n	2000ba76 <_free_r+0x1ca>
2000ba30:	0b1a      	lsrs	r2, r3, #12
2000ba32:	f102 006f 	add.w	r0, r2, #111	@ 0x6f
2000ba36:	f102 046e 	add.w	r4, r2, #110	@ 0x6e
2000ba3a:	00c2      	lsls	r2, r0, #3
2000ba3c:	e7b0      	b.n	2000b9a0 <_free_r+0xf4>
2000ba3e:	f043 0101 	orr.w	r1, r3, #1
2000ba42:	f8cc 1004 	str.w	r1, [ip, #4]
2000ba46:	6013      	str	r3, [r2, #0]
2000ba48:	e77f      	b.n	2000b94a <_free_r+0x9e>
2000ba4a:	f102 005c 	add.w	r0, r2, #92	@ 0x5c
2000ba4e:	f102 045b 	add.w	r4, r2, #91	@ 0x5b
2000ba52:	00c2      	lsls	r2, r0, #3
2000ba54:	e7a4      	b.n	2000b9a0 <_free_r+0xf4>
2000ba56:	e9c1 cc04 	strd	ip, ip, [r1, #16]
2000ba5a:	e9cc ee02 	strd	lr, lr, [ip, #8]
2000ba5e:	f8cc 4004 	str.w	r4, [ip, #4]
2000ba62:	f84c 3003 	str.w	r3, [ip, r3]
2000ba66:	e770      	b.n	2000b94a <_free_r+0x9e>
2000ba68:	10a4      	asrs	r4, r4, #2
2000ba6a:	2301      	movs	r3, #1
2000ba6c:	40a3      	lsls	r3, r4
2000ba6e:	684c      	ldr	r4, [r1, #4]
2000ba70:	4323      	orrs	r3, r4
2000ba72:	604b      	str	r3, [r1, #4]
2000ba74:	e7a3      	b.n	2000b9be <_free_r+0x112>
2000ba76:	f5b2 7faa 	cmp.w	r2, #340	@ 0x154
2000ba7a:	d806      	bhi.n	2000ba8a <_free_r+0x1de>
2000ba7c:	0bda      	lsrs	r2, r3, #15
2000ba7e:	f102 0078 	add.w	r0, r2, #120	@ 0x78
2000ba82:	f102 0477 	add.w	r4, r2, #119	@ 0x77
2000ba86:	00c2      	lsls	r2, r0, #3
2000ba88:	e78a      	b.n	2000b9a0 <_free_r+0xf4>
2000ba8a:	f240 5054 	movw	r0, #1364	@ 0x554
2000ba8e:	4282      	cmp	r2, r0
2000ba90:	d806      	bhi.n	2000baa0 <_free_r+0x1f4>
2000ba92:	0c9a      	lsrs	r2, r3, #18
2000ba94:	f102 007d 	add.w	r0, r2, #125	@ 0x7d
2000ba98:	f102 047c 	add.w	r4, r2, #124	@ 0x7c
2000ba9c:	00c2      	lsls	r2, r0, #3
2000ba9e:	e77f      	b.n	2000b9a0 <_free_r+0xf4>
2000baa0:	f44f 727e 	mov.w	r2, #1016	@ 0x3f8
2000baa4:	247e      	movs	r4, #126	@ 0x7e
2000baa6:	e77b      	b.n	2000b9a0 <_free_r+0xf4>
2000baa8:	2000e458 	.word	0x2000e458
2000baac:	2000e454 	.word	0x2000e454
2000bab0:	20012444 	.word	0x20012444

2000bab4 <_fini>:
2000bab4:	b5f8      	push	{r3, r4, r5, r6, r7, lr}
2000bab6:	bf00      	nop

Disassembly of section .data:

2000bab8 <crossfeed_process_stereo>:
2000bab8:	edd0 7a01 	vldr	s15, [r0, #4]
2000babc:	ed90 7a02 	vldr	s14, [r0, #8]
2000bac0:	edd0 3a03 	vldr	s7, [r0, #12]
2000bac4:	ed91 6a00 	vldr	s12, [r1]
2000bac8:	edd2 6a00 	vldr	s13, [r2]
2000bacc:	ed90 4a00 	vldr	s8, [r0]
2000bad0:	ee27 7a87 	vmul.f32	s14, s15, s14
2000bad4:	ee67 7aa3 	vmul.f32	s15, s15, s7
2000bad8:	edd0 4a04 	vldr	s9, [r0, #16]
2000badc:	edd0 5a05 	vldr	s11, [r0, #20]
2000bae0:	ed90 5a06 	vldr	s10, [r0, #24]
2000bae4:	eea4 7a06 	vfma.f32	s14, s8, s12
2000bae8:	eee4 7a26 	vfma.f32	s15, s8, s13
2000baec:	eee4 5a87 	vfma.f32	s11, s9, s14
2000baf0:	eea4 5aa7 	vfma.f32	s10, s9, s15
2000baf4:	ee36 6a47 	vsub.f32	s12, s12, s14
2000baf8:	ee76 6ae7 	vsub.f32	s13, s13, s15
2000bafc:	ed80 7a02 	vstr	s14, [r0, #8]
2000bb00:	edc0 7a03 	vstr	s15, [r0, #12]
2000bb04:	eea4 7ae5 	vfms.f32	s14, s9, s11
2000bb08:	eee4 7ac5 	vfms.f32	s15, s9, s10
2000bb0c:	ee36 6a05 	vadd.f32	s12, s12, s10
2000bb10:	ee76 6aa5 	vadd.f32	s13, s13, s11
2000bb14:	ed80 7a05 	vstr	s14, [r0, #20]
2000bb18:	edc0 7a06 	vstr	s15, [r0, #24]
2000bb1c:	ed81 6a00 	vstr	s12, [r1]
2000bb20:	edc2 6a00 	vstr	s13, [r2]
2000bb24:	4770      	bx	lr
2000bb26:	bf00      	nop

2000bb28 <dsp_process_channel>:
2000bb28:	4b3b      	ldr	r3, [pc, #236]	@ (2000bc18 <dsp_process_channel+0xf0>)
2000bb2a:	ee06 1a90 	vmov	s13, r1
2000bb2e:	f813 c002 	ldrb.w	ip, [r3, r2]
2000bb32:	f1bc 0f00 	cmp.w	ip, #0
2000bb36:	d06c      	beq.n	2000bc12 <dsp_process_channel+0xea>
2000bb38:	2100      	movs	r1, #0
2000bb3a:	f890 3028 	ldrb.w	r3, [r0, #40]	@ 0x28
2000bb3e:	2b00      	cmp	r3, #0
2000bb40:	d162      	bne.n	2000bc08 <dsp_process_channel+0xe0>
2000bb42:	b430      	push	{r4, r5}
2000bb44:	edd0 7a00 	vldr	s15, [r0]
2000bb48:	ee66 7aa7 	vmul.f32	s15, s13, s15
2000bb4c:	ee17 2a90 	vmov	r2, s15
2000bb50:	ec42 2412 	dcp_wxyu r2, r2
2000bb54:	ee80 0420 			dcp_nrdd
2000bb58:	ec53 24b0 	dcp_rddg r2, r3
2000bb5c:	e9d0 4506 	ldrd	r4, r5, [r0, #24]
2000bb60:	ec43 2410 	dcp_wxup r2, r3
2000bb64:	ec45 4411 	dcp_wyup r4, r5
2000bb68:	ee00 0401 			dcp_add0
2000bb6c:	ee10 0401 			dcp_add1
2000bb70:	ee80 0422 			dcp_nrdf
2000bb74:	ee10 2412 			dcp_rdfa r2
2000bb78:	ee07 2a90 	vmov	s15, r2
2000bb7c:	ed90 7a03 	vldr	s14, [r0, #12]
2000bb80:	ed90 6a01 	vldr	s12, [r0, #4]
2000bb84:	ee27 7a67 	vnmul.f32	s14, s14, s15
2000bb88:	eea6 7a26 	vfma.f32	s14, s12, s13
2000bb8c:	ee17 3a10 	vmov	r3, s14
2000bb90:	ec43 3412 	dcp_wxyu r3, r3
2000bb94:	ee80 0420 			dcp_nrdd
2000bb98:	ec53 24b0 	dcp_rddg r2, r3
2000bb9c:	e9d0 4508 	ldrd	r4, r5, [r0, #32]
2000bba0:	ec43 2410 	dcp_wxup r2, r3
2000bba4:	ec45 4411 	dcp_wyup r4, r5
2000bba8:	ee00 0401 			dcp_add0
2000bbac:	ee10 0401 			dcp_add1
2000bbb0:	ee80 0420 			dcp_nrdd
2000bbb4:	ec53 2410 	dcp_rdda r2, r3
2000bbb8:	ed90 7a04 	vldr	s14, [r0, #16]
2000bbbc:	ed90 6a02 	vldr	s12, [r0, #8]
2000bbc0:	ee27 7a67 	vnmul.f32	s14, s14, s15
2000bbc4:	eea6 7a26 	vfma.f32	s14, s12, s13
2000bbc8:	e9c0 2306 	strd	r2, r3, [r0, #24]
2000bbcc:	ee17 3a10 	vmov	r3, s14
2000bbd0:	ec43 3412 	dcp_wxyu r3, r3
2000bbd4:	ee80 0420 			dcp_nrdd
2000bbd8:	ec53 24b0 	dcp_rddg r2, r3
2000bbdc:	3101      	adds	r1, #1
2000bbde:	4561      	cmp	r1, ip
2000bbe0:	e9c0 2308 	strd	r2, r3, [r0, #32]
2000bbe4:	eef0 6a67 	vmov.f32	s13, s15
2000bbe8:	f100 0030 	add.w	r0, r0, #48	@ 0x30
2000bbec:	d008      	beq.n	2000bc00 <dsp_process_channel+0xd8>
2000bbee:	f890 3028 	ldrb.w	r3, [r0, #40]	@ 0x28
2000bbf2:	2b00      	cmp	r3, #0
2000bbf4:	d0a6      	beq.n	2000bb44 <dsp_process_channel+0x1c>
2000bbf6:	3101      	adds	r1, #1
2000bbf8:	4561      	cmp	r1, ip
2000bbfa:	f100 0030 	add.w	r0, r0, #48	@ 0x30
2000bbfe:	d1f6      	bne.n	2000bbee <dsp_process_channel+0xc6>
2000bc00:	bc30      	pop	{r4, r5}
2000bc02:	ee16 0a90 	vmov	r0, s13
2000bc06:	4770      	bx	lr
2000bc08:	3101      	adds	r1, #1
2000bc0a:	4561      	cmp	r1, ip
2000bc0c:	f100 0030 	add.w	r0, r0, #48	@ 0x30
2000bc10:	d193      	bne.n	2000bb3a <dsp_process_channel+0x12>
2000bc12:	ee16 0a90 	vmov	r0, s13
2000bc16:	4770      	bx	lr
2000bc18:	2000e2c8 	.word	0x2000e2c8

2000bc1c <dsp_process_channel_block>:
2000bc1c:	e92d 47f0 	stmdb	sp!, {r4, r5, r6, r7, r8, r9, sl, lr}
2000bc20:	4c3b      	ldr	r4, [pc, #236]	@ (2000bd10 <dsp_process_channel_block+0xf4>)
2000bc22:	f814 9003 	ldrb.w	r9, [r4, r3]
2000bc26:	f1b9 0f00 	cmp.w	r9, #0
2000bc2a:	d06f      	beq.n	2000bd0c <dsp_process_channel_block+0xf0>
2000bc2c:	468a      	mov	sl, r1
2000bc2e:	4617      	mov	r7, r2
2000bc30:	4606      	mov	r6, r0
2000bc32:	f04f 0800 	mov.w	r8, #0
2000bc36:	e005      	b.n	2000bc44 <dsp_process_channel_block+0x28>
2000bc38:	f108 0801 	add.w	r8, r8, #1
2000bc3c:	45c8      	cmp	r8, r9
2000bc3e:	f106 0630 	add.w	r6, r6, #48	@ 0x30
2000bc42:	d063      	beq.n	2000bd0c <dsp_process_channel_block+0xf0>
2000bc44:	f896 3028 	ldrb.w	r3, [r6, #40]	@ 0x28
2000bc48:	2b00      	cmp	r3, #0
2000bc4a:	d1f5      	bne.n	2000bc38 <dsp_process_channel_block+0x1c>
2000bc4c:	e9d6 0106 	ldrd	r0, r1, [r6, #24]
2000bc50:	e9d6 4508 	ldrd	r4, r5, [r6, #32]
2000bc54:	2f00      	cmp	r7, #0
2000bc56:	d04f      	beq.n	2000bcf8 <dsp_process_channel_block+0xdc>
2000bc58:	ed96 4a00 	vldr	s8, [r6]
2000bc5c:	edd6 4a01 	vldr	s9, [r6, #4]
2000bc60:	ed96 5a02 	vldr	s10, [r6, #8]
2000bc64:	edd6 5a03 	vldr	s11, [r6, #12]
2000bc68:	ed96 6a04 	vldr	s12, [r6, #16]
2000bc6c:	46d6      	mov	lr, sl
2000bc6e:	469c      	mov	ip, r3
2000bc70:	edde 6a00 	vldr	s13, [lr]
2000bc74:	ee64 7a26 	vmul.f32	s15, s8, s13
2000bc78:	ee17 2a90 	vmov	r2, s15
2000bc7c:	ec42 2412 	dcp_wxyu r2, r2
2000bc80:	ee80 0420 			dcp_nrdd
2000bc84:	ec53 24b0 	dcp_rddg r2, r3
2000bc88:	ec43 2410 	dcp_wxup r2, r3
2000bc8c:	ec41 0411 	dcp_wyup r0, r1
2000bc90:	ee00 0401 			dcp_add0
2000bc94:	ee10 0401 			dcp_add1
2000bc98:	ee80 0422 			dcp_nrdf
2000bc9c:	ee10 2412 			dcp_rdfa r2
2000bca0:	ee07 2a90 	vmov	s15, r2
2000bca4:	ee27 7ae5 	vnmul.f32	s14, s15, s11
2000bca8:	eea4 7aa6 	vfma.f32	s14, s9, s13
2000bcac:	ee17 3a10 	vmov	r3, s14
2000bcb0:	ec43 3412 	dcp_wxyu r3, r3
2000bcb4:	ee80 0420 			dcp_nrdd
2000bcb8:	ec51 04b0 	dcp_rddg r0, r1
2000bcbc:	ec41 0410 	dcp_wxup r0, r1
2000bcc0:	ec45 4411 	dcp_wyup r4, r5
2000bcc4:	ee00 0401 			dcp_add0
2000bcc8:	ee10 0401 			dcp_add1
2000bccc:	ee80 0420 			dcp_nrdd
2000bcd0:	ec51 0410 	dcp_rdda r0, r1
2000bcd4:	ee27 7ac6 	vnmul.f32	s14, s15, s12
2000bcd8:	eea5 7a26 	vfma.f32	s14, s10, s13
2000bcdc:	ee17 3a10 	vmov	r3, s14
2000bce0:	ec43 3412 	dcp_wxyu r3, r3
2000bce4:	ee80 0420 			dcp_nrdd
2000bce8:	ec55 44b0 	dcp_rddg r4, r5
2000bcec:	f10c 0c01 	add.w	ip, ip, #1
2000bcf0:	4567      	cmp	r7, ip
2000bcf2:	f84e 2b04 	str.w	r2, [lr], #4
2000bcf6:	d1bb      	bne.n	2000bc70 <dsp_process_channel_block+0x54>
2000bcf8:	f108 0801 	add.w	r8, r8, #1
2000bcfc:	45c8      	cmp	r8, r9
2000bcfe:	e9c6 0106 	strd	r0, r1, [r6, #24]
2000bd02:	e9c6 4508 	strd	r4, r5, [r6, #32]
2000bd06:	f106 0630 	add.w	r6, r6, #48	@ 0x30
2000bd0a:	d19b      	bne.n	2000bc44 <dsp_process_channel_block+0x28>
2000bd0c:	e8bd 87f0 	ldmia.w	sp!, {r4, r5, r6, r7, r8, r9, sl, pc}
2000bd10:	2000e2c8 	.word	0x2000e2c8

2000bd14 <usb_sof_irq>:
2000bd14:	4b1e      	ldr	r3, [pc, #120]	@ (2000bd90 <usb_sof_irq+0x7c>)
2000bd16:	681a      	ldr	r2, [r3, #0]
2000bd18:	2a00      	cmp	r2, #0
2000bd1a:	d034      	beq.n	2000bd86 <usb_sof_irq+0x72>
2000bd1c:	7953      	ldrb	r3, [r2, #5]
2000bd1e:	491d      	ldr	r1, [pc, #116]	@ (2000bd94 <usb_sof_irq+0x80>)
2000bd20:	019b      	lsls	r3, r3, #6
2000bd22:	f103 43a0 	add.w	r3, r3, #1342177280	@ 0x50000000
2000bd26:	6898      	ldr	r0, [r3, #8]
2000bd28:	f8d2 c018 	ldr.w	ip, [r2, #24]
2000bd2c:	6953      	ldr	r3, [r2, #20]
2000bd2e:	680a      	ldr	r2, [r1, #0]
2000bd30:	4463      	add	r3, ip
2000bd32:	1a1b      	subs	r3, r3, r0
2000bd34:	b9c2      	cbnz	r2, 2000bd68 <usb_sof_irq+0x54>
2000bd36:	4918      	ldr	r1, [pc, #96]	@ (2000bd98 <usb_sof_irq+0x84>)
2000bd38:	680a      	ldr	r2, [r1, #0]
2000bd3a:	3201      	adds	r2, #1
2000bd3c:	600a      	str	r2, [r1, #0]
2000bd3e:	0792      	lsls	r2, r2, #30
2000bd40:	d111      	bne.n	2000bd66 <usb_sof_irq+0x52>
2000bd42:	4916      	ldr	r1, [pc, #88]	@ (2000bd9c <usb_sof_irq+0x88>)
2000bd44:	680a      	ldr	r2, [r1, #0]
2000bd46:	600b      	str	r3, [r1, #0]
2000bd48:	1a9b      	subs	r3, r3, r2
2000bd4a:	d00c      	beq.n	2000bd66 <usb_sof_irq+0x52>
2000bd4c:	4814      	ldr	r0, [pc, #80]	@ (2000bda0 <usb_sof_irq+0x8c>)
2000bd4e:	029a      	lsls	r2, r3, #10
2000bd50:	6801      	ldr	r1, [r0, #0]
2000bd52:	ebc1 2383 	rsb	r3, r1, r3, lsl #10
2000bd56:	eb01 03e3 	add.w	r3, r1, r3, asr #3
2000bd5a:	2900      	cmp	r1, #0
2000bd5c:	bf18      	it	ne
2000bd5e:	461a      	movne	r2, r3
2000bd60:	4b10      	ldr	r3, [pc, #64]	@ (2000bda4 <usb_sof_irq+0x90>)
2000bd62:	6002      	str	r2, [r0, #0]
2000bd64:	601a      	str	r2, [r3, #0]
2000bd66:	4770      	bx	lr
2000bd68:	f04f 0c00 	mov.w	ip, #0
2000bd6c:	2001      	movs	r0, #1
2000bd6e:	680a      	ldr	r2, [r1, #0]
2000bd70:	f8c1 c000 	str.w	ip, [r1]
2000bd74:	f8df c024 	ldr.w	ip, [pc, #36]	@ 2000bd9c <usb_sof_irq+0x88>
2000bd78:	4907      	ldr	r1, [pc, #28]	@ (2000bd98 <usb_sof_irq+0x84>)
2000bd7a:	f8cc 3000 	str.w	r3, [ip]
2000bd7e:	4b08      	ldr	r3, [pc, #32]	@ (2000bda0 <usb_sof_irq+0x8c>)
2000bd80:	6008      	str	r0, [r1, #0]
2000bd82:	601a      	str	r2, [r3, #0]
2000bd84:	4770      	bx	lr
2000bd86:	4a08      	ldr	r2, [pc, #32]	@ (2000bda8 <usb_sof_irq+0x94>)
2000bd88:	4b06      	ldr	r3, [pc, #24]	@ (2000bda4 <usb_sof_irq+0x90>)
2000bd8a:	6812      	ldr	r2, [r2, #0]
2000bd8c:	601a      	str	r2, [r3, #0]
2000bd8e:	4770      	bx	lr
2000bd90:	20061730 	.word	0x20061730
2000bd94:	20014ab4 	.word	0x20014ab4
2000bd98:	200153bc 	.word	0x200153bc
2000bd9c:	20014aac 	.word	0x20014aac
2000bda0:	20014aa8 	.word	0x20014aa8
2000bda4:	20014ab0 	.word	0x20014ab0
2000bda8:	20014aec 	.word	0x20014aec

2000bdac <_as_sync_packet>:
2000bdac:	b510      	push	{r4, lr}
2000bdae:	4604      	mov	r4, r0
2000bdb0:	f7fe fc24 	bl	2000a5fc <usb_current_in_packet_buffer>
2000bdb4:	2203      	movs	r2, #3
2000bdb6:	4b0b      	ldr	r3, [pc, #44]	@ (2000bde4 <_as_sync_packet+0x38>)
2000bdb8:	8082      	strh	r2, [r0, #4]
2000bdba:	681b      	ldr	r3, [r3, #0]
2000bdbc:	b90b      	cbnz	r3, 2000bdc2 <_as_sync_packet+0x16>
2000bdbe:	4b0a      	ldr	r3, [pc, #40]	@ (2000bde8 <_as_sync_packet+0x3c>)
2000bdc0:	681b      	ldr	r3, [r3, #0]
2000bdc2:	6802      	ldr	r2, [r0, #0]
2000bdc4:	0a19      	lsrs	r1, r3, #8
2000bdc6:	7013      	strb	r3, [r2, #0]
2000bdc8:	6802      	ldr	r2, [r0, #0]
2000bdca:	0c1b      	lsrs	r3, r3, #16
2000bdcc:	7051      	strb	r1, [r2, #1]
2000bdce:	6802      	ldr	r2, [r0, #0]
2000bdd0:	2101      	movs	r1, #1
2000bdd2:	7093      	strb	r3, [r2, #2]
2000bdd4:	68a0      	ldr	r0, [r4, #8]
2000bdd6:	f7fd fffd 	bl	20009dd4 <usb_grow_transfer>
2000bdda:	4620      	mov	r0, r4
2000bddc:	e8bd 4010 	ldmia.w	sp!, {r4, lr}
2000bde0:	f7fd bea4 	b.w	20009b2c <usb_packet_done>
2000bde4:	20014ab0 	.word	0x20014ab0
2000bde8:	20014aec 	.word	0x20014aec

2000bdec <_as_audio_packet>:
2000bdec:	e92d 4ff0 	stmdb	sp!, {r4, r5, r6, r7, r8, r9, sl, fp, lr}
2000bdf0:	ed2d 8b06 	vpush	{d8-d10}
2000bdf4:	b0a3      	sub	sp, #140	@ 0x8c
2000bdf6:	9015      	str	r0, [sp, #84]	@ 0x54
2000bdf8:	f7fe fc40 	bl	2000a67c <usb_current_out_packet_buffer>
2000bdfc:	4a7b      	ldr	r2, [pc, #492]	@ (2000bfec <_as_audio_packet+0x200>)
2000bdfe:	6805      	ldr	r5, [r0, #0]
2000be00:	6813      	ldr	r3, [r2, #0]
2000be02:	8884      	ldrh	r4, [r0, #4]
2000be04:	3301      	adds	r3, #1
2000be06:	6013      	str	r3, [r2, #0]
2000be08:	4a79      	ldr	r2, [pc, #484]	@ (2000bff0 <_as_audio_packet+0x204>)
2000be0a:	4b7a      	ldr	r3, [pc, #488]	@ (2000bff4 <_as_audio_packet+0x208>)
2000be0c:	6a91      	ldr	r1, [r2, #40]	@ 0x28
2000be0e:	681a      	ldr	r2, [r3, #0]
2000be10:	910e      	str	r1, [sp, #56]	@ 0x38
2000be12:	b142      	cbz	r2, 2000be26 <_as_audio_packet+0x3a>
2000be14:	f46f 66fa 	mvn.w	r6, #2000	@ 0x7d0
2000be18:	f64b 307e 	movw	r0, #47998	@ 0xbb7e
2000be1c:	4431      	add	r1, r6
2000be1e:	1a8a      	subs	r2, r1, r2
2000be20:	4282      	cmp	r2, r0
2000be22:	f240 855b 	bls.w	2000c8dc <_as_audio_packet+0xaf0>
2000be26:	2100      	movs	r1, #0
2000be28:	9a0e      	ldr	r2, [sp, #56]	@ 0x38
2000be2a:	e9cd 111e 	strd	r1, r1, [sp, #120]	@ 0x78
2000be2e:	601a      	str	r2, [r3, #0]
2000be30:	4b71      	ldr	r3, [pc, #452]	@ (2000bff8 <_as_audio_packet+0x20c>)
2000be32:	e9cd 1120 	strd	r1, r1, [sp, #128]	@ 0x80
2000be36:	681b      	ldr	r3, [r3, #0]
2000be38:	9313      	str	r3, [sp, #76]	@ 0x4c
2000be3a:	b123      	cbz	r3, 2000be46 <_as_audio_packet+0x5a>
2000be3c:	4618      	mov	r0, r3
2000be3e:	f001 fd1f 	bl	2000d880 <take_audio_buffer>
2000be42:	9013      	str	r0, [sp, #76]	@ 0x4c
2000be44:	901e      	str	r0, [sp, #120]	@ 0x78
2000be46:	4b6d      	ldr	r3, [pc, #436]	@ (2000bffc <_as_audio_packet+0x210>)
2000be48:	681b      	ldr	r3, [r3, #0]
2000be4a:	9310      	str	r3, [sp, #64]	@ 0x40
2000be4c:	b12b      	cbz	r3, 2000be5a <_as_audio_packet+0x6e>
2000be4e:	4618      	mov	r0, r3
2000be50:	2100      	movs	r1, #0
2000be52:	f001 fd15 	bl	2000d880 <take_audio_buffer>
2000be56:	9010      	str	r0, [sp, #64]	@ 0x40
2000be58:	901f      	str	r0, [sp, #124]	@ 0x7c
2000be5a:	4b69      	ldr	r3, [pc, #420]	@ (2000c000 <_as_audio_packet+0x214>)
2000be5c:	681b      	ldr	r3, [r3, #0]
2000be5e:	9311      	str	r3, [sp, #68]	@ 0x44
2000be60:	b12b      	cbz	r3, 2000be6e <_as_audio_packet+0x82>
2000be62:	4618      	mov	r0, r3
2000be64:	2100      	movs	r1, #0
2000be66:	f001 fd0b 	bl	2000d880 <take_audio_buffer>
2000be6a:	9011      	str	r0, [sp, #68]	@ 0x44
2000be6c:	9020      	str	r0, [sp, #128]	@ 0x80
2000be6e:	4b65      	ldr	r3, [pc, #404]	@ (2000c004 <_as_audio_packet+0x218>)
2000be70:	681b      	ldr	r3, [r3, #0]
2000be72:	9312      	str	r3, [sp, #72]	@ 0x48
2000be74:	b12b      	cbz	r3, 2000be82 <_as_audio_packet+0x96>
2000be76:	4618      	mov	r0, r3
2000be78:	2100      	movs	r1, #0
2000be7a:	f001 fd01 	bl	2000d880 <take_audio_buffer>
2000be7e:	9012      	str	r0, [sp, #72]	@ 0x48
2000be80:	9021      	str	r0, [sp, #132]	@ 0x84
2000be82:	9b1e      	ldr	r3, [sp, #120]	@ 0x78
2000be84:	08a4      	lsrs	r4, r4, #2
2000be86:	2b00      	cmp	r3, #0
2000be88:	f000 86d7 	beq.w	2000cc3a <_as_audio_packet+0xe4e>
2000be8c:	609c      	str	r4, [r3, #8]
2000be8e:	4b5e      	ldr	r3, [pc, #376]	@ (2000c008 <_as_audio_packet+0x21c>)
2000be90:	9300      	str	r3, [sp, #0]
2000be92:	9b1f      	ldr	r3, [sp, #124]	@ 0x7c
2000be94:	2b00      	cmp	r3, #0
2000be96:	f000 86c2 	beq.w	2000cc1e <_as_audio_packet+0xe32>
2000be9a:	609c      	str	r4, [r3, #8]
2000be9c:	9b20      	ldr	r3, [sp, #128]	@ 0x80
2000be9e:	2b00      	cmp	r3, #0
2000bea0:	f000 86af 	beq.w	2000cc02 <_as_audio_packet+0xe16>
2000bea4:	609c      	str	r4, [r3, #8]
2000bea6:	9b21      	ldr	r3, [sp, #132]	@ 0x84
2000bea8:	2b00      	cmp	r3, #0
2000beaa:	f000 869c 	beq.w	2000cbe6 <_as_audio_packet+0xdfa>
2000beae:	609c      	str	r4, [r3, #8]
2000beb0:	f7f9 f860 	bl	20004f74 <time_us_64>
2000beb4:	f8df 817c 	ldr.w	r8, [pc, #380]	@ 2000c034 <_as_audio_packet+0x248>
2000beb8:	4606      	mov	r6, r0
2000beba:	f898 3000 	ldrb.w	r3, [r8]
2000bebe:	460f      	mov	r7, r1
2000bec0:	f8df 9174 	ldr.w	r9, [pc, #372]	@ 2000c038 <_as_audio_packet+0x24c>
2000bec4:	b123      	cbz	r3, 2000bed0 <_as_audio_packet+0xe4>
2000bec6:	e9d9 2300 	ldrd	r2, r3, [r9]
2000beca:	431a      	orrs	r2, r3
2000becc:	f040 84da 	bne.w	2000c884 <_as_audio_packet+0xa98>
2000bed0:	4b4e      	ldr	r3, [pc, #312]	@ (2000c00c <_as_audio_packet+0x220>)
2000bed2:	f8df b168 	ldr.w	fp, [pc, #360]	@ 2000c03c <_as_audio_packet+0x250>
2000bed6:	930f      	str	r3, [sp, #60]	@ 0x3c
2000bed8:	e9c9 6700 	strd	r6, r7, [r9]
2000bedc:	f898 3000 	ldrb.w	r3, [r8]
2000bee0:	b92b      	cbnz	r3, 2000beee <_as_audio_packet+0x102>
2000bee2:	2301      	movs	r3, #1
2000bee4:	4a4a      	ldr	r2, [pc, #296]	@ (2000c010 <_as_audio_packet+0x224>)
2000bee6:	e9c2 6700 	strd	r6, r7, [r2]
2000beea:	f888 3000 	strb.w	r3, [r8]
2000beee:	e9db 0100 	ldrd	r0, r1, [fp]
2000bef2:	1822      	adds	r2, r4, r0
2000bef4:	f141 0300 	adc.w	r3, r1, #0
2000bef8:	e9cb 2300 	strd	r2, r3, [fp]
2000befc:	4e45      	ldr	r6, [pc, #276]	@ (2000c014 <_as_audio_packet+0x228>)
2000befe:	7a33      	ldrb	r3, [r6, #8]
2000bf00:	2b00      	cmp	r3, #0
2000bf02:	f040 841c 	bne.w	2000c73e <_as_audio_packet+0x952>
2000bf06:	88f3      	ldrh	r3, [r6, #6]
2000bf08:	b21b      	sxth	r3, r3
2000bf0a:	ee08 3a10 	vmov	s16, r3
2000bf0e:	eeba 8ae8 	vcvt.f32.s32	s16, s16, #15
2000bf12:	4b41      	ldr	r3, [pc, #260]	@ (2000c018 <_as_audio_packet+0x22c>)
2000bf14:	edd3 6a00 	vldr	s13, [r3]
2000bf18:	4b40      	ldr	r3, [pc, #256]	@ (2000c01c <_as_audio_packet+0x230>)
2000bf1a:	781b      	ldrb	r3, [r3, #0]
2000bf1c:	b2db      	uxtb	r3, r3
2000bf1e:	9314      	str	r3, [sp, #80]	@ 0x50
2000bf20:	4b3f      	ldr	r3, [pc, #252]	@ (2000c020 <_as_audio_packet+0x234>)
2000bf22:	781b      	ldrb	r3, [r3, #0]
2000bf24:	b2de      	uxtb	r6, r3
2000bf26:	4b3f      	ldr	r3, [pc, #252]	@ (2000c024 <_as_audio_packet+0x238>)
2000bf28:	681b      	ldr	r3, [r3, #0]
2000bf2a:	2c00      	cmp	r4, #0
2000bf2c:	f000 86c5 	beq.w	2000ccba <_as_audio_packet+0xece>
2000bf30:	f8df c10c 	ldr.w	ip, [pc, #268]	@ 2000c040 <_as_audio_packet+0x254>
2000bf34:	4a3c      	ldr	r2, [pc, #240]	@ (2000c028 <_as_audio_packet+0x23c>)
2000bf36:	ed9f 6a3d 	vldr	s12, [pc, #244]	@ 2000c02c <_as_audio_packet+0x240>
2000bf3a:	4610      	mov	r0, r2
2000bf3c:	4617      	mov	r7, r2
2000bf3e:	4661      	mov	r1, ip
2000bf40:	f8cd c058 	str.w	ip, [sp, #88]	@ 0x58
2000bf44:	ea4f 0884 	mov.w	r8, r4, lsl #2
2000bf48:	eb05 0e84 	add.w	lr, r5, r4, lsl #2
2000bf4c:	f9b5 9000 	ldrsh.w	r9, [r5]
2000bf50:	3504      	adds	r5, #4
2000bf52:	ee07 9a10 	vmov	s14, r9
2000bf56:	f935 9c02 	ldrsh.w	r9, [r5, #-2]
2000bf5a:	eeb8 7ac7 	vcvt.f32.s32	s14, s14
2000bf5e:	ee07 9a90 	vmov	s15, r9
2000bf62:	eef8 7ae7 	vcvt.f32.s32	s15, s15
2000bf66:	ee27 7a06 	vmul.f32	s14, s14, s12
2000bf6a:	ee67 7a86 	vmul.f32	s15, s15, s12
2000bf6e:	ee27 7a26 	vmul.f32	s14, s14, s13
2000bf72:	ee67 7aa6 	vmul.f32	s15, s15, s13
2000bf76:	45ae      	cmp	lr, r5
2000bf78:	eca1 7a01 	vstmia	r1!, {s14}
2000bf7c:	ece7 7a01 	vstmia	r7!, {s15}
2000bf80:	d1e4      	bne.n	2000bf4c <_as_audio_packet+0x160>
2000bf82:	2e00      	cmp	r6, #0
2000bf84:	f000 81dd 	beq.w	2000c342 <_as_audio_packet+0x556>
2000bf88:	2b00      	cmp	r3, #0
2000bf8a:	f000 81da 	beq.w	2000c342 <_as_audio_packet+0x556>
2000bf8e:	4f28      	ldr	r7, [pc, #160]	@ (2000c030 <_as_audio_packet+0x244>)
2000bf90:	f893 9014 	ldrb.w	r9, [r3, #20]
2000bf94:	ed97 7b08 	vldr	d7, [r7, #32]
2000bf98:	e9d7 ab06 	ldrd	sl, fp, [r7, #24]
2000bf9c:	ed8d 7b02 	vstr	d7, [sp, #8]
2000bfa0:	ed97 7b12 	vldr	d7, [r7, #72]	@ 0x48
2000bfa4:	ed8d 7b08 	vstr	d7, [sp, #32]
2000bfa8:	ed97 7b14 	vldr	d7, [r7, #80]	@ 0x50
2000bfac:	ed8d 7b04 	vstr	d7, [sp, #16]
2000bfb0:	ed97 7b1e 	vldr	d7, [r7, #120]	@ 0x78
2000bfb4:	ed8d 7b0c 	vstr	d7, [sp, #48]	@ 0x30
2000bfb8:	ed97 7b20 	vldr	d7, [r7, #128]	@ 0x80
2000bfbc:	ed8d 7b0a 	vstr	d7, [sp, #40]	@ 0x28
2000bfc0:	ed97 7b2a 	vldr	d7, [r7, #168]	@ 0xa8
2000bfc4:	ed8d 7b00 	vstr	d7, [sp]
2000bfc8:	ed97 7b2c 	vldr	d7, [r7, #176]	@ 0xb0
2000bfcc:	ed8d 7b06 	vstr	d7, [sp, #24]
2000bfd0:	f1b9 0f00 	cmp.w	r9, #0
2000bfd4:	f040 8698 	bne.w	2000cd08 <_as_audio_packet+0xf1c>
2000bfd8:	46ce      	mov	lr, r9
2000bfda:	f893 502c 	ldrb.w	r5, [r3, #44]	@ 0x2c
2000bfde:	f8cd 9060 	str.w	r9, [sp, #96]	@ 0x60
2000bfe2:	f8cd 905c 	str.w	r9, [sp, #92]	@ 0x5c
2000bfe6:	f8cd 8068 	str.w	r8, [sp, #104]	@ 0x68
2000bfea:	e02b      	b.n	2000c044 <_as_audio_packet+0x258>
2000bfec:	20015ec8 	.word	0x20015ec8
2000bff0:	400b0000 	.word	0x400b0000
2000bff4:	20014ad8 	.word	0x20014ad8
2000bff8:	20015348 	.word	0x20015348
2000bffc:	2001534c 	.word	0x2001534c
2000c000:	20015350 	.word	0x20015350
2000c004:	20015354 	.word	0x20015354
2000c008:	20012270 	.word	0x20012270
2000c00c:	20015f2f 	.word	0x20015f2f
2000c010:	20012400 	.word	0x20012400
2000c014:	2000e34c 	.word	0x2000e34c
2000c018:	2000e340 	.word	0x2000e340
2000c01c:	20015f2c 	.word	0x20015f2c
2000c020:	20015f33 	.word	0x20015f33
2000c024:	20014930 	.word	0x20014930
2000c028:	20014570 	.word	0x20014570
2000c02c:	38000000 	.word	0x38000000
2000c030:	200121b0 	.word	0x200121b0
2000c034:	20015f3a 	.word	0x20015f3a
2000c038:	200121a8 	.word	0x200121a8
2000c03c:	20012408 	.word	0x20012408
2000c040:	20012770 	.word	0x20012770
2000c044:	ecbc 5a01 	vldmia	ip!, {s10}
2000c048:	edd3 5a00 	vldr	s11, [r3]
2000c04c:	ee65 7a85 	vmul.f32	s15, s11, s10
2000c050:	ecf2 4a01 	vldmia	r2!, {s9}
2000c054:	ee17 0a90 	vmov	r0, s15
2000c058:	ec40 0412 	dcp_wxyu r0, r0
2000c05c:	ee80 0420 			dcp_nrdd
2000c060:	ec51 04b0 	dcp_rddg r0, r1
2000c064:	ec41 0410 	dcp_wxup r0, r1
2000c068:	ec4b a411 	dcp_wyup sl, fp
2000c06c:	ee00 0401 			dcp_add0
2000c070:	ee10 0401 			dcp_add1
2000c074:	ee80 0420 			dcp_nrdd
2000c078:	ec5b a410 	dcp_rdda sl, fp
2000c07c:	ec4b a410 	dcp_wxup sl, fp
2000c080:	ee80 0422 			dcp_nrdf
2000c084:	ee10 a4b2 			dcp_rdfg sl
2000c088:	ee07 aa90 	vmov	s15, sl
2000c08c:	edd3 6a03 	vldr	s13, [r3, #12]
2000c090:	edd3 3a01 	vldr	s7, [r3, #4]
2000c094:	ee27 7ae6 	vnmul.f32	s14, s15, s13
2000c098:	eea3 7a85 	vfma.f32	s14, s7, s10
2000c09c:	ee17 1a10 	vmov	r1, s14
2000c0a0:	ec41 1412 	dcp_wxyu r1, r1
2000c0a4:	ee80 0420 			dcp_nrdd
2000c0a8:	ec5b a4b0 	dcp_rddg sl, fp
2000c0ac:	e9dd 0102 	ldrd	r0, r1, [sp, #8]
2000c0b0:	ec4b a410 	dcp_wxup sl, fp
2000c0b4:	ec41 0411 	dcp_wyup r0, r1
2000c0b8:	ee00 0401 			dcp_add0
2000c0bc:	ee10 0401 			dcp_add1
2000c0c0:	ee80 0420 			dcp_nrdd
2000c0c4:	ec5b a410 	dcp_rdda sl, fp
2000c0c8:	ed93 7a04 	vldr	s14, [r3, #16]
2000c0cc:	ed93 4a02 	vldr	s8, [r3, #8]
2000c0d0:	ee27 6ac7 	vnmul.f32	s12, s15, s14
2000c0d4:	eea4 6a05 	vfma.f32	s12, s8, s10
2000c0d8:	ee16 1a10 	vmov	r1, s12
2000c0dc:	ec41 1412 	dcp_wxyu r1, r1
2000c0e0:	ee80 0420 			dcp_nrdd
2000c0e4:	ec51 04b0 	dcp_rddg r0, r1
2000c0e8:	e9cd 0102 	strd	r0, r1, [sp, #8]
2000c0ec:	2d00      	cmp	r5, #0
2000c0ee:	f040 841d 	bne.w	2000c92c <_as_audio_packet+0xb40>
2000c0f2:	ed93 6a06 	vldr	s12, [r3, #24]
2000c0f6:	ee27 6a86 	vmul.f32	s12, s15, s12
2000c0fa:	ee16 0a10 	vmov	r0, s12
2000c0fe:	ec40 0412 	dcp_wxyu r0, r0
2000c102:	ee80 0420 			dcp_nrdd
2000c106:	ec51 04b0 	dcp_rddg r0, r1
2000c10a:	e9dd 8908 	ldrd	r8, r9, [sp, #32]
2000c10e:	ec41 0410 	dcp_wxup r0, r1
2000c112:	ec49 8411 	dcp_wyup r8, r9
2000c116:	ee00 0401 			dcp_add0
2000c11a:	ee10 0401 			dcp_add1
2000c11e:	ee80 0420 			dcp_nrdd
2000c122:	ec51 0410 	dcp_rdda r0, r1
2000c126:	ec41 0410 	dcp_wxup r0, r1
2000c12a:	ee80 0422 			dcp_nrdf
2000c12e:	ee10 04b2 			dcp_rdfg r0
2000c132:	ee05 0a10 	vmov	s10, r0
2000c136:	ed93 6a09 	vldr	s12, [r3, #36]	@ 0x24
2000c13a:	ed93 3a07 	vldr	s6, [r3, #28]
2000c13e:	ee26 6a45 	vnmul.f32	s12, s12, s10
2000c142:	eea7 6a83 	vfma.f32	s12, s15, s6
2000c146:	ee16 1a10 	vmov	r1, s12
2000c14a:	ec41 1412 	dcp_wxyu r1, r1
2000c14e:	ee80 0420 			dcp_nrdd
2000c152:	ec51 04b0 	dcp_rddg r0, r1
2000c156:	e9dd 8904 	ldrd	r8, r9, [sp, #16]
2000c15a:	ec41 0410 	dcp_wxup r0, r1
2000c15e:	ec49 8411 	dcp_wyup r8, r9
2000c162:	ee00 0401 			dcp_add0
2000c166:	ee10 0401 			dcp_add1
2000c16a:	ee80 0420 			dcp_nrdd
2000c16e:	ec51 0410 	dcp_rdda r0, r1
2000c172:	ed93 6a0a 	vldr	s12, [r3, #40]	@ 0x28
2000c176:	ed93 3a08 	vldr	s6, [r3, #32]
2000c17a:	ee26 6a45 	vnmul.f32	s12, s12, s10
2000c17e:	eea7 6a83 	vfma.f32	s12, s15, s6
2000c182:	e9cd 0108 	strd	r0, r1, [sp, #32]
2000c186:	ee16 1a10 	vmov	r1, s12
2000c18a:	ec41 1412 	dcp_wxyu r1, r1
2000c18e:	ee80 0420 			dcp_nrdd
2000c192:	ec51 04b0 	dcp_rddg r0, r1
2000c196:	e9cd 0104 	strd	r0, r1, [sp, #16]
2000c19a:	9617      	str	r6, [sp, #92]	@ 0x5c
2000c19c:	ee65 7aa4 	vmul.f32	s15, s11, s9
2000c1a0:	ee17 0a90 	vmov	r0, s15
2000c1a4:	ec40 0412 	dcp_wxyu r0, r0
2000c1a8:	ee80 0420 			dcp_nrdd
2000c1ac:	ec51 04b0 	dcp_rddg r0, r1
2000c1b0:	e9dd 890c 	ldrd	r8, r9, [sp, #48]	@ 0x30
2000c1b4:	ec41 0410 	dcp_wxup r0, r1
2000c1b8:	ec49 8411 	dcp_wyup r8, r9
2000c1bc:	ee00 0401 			dcp_add0
2000c1c0:	ee10 0401 			dcp_add1
2000c1c4:	ee80 0420 			dcp_nrdd
2000c1c8:	ec51 0410 	dcp_rdda r0, r1
2000c1cc:	ec41 0410 	dcp_wxup r0, r1
2000c1d0:	ee80 0422 			dcp_nrdf
2000c1d4:	ee10 04b2 			dcp_rdfg r0
2000c1d8:	ee07 0a90 	vmov	s15, r0
2000c1dc:	ee67 6ae6 	vnmul.f32	s13, s15, s13
2000c1e0:	eee3 6aa4 	vfma.f32	s13, s7, s9
2000c1e4:	ee16 1a90 	vmov	r1, s13
2000c1e8:	ec41 1412 	dcp_wxyu r1, r1
2000c1ec:	ee80 0420 			dcp_nrdd
2000c1f0:	ec51 04b0 	dcp_rddg r0, r1
2000c1f4:	e9dd 890a 	ldrd	r8, r9, [sp, #40]	@ 0x28
2000c1f8:	ec41 0410 	dcp_wxup r0, r1
2000c1fc:	ec49 8411 	dcp_wyup r8, r9
2000c200:	ee00 0401 			dcp_add0
2000c204:	ee10 0401 			dcp_add1
2000c208:	ee80 0420 			dcp_nrdd
2000c20c:	ec51 0410 	dcp_rdda r0, r1
2000c210:	ee27 7ac7 	vnmul.f32	s14, s15, s14
2000c214:	eea4 7a24 	vfma.f32	s14, s8, s9
2000c218:	e9cd 010c 	strd	r0, r1, [sp, #48]	@ 0x30
2000c21c:	ee17 1a10 	vmov	r1, s14
2000c220:	ec41 1412 	dcp_wxyu r1, r1
2000c224:	ee80 0420 			dcp_nrdd
2000c228:	ec51 04b0 	dcp_rddg r0, r1
2000c22c:	e9cd 010a 	strd	r0, r1, [sp, #40]	@ 0x28
2000c230:	2d00      	cmp	r5, #0
2000c232:	f040 8359 	bne.w	2000c8e8 <_as_audio_packet+0xafc>
2000c236:	ed93 7a06 	vldr	s14, [r3, #24]
2000c23a:	ee27 7a87 	vmul.f32	s14, s15, s14
2000c23e:	edd3 5a08 	vldr	s11, [r3, #32]
2000c242:	edd3 6a0a 	vldr	s13, [r3, #40]	@ 0x28
2000c246:	ee17 0a10 	vmov	r0, s14
2000c24a:	ec40 0412 	dcp_wxyu r0, r0
2000c24e:	ee80 0420 			dcp_nrdd
2000c252:	ec51 04b0 	dcp_rddg r0, r1
2000c256:	e9dd 8900 	ldrd	r8, r9, [sp]
2000c25a:	ec41 0410 	dcp_wxup r0, r1
2000c25e:	ec49 8411 	dcp_wyup r8, r9
2000c262:	ee00 0401 			dcp_add0
2000c266:	ee10 0401 			dcp_add1
2000c26a:	ee80 0420 			dcp_nrdd
2000c26e:	ec51 0410 	dcp_rdda r0, r1
2000c272:	ec41 0410 	dcp_wxup r0, r1
2000c276:	ee80 0422 			dcp_nrdf
2000c27a:	ee10 04b2 			dcp_rdfg r0
2000c27e:	ee07 0a10 	vmov	s14, r0
2000c282:	ed93 6a09 	vldr	s12, [r3, #36]	@ 0x24
2000c286:	edd3 4a07 	vldr	s9, [r3, #28]
2000c28a:	ee26 6a47 	vnmul.f32	s12, s12, s14
2000c28e:	eea4 6aa7 	vfma.f32	s12, s9, s15
2000c292:	ee16 1a10 	vmov	r1, s12
2000c296:	ec41 1412 	dcp_wxyu r1, r1
2000c29a:	ee80 0420 			dcp_nrdd
2000c29e:	ec51 04b0 	dcp_rddg r0, r1
2000c2a2:	e9dd 8906 	ldrd	r8, r9, [sp, #24]
2000c2a6:	ec41 0410 	dcp_wxup r0, r1
2000c2aa:	ec49 8411 	dcp_wyup r8, r9
2000c2ae:	ee00 0401 			dcp_add0
2000c2b2:	ee10 0401 			dcp_add1
2000c2b6:	ee80 0420 			dcp_nrdd
2000c2ba:	ec51 0410 	dcp_rdda r0, r1
2000c2be:	ee67 6a66 	vnmul.f32	s13, s14, s13
2000c2c2:	eee5 6aa7 	vfma.f32	s13, s11, s15
2000c2c6:	e9cd 0100 	strd	r0, r1, [sp]
2000c2ca:	ee16 1a90 	vmov	r1, s13
2000c2ce:	ec41 1412 	dcp_wxyu r1, r1
2000c2d2:	ee80 0420 			dcp_nrdd
2000c2d6:	ec51 04b0 	dcp_rddg r0, r1
2000c2da:	f10e 0e01 	add.w	lr, lr, #1
2000c2de:	4574      	cmp	r4, lr
2000c2e0:	ed0c 5a01 	vstr	s10, [ip, #-4]
2000c2e4:	ed02 7a01 	vstr	s14, [r2, #-4]
2000c2e8:	e9cd 0106 	strd	r0, r1, [sp, #24]
2000c2ec:	d001      	beq.n	2000c2f2 <_as_audio_packet+0x506>
2000c2ee:	9618      	str	r6, [sp, #96]	@ 0x60
2000c2f0:	e6a8      	b.n	2000c044 <_as_audio_packet+0x258>
2000c2f2:	f8dd 905c 	ldr.w	r9, [sp, #92]	@ 0x5c
2000c2f6:	f8dd 8068 	ldr.w	r8, [sp, #104]	@ 0x68
2000c2fa:	ed9d 7b06 	vldr	d7, [sp, #24]
2000c2fe:	ed87 7b2c 	vstr	d7, [r7, #176]	@ 0xb0
2000c302:	ed9d 7b00 	vldr	d7, [sp]
2000c306:	ed87 7b2a 	vstr	d7, [r7, #168]	@ 0xa8
2000c30a:	2e00      	cmp	r6, #0
2000c30c:	f000 8301 	beq.w	2000c912 <_as_audio_packet+0xb26>
2000c310:	ed9d 7b0a 	vldr	d7, [sp, #40]	@ 0x28
2000c314:	ed87 7b20 	vstr	d7, [r7, #128]	@ 0x80
2000c318:	ed9d 7b0c 	vldr	d7, [sp, #48]	@ 0x30
2000c31c:	ed87 7b1e 	vstr	d7, [r7, #120]	@ 0x78
2000c320:	f1b9 0f00 	cmp.w	r9, #0
2000c324:	d007      	beq.n	2000c336 <_as_audio_packet+0x54a>
2000c326:	ed9d 7b04 	vldr	d7, [sp, #16]
2000c32a:	ed87 7b14 	vstr	d7, [r7, #80]	@ 0x50
2000c32e:	ed9d 7b08 	vldr	d7, [sp, #32]
2000c332:	ed87 7b12 	vstr	d7, [r7, #72]	@ 0x48
2000c336:	ed9d 7b02 	vldr	d7, [sp, #8]
2000c33a:	ed87 7b08 	vstr	d7, [r7, #32]
2000c33e:	e9c7 ab06 	strd	sl, fp, [r7, #24]
2000c342:	9b14      	ldr	r3, [sp, #80]	@ 0x50
2000c344:	2b00      	cmp	r3, #0
2000c346:	f000 81fe 	beq.w	2000c746 <_as_audio_packet+0x95a>
2000c34a:	4b77      	ldr	r3, [pc, #476]	@ (2000c528 <_as_audio_packet+0x73c>)
2000c34c:	eddf 8a77 	vldr	s17, [pc, #476]	@ 2000c52c <_as_audio_packet+0x740>
2000c350:	781d      	ldrb	r5, [r3, #0]
2000c352:	b2ed      	uxtb	r5, r5
2000c354:	2d00      	cmp	r5, #0
2000c356:	f000 8212 	beq.w	2000c77e <_as_audio_packet+0x992>
2000c35a:	eeb0 9a68 	vmov.f32	s18, s17
2000c35e:	9916      	ldr	r1, [sp, #88]	@ 0x58
2000c360:	4b73      	ldr	r3, [pc, #460]	@ (2000c530 <_as_audio_packet+0x744>)
2000c362:	4a74      	ldr	r2, [pc, #464]	@ (2000c534 <_as_audio_packet+0x748>)
2000c364:	4441      	add	r1, r8
2000c366:	ecb3 7a01 	vldmia	r3!, {s14}
2000c36a:	ecf2 7a01 	vldmia	r2!, {s15}
2000c36e:	eeb0 7ac7 	vabs.f32	s14, s14
2000c372:	eef0 7ae7 	vabs.f32	s15, s15
2000c376:	eeb4 7ac9 	vcmpe.f32	s14, s18
2000c37a:	eef1 fa10 	vmrs	APSR_nzcv, fpscr
2000c37e:	eef4 7ae8 	vcmpe.f32	s15, s17
2000c382:	fe37 9a09 	vselgt.f32	s18, s14, s18
2000c386:	eef1 fa10 	vmrs	APSR_nzcv, fpscr
2000c38a:	fe77 8aa8 	vselgt.f32	s17, s15, s17
2000c38e:	4299      	cmp	r1, r3
2000c390:	d1e9      	bne.n	2000c366 <_as_audio_packet+0x57a>
2000c392:	f8df b1ac 	ldr.w	fp, [pc, #428]	@ 2000c540 <_as_audio_packet+0x754>
2000c396:	4b68      	ldr	r3, [pc, #416]	@ (2000c538 <_as_audio_packet+0x74c>)
2000c398:	eb08 000b 	add.w	r0, r8, fp
2000c39c:	461e      	mov	r6, r3
2000c39e:	4605      	mov	r5, r0
2000c3a0:	465f      	mov	r7, fp
2000c3a2:	4699      	mov	r9, r3
2000c3a4:	9300      	str	r3, [sp, #0]
2000c3a6:	f50b 5ad8 	add.w	sl, fp, #6912	@ 0x1b00
2000c3aa:	9002      	str	r0, [sp, #8]
2000c3ac:	9304      	str	r3, [sp, #16]
2000c3ae:	f899 20d8 	ldrb.w	r2, [r9, #216]	@ 0xd8
2000c3b2:	2a00      	cmp	r2, #0
2000c3b4:	d074      	beq.n	2000c4a0 <_as_audio_packet+0x6b4>
2000c3b6:	7831      	ldrb	r1, [r6, #0]
2000c3b8:	f896 206c 	ldrb.w	r2, [r6, #108]	@ 0x6c
2000c3bc:	2900      	cmp	r1, #0
2000c3be:	d163      	bne.n	2000c488 <_as_audio_packet+0x69c>
2000c3c0:	2a00      	cmp	r2, #0
2000c3c2:	d06d      	beq.n	2000c4a0 <_as_audio_packet+0x6b4>
2000c3c4:	f896 206d 	ldrb.w	r2, [r6, #109]	@ 0x6d
2000c3c8:	edd6 6a1d 	vldr	s13, [r6, #116]	@ 0x74
2000c3cc:	b10a      	cbz	r2, 2000c3d2 <_as_audio_packet+0x5e6>
2000c3ce:	eef1 6a66 	vneg.f32	s13, s13
2000c3d2:	eef5 6a40 	vcmp.f32	s13, #0.0
2000c3d6:	eef1 fa10 	vmrs	APSR_nzcv, fpscr
2000c3da:	d061      	beq.n	2000c4a0 <_as_audio_packet+0x6b4>
2000c3dc:	b14c      	cbz	r4, 2000c3f2 <_as_audio_packet+0x606>
2000c3de:	463a      	mov	r2, r7
2000c3e0:	4954      	ldr	r1, [pc, #336]	@ (2000c534 <_as_audio_packet+0x748>)
2000c3e2:	ecf1 7a01 	vldmia	r1!, {s15}
2000c3e6:	ee66 7aa7 	vmul.f32	s15, s13, s15
2000c3ea:	ece2 7a01 	vstmia	r2!, {s15}
2000c3ee:	4295      	cmp	r5, r2
2000c3f0:	d1f7      	bne.n	2000c3e2 <_as_audio_packet+0x5f6>
2000c3f2:	f507 7740 	add.w	r7, r7, #768	@ 0x300
2000c3f6:	45ba      	cmp	sl, r7
2000c3f8:	f109 0914 	add.w	r9, r9, #20
2000c3fc:	f505 7540 	add.w	r5, r5, #768	@ 0x300
2000c400:	f106 060c 	add.w	r6, r6, #12
2000c404:	d1d3      	bne.n	2000c3ae <_as_audio_packet+0x5c2>
2000c406:	4a4d      	ldr	r2, [pc, #308]	@ (2000c53c <_as_audio_packet+0x750>)
2000c408:	9802      	ldr	r0, [sp, #8]
2000c40a:	7812      	ldrb	r2, [r2, #0]
2000c40c:	9b04      	ldr	r3, [sp, #16]
2000c40e:	2a02      	cmp	r2, #2
2000c410:	fa5f fa82 	uxtb.w	sl, r2
2000c414:	f000 829c 	beq.w	2000c950 <_as_audio_packet+0xb64>
2000c418:	f8df b128 	ldr.w	fp, [pc, #296]	@ 2000c544 <_as_audio_packet+0x758>
2000c41c:	eef7 9a00 	vmov.f32	s19, #112	@ 0x3f800000  1.0
2000c420:	f8df 9124 	ldr.w	r9, [pc, #292]	@ 2000c548 <_as_audio_packet+0x75c>
2000c424:	4f46      	ldr	r7, [pc, #280]	@ (2000c540 <_as_audio_packet+0x754>)
2000c426:	4d44      	ldr	r5, [pc, #272]	@ (2000c538 <_as_audio_packet+0x74c>)
2000c428:	f10b 0602 	add.w	r6, fp, #2
2000c42c:	f10b 0a0b 	add.w	sl, fp, #11
2000c430:	9002      	str	r0, [sp, #8]
2000c432:	9304      	str	r3, [sp, #16]
2000c434:	e01a      	b.n	2000c46c <_as_audio_packet+0x680>
2000c436:	7833      	ldrb	r3, [r6, #0]
2000c438:	2b00      	cmp	r3, #0
2000c43a:	d068      	beq.n	2000c50e <_as_audio_packet+0x722>
2000c43c:	edd5 7a38 	vldr	s15, [r5, #224]	@ 0xe0
2000c440:	ee68 7a27 	vmul.f32	s15, s16, s15
2000c444:	eef5 7a40 	vcmp.f32	s15, #0.0
2000c448:	eef1 fa10 	vmrs	APSR_nzcv, fpscr
2000c44c:	d016      	beq.n	2000c47c <_as_audio_packet+0x690>
2000c44e:	eef4 7a69 	vcmp.f32	s15, s19
2000c452:	eef1 fa10 	vmrs	APSR_nzcv, fpscr
2000c456:	f040 826c 	bne.w	2000c932 <_as_audio_packet+0xb46>
2000c45a:	3601      	adds	r6, #1
2000c45c:	45b2      	cmp	sl, r6
2000c45e:	f105 0514 	add.w	r5, r5, #20
2000c462:	f507 7740 	add.w	r7, r7, #768	@ 0x300
2000c466:	f509 7910 	add.w	r9, r9, #576	@ 0x240
2000c46a:	d06f      	beq.n	2000c54c <_as_audio_packet+0x760>
2000c46c:	f895 30d8 	ldrb.w	r3, [r5, #216]	@ 0xd8
2000c470:	2b00      	cmp	r3, #0
2000c472:	d0f2      	beq.n	2000c45a <_as_audio_packet+0x66e>
2000c474:	f895 30d9 	ldrb.w	r3, [r5, #217]	@ 0xd9
2000c478:	2b00      	cmp	r3, #0
2000c47a:	d0dc      	beq.n	2000c436 <_as_audio_packet+0x64a>
2000c47c:	4642      	mov	r2, r8
2000c47e:	2100      	movs	r1, #0
2000c480:	4638      	mov	r0, r7
2000c482:	f7ff f8ab 	bl	2000b5dc <memset>
2000c486:	e7e8      	b.n	2000c45a <_as_audio_packet+0x66e>
2000c488:	7871      	ldrb	r1, [r6, #1]
2000c48a:	ed96 7a02 	vldr	s14, [r6, #8]
2000c48e:	b109      	cbz	r1, 2000c494 <_as_audio_packet+0x6a8>
2000c490:	eeb1 7a47 	vneg.f32	s14, s14
2000c494:	b9ba      	cbnz	r2, 2000c4c6 <_as_audio_packet+0x6da>
2000c496:	eeb5 7a40 	vcmp.f32	s14, #0.0
2000c49a:	eef1 fa10 	vmrs	APSR_nzcv, fpscr
2000c49e:	d105      	bne.n	2000c4ac <_as_audio_packet+0x6c0>
2000c4a0:	4642      	mov	r2, r8
2000c4a2:	2100      	movs	r1, #0
2000c4a4:	4638      	mov	r0, r7
2000c4a6:	f7ff f899 	bl	2000b5dc <memset>
2000c4aa:	e7a2      	b.n	2000c3f2 <_as_audio_packet+0x606>
2000c4ac:	2c00      	cmp	r4, #0
2000c4ae:	d0a0      	beq.n	2000c3f2 <_as_audio_packet+0x606>
2000c4b0:	463a      	mov	r2, r7
2000c4b2:	491f      	ldr	r1, [pc, #124]	@ (2000c530 <_as_audio_packet+0x744>)
2000c4b4:	ecf1 7a01 	vldmia	r1!, {s15}
2000c4b8:	ee67 7a27 	vmul.f32	s15, s14, s15
2000c4bc:	ece2 7a01 	vstmia	r2!, {s15}
2000c4c0:	4295      	cmp	r5, r2
2000c4c2:	d1f7      	bne.n	2000c4b4 <_as_audio_packet+0x6c8>
2000c4c4:	e795      	b.n	2000c3f2 <_as_audio_packet+0x606>
2000c4c6:	f896 206d 	ldrb.w	r2, [r6, #109]	@ 0x6d
2000c4ca:	edd6 6a1d 	vldr	s13, [r6, #116]	@ 0x74
2000c4ce:	b10a      	cbz	r2, 2000c4d4 <_as_audio_packet+0x6e8>
2000c4d0:	eef1 6a66 	vneg.f32	s13, s13
2000c4d4:	eeb5 7a40 	vcmp.f32	s14, #0.0
2000c4d8:	eef1 fa10 	vmrs	APSR_nzcv, fpscr
2000c4dc:	f43f af79 	beq.w	2000c3d2 <_as_audio_packet+0x5e6>
2000c4e0:	eef5 6a40 	vcmp.f32	s13, #0.0
2000c4e4:	eef1 fa10 	vmrs	APSR_nzcv, fpscr
2000c4e8:	d0e0      	beq.n	2000c4ac <_as_audio_packet+0x6c0>
2000c4ea:	2c00      	cmp	r4, #0
2000c4ec:	d081      	beq.n	2000c3f2 <_as_audio_packet+0x606>
2000c4ee:	463a      	mov	r2, r7
2000c4f0:	480f      	ldr	r0, [pc, #60]	@ (2000c530 <_as_audio_packet+0x744>)
2000c4f2:	4910      	ldr	r1, [pc, #64]	@ (2000c534 <_as_audio_packet+0x748>)
2000c4f4:	ecf1 7a01 	vldmia	r1!, {s15}
2000c4f8:	ecb0 6a01 	vldmia	r0!, {s12}
2000c4fc:	ee66 7aa7 	vmul.f32	s15, s13, s15
2000c500:	eee7 7a06 	vfma.f32	s15, s14, s12
2000c504:	ece2 7a01 	vstmia	r2!, {s15}
2000c508:	4295      	cmp	r5, r2
2000c50a:	d1f3      	bne.n	2000c4f4 <_as_audio_packet+0x708>
2000c50c:	e771      	b.n	2000c3f2 <_as_audio_packet+0x606>
2000c50e:	eba6 030b 	sub.w	r3, r6, fp
2000c512:	b2db      	uxtb	r3, r3
2000c514:	4622      	mov	r2, r4
2000c516:	4639      	mov	r1, r7
2000c518:	4648      	mov	r0, r9
2000c51a:	f7ff fb7f 	bl	2000bc1c <dsp_process_channel_block>
2000c51e:	f895 30d9 	ldrb.w	r3, [r5, #217]	@ 0xd9
2000c522:	2b00      	cmp	r3, #0
2000c524:	d08a      	beq.n	2000c43c <_as_audio_packet+0x650>
2000c526:	e7a9      	b.n	2000c47c <_as_audio_packet+0x690>
2000c528:	2000e310 	.word	0x2000e310
2000c52c:	00000000 	.word	0x00000000
2000c530:	20012770 	.word	0x20012770
2000c534:	20014570 	.word	0x20014570
2000c538:	20012270 	.word	0x20012270
2000c53c:	20015f2e 	.word	0x20015f2e
2000c540:	20012a70 	.word	0x20012a70
2000c544:	20015f40 	.word	0x20015f40
2000c548:	200163d0 	.word	0x200163d0
2000c54c:	4abb      	ldr	r2, [pc, #748]	@ (2000c83c <_as_audio_packet+0xa50>)
2000c54e:	9802      	ldr	r0, [sp, #8]
2000c550:	7812      	ldrb	r2, [r2, #0]
2000c552:	9b04      	ldr	r3, [sp, #16]
2000c554:	b3a2      	cbz	r2, 2000c5c0 <_as_audio_packet+0x7d4>
2000c556:	4606      	mov	r6, r0
2000c558:	469b      	mov	fp, r3
2000c55a:	4ab9      	ldr	r2, [pc, #740]	@ (2000c840 <_as_audio_packet+0xa54>)
2000c55c:	f8df c320 	ldr.w	ip, [pc, #800]	@ 2000c880 <_as_audio_packet+0xa94>
2000c560:	f8d2 9000 	ldr.w	r9, [r2]
2000c564:	4db7      	ldr	r5, [pc, #732]	@ (2000c844 <_as_audio_packet+0xa58>)
2000c566:	f8df e2e4 	ldr.w	lr, [pc, #740]	@ 2000c84c <_as_audio_packet+0xa60>
2000c56a:	9202      	str	r2, [sp, #8]
2000c56c:	f10c 0a24 	add.w	sl, ip, #36	@ 0x24
2000c570:	f85c 3f04 	ldr.w	r3, [ip, #4]!
2000c574:	2b00      	cmp	r3, #0
2000c576:	dd15      	ble.n	2000c5a4 <_as_audio_packet+0x7b8>
2000c578:	b1a4      	cbz	r4, 2000c5a4 <_as_audio_packet+0x7b8>
2000c57a:	4677      	mov	r7, lr
2000c57c:	464a      	mov	r2, r9
2000c57e:	edd7 7a00 	vldr	s15, [r7]
2000c582:	eb05 0182 	add.w	r1, r5, r2, lsl #2
2000c586:	edc1 7a00 	vstr	s15, [r1]
2000c58a:	1ad1      	subs	r1, r2, r3
2000c58c:	f3c1 010c 	ubfx	r1, r1, #0, #13
2000c590:	eb05 0181 	add.w	r1, r5, r1, lsl #2
2000c594:	6809      	ldr	r1, [r1, #0]
2000c596:	3201      	adds	r2, #1
2000c598:	f847 1b04 	str.w	r1, [r7], #4
2000c59c:	42be      	cmp	r6, r7
2000c59e:	f3c2 020c 	ubfx	r2, r2, #0, #13
2000c5a2:	d1ec      	bne.n	2000c57e <_as_audio_packet+0x792>
2000c5a4:	45e2      	cmp	sl, ip
2000c5a6:	f50e 7e40 	add.w	lr, lr, #768	@ 0x300
2000c5aa:	f505 4500 	add.w	r5, r5, #32768	@ 0x8000
2000c5ae:	f506 7640 	add.w	r6, r6, #768	@ 0x300
2000c5b2:	d1dd      	bne.n	2000c570 <_as_audio_packet+0x784>
2000c5b4:	465b      	mov	r3, fp
2000c5b6:	9902      	ldr	r1, [sp, #8]
2000c5b8:	44a1      	add	r9, r4
2000c5ba:	f3c9 020c 	ubfx	r2, r9, #0, #13
2000c5be:	600a      	str	r2, [r1, #0]
2000c5c0:	ed9f 8aa1 	vldr	s16, [pc, #644]	@ 2000c848 <_as_audio_packet+0xa5c>
2000c5c4:	2c00      	cmp	r4, #0
2000c5c6:	f000 848a 	beq.w	2000cede <_as_audio_packet+0x10f2>
2000c5ca:	eef0 9a48 	vmov.f32	s19, s16
2000c5ce:	4a9f      	ldr	r2, [pc, #636]	@ (2000c84c <_as_audio_packet+0xa60>)
2000c5d0:	ecf2 6a01 	vldmia	r2!, {s13}
2000c5d4:	eef0 6ae6 	vabs.f32	s13, s13
2000c5d8:	edd2 7abf 	vldr	s15, [r2, #764]	@ 0x2fc
2000c5dc:	eef4 6ae9 	vcmpe.f32	s13, s19
2000c5e0:	eef0 7ae7 	vabs.f32	s15, s15
2000c5e4:	eef1 fa10 	vmrs	APSR_nzcv, fpscr
2000c5e8:	eef4 7ac8 	vcmpe.f32	s15, s16
2000c5ec:	fe76 9aa9 	vselgt.f32	s19, s13, s19
2000c5f0:	eef1 fa10 	vmrs	APSR_nzcv, fpscr
2000c5f4:	fe37 8a88 	vselgt.f32	s16, s15, s16
2000c5f8:	4290      	cmp	r0, r2
2000c5fa:	d1e9      	bne.n	2000c5d0 <_as_audio_packet+0x7e4>
2000c5fc:	eef7 5a00 	vmov.f32	s11, #112	@ 0x3f800000  1.0
2000c600:	eebf 6a00 	vmov.f32	s12, #240	@ 0xbf800000 -1.0
2000c604:	eddf 6a92 	vldr	s13, [pc, #584]	@ 2000c850 <_as_audio_packet+0xa64>
2000c608:	4699      	mov	r9, r3
2000c60a:	4d90      	ldr	r5, [pc, #576]	@ (2000c84c <_as_audio_packet+0xa60>)
2000c60c:	9b13      	ldr	r3, [sp, #76]	@ 0x4c
2000c60e:	ae1e      	add	r6, sp, #120	@ 0x78
2000c610:	af21      	add	r7, sp, #132	@ 0x84
2000c612:	b363      	cbz	r3, 2000c66e <_as_audio_packet+0x882>
2000c614:	681b      	ldr	r3, [r3, #0]
2000c616:	6858      	ldr	r0, [r3, #4]
2000c618:	f899 30d8 	ldrb.w	r3, [r9, #216]	@ 0xd8
2000c61c:	b913      	cbnz	r3, 2000c624 <_as_audio_packet+0x838>
2000c61e:	f899 10ec 	ldrb.w	r1, [r9, #236]	@ 0xec
2000c622:	b369      	cbz	r1, 2000c680 <_as_audio_packet+0x894>
2000c624:	b31c      	cbz	r4, 2000c66e <_as_audio_packet+0x882>
2000c626:	462a      	mov	r2, r5
2000c628:	f505 7340 	add.w	r3, r5, #768	@ 0x300
2000c62c:	eb00 0108 	add.w	r1, r0, r8
2000c630:	ecb2 7a01 	vldmia	r2!, {s14}
2000c634:	ecf3 7a01 	vldmia	r3!, {s15}
2000c638:	fe87 7a65 	vminnm.f32	s14, s14, s11
2000c63c:	fec7 7ae5 	vminnm.f32	s15, s15, s11
2000c640:	fe87 7a06 	vmaxnm.f32	s14, s14, s12
2000c644:	fec7 7a86 	vmaxnm.f32	s15, s15, s12
2000c648:	ee27 7a26 	vmul.f32	s14, s14, s13
2000c64c:	ee67 7aa6 	vmul.f32	s15, s15, s13
2000c650:	eebd 7ac7 	vcvt.s32.f32	s14, s14
2000c654:	eefd 7ae7 	vcvt.s32.f32	s15, s15
2000c658:	ee17 ca10 	vmov	ip, s14
2000c65c:	f8a0 c000 	strh.w	ip, [r0]
2000c660:	ee17 ca90 	vmov	ip, s15
2000c664:	3004      	adds	r0, #4
2000c666:	4281      	cmp	r1, r0
2000c668:	f820 cc02 	strh.w	ip, [r0, #-2]
2000c66c:	d1e0      	bne.n	2000c630 <_as_audio_packet+0x844>
2000c66e:	42b7      	cmp	r7, r6
2000c670:	d017      	beq.n	2000c6a2 <_as_audio_packet+0x8b6>
2000c672:	f856 3f04 	ldr.w	r3, [r6, #4]!
2000c676:	f109 0928 	add.w	r9, r9, #40	@ 0x28
2000c67a:	f505 65c0 	add.w	r5, r5, #1536	@ 0x600
2000c67e:	e7c8      	b.n	2000c612 <_as_audio_packet+0x826>
2000c680:	4642      	mov	r2, r8
2000c682:	edcd 6a06 	vstr	s13, [sp, #24]
2000c686:	ed8d 6a04 	vstr	s12, [sp, #16]
2000c68a:	edcd 5a02 	vstr	s11, [sp, #8]
2000c68e:	f7fe ffa5 	bl	2000b5dc <memset>
2000c692:	42b7      	cmp	r7, r6
2000c694:	eddd 5a02 	vldr	s11, [sp, #8]
2000c698:	ed9d 6a04 	vldr	s12, [sp, #16]
2000c69c:	eddd 6a06 	vldr	s13, [sp, #24]
2000c6a0:	d1e7      	bne.n	2000c672 <_as_audio_packet+0x886>
2000c6a2:	9b00      	ldr	r3, [sp, #0]
2000c6a4:	f893 3178 	ldrb.w	r3, [r3, #376]	@ 0x178
2000c6a8:	2b00      	cmp	r3, #0
2000c6aa:	f040 8093 	bne.w	2000c7d4 <_as_audio_packet+0x9e8>
2000c6ae:	461c      	mov	r4, r3
2000c6b0:	eef7 6a00 	vmov.f32	s13, #112	@ 0x3f800000  1.0
2000c6b4:	eddf 7a66 	vldr	s15, [pc, #408]	@ 2000c850 <_as_audio_packet+0xa64>
2000c6b8:	fe89 9a66 	vminnm.f32	s18, s18, s13
2000c6bc:	fec8 8ae6 	vminnm.f32	s17, s17, s13
2000c6c0:	ee29 9a27 	vmul.f32	s18, s18, s15
2000c6c4:	fe89 7ae6 	vminnm.f32	s14, s19, s13
2000c6c8:	ee68 8aa7 	vmul.f32	s17, s17, s15
2000c6cc:	eebc 9ac9 	vcvt.u32.f32	s18, s18
2000c6d0:	fe88 8a66 	vminnm.f32	s16, s16, s13
2000c6d4:	ee19 3a10 	vmov	r3, s18
2000c6d8:	ee27 7a27 	vmul.f32	s14, s14, s15
2000c6dc:	eefc 8ae8 	vcvt.u32.f32	s17, s17
2000c6e0:	4d5c      	ldr	r5, [pc, #368]	@ (2000c854 <_as_audio_packet+0xa68>)
2000c6e2:	ee28 8a27 	vmul.f32	s16, s16, s15
2000c6e6:	802b      	strh	r3, [r5, #0]
2000c6e8:	eebc 7ac7 	vcvt.u32.f32	s14, s14
2000c6ec:	ee18 3a90 	vmov	r3, s17
2000c6f0:	eebc 8ac8 	vcvt.u32.f32	s16, s16
2000c6f4:	806b      	strh	r3, [r5, #2]
2000c6f6:	ee17 3a10 	vmov	r3, s14
2000c6fa:	80ab      	strh	r3, [r5, #4]
2000c6fc:	ee18 3a10 	vmov	r3, s16
2000c700:	991e      	ldr	r1, [sp, #120]	@ 0x78
2000c702:	80eb      	strh	r3, [r5, #6]
2000c704:	812c      	strh	r4, [r5, #8]
2000c706:	b119      	cbz	r1, 2000c710 <_as_audio_packet+0x924>
2000c708:	4b53      	ldr	r3, [pc, #332]	@ (2000c858 <_as_audio_packet+0xa6c>)
2000c70a:	6818      	ldr	r0, [r3, #0]
2000c70c:	f001 f8ae 	bl	2000d86c <give_audio_buffer>
2000c710:	991f      	ldr	r1, [sp, #124]	@ 0x7c
2000c712:	ac1f      	add	r4, sp, #124	@ 0x7c
2000c714:	2900      	cmp	r1, #0
2000c716:	f000 822d 	beq.w	2000cb74 <_as_audio_packet+0xd88>
2000c71a:	4b50      	ldr	r3, [pc, #320]	@ (2000c85c <_as_audio_packet+0xa70>)
2000c71c:	ac20      	add	r4, sp, #128	@ 0x80
2000c71e:	6818      	ldr	r0, [r3, #0]
2000c720:	f001 f8a4 	bl	2000d86c <give_audio_buffer>
2000c724:	9920      	ldr	r1, [sp, #128]	@ 0x80
2000c726:	2900      	cmp	r1, #0
2000c728:	f000 82ad 	beq.w	2000cc86 <_as_audio_packet+0xe9a>
2000c72c:	4b4c      	ldr	r3, [pc, #304]	@ (2000c860 <_as_audio_packet+0xa74>)
2000c72e:	6818      	ldr	r0, [r3, #0]
2000c730:	f001 f89c 	bl	2000d86c <give_audio_buffer>
2000c734:	6861      	ldr	r1, [r4, #4]
2000c736:	2900      	cmp	r1, #0
2000c738:	f040 82ae 	bne.w	2000cc98 <_as_audio_packet+0xeac>
2000c73c:	e21f      	b.n	2000cb7e <_as_audio_packet+0xd92>
2000c73e:	ed9f 8a42 	vldr	s16, [pc, #264]	@ 2000c848 <_as_audio_packet+0xa5c>
2000c742:	f7ff bbe6 	b.w	2000bf12 <_as_audio_packet+0x126>
2000c746:	4d47      	ldr	r5, [pc, #284]	@ (2000c864 <_as_audio_packet+0xa78>)
2000c748:	782b      	ldrb	r3, [r5, #0]
2000c74a:	2b00      	cmp	r3, #0
2000c74c:	f000 82bf 	beq.w	2000ccce <_as_audio_packet+0xee2>
2000c750:	786b      	ldrb	r3, [r5, #1]
2000c752:	2b00      	cmp	r3, #0
2000c754:	f47f adf9 	bne.w	2000c34a <_as_audio_packet+0x55e>
2000c758:	2301      	movs	r3, #1
2000c75a:	4622      	mov	r2, r4
2000c75c:	4942      	ldr	r1, [pc, #264]	@ (2000c868 <_as_audio_packet+0xa7c>)
2000c75e:	4843      	ldr	r0, [pc, #268]	@ (2000c86c <_as_audio_packet+0xa80>)
2000c760:	f7ff fa5c 	bl	2000bc1c <dsp_process_channel_block>
2000c764:	4b42      	ldr	r3, [pc, #264]	@ (2000c870 <_as_audio_packet+0xa84>)
2000c766:	781d      	ldrb	r5, [r3, #0]
2000c768:	b2ed      	uxtb	r5, r5
2000c76a:	2c00      	cmp	r4, #0
2000c76c:	f000 83b1 	beq.w	2000ced2 <_as_audio_packet+0x10e6>
2000c770:	4b40      	ldr	r3, [pc, #256]	@ (2000c874 <_as_audio_packet+0xa88>)
2000c772:	eddf 8a35 	vldr	s17, [pc, #212]	@ 2000c848 <_as_audio_packet+0xa5c>
2000c776:	9316      	str	r3, [sp, #88]	@ 0x58
2000c778:	2d00      	cmp	r5, #0
2000c77a:	f47f adee 	bne.w	2000c35a <_as_audio_packet+0x56e>
2000c77e:	eeb0 9a68 	vmov.f32	s18, s17
2000c782:	4f3c      	ldr	r7, [pc, #240]	@ (2000c874 <_as_audio_packet+0xa88>)
2000c784:	4e38      	ldr	r6, [pc, #224]	@ (2000c868 <_as_audio_packet+0xa7c>)
2000c786:	ed97 6a00 	vldr	s12, [r7]
2000c78a:	edd6 6a00 	vldr	s13, [r6]
2000c78e:	eeb0 7ac6 	vabs.f32	s14, s12
2000c792:	eef0 7ae6 	vabs.f32	s15, s13
2000c796:	eeb4 7ac9 	vcmpe.f32	s14, s18
2000c79a:	eef1 fa10 	vmrs	APSR_nzcv, fpscr
2000c79e:	eef4 7ae8 	vcmpe.f32	s15, s17
2000c7a2:	fe37 9a09 	vselgt.f32	s18, s14, s18
2000c7a6:	eef1 fa10 	vmrs	APSR_nzcv, fpscr
2000c7aa:	4833      	ldr	r0, [pc, #204]	@ (2000c878 <_as_audio_packet+0xa8c>)
2000c7ac:	aa1d      	add	r2, sp, #116	@ 0x74
2000c7ae:	a91c      	add	r1, sp, #112	@ 0x70
2000c7b0:	fe77 8aa8 	vselgt.f32	s17, s15, s17
2000c7b4:	ed8d 6a1c 	vstr	s12, [sp, #112]	@ 0x70
2000c7b8:	edcd 6a1d 	vstr	s13, [sp, #116]	@ 0x74
2000c7bc:	f7ff f97c 	bl	2000bab8 <crossfeed_process_stereo>
2000c7c0:	9b1c      	ldr	r3, [sp, #112]	@ 0x70
2000c7c2:	3501      	adds	r5, #1
2000c7c4:	f847 3b04 	str.w	r3, [r7], #4
2000c7c8:	9b1d      	ldr	r3, [sp, #116]	@ 0x74
2000c7ca:	42ac      	cmp	r4, r5
2000c7cc:	f846 3b04 	str.w	r3, [r6], #4
2000c7d0:	d1d9      	bne.n	2000c786 <_as_audio_packet+0x99a>
2000c7d2:	e5de      	b.n	2000c392 <_as_audio_packet+0x5a6>
2000c7d4:	2c00      	cmp	r4, #0
2000c7d6:	f43f af6b 	beq.w	2000c6b0 <_as_audio_packet+0x8c4>
2000c7da:	4e28      	ldr	r6, [pc, #160]	@ (2000c87c <_as_audio_packet+0xa90>)
2000c7dc:	eddf 6a1a 	vldr	s13, [pc, #104]	@ 2000c848 <_as_audio_packet+0xa5c>
2000c7e0:	4633      	mov	r3, r6
2000c7e2:	eb08 0206 	add.w	r2, r8, r6
2000c7e6:	ecf3 7a01 	vldmia	r3!, {s15}
2000c7ea:	eef0 7ae7 	vabs.f32	s15, s15
2000c7ee:	eef4 7ae6 	vcmpe.f32	s15, s13
2000c7f2:	eef1 fa10 	vmrs	APSR_nzcv, fpscr
2000c7f6:	fe77 6aa6 	vselgt.f32	s13, s15, s13
2000c7fa:	429a      	cmp	r2, r3
2000c7fc:	d1f3      	bne.n	2000c7e6 <_as_audio_packet+0x9fa>
2000c7fe:	2500      	movs	r5, #0
2000c800:	eeb0 aa66 	vmov.f32	s20, s13
2000c804:	ecf6 7a01 	vldmia	r6!, {s15}
2000c808:	eeb0 7a67 	vmov.f32	s14, s15
2000c80c:	eebe 7ac2 	vcvt.s32.f32	s14, s14, #28
2000c810:	2100      	movs	r1, #0
2000c812:	ee17 0a10 	vmov	r0, s14
2000c816:	3501      	adds	r5, #1
2000c818:	f7f5 feca 	bl	200025b0 <pdm_push_sample>
2000c81c:	42ac      	cmp	r4, r5
2000c81e:	d1f1      	bne.n	2000c804 <_as_audio_packet+0xa18>
2000c820:	eeb7 6a00 	vmov.f32	s12, #112	@ 0x3f800000  1.0
2000c824:	eddf 7a0a 	vldr	s15, [pc, #40]	@ 2000c850 <_as_audio_packet+0xa64>
2000c828:	feca 6a46 	vminnm.f32	s13, s20, s12
2000c82c:	ee66 6aa7 	vmul.f32	s13, s13, s15
2000c830:	eefc 7ae6 	vcvt.u32.f32	s15, s13
2000c834:	ee17 4a90 	vmov	r4, s15
2000c838:	e73a      	b.n	2000c6b0 <_as_audio_packet+0x8c4>
2000c83a:	bf00      	nop
2000c83c:	20015f29 	.word	0x20015f29
2000c840:	20014934 	.word	0x20014934
2000c844:	20018050 	.word	0x20018050
2000c848:	00000000 	.word	0x00000000
2000c84c:	20012a70 	.word	0x20012a70
2000c850:	46fffe00 	.word	0x46fffe00
2000c854:	20014ac0 	.word	0x20014ac0
2000c858:	20015348 	.word	0x20015348
2000c85c:	2001534c 	.word	0x2001534c
2000c860:	20015350 	.word	0x20015350
2000c864:	20015f40 	.word	0x20015f40
2000c868:	20014570 	.word	0x20014570
2000c86c:	20016190 	.word	0x20016190
2000c870:	2000e310 	.word	0x2000e310
2000c874:	20012770 	.word	0x20012770
2000c878:	20061740 	.word	0x20061740
2000c87c:	20014270 	.word	0x20014270
2000c880:	20014874 	.word	0x20014874
2000c884:	f24c 3151 	movw	r1, #50001	@ 0xc351
2000c888:	e9d9 ab00 	ldrd	sl, fp, [r9]
2000c88c:	ebb6 020a 	subs.w	r2, r6, sl
2000c890:	eb67 030b 	sbc.w	r3, r7, fp
2000c894:	428a      	cmp	r2, r1
2000c896:	f173 0300 	sbcs.w	r3, r3, #0
2000c89a:	f4ff ab19 	bcc.w	2000bed0 <_as_audio_packet+0xe4>
2000c89e:	2200      	movs	r2, #0
2000c8a0:	49a4      	ldr	r1, [pc, #656]	@ (2000cb34 <_as_audio_packet+0xd48>)
2000c8a2:	4ba5      	ldr	r3, [pc, #660]	@ (2000cb38 <_as_audio_packet+0xd4c>)
2000c8a4:	f888 2000 	strb.w	r2, [r8]
2000c8a8:	601a      	str	r2, [r3, #0]
2000c8aa:	700a      	strb	r2, [r1, #0]
2000c8ac:	2300      	movs	r3, #0
2000c8ae:	2200      	movs	r2, #0
2000c8b0:	f04f 0a02 	mov.w	sl, #2
2000c8b4:	f8df b2ac 	ldr.w	fp, [pc, #684]	@ 2000cb64 <_as_audio_packet+0xd78>
2000c8b8:	910f      	str	r1, [sp, #60]	@ 0x3c
2000c8ba:	e9cb 2300 	strd	r2, r3, [fp]
2000c8be:	4b9f      	ldr	r3, [pc, #636]	@ (2000cb3c <_as_audio_packet+0xd50>)
2000c8c0:	2100      	movs	r1, #0
2000c8c2:	6818      	ldr	r0, [r3, #0]
2000c8c4:	f000 ffdc 	bl	2000d880 <take_audio_buffer>
2000c8c8:	2800      	cmp	r0, #0
2000c8ca:	f040 820b 	bne.w	2000cce4 <_as_audio_packet+0xef8>
2000c8ce:	f1ba 0f01 	cmp.w	sl, #1
2000c8d2:	f43f ab01 	beq.w	2000bed8 <_as_audio_packet+0xec>
2000c8d6:	f04f 0a01 	mov.w	sl, #1
2000c8da:	e7f0      	b.n	2000c8be <_as_audio_packet+0xad2>
2000c8dc:	4998      	ldr	r1, [pc, #608]	@ (2000cb40 <_as_audio_packet+0xd54>)
2000c8de:	680a      	ldr	r2, [r1, #0]
2000c8e0:	3201      	adds	r2, #1
2000c8e2:	600a      	str	r2, [r1, #0]
2000c8e4:	f7ff ba9f 	b.w	2000be26 <_as_audio_packet+0x3a>
2000c8e8:	f10e 0e01 	add.w	lr, lr, #1
2000c8ec:	4574      	cmp	r4, lr
2000c8ee:	ed0c 5a01 	vstr	s10, [ip, #-4]
2000c8f2:	ed42 7a01 	vstr	s15, [r2, #-4]
2000c8f6:	f47f aba5 	bne.w	2000c044 <_as_audio_packet+0x258>
2000c8fa:	9b18      	ldr	r3, [sp, #96]	@ 0x60
2000c8fc:	462e      	mov	r6, r5
2000c8fe:	f8dd 905c 	ldr.w	r9, [sp, #92]	@ 0x5c
2000c902:	f8dd 8068 	ldr.w	r8, [sp, #104]	@ 0x68
2000c906:	2b00      	cmp	r3, #0
2000c908:	f47f acf7 	bne.w	2000c2fa <_as_audio_packet+0x50e>
2000c90c:	2e00      	cmp	r6, #0
2000c90e:	f47f acff 	bne.w	2000c310 <_as_audio_packet+0x524>
2000c912:	f1b9 0f00 	cmp.w	r9, #0
2000c916:	f43f ad14 	beq.w	2000c342 <_as_audio_packet+0x556>
2000c91a:	ed9d 7b04 	vldr	d7, [sp, #16]
2000c91e:	ed87 7b14 	vstr	d7, [r7, #80]	@ 0x50
2000c922:	ed9d 7b08 	vldr	d7, [sp, #32]
2000c926:	ed87 7b12 	vstr	d7, [r7, #72]	@ 0x48
2000c92a:	e50a      	b.n	2000c342 <_as_audio_packet+0x556>
2000c92c:	eeb0 5a67 	vmov.f32	s10, s15
2000c930:	e434      	b.n	2000c19c <_as_audio_packet+0x3b0>
2000c932:	2c00      	cmp	r4, #0
2000c934:	f43f ad91 	beq.w	2000c45a <_as_audio_packet+0x66e>
2000c938:	463b      	mov	r3, r7
2000c93a:	eb08 0207 	add.w	r2, r8, r7
2000c93e:	ed93 7a00 	vldr	s14, [r3]
2000c942:	ee27 7a87 	vmul.f32	s14, s15, s14
2000c946:	eca3 7a01 	vstmia	r3!, {s14}
2000c94a:	429a      	cmp	r2, r3
2000c94c:	d1f7      	bne.n	2000c93e <_as_audio_packet+0xb52>
2000c94e:	e584      	b.n	2000c45a <_as_audio_packet+0x66e>
2000c950:	4a7c      	ldr	r2, [pc, #496]	@ (2000cb44 <_as_audio_packet+0xd58>)
2000c952:	4d7d      	ldr	r5, [pc, #500]	@ (2000cb48 <_as_audio_packet+0xd5c>)
2000c954:	9202      	str	r2, [sp, #8]
2000c956:	6812      	ldr	r2, [r2, #0]
2000c958:	ed85 8a03 	vstr	s16, [r5, #12]
2000c95c:	612a      	str	r2, [r5, #16]
2000c95e:	9a10      	ldr	r2, [sp, #64]	@ 0x40
2000c960:	60ac      	str	r4, [r5, #8]
2000c962:	b112      	cbz	r2, 2000c96a <_as_audio_packet+0xb7e>
2000c964:	6812      	ldr	r2, [r2, #0]
2000c966:	6852      	ldr	r2, [r2, #4]
2000c968:	9210      	str	r2, [sp, #64]	@ 0x40
2000c96a:	9a10      	ldr	r2, [sp, #64]	@ 0x40
2000c96c:	616a      	str	r2, [r5, #20]
2000c96e:	9a11      	ldr	r2, [sp, #68]	@ 0x44
2000c970:	b112      	cbz	r2, 2000c978 <_as_audio_packet+0xb8c>
2000c972:	6812      	ldr	r2, [r2, #0]
2000c974:	6852      	ldr	r2, [r2, #4]
2000c976:	9211      	str	r2, [sp, #68]	@ 0x44
2000c978:	9a11      	ldr	r2, [sp, #68]	@ 0x44
2000c97a:	61aa      	str	r2, [r5, #24]
2000c97c:	9a12      	ldr	r2, [sp, #72]	@ 0x48
2000c97e:	b112      	cbz	r2, 2000c986 <_as_audio_packet+0xb9a>
2000c980:	6812      	ldr	r2, [r2, #0]
2000c982:	6852      	ldr	r2, [r2, #4]
2000c984:	9212      	str	r2, [sp, #72]	@ 0x48
2000c986:	9a12      	ldr	r2, [sp, #72]	@ 0x48
2000c988:	61ea      	str	r2, [r5, #28]
2000c98a:	2200      	movs	r2, #0
2000c98c:	706a      	strb	r2, [r5, #1]
2000c98e:	f3bf 8f5f 	dmb	sy
2000c992:	2201      	movs	r2, #1
2000c994:	702a      	strb	r2, [r5, #0]
2000c996:	bf40      	sev
2000c998:	f8cd b010 	str.w	fp, [sp, #16]
2000c99c:	469b      	mov	fp, r3
2000c99e:	f8df 91c8 	ldr.w	r9, [pc, #456]	@ 2000cb68 <_as_audio_packet+0xd7c>
2000c9a2:	4f6a      	ldr	r7, [pc, #424]	@ (2000cb4c <_as_audio_packet+0xd60>)
2000c9a4:	4e6a      	ldr	r6, [pc, #424]	@ (2000cb50 <_as_audio_packet+0xd64>)
2000c9a6:	9006      	str	r0, [sp, #24]
2000c9a8:	f89b 20d8 	ldrb.w	r2, [fp, #216]	@ 0xd8
2000c9ac:	b1aa      	cbz	r2, 2000c9da <_as_audio_packet+0xbee>
2000c9ae:	f89b 20d9 	ldrb.w	r2, [fp, #217]	@ 0xd9
2000c9b2:	b96a      	cbnz	r2, 2000c9d0 <_as_audio_packet+0xbe4>
2000c9b4:	783a      	ldrb	r2, [r7, #0]
2000c9b6:	2a00      	cmp	r2, #0
2000c9b8:	f000 8173 	beq.w	2000cca2 <_as_audio_packet+0xeb6>
2000c9bc:	eddb 7a38 	vldr	s15, [fp, #224]	@ 0xe0
2000c9c0:	ee68 7a27 	vmul.f32	s15, s16, s15
2000c9c4:	eef5 7a40 	vcmp.f32	s15, #0.0
2000c9c8:	eef1 fa10 	vmrs	APSR_nzcv, fpscr
2000c9cc:	f040 8144 	bne.w	2000cc58 <_as_audio_packet+0xe6c>
2000c9d0:	4642      	mov	r2, r8
2000c9d2:	2100      	movs	r1, #0
2000c9d4:	4630      	mov	r0, r6
2000c9d6:	f7fe fe01 	bl	2000b5dc <memset>
2000c9da:	f10a 0201 	add.w	r2, sl, #1
2000c9de:	b2d2      	uxtb	r2, r2
2000c9e0:	2a04      	cmp	r2, #4
2000c9e2:	f04f 0a03 	mov.w	sl, #3
2000c9e6:	f10b 0b14 	add.w	fp, fp, #20
2000c9ea:	f506 7640 	add.w	r6, r6, #768	@ 0x300
2000c9ee:	f509 7910 	add.w	r9, r9, #576	@ 0x240
2000c9f2:	f107 0701 	add.w	r7, r7, #1
2000c9f6:	d1d7      	bne.n	2000c9a8 <_as_audio_packet+0xbbc>
2000c9f8:	f8df a170 	ldr.w	sl, [pc, #368]	@ 2000cb6c <_as_audio_packet+0xd80>
2000c9fc:	f8dd b010 	ldr.w	fp, [sp, #16]
2000ca00:	f89a 3000 	ldrb.w	r3, [sl]
2000ca04:	9806      	ldr	r0, [sp, #24]
2000ca06:	b393      	cbz	r3, 2000ca6e <_as_audio_packet+0xc82>
2000ca08:	4607      	mov	r7, r0
2000ca0a:	4684      	mov	ip, r0
2000ca0c:	9b02      	ldr	r3, [sp, #8]
2000ca0e:	f8df 9160 	ldr.w	r9, [pc, #352]	@ 2000cb70 <_as_audio_packet+0xd84>
2000ca12:	681a      	ldr	r2, [r3, #0]
2000ca14:	4e4f      	ldr	r6, [pc, #316]	@ (2000cb54 <_as_audio_packet+0xd68>)
2000ca16:	f8df e138 	ldr.w	lr, [pc, #312]	@ 2000cb50 <_as_audio_packet+0xd64>
2000ca1a:	f859 0b04 	ldr.w	r0, [r9], #4
2000ca1e:	2800      	cmp	r0, #0
2000ca20:	dd1b      	ble.n	2000ca5a <_as_audio_packet+0xc6e>
2000ca22:	b1d4      	cbz	r4, 2000ca5a <_as_audio_packet+0xc6e>
2000ca24:	4671      	mov	r1, lr
2000ca26:	4613      	mov	r3, r2
2000ca28:	f8cd e010 	str.w	lr, [sp, #16]
2000ca2c:	edd1 7a00 	vldr	s15, [r1]
2000ca30:	eb06 0e83 	add.w	lr, r6, r3, lsl #2
2000ca34:	edce 7a00 	vstr	s15, [lr]
2000ca38:	eba3 0e00 	sub.w	lr, r3, r0
2000ca3c:	f3ce 0e0c 	ubfx	lr, lr, #0, #13
2000ca40:	eb06 0e8e 	add.w	lr, r6, lr, lsl #2
2000ca44:	f8de e000 	ldr.w	lr, [lr]
2000ca48:	3301      	adds	r3, #1
2000ca4a:	f841 eb04 	str.w	lr, [r1], #4
2000ca4e:	42b9      	cmp	r1, r7
2000ca50:	f3c3 030c 	ubfx	r3, r3, #0, #13
2000ca54:	d1ea      	bne.n	2000ca2c <_as_audio_packet+0xc40>
2000ca56:	f8dd e010 	ldr.w	lr, [sp, #16]
2000ca5a:	4b3f      	ldr	r3, [pc, #252]	@ (2000cb58 <_as_audio_packet+0xd6c>)
2000ca5c:	f50e 7e40 	add.w	lr, lr, #768	@ 0x300
2000ca60:	459e      	cmp	lr, r3
2000ca62:	f506 4600 	add.w	r6, r6, #32768	@ 0x8000
2000ca66:	f507 7740 	add.w	r7, r7, #768	@ 0x300
2000ca6a:	d1d6      	bne.n	2000ca1a <_as_audio_packet+0xc2e>
2000ca6c:	4660      	mov	r0, ip
2000ca6e:	ed9f 8a3b 	vldr	s16, [pc, #236]	@ 2000cb5c <_as_audio_packet+0xd70>
2000ca72:	eef0 9a48 	vmov.f32	s19, s16
2000ca76:	b1b4      	cbz	r4, 2000caa6 <_as_audio_packet+0xcba>
2000ca78:	4b35      	ldr	r3, [pc, #212]	@ (2000cb50 <_as_audio_packet+0xd64>)
2000ca7a:	ecf3 6a01 	vldmia	r3!, {s13}
2000ca7e:	eef0 6ae6 	vabs.f32	s13, s13
2000ca82:	edd3 7abf 	vldr	s15, [r3, #764]	@ 0x2fc
2000ca86:	eef4 6ae9 	vcmpe.f32	s13, s19
2000ca8a:	eef0 7ae7 	vabs.f32	s15, s15
2000ca8e:	eef1 fa10 	vmrs	APSR_nzcv, fpscr
2000ca92:	eef4 7ac8 	vcmpe.f32	s15, s16
2000ca96:	fe76 9aa9 	vselgt.f32	s19, s13, s19
2000ca9a:	eef1 fa10 	vmrs	APSR_nzcv, fpscr
2000ca9e:	fe37 8a88 	vselgt.f32	s16, s15, s16
2000caa2:	4298      	cmp	r0, r3
2000caa4:	d1e9      	bne.n	2000ca7a <_as_audio_packet+0xc8e>
2000caa6:	9b1e      	ldr	r3, [sp, #120]	@ 0x78
2000caa8:	b39b      	cbz	r3, 2000cb12 <_as_audio_packet+0xd26>
2000caaa:	9900      	ldr	r1, [sp, #0]
2000caac:	681b      	ldr	r3, [r3, #0]
2000caae:	f891 20d8 	ldrb.w	r2, [r1, #216]	@ 0xd8
2000cab2:	f891 10ec 	ldrb.w	r1, [r1, #236]	@ 0xec
2000cab6:	685b      	ldr	r3, [r3, #4]
2000cab8:	4311      	orrs	r1, r2
2000caba:	f000 8214 	beq.w	2000cee6 <_as_audio_packet+0x10fa>
2000cabe:	b344      	cbz	r4, 2000cb12 <_as_audio_packet+0xd26>
2000cac0:	eeb7 5a00 	vmov.f32	s10, #112	@ 0x3f800000  1.0
2000cac4:	eeff 5a00 	vmov.f32	s11, #240	@ 0xbf800000 -1.0
2000cac8:	ed9f 6a25 	vldr	s12, [pc, #148]	@ 2000cb60 <_as_audio_packet+0xd74>
2000cacc:	eb03 0208 	add.w	r2, r3, r8
2000cad0:	ecfb 6a01 	vldmia	fp!, {s13}
2000cad4:	eddb 7abf 	vldr	s15, [fp, #764]	@ 0x2fc
2000cad8:	fec6 6ac5 	vminnm.f32	s13, s13, s10
2000cadc:	fec7 7ac5 	vminnm.f32	s15, s15, s10
2000cae0:	fec6 6aa5 	vmaxnm.f32	s13, s13, s11
2000cae4:	fec7 7aa5 	vmaxnm.f32	s15, s15, s11
2000cae8:	ee66 6a86 	vmul.f32	s13, s13, s12
2000caec:	ee67 7a86 	vmul.f32	s15, s15, s12
2000caf0:	eefd 6ae6 	vcvt.s32.f32	s13, s13
2000caf4:	eefd 7ae7 	vcvt.s32.f32	s15, s15
2000caf8:	ee16 1a90 	vmov	r1, s13
2000cafc:	8019      	strh	r1, [r3, #0]
2000cafe:	ee17 1a90 	vmov	r1, s15
2000cb02:	3304      	adds	r3, #4
2000cb04:	429a      	cmp	r2, r3
2000cb06:	f823 1c02 	strh.w	r1, [r3, #-2]
2000cb0a:	d1e1      	bne.n	2000cad0 <_as_audio_packet+0xce4>
2000cb0c:	786b      	ldrb	r3, [r5, #1]
2000cb0e:	b91b      	cbnz	r3, 2000cb18 <_as_audio_packet+0xd2c>
2000cb10:	bf20      	wfe
2000cb12:	786b      	ldrb	r3, [r5, #1]
2000cb14:	2b00      	cmp	r3, #0
2000cb16:	d0fb      	beq.n	2000cb10 <_as_audio_packet+0xd24>
2000cb18:	f3bf 8f5f 	dmb	sy
2000cb1c:	f89a 3000 	ldrb.w	r3, [sl]
2000cb20:	b12b      	cbz	r3, 2000cb2e <_as_audio_packet+0xd42>
2000cb22:	9a02      	ldr	r2, [sp, #8]
2000cb24:	6813      	ldr	r3, [r2, #0]
2000cb26:	4423      	add	r3, r4
2000cb28:	f3c3 030c 	ubfx	r3, r3, #0, #13
2000cb2c:	6013      	str	r3, [r2, #0]
2000cb2e:	2400      	movs	r4, #0
2000cb30:	e5be      	b.n	2000c6b0 <_as_audio_packet+0x8c4>
2000cb32:	bf00      	nop
2000cb34:	20015f2f 	.word	0x20015f2f
2000cb38:	2001492c 	.word	0x2001492c
2000cb3c:	20015348 	.word	0x20015348
2000cb40:	20015510 	.word	0x20015510
2000cb44:	20014934 	.word	0x20014934
2000cb48:	20014908 	.word	0x20014908
2000cb4c:	20015f42 	.word	0x20015f42
2000cb50:	20012a70 	.word	0x20012a70
2000cb54:	20018050 	.word	0x20018050
2000cb58:	20013070 	.word	0x20013070
2000cb5c:	00000000 	.word	0x00000000
2000cb60:	46fffe00 	.word	0x46fffe00
2000cb64:	20012408 	.word	0x20012408
2000cb68:	200163d0 	.word	0x200163d0
2000cb6c:	20015f29 	.word	0x20015f29
2000cb70:	20014878 	.word	0x20014878
2000cb74:	2301      	movs	r3, #1
2000cb76:	3301      	adds	r3, #1
2000cb78:	2b04      	cmp	r3, #4
2000cb7a:	f040 8085 	bne.w	2000cc88 <_as_audio_packet+0xe9c>
2000cb7e:	4b6f      	ldr	r3, [pc, #444]	@ (2000cd3c <_as_audio_packet+0xf50>)
2000cb80:	6a9a      	ldr	r2, [r3, #40]	@ 0x28
2000cb82:	9b0f      	ldr	r3, [sp, #60]	@ 0x3c
2000cb84:	781b      	ldrb	r3, [r3, #0]
2000cb86:	b34b      	cbz	r3, 2000cbdc <_as_audio_packet+0xdf0>
2000cb88:	4c6d      	ldr	r4, [pc, #436]	@ (2000cd40 <_as_audio_packet+0xf54>)
2000cb8a:	9b0e      	ldr	r3, [sp, #56]	@ 0x38
2000cb8c:	6821      	ldr	r1, [r4, #0]
2000cb8e:	1ad0      	subs	r0, r2, r3
2000cb90:	1a5b      	subs	r3, r3, r1
2000cb92:	f5b3 6ffa 	cmp.w	r3, #2000	@ 0x7d0
2000cb96:	bf88      	it	hi
2000cb98:	4601      	movhi	r1, r0
2000cb9a:	4e6a      	ldr	r6, [pc, #424]	@ (2000cd44 <_as_audio_packet+0xf58>)
2000cb9c:	bf98      	it	ls
2000cb9e:	1a51      	subls	r1, r2, r1
2000cba0:	6833      	ldr	r3, [r6, #0]
2000cba2:	b151      	cbz	r1, 2000cbba <_as_audio_packet+0xdce>
2000cba4:	f44f 47c8 	mov.w	r7, #25600	@ 0x6400
2000cba8:	fb07 f000 	mul.w	r0, r7, r0
2000cbac:	fbb0 f1f1 	udiv	r1, r0, r1
2000cbb0:	eba3 03d3 	sub.w	r3, r3, r3, lsr #3
2000cbb4:	eb03 03d1 	add.w	r3, r3, r1, lsr #3
2000cbb8:	6033      	str	r3, [r6, #0]
2000cbba:	3380      	adds	r3, #128	@ 0x80
2000cbbc:	0a1b      	lsrs	r3, r3, #8
2000cbbe:	72ab      	strb	r3, [r5, #10]
2000cbc0:	9d15      	ldr	r5, [sp, #84]	@ 0x54
2000cbc2:	2101      	movs	r1, #1
2000cbc4:	68a8      	ldr	r0, [r5, #8]
2000cbc6:	6022      	str	r2, [r4, #0]
2000cbc8:	f7fd f904 	bl	20009dd4 <usb_grow_transfer>
2000cbcc:	4628      	mov	r0, r5
2000cbce:	b023      	add	sp, #140	@ 0x8c
2000cbd0:	ecbd 8b06 	vpop	{d8-d10}
2000cbd4:	e8bd 4ff0 	ldmia.w	sp!, {r4, r5, r6, r7, r8, r9, sl, fp, lr}
2000cbd8:	f7fc bfa8 	b.w	20009b2c <usb_packet_done>
2000cbdc:	2301      	movs	r3, #1
2000cbde:	990f      	ldr	r1, [sp, #60]	@ 0x3c
2000cbe0:	4c57      	ldr	r4, [pc, #348]	@ (2000cd40 <_as_audio_packet+0xf54>)
2000cbe2:	700b      	strb	r3, [r1, #0]
2000cbe4:	e7ec      	b.n	2000cbc0 <_as_audio_packet+0xdd4>
2000cbe6:	9a00      	ldr	r2, [sp, #0]
2000cbe8:	f892 3150 	ldrb.w	r3, [r2, #336]	@ 0x150
2000cbec:	f892 2164 	ldrb.w	r2, [r2, #356]	@ 0x164
2000cbf0:	4313      	orrs	r3, r2
2000cbf2:	f43f a95d 	beq.w	2000beb0 <_as_audio_packet+0xc4>
2000cbf6:	4a54      	ldr	r2, [pc, #336]	@ (2000cd48 <_as_audio_packet+0xf5c>)
2000cbf8:	6813      	ldr	r3, [r2, #0]
2000cbfa:	3301      	adds	r3, #1
2000cbfc:	6013      	str	r3, [r2, #0]
2000cbfe:	f7ff b957 	b.w	2000beb0 <_as_audio_packet+0xc4>
2000cc02:	9a00      	ldr	r2, [sp, #0]
2000cc04:	f892 3128 	ldrb.w	r3, [r2, #296]	@ 0x128
2000cc08:	f892 213c 	ldrb.w	r2, [r2, #316]	@ 0x13c
2000cc0c:	4313      	orrs	r3, r2
2000cc0e:	f43f a94a 	beq.w	2000bea6 <_as_audio_packet+0xba>
2000cc12:	4a4d      	ldr	r2, [pc, #308]	@ (2000cd48 <_as_audio_packet+0xf5c>)
2000cc14:	6813      	ldr	r3, [r2, #0]
2000cc16:	3301      	adds	r3, #1
2000cc18:	6013      	str	r3, [r2, #0]
2000cc1a:	f7ff b944 	b.w	2000bea6 <_as_audio_packet+0xba>
2000cc1e:	9a00      	ldr	r2, [sp, #0]
2000cc20:	f892 3100 	ldrb.w	r3, [r2, #256]	@ 0x100
2000cc24:	f892 2114 	ldrb.w	r2, [r2, #276]	@ 0x114
2000cc28:	4313      	orrs	r3, r2
2000cc2a:	f43f a937 	beq.w	2000be9c <_as_audio_packet+0xb0>
2000cc2e:	4a46      	ldr	r2, [pc, #280]	@ (2000cd48 <_as_audio_packet+0xf5c>)
2000cc30:	6813      	ldr	r3, [r2, #0]
2000cc32:	3301      	adds	r3, #1
2000cc34:	6013      	str	r3, [r2, #0]
2000cc36:	f7ff b931 	b.w	2000be9c <_as_audio_packet+0xb0>
2000cc3a:	4a44      	ldr	r2, [pc, #272]	@ (2000cd4c <_as_audio_packet+0xf60>)
2000cc3c:	f892 30d8 	ldrb.w	r3, [r2, #216]	@ 0xd8
2000cc40:	9200      	str	r2, [sp, #0]
2000cc42:	f892 20ec 	ldrb.w	r2, [r2, #236]	@ 0xec
2000cc46:	4313      	orrs	r3, r2
2000cc48:	f43f a923 	beq.w	2000be92 <_as_audio_packet+0xa6>
2000cc4c:	4a3e      	ldr	r2, [pc, #248]	@ (2000cd48 <_as_audio_packet+0xf5c>)
2000cc4e:	6813      	ldr	r3, [r2, #0]
2000cc50:	3301      	adds	r3, #1
2000cc52:	6013      	str	r3, [r2, #0]
2000cc54:	f7ff b91d 	b.w	2000be92 <_as_audio_packet+0xa6>
2000cc58:	eeb7 7a00 	vmov.f32	s14, #112	@ 0x3f800000  1.0
2000cc5c:	eef4 7a47 	vcmp.f32	s15, s14
2000cc60:	eef1 fa10 	vmrs	APSR_nzcv, fpscr
2000cc64:	f43f aeb9 	beq.w	2000c9da <_as_audio_packet+0xbee>
2000cc68:	2c00      	cmp	r4, #0
2000cc6a:	f43f aeb6 	beq.w	2000c9da <_as_audio_packet+0xbee>
2000cc6e:	4632      	mov	r2, r6
2000cc70:	eb08 0106 	add.w	r1, r8, r6
2000cc74:	ed92 7a00 	vldr	s14, [r2]
2000cc78:	ee27 7a87 	vmul.f32	s14, s15, s14
2000cc7c:	eca2 7a01 	vstmia	r2!, {s14}
2000cc80:	428a      	cmp	r2, r1
2000cc82:	d1f7      	bne.n	2000cc74 <_as_audio_packet+0xe88>
2000cc84:	e6a9      	b.n	2000c9da <_as_audio_packet+0xbee>
2000cc86:	2303      	movs	r3, #3
2000cc88:	f854 1f04 	ldr.w	r1, [r4, #4]!
2000cc8c:	2900      	cmp	r1, #0
2000cc8e:	f43f af72 	beq.w	2000cb76 <_as_audio_packet+0xd8a>
2000cc92:	2b02      	cmp	r3, #2
2000cc94:	f43f ad4a 	beq.w	2000c72c <_as_audio_packet+0x940>
2000cc98:	4b2d      	ldr	r3, [pc, #180]	@ (2000cd50 <_as_audio_packet+0xf64>)
2000cc9a:	6818      	ldr	r0, [r3, #0]
2000cc9c:	f000 fde6 	bl	2000d86c <give_audio_buffer>
2000cca0:	e76d      	b.n	2000cb7e <_as_audio_packet+0xd92>
2000cca2:	4622      	mov	r2, r4
2000cca4:	4653      	mov	r3, sl
2000cca6:	4631      	mov	r1, r6
2000cca8:	4648      	mov	r0, r9
2000ccaa:	f7fe ffb7 	bl	2000bc1c <dsp_process_channel_block>
2000ccae:	f89b 20d9 	ldrb.w	r2, [fp, #217]	@ 0xd9
2000ccb2:	2a00      	cmp	r2, #0
2000ccb4:	f43f ae82 	beq.w	2000c9bc <_as_audio_packet+0xbd0>
2000ccb8:	e68a      	b.n	2000c9d0 <_as_audio_packet+0xbe4>
2000ccba:	9b14      	ldr	r3, [sp, #80]	@ 0x50
2000ccbc:	2b00      	cmp	r3, #0
2000ccbe:	f040 8104 	bne.w	2000ceca <_as_audio_packet+0x10de>
2000ccc2:	4d24      	ldr	r5, [pc, #144]	@ (2000cd54 <_as_audio_packet+0xf68>)
2000ccc4:	782b      	ldrb	r3, [r5, #0]
2000ccc6:	2b00      	cmp	r3, #0
2000ccc8:	f040 8112 	bne.w	2000cef0 <_as_audio_packet+0x1104>
2000cccc:	46a0      	mov	r8, r4
2000ccce:	2300      	movs	r3, #0
2000ccd0:	4622      	mov	r2, r4
2000ccd2:	4921      	ldr	r1, [pc, #132]	@ (2000cd58 <_as_audio_packet+0xf6c>)
2000ccd4:	4821      	ldr	r0, [pc, #132]	@ (2000cd5c <_as_audio_packet+0xf70>)
2000ccd6:	f7fe ffa1 	bl	2000bc1c <dsp_process_channel_block>
2000ccda:	786b      	ldrb	r3, [r5, #1]
2000ccdc:	2b00      	cmp	r3, #0
2000ccde:	f47f ad41 	bne.w	2000c764 <_as_audio_packet+0x978>
2000cce2:	e539      	b.n	2000c758 <_as_audio_packet+0x96c>
2000cce4:	f04f 0c00 	mov.w	ip, #0
2000cce8:	6803      	ldr	r3, [r0, #0]
2000ccea:	685b      	ldr	r3, [r3, #4]
2000ccec:	f503 7240 	add.w	r2, r3, #768	@ 0x300
2000ccf0:	f843 cb04 	str.w	ip, [r3], #4
2000ccf4:	429a      	cmp	r2, r3
2000ccf6:	d1fb      	bne.n	2000ccf0 <_as_audio_packet+0xf04>
2000ccf8:	23c0      	movs	r3, #192	@ 0xc0
2000ccfa:	6083      	str	r3, [r0, #8]
2000ccfc:	4b18      	ldr	r3, [pc, #96]	@ (2000cd60 <_as_audio_packet+0xf74>)
2000ccfe:	4601      	mov	r1, r0
2000cd00:	6818      	ldr	r0, [r3, #0]
2000cd02:	f000 fdb3 	bl	2000d86c <give_audio_buffer>
2000cd06:	e5e2      	b.n	2000c8ce <_as_audio_packet+0xae2>
2000cd08:	9a16      	ldr	r2, [sp, #88]	@ 0x58
2000cd0a:	f893 602c 	ldrb.w	r6, [r3, #44]	@ 0x2c
2000cd0e:	ed92 5a00 	vldr	s10, [r2]
2000cd12:	edd0 5a00 	vldr	s11, [r0]
2000cd16:	4d13      	ldr	r5, [pc, #76]	@ (2000cd64 <_as_audio_packet+0xf78>)
2000cd18:	4a13      	ldr	r2, [pc, #76]	@ (2000cd68 <_as_audio_packet+0xf7c>)
2000cd1a:	2e00      	cmp	r6, #0
2000cd1c:	f040 80ed 	bne.w	2000cefa <_as_audio_packet+0x110e>
2000cd20:	46b4      	mov	ip, r6
2000cd22:	46ce      	mov	lr, r9
2000cd24:	9617      	str	r6, [sp, #92]	@ 0x5c
2000cd26:	971a      	str	r7, [sp, #104]	@ 0x68
2000cd28:	f8cd 806c 	str.w	r8, [sp, #108]	@ 0x6c
2000cd2c:	e9cd ab18 	strd	sl, fp, [sp, #96]	@ 0x60
2000cd30:	e9dd 6706 	ldrd	r6, r7, [sp, #24]
2000cd34:	e9dd 8908 	ldrd	r8, r9, [sp, #32]
2000cd38:	e01c      	b.n	2000cd74 <_as_audio_packet+0xf88>
2000cd3a:	bf00      	nop
2000cd3c:	400b0000 	.word	0x400b0000
2000cd40:	20014928 	.word	0x20014928
2000cd44:	2001492c 	.word	0x2001492c
2000cd48:	2001550c 	.word	0x2001550c
2000cd4c:	20012270 	.word	0x20012270
2000cd50:	20015354 	.word	0x20015354
2000cd54:	20015f40 	.word	0x20015f40
2000cd58:	20012770 	.word	0x20012770
2000cd5c:	20015f50 	.word	0x20015f50
2000cd60:	20015348 	.word	0x20015348
2000cd64:	20012774 	.word	0x20012774
2000cd68:	20014574 	.word	0x20014574
2000cd6c:	ecb5 5a01 	vldmia	r5!, {s10}
2000cd70:	ecf2 5a01 	vldmia	r2!, {s11}
2000cd74:	edd3 6a06 	vldr	s13, [r3, #24]
2000cd78:	ee65 7a26 	vmul.f32	s15, s10, s13
2000cd7c:	ee17 0a90 	vmov	r0, s15
2000cd80:	ec40 0412 	dcp_wxyu r0, r0
2000cd84:	ee80 0420 			dcp_nrdd
2000cd88:	ec51 04b0 	dcp_rddg r0, r1
2000cd8c:	ec41 0410 	dcp_wxup r0, r1
2000cd90:	ec49 8411 	dcp_wyup r8, r9
2000cd94:	ee00 0401 			dcp_add0
2000cd98:	ee10 0401 			dcp_add1
2000cd9c:	ee80 0420 			dcp_nrdd
2000cda0:	ec51 0410 	dcp_rdda r0, r1
2000cda4:	ec41 0410 	dcp_wxup r0, r1
2000cda8:	ee80 0422 			dcp_nrdf
2000cdac:	ee10 04b2 			dcp_rdfg r0
2000cdb0:	ee06 0a10 	vmov	s12, r0
2000cdb4:	ed93 7a09 	vldr	s14, [r3, #36]	@ 0x24
2000cdb8:	edd3 3a07 	vldr	s7, [r3, #28]
2000cdbc:	ee67 7a46 	vnmul.f32	s15, s14, s12
2000cdc0:	eee5 7a23 	vfma.f32	s15, s10, s7
2000cdc4:	ee17 1a90 	vmov	r1, s15
2000cdc8:	ec41 1412 	dcp_wxyu r1, r1
2000cdcc:	ee80 0420 			dcp_nrdd
2000cdd0:	ec59 84b0 	dcp_rddg r8, r9
2000cdd4:	e9dd 0104 	ldrd	r0, r1, [sp, #16]
2000cdd8:	ec49 8410 	dcp_wxup r8, r9
2000cddc:	ec41 0411 	dcp_wyup r0, r1
2000cde0:	ee00 0401 			dcp_add0
2000cde4:	ee10 0401 			dcp_add1
2000cde8:	ee80 0420 			dcp_nrdd
2000cdec:	ec59 8410 	dcp_rdda r8, r9
2000cdf0:	edd3 7a0a 	vldr	s15, [r3, #40]	@ 0x28
2000cdf4:	ed93 4a08 	vldr	s8, [r3, #32]
2000cdf8:	ee67 4ac6 	vnmul.f32	s9, s15, s12
2000cdfc:	eee5 4a04 	vfma.f32	s9, s10, s8
2000ce00:	ee14 1a90 	vmov	r1, s9
2000ce04:	ec41 1412 	dcp_wxyu r1, r1
2000ce08:	ee80 0420 			dcp_nrdd
2000ce0c:	ec51 04b0 	dcp_rddg r0, r1
2000ce10:	ee65 6aa6 	vmul.f32	s13, s11, s13
2000ce14:	e9cd 0104 	strd	r0, r1, [sp, #16]
2000ce18:	ee16 0a90 	vmov	r0, s13
2000ce1c:	ec40 0412 	dcp_wxyu r0, r0
2000ce20:	ee80 0420 			dcp_nrdd
2000ce24:	ec51 04b0 	dcp_rddg r0, r1
2000ce28:	e9dd ab00 	ldrd	sl, fp, [sp]
2000ce2c:	ec41 0410 	dcp_wxup r0, r1
2000ce30:	ec4b a411 	dcp_wyup sl, fp
2000ce34:	ee00 0401 			dcp_add0
2000ce38:	ee10 0401 			dcp_add1
2000ce3c:	ee80 0420 			dcp_nrdd
2000ce40:	ec51 0410 	dcp_rdda r0, r1
2000ce44:	ec41 0410 	dcp_wxup r0, r1
2000ce48:	ee80 0422 			dcp_nrdf
2000ce4c:	ee10 04b2 			dcp_rdfg r0
2000ce50:	ee06 0a90 	vmov	s13, r0
2000ce54:	ee27 7a66 	vnmul.f32	s14, s14, s13
2000ce58:	eea5 7aa3 	vfma.f32	s14, s11, s7
2000ce5c:	ee17 1a10 	vmov	r1, s14
2000ce60:	ec41 1412 	dcp_wxyu r1, r1
2000ce64:	ee80 0420 			dcp_nrdd
2000ce68:	ec51 04b0 	dcp_rddg r0, r1
2000ce6c:	ec41 0410 	dcp_wxup r0, r1
2000ce70:	ec47 6411 	dcp_wyup r6, r7
2000ce74:	ee00 0401 			dcp_add0
2000ce78:	ee10 0401 			dcp_add1
2000ce7c:	ee80 0420 			dcp_nrdd
2000ce80:	ec51 0410 	dcp_rdda r0, r1
2000ce84:	ee67 7ae6 	vnmul.f32	s15, s15, s13
2000ce88:	eee5 7a84 	vfma.f32	s15, s11, s8
2000ce8c:	e9cd 0100 	strd	r0, r1, [sp]
2000ce90:	ee17 1a90 	vmov	r1, s15
2000ce94:	ec41 1412 	dcp_wxyu r1, r1
2000ce98:	ee80 0420 			dcp_nrdd
2000ce9c:	ec57 64b0 	dcp_rddg r6, r7
2000cea0:	f10c 0c01 	add.w	ip, ip, #1
2000cea4:	4564      	cmp	r4, ip
2000cea6:	ed05 6a01 	vstr	s12, [r5, #-4]
2000ceaa:	ed42 6a01 	vstr	s13, [r2, #-4]
2000ceae:	f47f af5d 	bne.w	2000cd6c <_as_audio_packet+0xf80>
2000ceb2:	e9dd ab18 	ldrd	sl, fp, [sp, #96]	@ 0x60
2000ceb6:	e9cd 6706 	strd	r6, r7, [sp, #24]
2000ceba:	e9cd 8908 	strd	r8, r9, [sp, #32]
2000cebe:	e9dd 781a 	ldrd	r7, r8, [sp, #104]	@ 0x68
2000cec2:	46f1      	mov	r9, lr
2000cec4:	9e17      	ldr	r6, [sp, #92]	@ 0x5c
2000cec6:	f7ff ba18 	b.w	2000c2fa <_as_audio_packet+0x50e>
2000ceca:	f04f 0800 	mov.w	r8, #0
2000cece:	4b12      	ldr	r3, [pc, #72]	@ (2000cf18 <_as_audio_packet+0x112c>)
2000ced0:	781b      	ldrb	r3, [r3, #0]
2000ced2:	eddf 8a12 	vldr	s17, [pc, #72]	@ 2000cf1c <_as_audio_packet+0x1130>
2000ced6:	eeb0 9a68 	vmov.f32	s18, s17
2000ceda:	f7ff ba5a 	b.w	2000c392 <_as_audio_packet+0x5a6>
2000cede:	eef0 9a48 	vmov.f32	s19, s16
2000cee2:	f7ff bb8b 	b.w	2000c5fc <_as_audio_packet+0x810>
2000cee6:	4642      	mov	r2, r8
2000cee8:	4618      	mov	r0, r3
2000ceea:	f7fe fb77 	bl	2000b5dc <memset>
2000ceee:	e610      	b.n	2000cb12 <_as_audio_packet+0xd26>
2000cef0:	786b      	ldrb	r3, [r5, #1]
2000cef2:	2b00      	cmp	r3, #0
2000cef4:	d1e9      	bne.n	2000ceca <_as_audio_packet+0x10de>
2000cef6:	46a0      	mov	r8, r4
2000cef8:	e42e      	b.n	2000c758 <_as_audio_packet+0x96c>
2000cefa:	2300      	movs	r3, #0
2000cefc:	e003      	b.n	2000cf06 <_as_audio_packet+0x111a>
2000cefe:	ecb5 5a01 	vldmia	r5!, {s10}
2000cf02:	ecf2 5a01 	vldmia	r2!, {s11}
2000cf06:	3301      	adds	r3, #1
2000cf08:	429c      	cmp	r4, r3
2000cf0a:	ed05 5a01 	vstr	s10, [r5, #-4]
2000cf0e:	ed42 5a01 	vstr	s11, [r2, #-4]
2000cf12:	d1f4      	bne.n	2000cefe <_as_audio_packet+0x1112>
2000cf14:	f7ff ba15 	b.w	2000c342 <_as_audio_packet+0x556>
2000cf18:	2000e310 	.word	0x2000e310
2000cf1c:	00000000 	.word	0x00000000

2000cf20 <mutex_enter_blocking>:
2000cf20:	f04f 4350 	mov.w	r3, #3489660928	@ 0xd0000000
2000cf24:	b510      	push	{r4, lr}
2000cf26:	6802      	ldr	r2, [r0, #0]
2000cf28:	f993 4000 	ldrsb.w	r4, [r3]
2000cf2c:	f3ef 8310 	mrs	r3, PRIMASK
2000cf30:	b672      	cpsid	i
2000cf32:	e8d2 cfcf 	ldaexb	ip, [r2]
2000cf36:	2101      	movs	r1, #1
2000cf38:	f1bc 0f00 	cmp.w	ip, #0
2000cf3c:	d1f9      	bne.n	2000cf32 <mutex_enter_blocking+0x12>
2000cf3e:	e8c2 1f4c 	strexb	ip, r1, [r2]
2000cf42:	f1bc 0f00 	cmp.w	ip, #0
2000cf46:	d1f4      	bne.n	2000cf32 <mutex_enter_blocking+0x12>
2000cf48:	f3bf 8f5f 	dmb	sy
2000cf4c:	f990 2004 	ldrsb.w	r2, [r0, #4]
2000cf50:	2a00      	cmp	r2, #0
2000cf52:	db1c      	blt.n	2000cf8e <mutex_enter_blocking+0x6e>
2000cf54:	2100      	movs	r1, #0
2000cf56:	6802      	ldr	r2, [r0, #0]
2000cf58:	e8c2 1f8f 	stlb	r1, [r2]
2000cf5c:	f383 8810 	msr	PRIMASK, r3
2000cf60:	bf20      	wfe
2000cf62:	6802      	ldr	r2, [r0, #0]
2000cf64:	f3ef 8310 	mrs	r3, PRIMASK
2000cf68:	b672      	cpsid	i
2000cf6a:	e8d2 efcf 	ldaexb	lr, [r2]
2000cf6e:	f05f 0c01 	movs.w	ip, #1
2000cf72:	f1be 0f00 	cmp.w	lr, #0
2000cf76:	d1f8      	bne.n	2000cf6a <mutex_enter_blocking+0x4a>
2000cf78:	e8c2 cf4e 	strexb	lr, ip, [r2]
2000cf7c:	f1be 0f00 	cmp.w	lr, #0
2000cf80:	d1f3      	bne.n	2000cf6a <mutex_enter_blocking+0x4a>
2000cf82:	f3bf 8f5f 	dmb	sy
2000cf86:	f990 2004 	ldrsb.w	r2, [r0, #4]
2000cf8a:	2a00      	cmp	r2, #0
2000cf8c:	dae3      	bge.n	2000cf56 <mutex_enter_blocking+0x36>
2000cf8e:	2200      	movs	r2, #0
2000cf90:	6801      	ldr	r1, [r0, #0]
2000cf92:	7104      	strb	r4, [r0, #4]
2000cf94:	e8c1 2f8f 	stlb	r2, [r1]
2000cf98:	f383 8810 	msr	PRIMASK, r3
2000cf9c:	bd10      	pop	{r4, pc}
2000cf9e:	bf00      	nop

2000cfa0 <mutex_enter_block_until>:
2000cfa0:	f04f 4150 	mov.w	r1, #3489660928	@ 0xd0000000
2000cfa4:	e92d 41f0 	stmdb	sp!, {r4, r5, r6, r7, r8, lr}
2000cfa8:	461f      	mov	r7, r3
2000cfaa:	680b      	ldr	r3, [r1, #0]
2000cfac:	4604      	mov	r4, r0
2000cfae:	4616      	mov	r6, r2
2000cfb0:	2500      	movs	r5, #0
2000cfb2:	4698      	mov	r8, r3
2000cfb4:	e008      	b.n	2000cfc8 <mutex_enter_block_until+0x28>
2000cfb6:	e8c3 5f8f 	stlb	r5, [r3]
2000cfba:	f382 8810 	msr	PRIMASK, r2
2000cfbe:	4630      	mov	r0, r6
2000cfc0:	4639      	mov	r1, r7
2000cfc2:	f7f7 ff41 	bl	20004e48 <best_effort_wfe_or_timeout>
2000cfc6:	b9e8      	cbnz	r0, 2000d004 <mutex_enter_block_until+0x64>
2000cfc8:	6823      	ldr	r3, [r4, #0]
2000cfca:	f3ef 8210 	mrs	r2, PRIMASK
2000cfce:	b672      	cpsid	i
2000cfd0:	e8d3 0fcf 	ldaexb	r0, [r3]
2000cfd4:	2101      	movs	r1, #1
2000cfd6:	2800      	cmp	r0, #0
2000cfd8:	d1fa      	bne.n	2000cfd0 <mutex_enter_block_until+0x30>
2000cfda:	e8c3 1f40 	strexb	r0, r1, [r3]
2000cfde:	2800      	cmp	r0, #0
2000cfe0:	d1f6      	bne.n	2000cfd0 <mutex_enter_block_until+0x30>
2000cfe2:	f3bf 8f5f 	dmb	sy
2000cfe6:	f994 1004 	ldrsb.w	r1, [r4, #4]
2000cfea:	6823      	ldr	r3, [r4, #0]
2000cfec:	2900      	cmp	r1, #0
2000cfee:	dae2      	bge.n	2000cfb6 <mutex_enter_block_until+0x16>
2000cff0:	2100      	movs	r1, #0
2000cff2:	f884 8004 	strb.w	r8, [r4, #4]
2000cff6:	e8c3 1f8f 	stlb	r1, [r3]
2000cffa:	f382 8810 	msr	PRIMASK, r2
2000cffe:	2001      	movs	r0, #1
2000d000:	e8bd 81f0 	ldmia.w	sp!, {r4, r5, r6, r7, r8, pc}
2000d004:	2000      	movs	r0, #0
2000d006:	e8bd 81f0 	ldmia.w	sp!, {r4, r5, r6, r7, r8, pc}
2000d00a:	bf00      	nop

2000d00c <mutex_try_enter_block_until>:
2000d00c:	b510      	push	{r4, lr}
2000d00e:	6801      	ldr	r1, [r0, #0]
2000d010:	f3ef 8e10 	mrs	lr, PRIMASK
2000d014:	b672      	cpsid	i
2000d016:	e8d1 cfcf 	ldaexb	ip, [r1]
2000d01a:	2401      	movs	r4, #1
2000d01c:	f1bc 0f00 	cmp.w	ip, #0
2000d020:	d1f9      	bne.n	2000d016 <mutex_try_enter_block_until+0xa>
2000d022:	e8c1 4f4c 	strexb	ip, r4, [r1]
2000d026:	f1bc 0f00 	cmp.w	ip, #0
2000d02a:	d1f4      	bne.n	2000d016 <mutex_try_enter_block_until+0xa>
2000d02c:	f3bf 8f5f 	dmb	sy
2000d030:	f990 c004 	ldrsb.w	ip, [r0, #4]
2000d034:	6804      	ldr	r4, [r0, #0]
2000d036:	f1bc 0f00 	cmp.w	ip, #0
2000d03a:	db10      	blt.n	2000d05e <mutex_try_enter_block_until+0x52>
2000d03c:	2100      	movs	r1, #0
2000d03e:	e8c4 1f8f 	stlb	r1, [r4]
2000d042:	f38e 8810 	msr	PRIMASK, lr
2000d046:	f04f 4450 	mov.w	r4, #3489660928	@ 0xd0000000
2000d04a:	f994 4000 	ldrsb.w	r4, [r4]
2000d04e:	4564      	cmp	r4, ip
2000d050:	d101      	bne.n	2000d056 <mutex_try_enter_block_until+0x4a>
2000d052:	4608      	mov	r0, r1
2000d054:	bd10      	pop	{r4, pc}
2000d056:	e8bd 4010 	ldmia.w	sp!, {r4, lr}
2000d05a:	f7ff bfa1 	b.w	2000cfa0 <mutex_enter_block_until>
2000d05e:	f04f 4250 	mov.w	r2, #3489660928	@ 0xd0000000
2000d062:	6812      	ldr	r2, [r2, #0]
2000d064:	2300      	movs	r3, #0
2000d066:	7102      	strb	r2, [r0, #4]
2000d068:	e8c4 3f8f 	stlb	r3, [r4]
2000d06c:	f38e 8810 	msr	PRIMASK, lr
2000d070:	2001      	movs	r0, #1
2000d072:	bd10      	pop	{r4, pc}

2000d074 <mutex_exit>:
2000d074:	6803      	ldr	r3, [r0, #0]
2000d076:	f3ef 8210 	mrs	r2, PRIMASK
2000d07a:	b672      	cpsid	i
2000d07c:	e8d3 cfcf 	ldaexb	ip, [r3]
2000d080:	2101      	movs	r1, #1
2000d082:	f1bc 0f00 	cmp.w	ip, #0
2000d086:	d1f9      	bne.n	2000d07c <mutex_exit+0x8>
2000d088:	e8c3 1f4c 	strexb	ip, r1, [r3]
2000d08c:	f1bc 0f00 	cmp.w	ip, #0
2000d090:	d1f4      	bne.n	2000d07c <mutex_exit+0x8>
2000d092:	f3bf 8f5f 	dmb	sy
2000d096:	f04f 0cff 	mov.w	ip, #255	@ 0xff
2000d09a:	2300      	movs	r3, #0
2000d09c:	6801      	ldr	r1, [r0, #0]
2000d09e:	f880 c004 	strb.w	ip, [r0, #4]
2000d0a2:	e8c1 3f8f 	stlb	r3, [r1]
2000d0a6:	f382 8810 	msr	PRIMASK, r2
2000d0aa:	bf40      	sev
2000d0ac:	4770      	bx	lr
2000d0ae:	bf00      	nop

2000d0b0 <flash_init_boot2_copyout>:
2000d0b0:	f8df c02c 	ldr.w	ip, [pc, #44]	@ 2000d0e0 <flash_init_boot2_copyout+0x30>
2000d0b4:	f89c 3000 	ldrb.w	r3, [ip]
2000d0b8:	b96b      	cbnz	r3, 2000d0d6 <flash_init_boot2_copyout+0x26>
2000d0ba:	4a07      	ldr	r2, [pc, #28]	@ (2000d0d8 <flash_init_boot2_copyout+0x28>)
2000d0bc:	4907      	ldr	r1, [pc, #28]	@ (2000d0dc <flash_init_boot2_copyout+0x2c>)
2000d0be:	1f13      	subs	r3, r2, #4
2000d0c0:	f102 00fc 	add.w	r0, r2, #252	@ 0xfc
2000d0c4:	1a89      	subs	r1, r1, r2
2000d0c6:	58ca      	ldr	r2, [r1, r3]
2000d0c8:	f843 2f04 	str.w	r2, [r3, #4]!
2000d0cc:	4283      	cmp	r3, r0
2000d0ce:	d1fa      	bne.n	2000d0c6 <flash_init_boot2_copyout+0x16>
2000d0d0:	2301      	movs	r3, #1
2000d0d2:	f88c 3000 	strb.w	r3, [ip]
2000d0d6:	4770      	bx	lr
2000d0d8:	20012670 	.word	0x20012670
2000d0dc:	400e0004 	.word	0x400e0004
2000d0e0:	20015f2b 	.word	0x20015f2b

2000d0e4 <flash_enable_xip_via_boot2>:
2000d0e4:	4b00      	ldr	r3, [pc, #0]	@ (2000d0e8 <flash_enable_xip_via_boot2+0x4>)
2000d0e6:	4718      	bx	r3
2000d0e8:	20012671 	.word	0x20012671

2000d0ec <flash_rp2350_save_qmi_cs1>:
2000d0ec:	4b03      	ldr	r3, [pc, #12]	@ (2000d0fc <flash_rp2350_save_qmi_cs1+0x10>)
2000d0ee:	6a1a      	ldr	r2, [r3, #32]
2000d0f0:	6002      	str	r2, [r0, #0]
2000d0f2:	6a9a      	ldr	r2, [r3, #40]	@ 0x28
2000d0f4:	6042      	str	r2, [r0, #4]
2000d0f6:	6a5b      	ldr	r3, [r3, #36]	@ 0x24
2000d0f8:	6083      	str	r3, [r0, #8]
2000d0fa:	4770      	bx	lr
2000d0fc:	400d0000 	.word	0x400d0000

2000d100 <flash_devinfo_ptr>:
2000d100:	b508      	push	{r3, lr}
2000d102:	2300      	movs	r3, #0
2000d104:	2140      	movs	r1, #64	@ 0x40
2000d106:	8adb      	ldrh	r3, [r3, #22]
2000d108:	f244 4046 	movw	r0, #17478	@ 0x4446
2000d10c:	4798      	blx	r3
2000d10e:	6800      	ldr	r0, [r0, #0]
2000d110:	bd08      	pop	{r3, pc}
2000d112:	bf00      	nop

2000d114 <flash_save_hardware_state>:
2000d114:	b500      	push	{lr}
2000d116:	b083      	sub	sp, #12
2000d118:	9001      	str	r0, [sp, #4]
2000d11a:	f000 f90b 	bl	2000d334 <xip_cache_clean_all>
2000d11e:	2300      	movs	r3, #0
2000d120:	9801      	ldr	r0, [sp, #4]
2000d122:	f8df c020 	ldr.w	ip, [pc, #32]	@ 2000d144 <flash_save_hardware_state+0x30>
2000d126:	f100 0208 	add.w	r2, r0, #8
2000d12a:	eb0c 0183 	add.w	r1, ip, r3, lsl #2
2000d12e:	6849      	ldr	r1, [r1, #4]
2000d130:	3301      	adds	r3, #1
2000d132:	2b06      	cmp	r3, #6
2000d134:	f842 1f04 	str.w	r1, [r2, #4]!
2000d138:	d1f7      	bne.n	2000d12a <flash_save_hardware_state+0x16>
2000d13a:	b003      	add	sp, #12
2000d13c:	f85d eb04 	ldr.w	lr, [sp], #4
2000d140:	f7ff bfd4 	b.w	2000d0ec <flash_rp2350_save_qmi_cs1>
2000d144:	40040000 	.word	0x40040000

2000d148 <flash_devinfo_get_cs_size>:
2000d148:	b510      	push	{r4, lr}
2000d14a:	4604      	mov	r4, r0
2000d14c:	f7ff ffd8 	bl	2000d100 <flash_devinfo_ptr>
2000d150:	b11c      	cbz	r4, 2000d15a <flash_devinfo_get_cs_size+0x12>
2000d152:	8800      	ldrh	r0, [r0, #0]
2000d154:	f3c0 3003 	ubfx	r0, r0, #12, #4
2000d158:	bd10      	pop	{r4, pc}
2000d15a:	200a      	movs	r0, #10
2000d15c:	bd10      	pop	{r4, pc}
2000d15e:	bf00      	nop

2000d160 <flash_rp2350_restore_qmi_cs1>:
2000d160:	b510      	push	{r4, lr}
2000d162:	4604      	mov	r4, r0
2000d164:	2001      	movs	r0, #1
2000d166:	f7ff ffef 	bl	2000d148 <flash_devinfo_get_cs_size>
2000d16a:	b938      	cbnz	r0, 2000d17c <flash_rp2350_restore_qmi_cs1+0x1c>
2000d16c:	6822      	ldr	r2, [r4, #0]
2000d16e:	4b07      	ldr	r3, [pc, #28]	@ (2000d18c <flash_rp2350_restore_qmi_cs1+0x2c>)
2000d170:	621a      	str	r2, [r3, #32]
2000d172:	6862      	ldr	r2, [r4, #4]
2000d174:	629a      	str	r2, [r3, #40]	@ 0x28
2000d176:	68a2      	ldr	r2, [r4, #8]
2000d178:	625a      	str	r2, [r3, #36]	@ 0x24
2000d17a:	bd10      	pop	{r4, pc}
2000d17c:	f44f 5180 	mov.w	r1, #4096	@ 0x1000
2000d180:	f24a 0202 	movw	r2, #40962	@ 0xa002
2000d184:	4b01      	ldr	r3, [pc, #4]	@ (2000d18c <flash_rp2350_restore_qmi_cs1+0x2c>)
2000d186:	62d9      	str	r1, [r3, #44]	@ 0x2c
2000d188:	631a      	str	r2, [r3, #48]	@ 0x30
2000d18a:	bd10      	pop	{r4, pc}
2000d18c:	400d0000 	.word	0x400d0000

2000d190 <flash_restore_hardware_state>:
2000d190:	b500      	push	{lr}
2000d192:	2300      	movs	r3, #0
2000d194:	4686      	mov	lr, r0
2000d196:	f8df c020 	ldr.w	ip, [pc, #32]	@ 2000d1b8 <flash_restore_hardware_state+0x28>
2000d19a:	f100 0208 	add.w	r2, r0, #8
2000d19e:	eb0c 0183 	add.w	r1, ip, r3, lsl #2
2000d1a2:	f852 0f04 	ldr.w	r0, [r2, #4]!
2000d1a6:	3301      	adds	r3, #1
2000d1a8:	2b06      	cmp	r3, #6
2000d1aa:	6048      	str	r0, [r1, #4]
2000d1ac:	d1f7      	bne.n	2000d19e <flash_restore_hardware_state+0xe>
2000d1ae:	4670      	mov	r0, lr
2000d1b0:	f85d eb04 	ldr.w	lr, [sp], #4
2000d1b4:	f7ff bfd4 	b.w	2000d160 <flash_rp2350_restore_qmi_cs1>
2000d1b8:	40040000 	.word	0x40040000

2000d1bc <flash_range_erase>:
2000d1bc:	e92d 43f0 	stmdb	sp!, {r4, r5, r6, r7, r8, r9, lr}
2000d1c0:	1843      	adds	r3, r0, r1
2000d1c2:	f5b3 0f80 	cmp.w	r3, #4194304	@ 0x400000
2000d1c6:	4680      	mov	r8, r0
2000d1c8:	4689      	mov	r9, r1
2000d1ca:	b08b      	sub	sp, #44	@ 0x2c
2000d1cc:	d849      	bhi.n	2000d262 <flash_range_erase+0xa6>
2000d1ce:	2300      	movs	r3, #0
2000d1d0:	8adb      	ldrh	r3, [r3, #22]
2000d1d2:	2200      	movs	r2, #0
2000d1d4:	e842 f200 	tt	r2, r2
2000d1d8:	0254      	lsls	r4, r2, #9
2000d1da:	bf54      	ite	pl
2000d1dc:	2110      	movpl	r1, #16
2000d1de:	2104      	movmi	r1, #4
2000d1e0:	f244 6049 	movw	r0, #17993	@ 0x4649
2000d1e4:	4798      	blx	r3
2000d1e6:	2300      	movs	r3, #0
2000d1e8:	4607      	mov	r7, r0
2000d1ea:	8adb      	ldrh	r3, [r3, #22]
2000d1ec:	2200      	movs	r2, #0
2000d1ee:	e842 f200 	tt	r2, r2
2000d1f2:	0250      	lsls	r0, r2, #9
2000d1f4:	bf54      	ite	pl
2000d1f6:	2110      	movpl	r1, #16
2000d1f8:	2104      	movmi	r1, #4
2000d1fa:	f645 0045 	movw	r0, #22597	@ 0x5845
2000d1fe:	4798      	blx	r3
2000d200:	2300      	movs	r3, #0
2000d202:	4606      	mov	r6, r0
2000d204:	8adb      	ldrh	r3, [r3, #22]
2000d206:	2200      	movs	r2, #0
2000d208:	e842 f200 	tt	r2, r2
2000d20c:	0251      	lsls	r1, r2, #9
2000d20e:	bf54      	ite	pl
2000d210:	2110      	movpl	r1, #16
2000d212:	2104      	movmi	r1, #4
2000d214:	f244 5052 	movw	r0, #17746	@ 0x4552
2000d218:	4798      	blx	r3
2000d21a:	2300      	movs	r3, #0
2000d21c:	4605      	mov	r5, r0
2000d21e:	8adb      	ldrh	r3, [r3, #22]
2000d220:	2200      	movs	r2, #0
2000d222:	e842 f200 	tt	r2, r2
2000d226:	0252      	lsls	r2, r2, #9
2000d228:	bf54      	ite	pl
2000d22a:	2110      	movpl	r1, #16
2000d22c:	2104      	movmi	r1, #4
2000d22e:	f244 3046 	movw	r0, #17222	@ 0x4346
2000d232:	4798      	blx	r3
2000d234:	4604      	mov	r4, r0
2000d236:	f7ff ff3b 	bl	2000d0b0 <flash_init_boot2_copyout>
2000d23a:	a801      	add	r0, sp, #4
2000d23c:	f7ff ff6a 	bl	2000d114 <flash_save_hardware_state>
2000d240:	47b8      	blx	r7
2000d242:	47b0      	blx	r6
2000d244:	23d8      	movs	r3, #216	@ 0xd8
2000d246:	f44f 3280 	mov.w	r2, #65536	@ 0x10000
2000d24a:	4649      	mov	r1, r9
2000d24c:	4640      	mov	r0, r8
2000d24e:	47a8      	blx	r5
2000d250:	47a0      	blx	r4
2000d252:	f7ff ff47 	bl	2000d0e4 <flash_enable_xip_via_boot2>
2000d256:	a801      	add	r0, sp, #4
2000d258:	f7ff ff9a 	bl	2000d190 <flash_restore_hardware_state>
2000d25c:	b00b      	add	sp, #44	@ 0x2c
2000d25e:	e8bd 83f0 	ldmia.w	sp!, {r4, r5, r6, r7, r8, r9, pc}
2000d262:	f7f8 f8ff 	bl	20005464 <hard_assertion_failure>
2000d266:	e7b2      	b.n	2000d1ce <flash_range_erase+0x12>

2000d268 <flash_range_program>:
2000d268:	e92d 47f0 	stmdb	sp!, {r4, r5, r6, r7, r8, r9, sl, lr}
2000d26c:	1883      	adds	r3, r0, r2
2000d26e:	f5b3 0f80 	cmp.w	r3, #4194304	@ 0x400000
2000d272:	4680      	mov	r8, r0
2000d274:	4691      	mov	r9, r2
2000d276:	468a      	mov	sl, r1
2000d278:	b08a      	sub	sp, #40	@ 0x28
2000d27a:	d847      	bhi.n	2000d30c <flash_range_program+0xa4>
2000d27c:	2300      	movs	r3, #0
2000d27e:	8adb      	ldrh	r3, [r3, #22]
2000d280:	2200      	movs	r2, #0
2000d282:	e842 f200 	tt	r2, r2
2000d286:	0254      	lsls	r4, r2, #9
2000d288:	bf54      	ite	pl
2000d28a:	2110      	movpl	r1, #16
2000d28c:	2104      	movmi	r1, #4
2000d28e:	f244 6049 	movw	r0, #17993	@ 0x4649
2000d292:	4798      	blx	r3
2000d294:	2300      	movs	r3, #0
2000d296:	4607      	mov	r7, r0
2000d298:	8adb      	ldrh	r3, [r3, #22]
2000d29a:	2200      	movs	r2, #0
2000d29c:	e842 f200 	tt	r2, r2
2000d2a0:	0250      	lsls	r0, r2, #9
2000d2a2:	bf54      	ite	pl
2000d2a4:	2110      	movpl	r1, #16
2000d2a6:	2104      	movmi	r1, #4
2000d2a8:	f645 0045 	movw	r0, #22597	@ 0x5845
2000d2ac:	4798      	blx	r3
2000d2ae:	2300      	movs	r3, #0
2000d2b0:	4606      	mov	r6, r0
2000d2b2:	8adb      	ldrh	r3, [r3, #22]
2000d2b4:	2200      	movs	r2, #0
2000d2b6:	e842 f200 	tt	r2, r2
2000d2ba:	0251      	lsls	r1, r2, #9
2000d2bc:	bf54      	ite	pl
2000d2be:	2110      	movpl	r1, #16
2000d2c0:	2104      	movmi	r1, #4
2000d2c2:	f245 0052 	movw	r0, #20562	@ 0x5052
2000d2c6:	4798      	blx	r3
2000d2c8:	2300      	movs	r3, #0
2000d2ca:	4605      	mov	r5, r0
2000d2cc:	8adb      	ldrh	r3, [r3, #22]
2000d2ce:	2200      	movs	r2, #0
2000d2d0:	e842 f200 	tt	r2, r2
2000d2d4:	0252      	lsls	r2, r2, #9
2000d2d6:	bf54      	ite	pl
2000d2d8:	2110      	movpl	r1, #16
2000d2da:	2104      	movmi	r1, #4
2000d2dc:	f244 3046 	movw	r0, #17222	@ 0x4346
2000d2e0:	4798      	blx	r3
2000d2e2:	4604      	mov	r4, r0
2000d2e4:	f7ff fee4 	bl	2000d0b0 <flash_init_boot2_copyout>
2000d2e8:	a801      	add	r0, sp, #4
2000d2ea:	f7ff ff13 	bl	2000d114 <flash_save_hardware_state>
2000d2ee:	47b8      	blx	r7
2000d2f0:	47b0      	blx	r6
2000d2f2:	464a      	mov	r2, r9
2000d2f4:	4651      	mov	r1, sl
2000d2f6:	4640      	mov	r0, r8
2000d2f8:	47a8      	blx	r5
2000d2fa:	47a0      	blx	r4
2000d2fc:	f7ff fef2 	bl	2000d0e4 <flash_enable_xip_via_boot2>
2000d300:	a801      	add	r0, sp, #4
2000d302:	f7ff ff45 	bl	2000d190 <flash_restore_hardware_state>
2000d306:	b00a      	add	sp, #40	@ 0x28
2000d308:	e8bd 87f0 	ldmia.w	sp!, {r4, r5, r6, r7, r8, r9, sl, pc}
2000d30c:	f7f8 f8aa 	bl	20005464 <hard_assertion_failure>
2000d310:	e7b4      	b.n	2000d27c <flash_range_program+0x14>
2000d312:	bf00      	nop

2000d314 <xip_cache_maintain>:
2000d314:	4401      	add	r1, r0
2000d316:	4288      	cmp	r0, r1
2000d318:	d206      	bcs.n	2000d328 <xip_cache_maintain+0x14>
2000d31a:	2300      	movs	r3, #0
2000d31c:	f102 52c0 	add.w	r2, r2, #402653184	@ 0x18000000
2000d320:	5483      	strb	r3, [r0, r2]
2000d322:	3008      	adds	r0, #8
2000d324:	4281      	cmp	r1, r0
2000d326:	d8fb      	bhi.n	2000d320 <xip_cache_maintain+0xc>
2000d328:	f3bf 8f4f 	dsb	sy
2000d32c:	f3bf 8f6f 	isb	sy
2000d330:	4770      	bx	lr
2000d332:	bf00      	nop

2000d334 <xip_cache_clean_all>:
2000d334:	2201      	movs	r2, #1
2000d336:	f44f 4180 	mov.w	r1, #16384	@ 0x4000
2000d33a:	4801      	ldr	r0, [pc, #4]	@ (2000d340 <xip_cache_clean_all+0xc>)
2000d33c:	f7ff bfea 	b.w	2000d314 <xip_cache_maintain>
2000d340:	03ffc000 	.word	0x03ffc000

2000d344 <audio_start_dma_transfer>:
2000d344:	b510      	push	{r4, lr}
2000d346:	2100      	movs	r1, #0
2000d348:	4604      	mov	r4, r0
2000d34a:	6c40      	ldr	r0, [r0, #68]	@ 0x44
2000d34c:	f000 fa98 	bl	2000d880 <take_audio_buffer>
2000d350:	60a0      	str	r0, [r4, #8]
2000d352:	b158      	cbz	r0, 2000d36c <audio_start_dma_transfer+0x28>
2000d354:	6801      	ldr	r1, [r0, #0]
2000d356:	7963      	ldrb	r3, [r4, #5]
2000d358:	6882      	ldr	r2, [r0, #8]
2000d35a:	6849      	ldr	r1, [r1, #4]
2000d35c:	019b      	lsls	r3, r3, #6
2000d35e:	0092      	lsls	r2, r2, #2
2000d360:	f103 43a0 	add.w	r3, r3, #1342177280	@ 0x50000000
2000d364:	61a2      	str	r2, [r4, #24]
2000d366:	6019      	str	r1, [r3, #0]
2000d368:	61da      	str	r2, [r3, #28]
2000d36a:	bd10      	pop	{r4, pc}
2000d36c:	4a03      	ldr	r2, [pc, #12]	@ (2000d37c <audio_start_dma_transfer+0x38>)
2000d36e:	f104 002c 	add.w	r0, r4, #44	@ 0x2c
2000d372:	6813      	ldr	r3, [r2, #0]
2000d374:	3301      	adds	r3, #1
2000d376:	6013      	str	r3, [r2, #0]
2000d378:	e7ec      	b.n	2000d354 <audio_start_dma_transfer+0x10>
2000d37a:	bf00      	nop
2000d37c:	20014b08 	.word	0x20014b08

2000d380 <audio_spdif_dma_irq_handler>:
2000d380:	e92d 43f8 	stmdb	sp!, {r3, r4, r5, r6, r7, r8, r9, lr}
2000d384:	f8df 9064 	ldr.w	r9, [pc, #100]	@ 2000d3ec <audio_spdif_dma_irq_handler+0x6c>
2000d388:	f8d9 3000 	ldr.w	r3, [r9]
2000d38c:	b34b      	cbz	r3, 2000d3e2 <audio_spdif_dma_irq_handler+0x62>
2000d38e:	2500      	movs	r5, #0
2000d390:	2601      	movs	r6, #1
2000d392:	f8df 805c 	ldr.w	r8, [pc, #92]	@ 2000d3f0 <audio_spdif_dma_irq_handler+0x70>
2000d396:	4f14      	ldr	r7, [pc, #80]	@ (2000d3e8 <audio_spdif_dma_irq_handler+0x68>)
2000d398:	f858 4b04 	ldr.w	r4, [r8], #4
2000d39c:	79a3      	ldrb	r3, [r4, #6]
2000d39e:	7962      	ldrb	r2, [r4, #5]
2000d3a0:	011b      	lsls	r3, r3, #4
2000d3a2:	f103 43a0 	add.w	r3, r3, #1342177280	@ 0x50000000
2000d3a6:	f8d3 140c 	ldr.w	r1, [r3, #1036]	@ 0x40c
2000d3aa:	fa06 f202 	lsl.w	r2, r6, r2
2000d3ae:	4211      	tst	r1, r2
2000d3b0:	d012      	beq.n	2000d3d8 <audio_spdif_dma_irq_handler+0x58>
2000d3b2:	f8c3 240c 	str.w	r2, [r3, #1036]	@ 0x40c
2000d3b6:	6963      	ldr	r3, [r4, #20]
2000d3b8:	69a2      	ldr	r2, [r4, #24]
2000d3ba:	68a1      	ldr	r1, [r4, #8]
2000d3bc:	4413      	add	r3, r2
2000d3be:	6163      	str	r3, [r4, #20]
2000d3c0:	b139      	cbz	r1, 2000d3d2 <audio_spdif_dma_irq_handler+0x52>
2000d3c2:	683b      	ldr	r3, [r7, #0]
2000d3c4:	6c60      	ldr	r0, [r4, #68]	@ 0x44
2000d3c6:	3301      	adds	r3, #1
2000d3c8:	603b      	str	r3, [r7, #0]
2000d3ca:	f000 fa4f 	bl	2000d86c <give_audio_buffer>
2000d3ce:	2300      	movs	r3, #0
2000d3d0:	60a3      	str	r3, [r4, #8]
2000d3d2:	4620      	mov	r0, r4
2000d3d4:	f7ff ffb6 	bl	2000d344 <audio_start_dma_transfer>
2000d3d8:	f8d9 3000 	ldr.w	r3, [r9]
2000d3dc:	3501      	adds	r5, #1
2000d3de:	42ab      	cmp	r3, r5
2000d3e0:	d8da      	bhi.n	2000d398 <audio_spdif_dma_irq_handler+0x18>
2000d3e2:	e8bd 83f8 	ldmia.w	sp!, {r3, r4, r5, r6, r7, r8, r9, pc}
2000d3e6:	bf00      	nop
2000d3e8:	20015324 	.word	0x20015324
2000d3ec:	200154f8 	.word	0x200154f8
2000d3f0:	200154fc 	.word	0x200154fc

2000d3f4 <wrap_producer_give>:
2000d3f4:	b508      	push	{r3, lr}
2000d3f6:	684b      	ldr	r3, [r1, #4]
2000d3f8:	681b      	ldr	r3, [r3, #0]
2000d3fa:	889b      	ldrh	r3, [r3, #4]
2000d3fc:	2b01      	cmp	r3, #1
2000d3fe:	d103      	bne.n	2000d408 <wrap_producer_give+0x14>
2000d400:	e8bd 4008 	ldmia.w	sp!, {r3, lr}
2000d404:	f000 b820 	b.w	2000d448 <stereo_to_spdif_producer_give>
2000d408:	f7f6 ffd4 	bl	200043b4 <panic_unsupported>

2000d40c <wrap_consumer_take>:
2000d40c:	460a      	mov	r2, r1
2000d40e:	6901      	ldr	r1, [r0, #16]
2000d410:	4603      	mov	r3, r0
2000d412:	6849      	ldr	r1, [r1, #4]
2000d414:	f850 0c3c 	ldr.w	r0, [r0, #-60]
2000d418:	6809      	ldr	r1, [r1, #0]
2000d41a:	4281      	cmp	r1, r0
2000d41c:	d103      	bne.n	2000d426 <wrap_consumer_take+0x1a>
2000d41e:	4611      	mov	r1, r2
2000d420:	4618      	mov	r0, r3
2000d422:	f000 b9f7 	b.w	2000d814 <consumer_pool_take_buffer_default>
2000d426:	b500      	push	{lr}
2000d428:	f1a3 0048 	sub.w	r0, r3, #72	@ 0x48
2000d42c:	b083      	sub	sp, #12
2000d42e:	9201      	str	r2, [sp, #4]
2000d430:	9300      	str	r3, [sp, #0]
2000d432:	f7fb f89d 	bl	20008570 <update_pio_frequency>
2000d436:	e9dd 3200 	ldrd	r3, r2, [sp]
2000d43a:	4611      	mov	r1, r2
2000d43c:	4618      	mov	r0, r3
2000d43e:	b003      	add	sp, #12
2000d440:	f85d eb04 	ldr.w	lr, [sp], #4
2000d444:	f000 b9e6 	b.w	2000d814 <consumer_pool_take_buffer_default>

2000d448 <stereo_to_spdif_producer_give>:
2000d448:	e92d 4ff0 	stmdb	sp!, {r4, r5, r6, r7, r8, r9, sl, fp, lr}
2000d44c:	688b      	ldr	r3, [r1, #8]
2000d44e:	b089      	sub	sp, #36	@ 0x24
2000d450:	9102      	str	r1, [sp, #8]
2000d452:	9007      	str	r0, [sp, #28]
2000d454:	2b00      	cmp	r3, #0
2000d456:	d061      	beq.n	2000d51c <stereo_to_spdif_producer_give+0xd4>
2000d458:	f04f 0b00 	mov.w	fp, #0
2000d45c:	9d07      	ldr	r5, [sp, #28]
2000d45e:	69ab      	ldr	r3, [r5, #24]
2000d460:	9301      	str	r3, [sp, #4]
2000d462:	2b00      	cmp	r3, #0
2000d464:	d06d      	beq.n	2000d542 <stereo_to_spdif_producer_give+0xfa>
2000d466:	69ef      	ldr	r7, [r5, #28]
2000d468:	0139      	lsls	r1, r7, #4
2000d46a:	9a01      	ldr	r2, [sp, #4]
2000d46c:	9b02      	ldr	r3, [sp, #8]
2000d46e:	68d4      	ldr	r4, [r2, #12]
2000d470:	689b      	ldr	r3, [r3, #8]
2000d472:	1be2      	subs	r2, r4, r7
2000d474:	eba3 000b 	sub.w	r0, r3, fp
2000d478:	4290      	cmp	r0, r2
2000d47a:	bf28      	it	cs
2000d47c:	4610      	movcs	r0, r2
2000d47e:	ea5f 0840 	movs.w	r8, r0, lsl #1
2000d482:	4682      	mov	sl, r0
2000d484:	d043      	beq.n	2000d50e <stereo_to_spdif_producer_give+0xc6>
2000d486:	9a01      	ldr	r2, [sp, #4]
2000d488:	e9cd ab05 	strd	sl, fp, [sp, #20]
2000d48c:	6812      	ldr	r2, [r2, #0]
2000d48e:	f04f 0c00 	mov.w	ip, #0
2000d492:	6856      	ldr	r6, [r2, #4]
2000d494:	9a02      	ldr	r2, [sp, #8]
2000d496:	440e      	add	r6, r1
2000d498:	46b2      	mov	sl, r6
2000d49a:	6812      	ldr	r2, [r2, #0]
2000d49c:	e9cd 3403 	strd	r3, r4, [sp, #12]
2000d4a0:	6852      	ldr	r2, [r2, #4]
2000d4a2:	482d      	ldr	r0, [pc, #180]	@ (2000d558 <stereo_to_spdif_producer_give+0x110>)
2000d4a4:	492d      	ldr	r1, [pc, #180]	@ (2000d55c <stereo_to_spdif_producer_give+0x114>)
2000d4a6:	eb02 0e8b 	add.w	lr, r2, fp, lsl #2
2000d4aa:	f93e 4b02 	ldrsh.w	r4, [lr], #2
2000d4ae:	f85a 3b08 	ldr.w	r3, [sl], #8
2000d4b2:	b2e6      	uxtb	r6, r4
2000d4b4:	f850 6026 	ldr.w	r6, [r0, r6, lsl #2]
2000d4b8:	f85a 2c04 	ldr.w	r2, [sl, #-4]
2000d4bc:	f023 437f 	bic.w	r3, r3, #4278190080	@ 0xff000000
2000d4c0:	f3c4 2407 	ubfx	r4, r4, #8, #8
2000d4c4:	f850 4024 	ldr.w	r4, [r0, r4, lsl #2]
2000d4c8:	ea43 6306 	orr.w	r3, r3, r6, lsl #24
2000d4cc:	f84a 3c08 	str.w	r3, [sl, #-8]
2000d4d0:	0e13      	lsrs	r3, r2, #24
2000d4d2:	f002 4bfe 	and.w	fp, r2, #2130706432	@ 0x7f000000
2000d4d6:	f003 032a 	and.w	r3, r3, #42	@ 0x2a
2000d4da:	222a      	movs	r2, #42	@ 0x2a
2000d4dc:	4353      	muls	r3, r2
2000d4de:	ea01 2204 	and.w	r2, r1, r4, lsl #8
2000d4e2:	4074      	eors	r4, r6
2000d4e4:	f3c6 2607 	ubfx	r6, r6, #8, #8
2000d4e8:	f3c3 1380 	ubfx	r3, r3, #6, #1
2000d4ec:	4332      	orrs	r2, r6
2000d4ee:	f10c 0c01 	add.w	ip, ip, #1
2000d4f2:	ea83 4414 	eor.w	r4, r3, r4, lsr #16
2000d4f6:	ea42 020b 	orr.w	r2, r2, fp
2000d4fa:	ea42 72c4 	orr.w	r2, r2, r4, lsl #31
2000d4fe:	45c4      	cmp	ip, r8
2000d500:	f84a 2c04 	str.w	r2, [sl, #-4]
2000d504:	d1d1      	bne.n	2000d4aa <stereo_to_spdif_producer_give+0x62>
2000d506:	e9dd 3403 	ldrd	r3, r4, [sp, #12]
2000d50a:	e9dd ab05 	ldrd	sl, fp, [sp, #20]
2000d50e:	4457      	add	r7, sl
2000d510:	42bc      	cmp	r4, r7
2000d512:	61ef      	str	r7, [r5, #28]
2000d514:	44d3      	add	fp, sl
2000d516:	d009      	beq.n	2000d52c <stereo_to_spdif_producer_give+0xe4>
2000d518:	459b      	cmp	fp, r3
2000d51a:	d3a0      	bcc.n	2000d45e <stereo_to_spdif_producer_give+0x16>
2000d51c:	9b07      	ldr	r3, [sp, #28]
2000d51e:	9902      	ldr	r1, [sp, #8]
2000d520:	6918      	ldr	r0, [r3, #16]
2000d522:	b009      	add	sp, #36	@ 0x24
2000d524:	e8bd 4ff0 	ldmia.w	sp!, {r4, r5, r6, r7, r8, r9, sl, fp, lr}
2000d528:	f000 b908 	b.w	2000d73c <queue_free_audio_buffer>
2000d52c:	9b01      	ldr	r3, [sp, #4]
2000d52e:	6968      	ldr	r0, [r5, #20]
2000d530:	4619      	mov	r1, r3
2000d532:	609c      	str	r4, [r3, #8]
2000d534:	f000 f972 	bl	2000d81c <queue_full_audio_buffer>
2000d538:	2200      	movs	r2, #0
2000d53a:	9b02      	ldr	r3, [sp, #8]
2000d53c:	689b      	ldr	r3, [r3, #8]
2000d53e:	61aa      	str	r2, [r5, #24]
2000d540:	e7ea      	b.n	2000d518 <stereo_to_spdif_producer_give+0xd0>
2000d542:	2101      	movs	r1, #1
2000d544:	6968      	ldr	r0, [r5, #20]
2000d546:	f000 f8b3 	bl	2000d6b0 <get_free_audio_buffer>
2000d54a:	2100      	movs	r1, #0
2000d54c:	9001      	str	r0, [sp, #4]
2000d54e:	460f      	mov	r7, r1
2000d550:	61e9      	str	r1, [r5, #28]
2000d552:	61a8      	str	r0, [r5, #24]
2000d554:	e789      	b.n	2000d46a <stereo_to_spdif_producer_give+0x22>
2000d556:	bf00      	nop
2000d558:	2006178c 	.word	0x2006178c
2000d55c:	00ffff00 	.word	0x00ffff00

2000d560 <mono_to_spdif_producer_give>:
2000d560:	e92d 4ff0 	stmdb	sp!, {r4, r5, r6, r7, r8, r9, sl, fp, lr}
2000d564:	688b      	ldr	r3, [r1, #8]
2000d566:	b089      	sub	sp, #36	@ 0x24
2000d568:	9100      	str	r1, [sp, #0]
2000d56a:	9007      	str	r0, [sp, #28]
2000d56c:	2b00      	cmp	r3, #0
2000d56e:	d07e      	beq.n	2000d66e <mono_to_spdif_producer_give+0x10e>
2000d570:	2500      	movs	r5, #0
2000d572:	9c07      	ldr	r4, [sp, #28]
2000d574:	69a6      	ldr	r6, [r4, #24]
2000d576:	2e00      	cmp	r6, #0
2000d578:	f000 808c 	beq.w	2000d694 <mono_to_spdif_producer_give+0x134>
2000d57c:	69e3      	ldr	r3, [r4, #28]
2000d57e:	011f      	lsls	r7, r3, #4
2000d580:	9a00      	ldr	r2, [sp, #0]
2000d582:	f8d6 e00c 	ldr.w	lr, [r6, #12]
2000d586:	6890      	ldr	r0, [r2, #8]
2000d588:	ebae 0203 	sub.w	r2, lr, r3
2000d58c:	eba0 0b05 	sub.w	fp, r0, r5
2000d590:	4593      	cmp	fp, r2
2000d592:	bf28      	it	cs
2000d594:	4693      	movcs	fp, r2
2000d596:	f1bb 0f00 	cmp.w	fp, #0
2000d59a:	d061      	beq.n	2000d660 <mono_to_spdif_producer_give+0x100>
2000d59c:	f04f 0c00 	mov.w	ip, #0
2000d5a0:	9900      	ldr	r1, [sp, #0]
2000d5a2:	6832      	ldr	r2, [r6, #0]
2000d5a4:	6809      	ldr	r1, [r1, #0]
2000d5a6:	6852      	ldr	r2, [r2, #4]
2000d5a8:	6849      	ldr	r1, [r1, #4]
2000d5aa:	e9cd 6001 	strd	r6, r0, [sp, #4]
2000d5ae:	e9cd e503 	strd	lr, r5, [sp, #12]
2000d5b2:	e9cd 3405 	strd	r3, r4, [sp, #20]
2000d5b6:	443a      	add	r2, r7
2000d5b8:	f8df 90f0 	ldr.w	r9, [pc, #240]	@ 2000d6ac <mono_to_spdif_producer_give+0x14c>
2000d5bc:	4f3a      	ldr	r7, [pc, #232]	@ (2000d6a8 <mono_to_spdif_producer_give+0x148>)
2000d5be:	3210      	adds	r2, #16
2000d5c0:	eb01 0845 	add.w	r8, r1, r5, lsl #1
2000d5c4:	f938 4b02 	ldrsh.w	r4, [r8], #2
2000d5c8:	f852 6c0c 	ldr.w	r6, [r2, #-12]
2000d5cc:	fa5f fe84 	uxtb.w	lr, r4
2000d5d0:	f3c4 2407 	ubfx	r4, r4, #8, #8
2000d5d4:	f857 0024 	ldr.w	r0, [r7, r4, lsl #2]
2000d5d8:	f857 502e 	ldr.w	r5, [r7, lr, lsl #2]
2000d5dc:	0e33      	lsrs	r3, r6, #24
2000d5de:	f802 5c0d 	strb.w	r5, [r2, #-13]
2000d5e2:	212a      	movs	r1, #42	@ 0x2a
2000d5e4:	f003 032a 	and.w	r3, r3, #42	@ 0x2a
2000d5e8:	434b      	muls	r3, r1
2000d5ea:	ea09 2100 	and.w	r1, r9, r0, lsl #8
2000d5ee:	4068      	eors	r0, r5
2000d5f0:	f3c5 2507 	ubfx	r5, r5, #8, #8
2000d5f4:	f3c3 1380 	ubfx	r3, r3, #6, #1
2000d5f8:	f006 46fe 	and.w	r6, r6, #2130706432	@ 0x7f000000
2000d5fc:	4329      	orrs	r1, r5
2000d5fe:	ea83 4010 	eor.w	r0, r3, r0, lsr #16
2000d602:	4331      	orrs	r1, r6
2000d604:	ea41 71c0 	orr.w	r1, r1, r0, lsl #31
2000d608:	f842 1c0c 	str.w	r1, [r2, #-12]
2000d60c:	f857 302e 	ldr.w	r3, [r7, lr, lsl #2]
2000d610:	f857 0024 	ldr.w	r0, [r7, r4, lsl #2]
2000d614:	f852 1c04 	ldr.w	r1, [r2, #-4]
2000d618:	f802 3c05 	strb.w	r3, [r2, #-5]
2000d61c:	ea09 2400 	and.w	r4, r9, r0, lsl #8
2000d620:	4058      	eors	r0, r3
2000d622:	f3c3 2307 	ubfx	r3, r3, #8, #8
2000d626:	431c      	orrs	r4, r3
2000d628:	0e0b      	lsrs	r3, r1, #24
2000d62a:	f001 41fe 	and.w	r1, r1, #2130706432	@ 0x7f000000
2000d62e:	4321      	orrs	r1, r4
2000d630:	f003 032a 	and.w	r3, r3, #42	@ 0x2a
2000d634:	242a      	movs	r4, #42	@ 0x2a
2000d636:	4363      	muls	r3, r4
2000d638:	f3c3 1380 	ubfx	r3, r3, #6, #1
2000d63c:	f10c 0c01 	add.w	ip, ip, #1
2000d640:	ea83 4310 	eor.w	r3, r3, r0, lsr #16
2000d644:	ea41 71c3 	orr.w	r1, r1, r3, lsl #31
2000d648:	45e3      	cmp	fp, ip
2000d64a:	f842 1c04 	str.w	r1, [r2, #-4]
2000d64e:	f102 0210 	add.w	r2, r2, #16
2000d652:	d1b7      	bne.n	2000d5c4 <mono_to_spdif_producer_give+0x64>
2000d654:	e9dd 6001 	ldrd	r6, r0, [sp, #4]
2000d658:	e9dd e503 	ldrd	lr, r5, [sp, #12]
2000d65c:	e9dd 3405 	ldrd	r3, r4, [sp, #20]
2000d660:	445b      	add	r3, fp
2000d662:	459e      	cmp	lr, r3
2000d664:	61e3      	str	r3, [r4, #28]
2000d666:	445d      	add	r5, fp
2000d668:	d009      	beq.n	2000d67e <mono_to_spdif_producer_give+0x11e>
2000d66a:	4285      	cmp	r5, r0
2000d66c:	d382      	bcc.n	2000d574 <mono_to_spdif_producer_give+0x14>
2000d66e:	9b07      	ldr	r3, [sp, #28]
2000d670:	9900      	ldr	r1, [sp, #0]
2000d672:	6918      	ldr	r0, [r3, #16]
2000d674:	b009      	add	sp, #36	@ 0x24
2000d676:	e8bd 4ff0 	ldmia.w	sp!, {r4, r5, r6, r7, r8, r9, sl, fp, lr}
2000d67a:	f000 b85f 	b.w	2000d73c <queue_free_audio_buffer>
2000d67e:	6960      	ldr	r0, [r4, #20]
2000d680:	4631      	mov	r1, r6
2000d682:	f8c6 e008 	str.w	lr, [r6, #8]
2000d686:	f000 f8c9 	bl	2000d81c <queue_full_audio_buffer>
2000d68a:	9b00      	ldr	r3, [sp, #0]
2000d68c:	6898      	ldr	r0, [r3, #8]
2000d68e:	2300      	movs	r3, #0
2000d690:	61a3      	str	r3, [r4, #24]
2000d692:	e7ea      	b.n	2000d66a <mono_to_spdif_producer_give+0x10a>
2000d694:	2101      	movs	r1, #1
2000d696:	6960      	ldr	r0, [r4, #20]
2000d698:	f000 f80a 	bl	2000d6b0 <get_free_audio_buffer>
2000d69c:	4637      	mov	r7, r6
2000d69e:	4633      	mov	r3, r6
2000d6a0:	61e6      	str	r6, [r4, #28]
2000d6a2:	61a0      	str	r0, [r4, #24]
2000d6a4:	4606      	mov	r6, r0
2000d6a6:	e76b      	b.n	2000d580 <mono_to_spdif_producer_give+0x20>
2000d6a8:	2006178c 	.word	0x2006178c
2000d6ac:	00ffff00 	.word	0x00ffff00

2000d6b0 <get_free_audio_buffer>:
2000d6b0:	b510      	push	{r4, lr}
2000d6b2:	68c3      	ldr	r3, [r0, #12]
2000d6b4:	f3ef 8e10 	mrs	lr, PRIMASK
2000d6b8:	b672      	cpsid	i
2000d6ba:	e8d3 4fcf 	ldaexb	r4, [r3]
2000d6be:	2201      	movs	r2, #1
2000d6c0:	2c00      	cmp	r4, #0
2000d6c2:	d1fa      	bne.n	2000d6ba <get_free_audio_buffer+0xa>
2000d6c4:	e8c3 2f44 	strexb	r4, r2, [r3]
2000d6c8:	2c00      	cmp	r4, #0
2000d6ca:	d1f6      	bne.n	2000d6ba <get_free_audio_buffer+0xa>
2000d6cc:	f3bf 8f5f 	dmb	sy
2000d6d0:	6903      	ldr	r3, [r0, #16]
2000d6d2:	b15b      	cbz	r3, 2000d6ec <get_free_audio_buffer+0x3c>
2000d6d4:	46f4      	mov	ip, lr
2000d6d6:	2200      	movs	r2, #0
2000d6d8:	695c      	ldr	r4, [r3, #20]
2000d6da:	68c1      	ldr	r1, [r0, #12]
2000d6dc:	6104      	str	r4, [r0, #16]
2000d6de:	615a      	str	r2, [r3, #20]
2000d6e0:	e8c1 2f8f 	stlb	r2, [r1]
2000d6e4:	f38c 8810 	msr	PRIMASK, ip
2000d6e8:	4618      	mov	r0, r3
2000d6ea:	bd10      	pop	{r4, pc}
2000d6ec:	68c2      	ldr	r2, [r0, #12]
2000d6ee:	e8c2 3f8f 	stlb	r3, [r2]
2000d6f2:	f38e 8810 	msr	PRIMASK, lr
2000d6f6:	2900      	cmp	r1, #0
2000d6f8:	d0f6      	beq.n	2000d6e8 <get_free_audio_buffer+0x38>
2000d6fa:	bf20      	wfe
2000d6fc:	68c3      	ldr	r3, [r0, #12]
2000d6fe:	f3ef 8210 	mrs	r2, PRIMASK
2000d702:	b672      	cpsid	i
2000d704:	4694      	mov	ip, r2
2000d706:	e8d3 efcf 	ldaexb	lr, [r3]
2000d70a:	2101      	movs	r1, #1
2000d70c:	f1be 0f00 	cmp.w	lr, #0
2000d710:	d1f9      	bne.n	2000d706 <get_free_audio_buffer+0x56>
2000d712:	e8c3 1f4e 	strexb	lr, r1, [r3]
2000d716:	f1be 0f00 	cmp.w	lr, #0
2000d71a:	d1f4      	bne.n	2000d706 <get_free_audio_buffer+0x56>
2000d71c:	f3bf 8f5f 	dmb	sy
2000d720:	6903      	ldr	r3, [r0, #16]
2000d722:	2b00      	cmp	r3, #0
2000d724:	d1d7      	bne.n	2000d6d6 <get_free_audio_buffer+0x26>
2000d726:	68c1      	ldr	r1, [r0, #12]
2000d728:	e8c1 3f8f 	stlb	r3, [r1]
2000d72c:	f382 8810 	msr	PRIMASK, r2
2000d730:	e7e3      	b.n	2000d6fa <get_free_audio_buffer+0x4a>
2000d732:	bf00      	nop

2000d734 <producer_pool_take_buffer_default>:
2000d734:	6900      	ldr	r0, [r0, #16]
2000d736:	f7ff bfbb 	b.w	2000d6b0 <get_free_audio_buffer>
2000d73a:	bf00      	nop

2000d73c <queue_free_audio_buffer>:
2000d73c:	b510      	push	{r4, lr}
2000d73e:	68c3      	ldr	r3, [r0, #12]
2000d740:	f3ef 8210 	mrs	r2, PRIMASK
2000d744:	b672      	cpsid	i
2000d746:	e8d3 efcf 	ldaexb	lr, [r3]
2000d74a:	f05f 0c01 	movs.w	ip, #1
2000d74e:	f1be 0f00 	cmp.w	lr, #0
2000d752:	d1f8      	bne.n	2000d746 <queue_free_audio_buffer+0xa>
2000d754:	e8c3 cf4e 	strexb	lr, ip, [r3]
2000d758:	f1be 0f00 	cmp.w	lr, #0
2000d75c:	d1f3      	bne.n	2000d746 <queue_free_audio_buffer+0xa>
2000d75e:	f3bf 8f5f 	dmb	sy
2000d762:	6904      	ldr	r4, [r0, #16]
2000d764:	2300      	movs	r3, #0
2000d766:	614c      	str	r4, [r1, #20]
2000d768:	6101      	str	r1, [r0, #16]
2000d76a:	68c1      	ldr	r1, [r0, #12]
2000d76c:	e8c1 3f8f 	stlb	r3, [r1]
2000d770:	f382 8810 	msr	PRIMASK, r2
2000d774:	bf40      	sev
2000d776:	bd10      	pop	{r4, pc}

2000d778 <consumer_pool_give_buffer_default>:
2000d778:	6940      	ldr	r0, [r0, #20]
2000d77a:	f7ff bfdf 	b.w	2000d73c <queue_free_audio_buffer>
2000d77e:	bf00      	nop

2000d780 <get_full_audio_buffer>:
2000d780:	4603      	mov	r3, r0
2000d782:	b510      	push	{r4, lr}
2000d784:	6942      	ldr	r2, [r0, #20]
2000d786:	f3ef 8e10 	mrs	lr, PRIMASK
2000d78a:	b672      	cpsid	i
2000d78c:	e8d2 4fcf 	ldaexb	r4, [r2]
2000d790:	2001      	movs	r0, #1
2000d792:	2c00      	cmp	r4, #0
2000d794:	d1fa      	bne.n	2000d78c <get_full_audio_buffer+0xc>
2000d796:	e8c2 0f44 	strexb	r4, r0, [r2]
2000d79a:	2c00      	cmp	r4, #0
2000d79c:	d1f6      	bne.n	2000d78c <get_full_audio_buffer+0xc>
2000d79e:	f3bf 8f5f 	dmb	sy
2000d7a2:	6998      	ldr	r0, [r3, #24]
2000d7a4:	b160      	cbz	r0, 2000d7c0 <get_full_audio_buffer+0x40>
2000d7a6:	46f4      	mov	ip, lr
2000d7a8:	6942      	ldr	r2, [r0, #20]
2000d7aa:	6959      	ldr	r1, [r3, #20]
2000d7ac:	619a      	str	r2, [r3, #24]
2000d7ae:	2a00      	cmp	r2, #0
2000d7b0:	d029      	beq.n	2000d806 <get_full_audio_buffer+0x86>
2000d7b2:	2300      	movs	r3, #0
2000d7b4:	6143      	str	r3, [r0, #20]
2000d7b6:	e8c1 3f8f 	stlb	r3, [r1]
2000d7ba:	f38c 8810 	msr	PRIMASK, ip
2000d7be:	bd10      	pop	{r4, pc}
2000d7c0:	695a      	ldr	r2, [r3, #20]
2000d7c2:	e8c2 0f8f 	stlb	r0, [r2]
2000d7c6:	f38e 8810 	msr	PRIMASK, lr
2000d7ca:	2900      	cmp	r1, #0
2000d7cc:	d0f7      	beq.n	2000d7be <get_full_audio_buffer+0x3e>
2000d7ce:	bf20      	wfe
2000d7d0:	695a      	ldr	r2, [r3, #20]
2000d7d2:	f3ef 8110 	mrs	r1, PRIMASK
2000d7d6:	b672      	cpsid	i
2000d7d8:	468c      	mov	ip, r1
2000d7da:	e8d2 efcf 	ldaexb	lr, [r2]
2000d7de:	2001      	movs	r0, #1
2000d7e0:	f1be 0f00 	cmp.w	lr, #0
2000d7e4:	d1f9      	bne.n	2000d7da <get_full_audio_buffer+0x5a>
2000d7e6:	e8c2 0f4e 	strexb	lr, r0, [r2]
2000d7ea:	f1be 0f00 	cmp.w	lr, #0
2000d7ee:	d1f4      	bne.n	2000d7da <get_full_audio_buffer+0x5a>
2000d7f0:	f3bf 8f5f 	dmb	sy
2000d7f4:	6998      	ldr	r0, [r3, #24]
2000d7f6:	2800      	cmp	r0, #0
2000d7f8:	d1d6      	bne.n	2000d7a8 <get_full_audio_buffer+0x28>
2000d7fa:	695a      	ldr	r2, [r3, #20]
2000d7fc:	e8c2 0f8f 	stlb	r0, [r2]
2000d800:	f381 8810 	msr	PRIMASK, r1
2000d804:	e7e3      	b.n	2000d7ce <get_full_audio_buffer+0x4e>
2000d806:	61da      	str	r2, [r3, #28]
2000d808:	e8c1 2f8f 	stlb	r2, [r1]
2000d80c:	f38c 8810 	msr	PRIMASK, ip
2000d810:	bd10      	pop	{r4, pc}
2000d812:	bf00      	nop

2000d814 <consumer_pool_take_buffer_default>:
2000d814:	6940      	ldr	r0, [r0, #20]
2000d816:	f7ff bfb3 	b.w	2000d780 <get_full_audio_buffer>
2000d81a:	bf00      	nop

2000d81c <queue_full_audio_buffer>:
2000d81c:	b500      	push	{lr}
2000d81e:	6943      	ldr	r3, [r0, #20]
2000d820:	f3ef 8210 	mrs	r2, PRIMASK
2000d824:	b672      	cpsid	i
2000d826:	e8d3 efcf 	ldaexb	lr, [r3]
2000d82a:	f05f 0c01 	movs.w	ip, #1
2000d82e:	f1be 0f00 	cmp.w	lr, #0
2000d832:	d1f8      	bne.n	2000d826 <queue_full_audio_buffer+0xa>
2000d834:	e8c3 cf4e 	strexb	lr, ip, [r3]
2000d838:	f1be 0f00 	cmp.w	lr, #0
2000d83c:	d1f3      	bne.n	2000d826 <queue_full_audio_buffer+0xa>
2000d83e:	f3bf 8f5f 	dmb	sy
2000d842:	6983      	ldr	r3, [r0, #24]
2000d844:	b153      	cbz	r3, 2000d85c <queue_full_audio_buffer+0x40>
2000d846:	69c3      	ldr	r3, [r0, #28]
2000d848:	6159      	str	r1, [r3, #20]
2000d84a:	61c1      	str	r1, [r0, #28]
2000d84c:	2300      	movs	r3, #0
2000d84e:	6941      	ldr	r1, [r0, #20]
2000d850:	e8c1 3f8f 	stlb	r3, [r1]
2000d854:	f382 8810 	msr	PRIMASK, r2
2000d858:	bf40      	sev
2000d85a:	bd00      	pop	{pc}
2000d85c:	61c1      	str	r1, [r0, #28]
2000d85e:	614b      	str	r3, [r1, #20]
2000d860:	6181      	str	r1, [r0, #24]
2000d862:	e7f3      	b.n	2000d84c <queue_full_audio_buffer+0x30>

2000d864 <producer_pool_give_buffer_default>:
2000d864:	6900      	ldr	r0, [r0, #16]
2000d866:	f7ff bfd9 	b.w	2000d81c <queue_full_audio_buffer>
2000d86a:	bf00      	nop

2000d86c <give_audio_buffer>:
2000d86c:	2200      	movs	r2, #0
2000d86e:	7803      	ldrb	r3, [r0, #0]
2000d870:	6880      	ldr	r0, [r0, #8]
2000d872:	610a      	str	r2, [r1, #16]
2000d874:	b90b      	cbnz	r3, 2000d87a <give_audio_buffer+0xe>
2000d876:	6843      	ldr	r3, [r0, #4]
2000d878:	4718      	bx	r3
2000d87a:	68c3      	ldr	r3, [r0, #12]
2000d87c:	4718      	bx	r3
2000d87e:	bf00      	nop

2000d880 <take_audio_buffer>:
2000d880:	7803      	ldrb	r3, [r0, #0]
2000d882:	6880      	ldr	r0, [r0, #8]
2000d884:	b90b      	cbnz	r3, 2000d88a <take_audio_buffer+0xa>
2000d886:	6803      	ldr	r3, [r0, #0]
2000d888:	4718      	bx	r3
2000d88a:	6883      	ldr	r3, [r0, #8]
2000d88c:	4718      	bx	r3
2000d88e:	bf00      	nop

2000d890 <audio_i2s_dma_irq_handler>:
2000d890:	f04f 41a0 	mov.w	r1, #1342177280	@ 0x50000000
2000d894:	2301      	movs	r3, #1
2000d896:	4a15      	ldr	r2, [pc, #84]	@ (2000d8ec <audio_i2s_dma_irq_handler+0x5c>)
2000d898:	f8d1 041c 	ldr.w	r0, [r1, #1052]	@ 0x41c
2000d89c:	f892 c009 	ldrb.w	ip, [r2, #9]
2000d8a0:	fa03 f30c 	lsl.w	r3, r3, ip
2000d8a4:	4218      	tst	r0, r3
2000d8a6:	d020      	beq.n	2000d8ea <audio_i2s_dma_irq_handler+0x5a>
2000d8a8:	b500      	push	{lr}
2000d8aa:	b083      	sub	sp, #12
2000d8ac:	f8c1 341c 	str.w	r3, [r1, #1052]	@ 0x41c
2000d8b0:	6811      	ldr	r1, [r2, #0]
2000d8b2:	4b0f      	ldr	r3, [pc, #60]	@ (2000d8f0 <audio_i2s_dma_irq_handler+0x60>)
2000d8b4:	b121      	cbz	r1, 2000d8c0 <audio_i2s_dma_irq_handler+0x30>
2000d8b6:	6818      	ldr	r0, [r3, #0]
2000d8b8:	9301      	str	r3, [sp, #4]
2000d8ba:	f7ff ffd7 	bl	2000d86c <give_audio_buffer>
2000d8be:	9b01      	ldr	r3, [sp, #4]
2000d8c0:	2100      	movs	r1, #0
2000d8c2:	6818      	ldr	r0, [r3, #0]
2000d8c4:	f7ff ffdc 	bl	2000d880 <take_audio_buffer>
2000d8c8:	490a      	ldr	r1, [pc, #40]	@ (2000d8f4 <audio_i2s_dma_irq_handler+0x64>)
2000d8ca:	4a08      	ldr	r2, [pc, #32]	@ (2000d8ec <audio_i2s_dma_irq_handler+0x5c>)
2000d8cc:	2800      	cmp	r0, #0
2000d8ce:	bf18      	it	ne
2000d8d0:	4601      	movne	r1, r0
2000d8d2:	7a53      	ldrb	r3, [r2, #9]
2000d8d4:	6010      	str	r0, [r2, #0]
2000d8d6:	6808      	ldr	r0, [r1, #0]
2000d8d8:	688a      	ldr	r2, [r1, #8]
2000d8da:	019b      	lsls	r3, r3, #6
2000d8dc:	6841      	ldr	r1, [r0, #4]
2000d8de:	f103 43a0 	add.w	r3, r3, #1342177280	@ 0x50000000
2000d8e2:	6019      	str	r1, [r3, #0]
2000d8e4:	61da      	str	r2, [r3, #28]
2000d8e6:	b003      	add	sp, #12
2000d8e8:	bd00      	pop	{pc}
2000d8ea:	4770      	bx	lr
2000d8ec:	20061b8c 	.word	0x20061b8c
2000d8f0:	2001266c 	.word	0x2001266c
2000d8f4:	200153a0 	.word	0x200153a0

2000d8f8 <presets>:
2000d8f8:	442f0000 40900000 442f0000 40c00000     ../D...@../D...@
2000d908:	44228000 41180000                       .."D...A

2000d910 <default_pins.0>:
2000d910:	09080716 0000000a                       ........

2000d918 <pio_pdm_program>:
2000d918:	2000d920 0000ff01                        .. ....

2000d920 <pio_pdm_instr>:
2000d920:	00006001 48746947 632e6275 572f6d6f     .`..GitHub.com/W
2000d930:	4c626565 00736261 62656557 62614c20     eebLabs.Weeb Lab
2000d940:	53442073 00006950 2a2a2a0a 4e415020     s DSPi...*** PAN
2000d950:	2a204349 000a2a2a 20746f6e 70707573     IC ***..not supp
2000d960:	6574726f 00000064 64726148 65726177     orted...Hardware
2000d970:	616c6120 25206d72 6c612064 64616572      alarm %d alread
2000d980:	6c632079 656d6961 00000064 64726148     y claimed...Hard
2000d990:	73736120 00747265 2074754f 6d20666f      assert.Out of m
2000d9a0:	726f6d65 00000079 656c6552 00657361     emory...Release.
2000d9b0:	746f6f62 32775f32 38307135 00000030     boot2_w25q080...
2000d9c0:	2e322e32 00000030 6f636970 00000032     2.2.0...pico2...
2000d9d0:	64786f66 00006361 20626546 32203032     foxdac..Feb 20 2
2000d9e0:	00363230 2b696e66 00000000 00696e66     026.fni+....fni.
2000d9f0:	006e616e 2d696e66 00000000 74746573     nan.fni-....sett
2000da00:	20676e69 206f6970 71657266 0a642520     ing pio freq %d.
2000da10:	00000000 74737953 63206d65 6b636f6c     ....System clock
2000da20:	20746120 202c7525 44502f53 63204649      at %u, S/PDIF c
2000da30:	6b636f6c 76696420 72656469 25783020     lock divider 0x%
2000da40:	35322f78 00000a36 61766e49 2064696c     x/256...Invalid 
2000da50:	204f4950 65646e69 64252078 00000000     PIO index %d....
2000da60:	6e6e6f43 69746365 5020676e 53204f49     Connecting PIO S
2000da70:	4944502f 75612046 006f6964 79706f43     /PDIF audio.Copy
2000da80:	20676e69 72657473 74206f65 7473206f     ing stereo to st
2000da90:	6f657265 20746120 48206425 00000a7a     ereo at %d Hz...
2000daa0:	4f444f54 202e2e2e 20746f6e 706d6f63     TODO... not comp
2000dab0:	6974656c 7320676e 65726574 7561206f     leting stereo au
2000dac0:	206f6964 6e6e6f63 69746365 70206e6f     dio connection p
2000dad0:	65706f72 21796c72 00000000 766e6f43     roperly!....Conv
2000dae0:	69747265 6d20676e 206f6e6f 73206f74     erting mono to s
2000daf0:	65726574 7461206f 20642520 000a7a48     tereo at %d Hz..
2000db00:	20414d44 6e616863 206c656e 69206425     DMA channel %d i
2000db10:	6c612073 64616572 6c632079 656d6961     s already claime
2000db20:	00000064 44206f4e 6320414d 6e6e6168     d...No DMA chann
2000db30:	20736c65 20657261 69617661 6c62616c     els are availabl
2000db40:	00000065 204f4950 4d532030 20642520     e...PIO 0 SM %d 
2000db50:	65726c61 20796461 69616c63 0064656d     already claimed.
2000db60:	204f4950 4d532032 64252820 38202d20     PIO 2 SM (%d - 8
2000db70:	6c612029 64616572 6c632079 656d6961     ) already claime
2000db80:	00000064 204f4950 4d532031 64252820     d...PIO 1 SM (%d
2000db90:	34202d20 6c612029 64616572 6c632079      - 4) already cl
2000dba0:	656d6961 00000064 74737953 63206d65     aimed...System c
2000dbb0:	6b636f6c 20746120 202c7525 20533249     lock at %u, I2S 
2000dbc0:	636f6c63 6964206b 65646976 78302072     clock divider 0x
2000dbd0:	322f7825 000a3635 6e6e6f43 69746365     %x/256..Connecti
2000dbe0:	5020676e 49204f49 61205332 6f696475     ng PIO I2S audio
2000dbf0:	00000000 00004e49 0054554f 2a2a2a2a     ....IN..OUT.****
2000dc00:	49414620 2044454c 41204f54 54524f42      FAILED TO ABORT
2000dc10:	20642520 203a7325 78383025 38302520      %d %s: %08x %08
2000dc20:	00000a78 4e524157 3a474e49 00000020     x...WARNING: ...
2000dc30:	65746e75 64657473 6967203f 62206576     untested? give b
2000dc40:	65666675 69772072 6f206874 74737475     uffer with outst
2000dc50:	69646e61 7020676e 656b6361 64252074     anding packet %d
2000dc60:	20732520 656e776f 64252064 0000000a      %s owned %d....
2000dc70:	65746e75 64657473 7473203f 206c6c61     untested? stall 
2000dc80:	7420666f 736e6172 20726566 68746977     of transfer with
2000dc90:	5f6e6f20 706d6f63 6574656c 74657320      on_complete set
2000dca0:	20642520 25207325 00000a70 65636572      %d %s %p...rece
2000dcb0:	64657669 656e7520 63657078 20646574     ived unexpected 
2000dcc0:	6b636170 6f207465 6425206e 0a732520     packet on %d %s.
2000dcd0:	00000000 61686e55 656c646e 65642064     ....Unhandled de
2000dce0:	65636976 204e4920 75746573 65722070     vice IN setup re
2000dcf0:	73657571 30252074 000a7832 61686e55     quest %02x..Unha
2000dd00:	656c646e 65642064 65636976 54554f20     ndled device OUT
2000dd10:	74657320 72207075 65757165 25207473      setup request %
2000dd20:	0a783230 00000000 6e676928 6465726f     02x.....(ignored
2000dd30:	65732029 6e692074 66726574 20656361     ) set interface 
2000dd40:	28206425 20746c61 0a296425 00000000     %d (alt %d).....
2000dd50:	61686e55 656c646e 6e692064 66726574     Unhandled interf
2000dd60:	20656361 78323025 74657320 72207075     ace %02x setup r
2000dd70:	65757165 25207473 20783230 65526d62     equest %02x bmRe
2000dd80:	73657571 70795474 30252065 000a7832     questType %02x..
2000dd90:	75746553 65722070 73657571 30252074     Setup request %0
2000dda0:	66207834 7520726f 6f6e6b6e 69206e77     4x for unknown i
2000ddb0:	7265746e 65636166 34302520 00000a78     nterface %04x...
2000ddc0:	61686e55 656c646e 70652064 32302520     Unhandled ep %02
2000ddd0:	73252078 204e4920 75746573 65722070     x %s IN setup re
2000dde0:	73657571 30252074 000a7832 61686e55     quest %02x..Unha
2000ddf0:	656c646e 70652064 32302520 73252078     ndled ep %02x %s
2000de00:	54554f20 74657320 72207075 65757165      OUT setup reque
2000de10:	25207473 0a783230 00000000 61686e55     st %02x.....Unha
2000de20:	656c646e 6e652064 696f7064 2520746e     ndled endpoint %
2000de30:	73252064 74657320 72207075 65757165     d %s setup reque
2000de40:	25207473 20783230 65526d62 73657571     st %02x bmReques
2000de50:	70795474 30252065 000a7832 75746553     tType %02x..Setu
2000de60:	61702070 74656b63 34302520 6f662078     p packet %04x fo
2000de70:	6e752072 776f6e6b 6e65206e 696f7064     r unknown endpoi
2000de80:	2520746e 0a783430 00000000 61686e55     nt %04x.....Unha
2000de90:	656c646e 65732064 20707574 6b636170     ndled setup pack
2000dea0:	2d207465 61747320 6e696c6c 6f632067     et - stalling co
2000deb0:	6f72746e 6970206c 00006570 6f727245     ntrol pipe..Erro
2000dec0:	78302072 20786c25 65697328 61747320     r 0x%lx (sie sta
2000ded0:	20737574 6c257830 000a2978 61746144     tus 0x%lx)..Data
2000dee0:	71657320 72726520 0000726f 61686e55      seq error..Unha
2000def0:	656c646e 52492064 78302051 000a7825     ndled IRQ 0x%x..
2000df00:	6e756863 25206f6b 656c2064 3025206e     chunko %d len %0
2000df10:	6f207835 65736666 30252074 73207838     5x offset %08x s
2000df20:	20657a69 78343025 61727420 6566736e     ize %04x transfe
2000df30:	30252072 000a7838 54203e3e 636e7572     r %08x..>> Trunc
2000df40:	64657461 38302520 00000a78              ated %08x...

2000df4c <voltage_table.3>:
2000df4c:	02580226 02bc028a 032002ee 03840352     &.X....... .R...
2000df5c:	03e803b6 044c041a 04b0047e 051404e2     ......L.~.......
2000df6c:	05780546 064005dc 06a40672 076c0708     F.x...@.r.....l.
2000df7c:	092e07d0 0a5a09c4 0bb80af0 0ce40c4e     ......Z.....N...

2000df8c <boot_device_interfaces.5>:
2000df8c:	2001260c 20012624 20015ecc              .&. $&. .^. 

2000df98 <op_endpoints.6>:
2000df98:	20014a3c 20014a70                       <J. pJ. 

2000dfa0 <i2s_config>:
2000dfa0:	01041a16                                ....

2000dfa4 <_vendor_cmd_transfer_type>:
2000dfa4:	20002e3d 00000000 00000000 00000001     =.. ............

2000dfb4 <_audio_cmd_transfer_type>:
2000dfb4:	20003461 00000000 00000000 00000001     a4. ............

2000dfc4 <as_sync_transfer_type>:
2000dfc4:	2000bdad 00000000 00000000 00000001     ... ............

2000dfd4 <as_transfer_type>:
2000dfd4:	2000bded 00000000 00000000 00000001     ... ............

2000dfe4 <db_to_vol>:
2000dfe4:	00250000 002e0029 003a0034 00490041     ..%.)...4.:.A.I.
2000dff4:	005c0052 00740068 00920082 00b800a4     R.\.h.t.........
2000e004:	00e800cf 01240104 01700148 01cf019d     ......$.H.p.....
2000e014:	02470207 02de028e 039c0337 048b040c     ..G.....7.......
2000e024:	05b80519 0733066a 09100814 0b680a2b     ....j.3.....+.h.
2000e034:	0e5d0ccd 1215101d 16c31449 1ca8198a     ..].....I.......
2000e044:	24132027 2d6b287a 392d32f5 47fb4027     ' .$z(k-.2-9'@.G
2000e054:	5a9e50c3 721565ad 00007fff 200153c0     .P.Z.e.r.....S. 
2000e064:	20015428 20015490                       (T. .T. 

2000e06c <ms_ext_prop_descriptor>:
2000e06c:	0000008e 00050100 00840001 00010000     ................
2000e07c:	00280000 00650044 00690076 00650063     ..(.D.e.v.i.c.e.
2000e08c:	006e0049 00650074 00660072 00630061     I.n.t.e.r.f.a.c.
2000e09c:	00470065 00490055 00000044 0000004e     e.G.U.I.D...N...
2000e0ac:	0038007b 00420038 00450041 00330030     {.8.8.B.A.E.0.3.
2000e0bc:	002d0032 00410035 00310038 0034002d     2.-.5.A.8.1.-.4.
2000e0cc:	00460039 002d0030 00430042 00440033     9.F.0.-.B.C.3.D.
2000e0dc:	0041002d 00460034 00310046 00380033     -.A.4.F.F.1.3.8.
2000e0ec:	00310032 00440036 007d0036 00000000     2.1.6.D.6.}.....

2000e0fc <ms_compat_id_descriptor>:
2000e0fc:	00000028 00040100 00000001 00000000     (...............
2000e10c:	49570102 4253554e 00000000 00000000     ..WINUSB........
	...

2000e124 <ms_os_string_descriptor>:
2000e124:	004d0312 00460053 00310054 00300030     ..M.S.F.T.1.0.0.
2000e134:	00000001                                ....

2000e138 <boot_device_descriptor>:
2000e138:	02000112 40000000 feaa2e8a 02010200     .......@........
2000e148:	00000103                                ....

2000e14c <audio_device_config>:
2000e14c:	00860209 80000103 00040932 01010000     ........2.......
2000e15c:	24090000 28010001 0c010100 01010224     ...$...(....$...
2000e16c:	03020001 0a000000 01020624 00000301     ........$.......
2000e17c:	03240900 00030103 04090002 01000001     ..$.............
2000e18c:	09000002 02010104 00000201 01012407     .............$..
2000e19c:	11000101 02010224 44031002 bb8000ac     ....$......D....
2000e1ac:	01770000 05010509 00010180 01250782     ..w...........%.
2000e1bc:	00000001 11820509 02010003 02040900     ................
2000e1cc:	00ff0000 00000000                       ........

2000e1d4 <__bi_84>:
2000e1d4:	50520006 4275f0d3 2000d9a8              ..RP..uB... 

2000e1e0 <__bi_78>:
2000e1e0:	50520006 7f8882e1 2000d9b0              ..RP....... 

2000e1ec <__bi_54>:
2000e1ec:	50520006 5360b3ab 2000d9c0              ..RP..`S... 

2000e1f8 <__bi_48>:
2000e1f8:	50520006 b63cffbb 2000d9c8              ..RP..<.... 

2000e204 <__bi_42>:
2000e204:	50520006 02031c86 2000d9d0              ..RP....... 

2000e210 <__bi_34>:
2000e210:	50520006 9da22254 2000d9d8              ..RPT"..... 

2000e21c <__bi_26>:
2000e21c:	50520005 68f465de 1000ebd8              ..RP.e.h....

2000e228 <pow10.0>:
2000e228:	00000000 3ff00000 00000000 40240000     .......?......$@
2000e238:	00000000 40590000 00000000 408f4000     ......Y@.....@.@
2000e248:	00000000 40c38800 00000000 40f86a00     .......@.....j.@
2000e258:	00000000 412e8480 00000000 416312d0     .......A......cA
2000e268:	00000000 4197d784 00000000 41cdcd65     .......A....e..A

2000e278 <crlf_str.0>:
2000e278:	00000a0d                                ....

2000e27c <audio_spdif_program>:
2000e27c:	2000e284 0001ff04                       ... ....

2000e284 <audio_spdif_program_instructions>:
2000e284:	00206021 10227021                       !` .!p".

2000e28c <audio_i2s_program>:
2000e28c:	2000e294 0001ff08                       ... ....

2000e294 <audio_i2s_program_instructions>:
2000e294:	18407001 e82e6001 08446001 f82e7001     .p@..`...`D..p..

2000e2a4 <lang_descriptor.0>:
2000e2a4:	04090304                                ....

2000e2a8 <usb_current_packet_only_transfer_type>:
2000e2a8:	20009ab9 00000000 00000000 00000001     ... ............

2000e2b8 <_usb_stream_transfer_type>:
2000e2b8:	2000a769 00000000 00000000 00000000     i.. ............

2000e2c8 <channel_band_counts>:
2000e2c8:	0a0a0a0a 0a0a0a0a 000a0a0a              ............

2000e2d4 <rng_state>:
2000e2d4:	075bcd15                                ..[.

2000e2d8 <pdm_current_pin>:
2000e2d8:	0000000a                                ....

2000e2dc <pdm_dma_chan>:
2000e2dc:	ffffffff                                ....

2000e2e0 <producer_format>:
2000e2e0:	2000e308 00000004                       ... ....

2000e2e8 <spdif_config_4>:
2000e2e8:	00030309 00000001                       ........

2000e2f0 <spdif_config_3>:
2000e2f0:	00020208 00000001                       ........

2000e2f8 <spdif_config_2>:
2000e2f8:	00010107 00000001                       ........

2000e300 <output_pins>:
2000e300:	09080716 0000000a                       ........

2000e308 <audio_format_48k>:
2000e308:	0000bb80 00020001                       ........

2000e310 <crossfeed_bypassed>:
2000e310:	00000001                                ....

2000e314 <crossfeed_config>:
2000e314:	00000100 442f0000 40900000              ....../D...@

2000e320 <loudness_intensity_pct>:
2000e320:	42c80000                                ...B

2000e324 <loudness_ref_spl>:
2000e324:	42a60000                                ...B

2000e328 <channel_gain_linear>:
2000e328:	3f800000 3f800000 3f800000              ...?...?...?

2000e334 <channel_gain_mul>:
2000e334:	00008000 00008000 00008000              ............

2000e340 <global_preamp_linear>:
2000e340:	3f800000                                ...?

2000e344 <global_preamp_mul>:
2000e344:	10000000                                ....

2000e348 <pending_rate>:
2000e348:	0000bb80                                ....

2000e34c <audio_state>:
2000e34c:	0000ac44 00000000 00000000              D...........

2000e358 <descriptor_strings>:
2000e358:	2000d924 2000d938 2000e368              $.. 8.. h.. 

2000e364 <usb_descriptor_str_serial>:
2000e364:	2000e368                                h.. 

2000e368 <descriptor_str_serial_buf>:
2000e368:	33323130 37363534 42413938 46454443     0123456789ABCDEF
	...

2000e379 <striped_spin_lock_num>:
2000e379:	                                         ...

2000e37c <irq_handler_chain_slots>:
2000e37c:	00000000 	.word	0x00000000
2000e380:	00010000 	.word	0x00010000
	...
2000e38c:	00020000 	.word	0x00020000
	...
2000e398:	00030000 	.word	0x00030000
	...
2000e3a4:	00ff0000 	.word	0x00ff0000
2000e3a8:	00000000 	.word	0x00000000

2000e3ac <irq_handler_chain_first_slot>:
2000e3ac:	b501      	push	{r0, lr}
2000e3ae:	6848      	ldr	r0, [r1, #4]
2000e3b0:	3101      	adds	r1, #1
2000e3b2:	468e      	mov	lr, r1
2000e3b4:	4700      	bx	r0

2000e3b6 <irq_handler_chain_remove_tail>:
2000e3b6:	4670      	mov	r0, lr
2000e3b8:	3809      	subs	r0, #9
2000e3ba:	4901      	ldr	r1, [pc, #4]	@ (2000e3c0 <irq_handler_chain_remove_tail+0xa>)
2000e3bc:	4788      	blx	r1
2000e3be:	bd01      	pop	{r0, pc}
2000e3c0:	2000481d 	.word	0x2000481d

2000e3c4 <default_alarm_pool>:
	...
2000e3d8:	20012028                                ( . 

2000e3dc <pio_program_offset>:
2000e3dc:	ffffffff ffffffff ffffffff              ............

2000e3e8 <_ZL18connection_default>:
2000e3e8:	2000d735 2000d865 2000d815 2000d779     5.. e.. ... y.. 
	...

2000e400 <m2s_audio_i2s_pg_connection>:
2000e400:	2000d735 20009281 2000d815 2000d779     5.. ... ... y.. 
	...

2000e420 <m2s_audio_i2s_ct_connection>:
2000e420:	2000d735 2000d865 20009249 2000d779     5.. e.. I.. y.. 
	...

2000e440 <pio_i2s_consumer_buffer_format>:
2000e440:	20061b98 00000000                       ... ....

2000e448 <control_stream_funcs.1>:
2000e448:	2000a879 2000a87d                       y.. }.. 

2000e450 <__malloc_sbrk_base>:
2000e450:	ffffffff                                ....

2000e454 <__malloc_trim_threshold>:
2000e454:	00020000                                ....

2000e458 <__malloc_av_>:
	...
2000e460:	2000e458 2000e458 2000e460 2000e460     X.. X.. `.. `.. 
2000e470:	2000e468 2000e468 2000e470 2000e470     h.. h.. p.. p.. 
2000e480:	2000e478 2000e478 2000e480 2000e480     x.. x.. ... ... 
2000e490:	2000e488 2000e488 2000e490 2000e490     ... ... ... ... 
2000e4a0:	2000e498 2000e498 2000e4a0 2000e4a0     ... ... ... ... 
2000e4b0:	2000e4a8 2000e4a8 2000e4b0 2000e4b0     ... ... ... ... 
2000e4c0:	2000e4b8 2000e4b8 2000e4c0 2000e4c0     ... ... ... ... 
2000e4d0:	2000e4c8 2000e4c8 2000e4d0 2000e4d0     ... ... ... ... 
2000e4e0:	2000e4d8 2000e4d8 2000e4e0 2000e4e0     ... ... ... ... 
2000e4f0:	2000e4e8 2000e4e8 2000e4f0 2000e4f0     ... ... ... ... 
2000e500:	2000e4f8 2000e4f8 2000e500 2000e500     ... ... ... ... 
2000e510:	2000e508 2000e508 2000e510 2000e510     ... ... ... ... 
2000e520:	2000e518 2000e518 2000e520 2000e520     ... ...  ..  .. 
2000e530:	2000e528 2000e528 2000e530 2000e530     (.. (.. 0.. 0.. 
2000e540:	2000e538 2000e538 2000e540 2000e540     8.. 8.. @.. @.. 
2000e550:	2000e548 2000e548 2000e550 2000e550     H.. H.. P.. P.. 
2000e560:	2000e558 2000e558 2000e560 2000e560     X.. X.. `.. `.. 
2000e570:	2000e568 2000e568 2000e570 2000e570     h.. h.. p.. p.. 
2000e580:	2000e578 2000e578 2000e580 2000e580     x.. x.. ... ... 
2000e590:	2000e588 2000e588 2000e590 2000e590     ... ... ... ... 
2000e5a0:	2000e598 2000e598 2000e5a0 2000e5a0     ... ... ... ... 
2000e5b0:	2000e5a8 2000e5a8 2000e5b0 2000e5b0     ... ... ... ... 
2000e5c0:	2000e5b8 2000e5b8 2000e5c0 2000e5c0     ... ... ... ... 
2000e5d0:	2000e5c8 2000e5c8 2000e5d0 2000e5d0     ... ... ... ... 
2000e5e0:	2000e5d8 2000e5d8 2000e5e0 2000e5e0     ... ... ... ... 
2000e5f0:	2000e5e8 2000e5e8 2000e5f0 2000e5f0     ... ... ... ... 
2000e600:	2000e5f8 2000e5f8 2000e600 2000e600     ... ... ... ... 
2000e610:	2000e608 2000e608 2000e610 2000e610     ... ... ... ... 
2000e620:	2000e618 2000e618 2000e620 2000e620     ... ...  ..  .. 
2000e630:	2000e628 2000e628 2000e630 2000e630     (.. (.. 0.. 0.. 
2000e640:	2000e638 2000e638 2000e640 2000e640     8.. 8.. @.. @.. 
2000e650:	2000e648 2000e648 2000e650 2000e650     H.. H.. P.. P.. 
2000e660:	2000e658 2000e658 2000e660 2000e660     X.. X.. `.. `.. 
2000e670:	2000e668 2000e668 2000e670 2000e670     h.. h.. p.. p.. 
2000e680:	2000e678 2000e678 2000e680 2000e680     x.. x.. ... ... 
2000e690:	2000e688 2000e688 2000e690 2000e690     ... ... ... ... 
2000e6a0:	2000e698 2000e698 2000e6a0 2000e6a0     ... ... ... ... 
2000e6b0:	2000e6a8 2000e6a8 2000e6b0 2000e6b0     ... ... ... ... 
2000e6c0:	2000e6b8 2000e6b8 2000e6c0 2000e6c0     ... ... ... ... 
2000e6d0:	2000e6c8 2000e6c8 2000e6d0 2000e6d0     ... ... ... ... 
2000e6e0:	2000e6d8 2000e6d8 2000e6e0 2000e6e0     ... ... ... ... 
2000e6f0:	2000e6e8 2000e6e8 2000e6f0 2000e6f0     ... ... ... ... 
2000e700:	2000e6f8 2000e6f8 2000e700 2000e700     ... ... ... ... 
2000e710:	2000e708 2000e708 2000e710 2000e710     ... ... ... ... 
2000e720:	2000e718 2000e718 2000e720 2000e720     ... ...  ..  .. 
2000e730:	2000e728 2000e728 2000e730 2000e730     (.. (.. 0.. 0.. 
2000e740:	2000e738 2000e738 2000e740 2000e740     8.. 8.. @.. @.. 
2000e750:	2000e748 2000e748 2000e750 2000e750     H.. H.. P.. P.. 
2000e760:	2000e758 2000e758 2000e760 2000e760     X.. X.. `.. `.. 
2000e770:	2000e768 2000e768 2000e770 2000e770     h.. h.. p.. p.. 
2000e780:	2000e778 2000e778 2000e780 2000e780     x.. x.. ... ... 
2000e790:	2000e788 2000e788 2000e790 2000e790     ... ... ... ... 
2000e7a0:	2000e798 2000e798 2000e7a0 2000e7a0     ... ... ... ... 
2000e7b0:	2000e7a8 2000e7a8 2000e7b0 2000e7b0     ... ... ... ... 
2000e7c0:	2000e7b8 2000e7b8 2000e7c0 2000e7c0     ... ... ... ... 
2000e7d0:	2000e7c8 2000e7c8 2000e7d0 2000e7d0     ... ... ... ... 
2000e7e0:	2000e7d8 2000e7d8 2000e7e0 2000e7e0     ... ... ... ... 
2000e7f0:	2000e7e8 2000e7e8 2000e7f0 2000e7f0     ... ... ... ... 
2000e800:	2000e7f8 2000e7f8 2000e800 2000e800     ... ... ... ... 
2000e810:	2000e808 2000e808 2000e810 2000e810     ... ... ... ... 
2000e820:	2000e818 2000e818 2000e820 2000e820     ... ...  ..  .. 
2000e830:	2000e828 2000e828 2000e830 2000e830     (.. (.. 0.. 0.. 
2000e840:	2000e838 2000e838 2000e840 2000e840     8.. 8.. @.. @.. 
2000e850:	2000e848 2000e848 2000e850 2000e850     H.. H.. P.. P.. 

2000e860 <_impure_ptr>:
2000e860:	2000e868 00000000                       h.. ....

2000e868 <_impure_data>:
2000e868:	00000000 20012448 200124b0 20012518     ....H$. .$. .%. 
	...
2000e900:	00000001 00000000 abcd330e e66d1234     .........3..4.m.
2000e910:	0005deec 0000000b 00000000 00000000     ................
	...

2000ea68 <malloc_mutex>:
	...

2000ea70 <print_mutex>:
	...

2000ea78 <__pre_init_runtime_init_bootrom_reset>:
2000ea78:	20005539                                9U. 

2000ea7c <__pre_init_runtime_init_early_resets>:
2000ea7c:	200054b1                                .T. 

2000ea80 <__pre_init_runtime_init_usb_power_down>:
2000ea80:	200054e1                                .T. 

2000ea84 <__pre_init_runtime_init_clocks>:
2000ea84:	200055b1                                .U. 

2000ea88 <__pre_init_runtime_init_post_clock_resets>:
2000ea88:	20005519                                .U. 

2000ea8c <__pre_init_runtime_init_boot_locks_reset>:
2000ea8c:	20005419                                .T. 

2000ea90 <__pre_init_runtime_init_spin_locks_reset>:
2000ea90:	20005561                                aU. 

2000ea94 <__pre_init_runtime_init_bootrom_locking_enable>:
2000ea94:	20005405                                .T. 

2000ea98 <__pre_init_runtime_init_mutex>:
2000ea98:	200048d9                                .H. 

2000ea9c <__pre_init_runtime_init_install_ram_vector_table>:
2000ea9c:	20005565                                eU. 

2000eaa0 <__pre_init_runtime_init_default_alarm_pool>:
2000eaa0:	20004c55                                UL. 

2000eaa4 <__pre_init_first_per_core_initializer>:
2000eaa4:	20005461                                aT. 

2000eaa8 <__pre_init_runtime_init_per_core_bootrom_reset>:
2000eaa8:	2000554d                                MU. 

2000eaac <__pre_init_runtime_init_per_core_enable_coprocessors>:
2000eaac:	200054fd                                .T. 

2000eab0 <__pre_init_spinlock_set_extexclall>:
2000eab0:	200044ed                                .D. 

2000eab4 <__pre_init_runtime_init_per_core_irq_priorities>:
2000eab4:	20004525                                %E. 

2000eab8 <__init_array_start>:
2000eab8:	200084b9 	.word	0x200084b9

2000eabc <__frame_dummy_init_array_entry>:
2000eabc:	2000013d                                =.. 
